plant_type,plant_age,temperature,humidity,sunlight_hours,soil_ph,soil_type,watering_frequency,fertilizer_type,fertilizer_frequency,pest_control,height,leaf_count,stem_thickness,health_rating,male_flowers,female_flowers
upo_smooth,57,28.2,66.5,7.4,6.0,silty,2,mixed,0,regular,291.1,45,6.5,3,47,20
patola,56,28.6,73.0,6.8,6.7,silty,6,organic,3,as-needed,291.9,49,11.0,3,22,7
patola,30,37.3,47.3,6.9,6.7,silty,5,chemical,3,regular,357.3,12,12.2,4,11,1
ampalaya_bilog,54,25.8,66.0,7.3,6.1,loamy,7,organic,2,regular,269.7,20,23.8,4,34,20
ampalaya_bilog,43,35.8,69.3,6.6,6.8,loamy,2,none,2,as-needed,270.6,36,14.7,3,7,8
ampalaya_bilog,66,26.2,79.4,5.4,6.8,loamy,4,mixed,0,none,235.0,73,9.8,3,16,3
ampalaya_bilog,26,27.2,89.2,3.8,6.1,loamy,2,organic,1,none,247.6,68,12.5,5,10,2
upo_smooth,66,25.2,94.2,6.7,7.2,loamy,6,organic,4,intensive,366.8,53,8.0,5,38,23
upo_smooth,70,25.7,69.5,6.0,5.7,clay,6,chemical,2,none,361.6,17,12.0,3,22,10
upo_smooth,64,26.3,76.2,6.7,6.6,silty,4,organic,2,regular,253.6,23,5.7,4,61,29
upo_smooth,33,24.1,66.8,7.7,6.2,loamy,4,none,0,regular,378.6,24,16.9,3,19,16
ampalaya_bilog,49,19.9,90.4,6.3,6.3,silty,5,chemical,3,none,151.7,42,9.5,4,16,8
ampalaya_bilog,55,30.8,65.9,6.4,5.2,clay,5,organic,2,as-needed,290.9,46,5.6,5,41,16
ampalaya_bilog,40,24.8,73.3,7.3,6.3,loamy,3,chemical,1,none,314.1,31,8.9,3,22,4
patola,65,29.7,63.4,4.6,6.4,loamy,6,organic,0,as-needed,176.9,31,24.5,4,35,16
patola,64,19.3,50.7,6.2,6.3,clay,7,organic,0,intensive,174.0,20,10.9,2,14,8
ampalaya_bilog,47,20.4,64.6,6.7,5.2,loamy,2,organic,1,none,126.8,50,21.4,2,19,5
patola,63,26.0,40.6,11.2,6.3,loamy,2,organic,0,regular,385.0,25,14.7,2,25,7
upo_smooth,56,27.9,70.8,5.4,6.2,sandy,5,organic,4,regular,429.1,64,19.5,4,42,23
ampalaya_bilog,22,28.5,73.2,7.7,6.3,loamy,6,organic,3,none,312.2,64,12.9,3,19,12
ampalaya_bilog,48,26.1,83.2,9.5,6.1,clay,5,organic,3,none,138.4,62,19.2,3,18,9
patola,64,35.6,77.3,6.3,6.3,loamy,5,chemical,1,as-needed,272.9,15,18.8,2,10,8
ampalaya_bilog,42,26.4,71.9,7.2,6.7,loamy,3,organic,2,regular,100.2,19,7.1,4,37,18
ampalaya_bilog,30,29.8,54.0,7.2,6.4,loamy,7,none,3,as-needed,293.7,19,16.6,5,27,8
cucumber,44,21.5,63.3,6.4,6.2,loamy,4,chemical,2,none,232.4,72,6.3,2,22,15
ampalaya_bilog,64,26.8,54.0,7.3,7.2,clay,5,organic,2,none,286.0,55,15.1,3,31,13
cucumber,26,37.2,71.2,7.9,6.0,loamy,7,mixed,2,as-needed,148.3,13,22.4,3,33,12
ampalaya_bilog,52,23.7,67.1,11.7,6.4,loamy,4,mixed,1,as-needed,206.5,43,14.4,2,15,6
cucumber,48,20.3,76.2,5.3,6.4,loamy,6,chemical,2,none,160.8,27,13.4,3,25,14
ampalaya_bilog,36,27.5,74.7,6.5,6.1,loamy,3,mixed,3,regular,123.9,11,20.9,4,32,22
upo_smooth,92,36.8,71.9,7.9,6.0,loamy,3,organic,4,intensive,422.2,78,5.3,4,34,10
ampalaya_bilog,55,17.4,43.1,11.2,6.5,loamy,6,organic,2,as-needed,116.5,39,11.3,1,7,1
cucumber,76,26.7,87.2,7.6,5.3,loamy,5,mixed,2,regular,261.3,13,11.4,3,24,16
cucumber,41,23.7,70.1,4.5,6.1,clay,2,organic,2,intensive,89.0,40,10.9,3,43,11
upo_smooth,72,26.9,43.5,7.6,7.5,sandy,4,chemical,2,intensive,317.4,40,23.5,1,26,5
patola,67,27.1,76.2,8.8,6.5,loamy,5,mixed,4,none,111.3,46,13.3,3,24,9
patola,51,26.2,60.8,6.9,6.0,clay,5,organic,1,as-needed,223.3,38,9.1,2,23,7
cucumber,49,26.7,72.2,5.0,7.1,clay,4,chemical,3,as-needed,200.0,73,6.6,1,3,6
cucumber,41,31.1,67.8,7.7,6.6,sandy,5,organic,2,as-needed,87.7,26,6.3,5,48,19
upo_smooth,56,31.0,69.8,10.6,6.1,sandy,5,organic,4,as-needed,433.1,61,21.2,3,36,12
patola,88,27.8,51.7,6.4,6.1,clay,4,chemical,3,intensive,112.6,66,14.6,2,14,9
cucumber,21,34.5,73.6,10.6,6.0,silty,3,mixed,2,as-needed,218.5,29,18.6,4,33,12
ampalaya_bilog,53,24.2,74.9,5.3,6.7,loamy,5,organic,2,regular,148.2,28,12.5,1,7,3
ampalaya_bilog,53,27.2,62.9,7.2,6.2,loamy,4,chemical,2,regular,277.6,59,13.9,5,48,27
ampalaya_bilog,45,27.6,73.6,7.2,6.6,loamy,4,organic,0,none,316.2,78,6.9,3,38,13
cucumber,48,25.3,71.8,6.9,6.7,loamy,4,organic,2,as-needed,244.5,27,10.2,5,43,27
cucumber,71,28.7,78.0,7.3,6.2,silty,8,chemical,1,as-needed,219.0,29,17.2,2,18,8
cucumber,52,31.2,70.5,6.3,6.3,clay,4,mixed,1,intensive,194.5,76,15.1,3,28,14
patola,64,36.1,77.2,6.1,6.7,clay,3,mixed,3,regular,319.2,56,5.4,3,17,12
patola,65,26.0,74.4,4.6,6.6,silty,2,chemical,3,regular,304.8,19,5.0,2,8,3
cucumber,51,18.8,74.6,8.0,6.3,clay,6,chemical,3,regular,97.4,66,17.5,3,25,11
cucumber,33,39.3,78.9,6.3,6.0,loamy,5,chemical,3,as-needed,249.6,22,24.2,5,35,17
upo_smooth,56,26.7,68.4,6.8,6.0,silty,7,mixed,1,as-needed,432.0,32,7.8,3,38,21
patola,36,27.7,79.5,6.3,6.3,loamy,4,mixed,3,regular,221.8,71,6.9,2,17,10
ampalaya_bilog,83,25.3,79.4,6.8,6.6,loamy,4,chemical,2,none,211.8,61,24.5,1,1,9
patola,63,29.6,68.8,6.8,6.6,clay,3,none,3,as-needed,208.9,16,6.9,4,11,10
ampalaya_bilog,51,26.3,77.8,6.6,6.8,loamy,2,organic,3,as-needed,230.2,51,10.9,2,16,8
ampalaya_bilog,60,26.1,85.4,11.3,6.5,sandy,4,chemical,2,none,223.6,69,20.9,2,8,8
upo_smooth,67,25.9,78.9,5.3,6.1,sandy,2,chemical,3,intensive,205.6,18,13.1,2,33,5
patola,27,26.8,63.6,7.6,6.3,loamy,3,organic,2,none,136.7,68,24.4,3,17,9
upo_smooth,60,25.6,68.8,6.0,6.7,silty,2,mixed,2,regular,423.6,25,16.8,5,60,30
cucumber,33,25.9,76.9,6.5,6.5,silty,5,organic,3,intensive,61.8,10,24.1,4,42,22
cucumber,91,26.7,59.6,9.3,6.1,loamy,3,organic,0,regular,62.7,28,10.3,4,39,11
cucumber,40,26.1,42.7,6.9,6.8,loamy,3,chemical,4,as-needed,99.3,46,7.4,3,29,8
ampalaya_bilog,60,25.9,67.1,6.2,6.8,clay,5,organic,3,regular,129.0,73,21.5,5,48,26
patola,46,23.1,82.9,7.1,6.2,loamy,3,none,1,as-needed,179.5,15,11.8,3,14,7
patola,54,22.8,67.3,6.6,6.3,sandy,3,chemical,4,none,346.5,60,18.7,3,14,3
upo_smooth,99,25.2,65.3,9.7,7.2,loamy,5,chemical,2,as-needed,210.5,27,16.5,2,13,9
patola,74,27.9,69.1,6.3,6.3,loamy,5,chemical,1,none,142.4,63,20.8,5,24,13
cucumber,88,26.8,74.4,11.3,5.0,sandy,3,organic,1,regular,161.8,59,20.8,3,28,13
upo_smooth,98,24.8,69.2,7.1,5.2,loamy,4,chemical,2,intensive,394.6,44,15.0,4,40,17
ampalaya_bilog,56,33.4,56.3,10.0,6.1,loamy,2,chemical,3,as-needed,95.0,15,24.4,3,26,13
ampalaya_bilog,20,33.1,44.8,7.9,6.6,loamy,6,organic,1,regular,172.3,17,16.4,4,13,9
ampalaya_bilog,96,37.2,70.6,5.2,6.5,loamy,5,organic,2,none,189.3,62,18.9,5,16,1
ampalaya_bilog,57,21.0,71.9,7.5,8.0,clay,2,mixed,3,none,251.0,55,9.4,4,31,9
upo_smooth,37,31.1,44.0,7.9,6.8,loamy,3,none,2,as-needed,304.6,35,9.6,4,14,2
ampalaya_bilog,47,28.2,66.4,8.0,5.7,loamy,6,organic,1,none,209.8,65,18.1,3,30,11
patola,86,30.1,47.5,7.0,7.3,loamy,6,chemical,0,regular,207.8,48,6.8,4,13,6
patola,61,34.6,66.5,8.6,6.8,loamy,3,organic,2,none,176.0,10,16.2,3,21,7
cucumber,48,23.5,55.4,6.9,6.4,loamy,3,chemical,2,regular,171.0,72,20.7,2,21,12
patola,62,27.6,77.7,6.9,6.4,sandy,3,organic,2,regular,307.7,41,12.6,2,20,8
patola,55,29.9,52.5,7.7,5.7,loamy,4,mixed,2,intensive,368.6,28,11.5,3,21,12
cucumber,35,26.3,51.1,7.3,6.1,loamy,6,chemical,0,none,174.7,62,17.9,4,34,17
upo_smooth,92,25.8,73.8,6.4,6.3,clay,5,none,2,as-needed,355.8,62,14.8,2,9,3
patola,57,25.1,61.8,11.7,6.7,silty,8,none,0,as-needed,289.8,28,14.9,4,10,2
upo_smooth,37,29.0,75.1,7.5,6.6,loamy,4,organic,1,as-needed,378.3,31,13.7,5,47,21
ampalaya_bilog,30,26.5,89.8,7.8,6.1,loamy,5,organic,2,as-needed,239.5,28,16.6,3,19,12
ampalaya_bilog,45,27.3,75.9,11.4,6.0,sandy,4,organic,3,none,244.8,53,9.7,3,19,9
cucumber,28,30.9,74.6,4.1,6.0,loamy,5,chemical,1,regular,141.3,10,19.3,4,34,14
cucumber,47,24.0,42.2,6.7,6.8,loamy,8,mixed,3,as-needed,164.3,75,19.6,2,7,3
cucumber,43,23.6,70.9,6.0,6.3,loamy,2,mixed,3,regular,218.5,40,16.8,4,47,21
ampalaya_bilog,55,25.8,86.6,6.8,6.6,loamy,3,mixed,2,intensive,171.1,59,9.5,3,20,15
ampalaya_bilog,53,28.0,76.4,7.6,6.2,sandy,5,organic,2,none,152.3,12,22.6,3,24,13
upo_smooth,35,22.6,69.9,7.7,6.7,loamy,5,organic,2,intensive,189.1,66,10.7,1,16,4
ampalaya_bilog,49,29.3,80.2,8.0,6.0,loamy,3,chemical,3,as-needed,278.0,20,14.8,3,25,14
cucumber,47,22.2,68.3,7.3,6.8,loamy,8,organic,1,regular,177.6,47,24.9,1,4,5
patola,41,26.7,72.3,7.6,6.3,sandy,3,organic,4,regular,254.9,60,8.0,2,20,11
patola,94,26.5,91.0,7.1,6.2,loamy,5,organic,2,as-needed,295.6,39,5.5,5,29,8
ampalaya_bilog,51,25.6,92.8,7.6,6.3,loamy,4,chemical,2,as-needed,317.7,21,24.3,1,1,3
ampalaya_bilog,22,35.6,62.4,7.0,5.2,clay,3,chemical,4,intensive,156.7,69,5.0,1,1,6
upo_smooth,64,26.9,64.4,6.5,5.8,sandy,5,organic,3,none,133.8,72,7.5,1,18,6
upo_smooth,33,23.9,51.6,7.2,6.2,clay,4,organic,4,as-needed,375.5,23,13.5,3,52,14
upo_smooth,87,17.6,75.5,11.8,6.3,loamy,4,chemical,2,as-needed,378.9,14,21.7,3,4,7
cucumber,37,36.1,62.0,7.2,6.1,clay,5,chemical,0,regular,71.1,67,22.4,3,23,14
ampalaya_bilog,86,26.4,79.5,7.9,6.2,loamy,6,mixed,2,intensive,92.8,30,17.5,3,20,8
ampalaya_bilog,43,20.3,79.1,10.9,5.2,sandy,2,mixed,0,as-needed,114.9,30,6.8,4,31,5
ampalaya_bilog,49,27.4,70.4,8.0,6.7,silty,6,chemical,3,none,242.4,25,7.3,5,23,17
upo_smooth,59,39.4,63.4,6.5,6.5,clay,4,organic,2,as-needed,348.8,28,14.0,5,37,18
cucumber,39,38.5,78.0,9.4,6.7,sandy,6,organic,3,as-needed,70.5,55,13.9,4,25,14
upo_smooth,97,34.3,67.1,6.1,6.3,loamy,2,chemical,2,as-needed,255.5,46,8.2,2,27,3
upo_smooth,60,38.0,73.3,3.9,6.1,loamy,3,chemical,2,as-needed,186.4,63,23.7,2,13,1
ampalaya_bilog,43,24.7,66.9,7.9,6.5,loamy,4,chemical,4,as-needed,315.0,74,10.1,3,29,19
cucumber,26,20.3,51.2,7.2,6.6,sandy,6,organic,1,regular,84.0,25,14.0,3,26,23
ampalaya_bilog,97,29.5,79.9,4.6,6.3,clay,4,mixed,4,as-needed,224.2,54,23.7,3,12,13
upo_smooth,45,25.1,67.4,11.7,5.5,loamy,2,organic,3,as-needed,155.7,71,13.9,2,20,10
patola,90,19.3,65.5,6.9,7.3,sandy,4,organic,2,intensive,354.8,47,9.8,3,8,8
upo_smooth,53,26.1,77.5,4.1,5.3,loamy,5,organic,4,regular,241.5,17,14.9,3,52,22
upo_smooth,39,19.0,52.1,6.3,6.3,loamy,4,mixed,0,regular,328.7,55,13.3,1,16,7
ampalaya_bilog,35,22.9,61.0,3.3,6.3,loamy,5,organic,4,as-needed,196.9,44,21.3,2,20,1
upo_smooth,30,17.7,74.0,7.7,6.5,loamy,5,organic,1,as-needed,134.1,21,13.5,2,4,1
upo_smooth,53,25.7,70.2,7.9,6.7,sandy,5,chemical,2,as-needed,376.0,29,22.4,5,60,29
ampalaya_bilog,55,29.0,46.0,7.1,5.9,loamy,3,organic,0,regular,327.2,54,12.2,4,38,15
cucumber,35,33.8,70.7,7.2,6.7,loamy,4,chemical,1,none,192.9,22,13.7,4,40,13
ampalaya_bilog,40,28.4,74.1,6.4,6.1,sandy,3,organic,1,regular,252.8,51,8.0,2,24,15
upo_smooth,65,26.0,69.3,3.8,6.1,silty,5,organic,2,as-needed,242.3,12,22.6,3,25,12
cucumber,87,25.0,64.4,6.2,5.9,loamy,2,mixed,4,regular,204.1,31,22.9,4,33,13
upo_smooth,70,29.0,73.9,7.8,6.0,sandy,5,mixed,3,intensive,175.9,55,24.1,4,50,28
cucumber,40,26.9,90.9,7.4,6.5,loamy,8,mixed,2,regular,179.6,53,7.4,4,27,10
patola,40,28.3,79.8,6.3,7.8,silty,4,mixed,1,as-needed,286.4,21,24.8,3,23,7
patola,62,32.6,62.4,7.0,6.0,loamy,5,organic,1,as-needed,191.6,61,8.7,4,38,12
cucumber,49,25.7,50.4,7.0,6.4,clay,3,organic,1,as-needed,152.9,78,19.0,5,36,25
patola,37,25.9,79.9,7.6,6.7,loamy,2,organic,1,regular,368.7,34,5.7,3,25,10
upo_smooth,60,26.0,74.1,8.7,7.1,clay,6,chemical,1,regular,407.9,54,10.5,2,26,15
upo_smooth,70,35.2,60.3,7.9,6.3,loamy,3,chemical,2,none,269.6,56,14.9,4,32,15
cucumber,53,25.0,69.3,6.5,5.0,loamy,8,organic,1,none,170.2,79,24.7,2,15,10
cucumber,54,25.3,74.4,8.0,6.1,loamy,2,mixed,1,intensive,157.1,13,17.9,2,32,15
cucumber,42,27.2,78.7,8.9,6.3,loamy,5,none,3,intensive,149.7,52,15.8,3,21,8
patola,30,29.4,63.6,6.5,6.6,silty,4,mixed,2,regular,254.8,24,22.6,2,19,9
ampalaya_bilog,25,37.6,62.7,9.9,6.5,loamy,5,organic,4,as-needed,313.6,40,23.6,3,22,9
ampalaya_bilog,54,27.0,76.1,7.1,6.1,loamy,3,chemical,4,regular,108.4,34,16.0,3,32,16
patola,59,26.6,46.6,7.3,6.3,loamy,8,organic,2,as-needed,186.3,56,11.2,5,22,7
cucumber,57,36.2,94.8,9.3,6.6,loamy,4,organic,2,regular,229.4,70,6.8,3,10,4
cucumber,92,36.0,61.7,6.6,7.7,clay,7,chemical,2,none,160.4,35,15.1,1,1,5
cucumber,39,31.5,76.0,7.8,6.8,sandy,3,none,2,regular,155.1,24,9.6,4,30,13
cucumber,37,26.9,66.9,10.0,5.8,loamy,5,none,3,none,97.6,25,22.0,4,11,13
patola,61,27.5,66.8,7.7,6.3,loamy,4,chemical,0,intensive,188.3,10,18.7,4,31,14
patola,50,23.3,63.2,6.1,6.5,silty,5,organic,2,regular,211.7,48,8.3,4,30,16
patola,80,27.8,48.0,7.7,6.1,silty,8,chemical,2,as-needed,348.9,29,7.8,4,22,12
patola,68,38.9,78.7,6.6,7.2,loamy,7,none,2,regular,326.8,57,12.9,2,13,1
patola,36,38.2,63.4,6.2,6.8,sandy,6,mixed,2,as-needed,352.1,13,7.9,3,12,3
upo_smooth,54,27.9,67.4,6.1,6.3,loamy,8,mixed,2,none,359.5,33,12.8,2,31,10
cucumber,51,16.4,79.7,8.0,5.8,silty,5,chemical,0,as-needed,119.8,20,15.4,3,18,11
cucumber,49,34.4,41.4,7.6,6.1,loamy,4,organic,2,regular,185.1,44,24.9,4,36,12
cucumber,49,22.7,69.4,7.2,6.2,loamy,5,chemical,4,regular,109.0,20,23.2,5,54,27
upo_smooth,109,38.6,68.8,7.3,5.3,loamy,6,organic,1,as-needed,337.3,52,18.8,3,19,11
ampalaya_bilog,43,27.6,75.5,9.2,6.7,sandy,4,organic,4,intensive,151.9,56,21.3,4,28,18
patola,72,29.4,65.2,5.6,6.7,loamy,5,organic,2,none,142.0,25,22.9,1,12,4
patola,59,28.0,65.8,8.6,6.4,loamy,5,mixed,2,as-needed,175.5,79,22.0,3,27,9
patola,94,18.4,68.7,8.7,6.2,silty,5,organic,2,none,204.8,11,13.8,4,7,6
ampalaya_bilog,45,17.5,63.8,9.7,6.3,loamy,4,chemical,0,regular,237.2,54,9.8,4,25,11
upo_smooth,50,26.0,74.5,10.5,6.9,silty,5,chemical,3,intensive,430.0,11,5.6,4,40,22
patola,65,35.1,85.7,7.6,6.3,loamy,5,chemical,3,regular,382.1,64,23.2,3,10,2
ampalaya_bilog,54,29.0,75.2,6.9,6.5,silty,6,none,2,regular,263.2,48,20.7,3,28,10
ampalaya_bilog,36,38.2,71.6,3.1,6.2,silty,4,chemical,3,regular,244.2,75,24.6,5,17,8
ampalaya_bilog,99,19.3,68.2,7.3,6.1,loamy,3,organic,1,regular,139.5,37,22.9,3,3,7
patola,80,26.9,51.1,10.9,6.2,sandy,4,chemical,1,intensive,121.4,19,20.7,5,6,7
ampalaya_bilog,44,26.3,79.4,6.4,6.1,loamy,5,organic,4,as-needed,216.6,15,22.0,3,37,19
upo_smooth,57,25.5,68.1,6.3,6.9,loamy,3,mixed,2,as-needed,254.5,32,16.1,3,45,20
patola,75,38.3,61.8,7.7,6.1,clay,5,organic,3,regular,302.2,75,14.1,4,23,11
upo_smooth,64,27.5,60.8,7.7,6.5,loamy,4,organic,1,regular,220.9,53,15.7,5,72,27
patola,64,26.7,81.9,8.3,6.4,loamy,6,chemical,0,none,182.5,40,10.5,3,20,8
upo_smooth,32,24.6,71.9,6.5,6.4,loamy,2,organic,3,as-needed,149.6,51,16.0,4,39,26
patola,60,29.5,46.8,4.0,7.3,loamy,4,mixed,2,regular,108.8,15,19.8,3,18,5
patola,60,30.9,79.0,7.3,6.6,loamy,4,organic,3,as-needed,125.0,43,18.2,1,6,7
ampalaya_bilog,58,28.8,72.5,7.4,6.3,loamy,5,organic,3,intensive,130.9,19,17.6,3,37,18
patola,55,29.1,92.9,7.7,6.3,silty,3,organic,2,as-needed,306.7,40,9.2,4,25,9
cucumber,26,17.4,61.3,4.8,7.1,loamy,4,chemical,0,as-needed,151.8,28,12.5,3,8,10
patola,60,26.4,77.9,9.1,6.6,clay,5,chemical,2,regular,239.0,32,11.4,2,12,9
ampalaya_bilog,71,25.0,78.4,6.2,6.1,sandy,5,mixed,4,regular,113.2,29,11.4,4,34,21
upo_smooth,44,34.3,74.7,7.3,6.4,loamy,6,organic,2,none,340.0,23,14.6,3,31,10
cucumber,43,24.8,68.0,3.5,6.2,clay,5,chemical,2,intensive,82.0,56,7.3,2,18,12
patola,63,27.0,65.3,7.5,7.1,loamy,3,mixed,2,regular,340.7,34,12.1,4,25,20
upo_smooth,88,37.5,62.7,11.2,6.7,clay,8,mixed,2,regular,270.8,26,9.8,3,21,6
ampalaya_bilog,28,28.5,66.3,7.6,6.3,loamy,6,organic,1,regular,288.2,17,9.8,2,14,2
patola,101,25.9,75.8,6.9,5.4,clay,5,chemical,1,none,376.0,66,13.0,3,15,10
patola,56,28.9,65.7,7.7,6.1,loamy,4,organic,2,regular,147.9,70,12.3,5,35,15
patola,26,16.9,66.0,5.0,7.9,silty,5,chemical,0,regular,155.2,19,13.5,3,3,7
patola,60,28.9,73.9,6.2,5.4,silty,3,organic,4,none,323.1,69,18.2,5,26,13
ampalaya_bilog,24,26.6,62.6,7.3,6.3,loamy,7,none,1,as-needed,320.3,54,16.1,4,23,5
upo_smooth,61,25.5,82.2,7.5,6.1,loamy,5,organic,1,intensive,359.3,34,20.3,4,45,22
ampalaya_bilog,31,38.0,79.0,7.2,6.4,silty,4,organic,1,regular,272.8,44,10.5,4,24,8
cucumber,55,17.3,63.0,8.1,5.4,clay,5,organic,0,as-needed,82.4,79,9.7,1,12,1
cucumber,42,26.7,78.6,7.0,6.6,sandy,3,mixed,2,as-needed,218.1,71,9.1,3,32,18
cucumber,20,25.8,65.9,10.9,6.0,loamy,2,chemical,2,intensive,144.9,74,21.7,4,13,6
upo_smooth,68,21.6,74.7,6.2,6.2,sandy,4,none,2,regular,202.1,77,21.5,2,15,13
ampalaya_bilog,52,28.7,66.8,7.7,7.9,sandy,5,chemical,1,intensive,203.2,20,19.2,4,35,19
ampalaya_bilog,85,15.7,77.1,7.4,6.1,clay,3,none,3,intensive,262.0,66,24.8,2,8,4
patola,52,26.2,72.4,6.4,6.9,silty,3,organic,2,as-needed,306.9,30,15.9,3,30,10
cucumber,37,39.5,61.1,7.0,6.7,silty,6,organic,2,regular,207.6,16,11.9,3,18,11
cucumber,51,22.1,76.7,7.7,6.3,sandy,7,organic,3,regular,186.2,55,6.4,4,45,18
cucumber,62,23.4,63.9,6.2,6.7,loamy,7,chemical,3,regular,152.4,15,7.4,4,36,20
ampalaya_bilog,52,28.6,72.6,7.4,7.9,clay,5,organic,1,as-needed,248.8,54,12.7,4,46,18
patola,26,34.1,74.0,6.6,6.1,clay,8,chemical,3,as-needed,336.5,73,21.8,4,17,10
cucumber,55,26.7,68.7,7.9,6.1,loamy,4,chemical,0,intensive,228.2,18,10.1,2,29,13
patola,82,18.7,68.6,6.5,6.2,loamy,7,organic,3,as-needed,250.5,64,21.3,4,14,4
upo_smooth,37,27.5,72.1,7.9,6.4,loamy,5,chemical,1,none,265.5,16,10.5,4,24,26
upo_smooth,55,27.1,53.2,7.2,6.7,clay,4,mixed,3,intensive,163.6,12,14.9,3,41,21
patola,63,26.8,87.7,7.4,6.1,clay,2,chemical,1,regular,143.3,77,13.6,4,27,12
cucumber,40,25.3,74.8,8.0,6.6,loamy,5,mixed,2,regular,229.3,27,7.1,4,35,19
ampalaya_bilog,59,30.3,67.8,8.0,6.3,loamy,4,chemical,2,regular,169.0,38,22.3,3,28,8
patola,46,38.3,74.9,6.2,6.2,loamy,2,mixed,3,none,198.8,43,14.9,4,29,5
ampalaya_bilog,53,39.4,79.1,7.5,5.1,clay,4,mixed,2,as-needed,258.0,74,6.8,5,27,15
patola,64,30.9,71.3,6.9,6.2,sandy,6,organic,1,as-needed,335.8,14,15.0,2,22,10
upo_smooth,41,28.1,74.9,7.4,6.4,loamy,6,organic,2,regular,390.5,18,22.0,1,13,10
cucumber,49,23.0,50.7,6.5,7.6,loamy,6,none,2,regular,209.7,69,7.2,2,17,4
upo_smooth,66,27.2,61.6,6.9,5.9,silty,4,chemical,4,regular,336.2,27,18.4,3,39,20
cucumber,22,22.1,93.9,7.6,6.3,loamy,5,mixed,4,intensive,225.1,38,20.2,4,28,12
ampalaya_bilog,47,21.4,75.2,6.9,6.3,silty,6,mixed,1,regular,315.2,22,6.3,4,41,16
cucumber,40,33.2,64.8,8.1,6.2,clay,4,mixed,2,regular,237.6,67,16.7,3,40,16
ampalaya_bilog,58,25.7,62.9,4.5,6.1,clay,3,organic,4,regular,140.4,29,23.4,3,24,22
upo_smooth,59,16.4,67.6,6.3,7.2,loamy,6,chemical,1,intensive,171.6,65,13.4,2,1,12
ampalaya_bilog,43,25.6,94.7,11.4,6.4,clay,2,organic,4,regular,100.6,13,23.1,5,22,10
cucumber,69,34.0,65.5,9.5,6.6,loamy,4,organic,2,none,259.2,14,7.7,4,32,14
patola,29,30.2,62.8,7.6,6.8,loamy,4,chemical,2,as-needed,324.7,69,10.6,4,20,3
upo_smooth,52,24.3,61.9,7.8,6.1,loamy,4,organic,0,regular,306.1,30,20.6,4,50,27
patola,54,29.2,89.4,11.9,6.3,loamy,4,organic,2,regular,369.9,38,19.1,4,31,13
patola,56,27.5,74.5,4.5,6.8,loamy,7,organic,4,regular,358.7,55,8.1,2,13,8
patola,65,38.5,79.6,7.9,6.6,silty,3,organic,3,none,367.1,62,13.8,3,21,5
ampalaya_bilog,49,27.7,71.7,7.3,6.0,loamy,4,chemical,1,as-needed,135.5,18,11.2,5,42,21
upo_smooth,58,15.5,67.3,6.8,6.3,loamy,4,chemical,3,regular,342.1,33,11.6,3,26,10
ampalaya_bilog,45,29.0,68.1,7.2,7.9,loamy,7,none,1,none,274.7,32,21.8,4,25,12
cucumber,43,33.9,70.4,11.4,6.2,loamy,2,mixed,2,as-needed,92.6,45,12.8,3,27,8
upo_smooth,51,25.1,72.9,7.0,6.6,loamy,7,mixed,4,regular,418.4,38,22.2,5,48,26
cucumber,47,37.0,68.8,11.7,6.1,sandy,3,organic,2,regular,110.7,20,18.8,2,12,4
ampalaya_bilog,55,27.9,72.4,7.3,5.3,loamy,4,none,2,none,217.5,37,17.3,4,32,11
patola,53,27.8,69.7,8.5,6.2,sandy,6,chemical,4,as-needed,195.4,31,8.6,3,22,3
patola,50,29.7,76.1,6.6,5.4,sandy,2,organic,1,as-needed,271.9,63,9.0,4,35,11
ampalaya_bilog,51,36.9,61.2,6.9,6.3,loamy,8,organic,1,as-needed,100.2,49,15.9,3,23,9
patola,70,26.3,85.9,6.4,6.8,clay,7,mixed,3,regular,299.8,49,19.7,3,25,11
cucumber,37,19.3,87.8,6.3,6.6,loamy,7,mixed,2,regular,92.0,27,20.5,3,19,8
ampalaya_bilog,85,28.0,73.9,6.6,6.7,sandy,7,chemical,4,as-needed,261.8,43,17.5,3,21,9
ampalaya_bilog,27,27.8,93.7,6.8,7.4,sandy,3,organic,2,regular,165.4,15,14.3,4,22,9
cucumber,53,31.4,76.2,6.8,7.3,silty,2,organic,3,regular,222.4,48,12.6,4,48,27
cucumber,31,23.5,68.4,6.1,6.4,loamy,4,chemical,4,as-needed,82.7,60,15.1,3,32,21
upo_smooth,74,38.4,84.6,6.1,6.1,loamy,5,organic,3,regular,416.3,32,5.4,4,35,8
upo_smooth,57,26.4,78.7,11.6,7.0,silty,3,mixed,2,intensive,430.8,23,21.6,2,25,12
upo_smooth,52,25.0,77.4,6.2,6.9,loamy,4,chemical,3,as-needed,362.4,41,9.3,3,26,28
upo_smooth,57,37.5,63.0,5.7,6.0,clay,5,chemical,1,as-needed,257.8,16,6.5,2,7,12
upo_smooth,34,19.7,50.5,5.4,5.5,loamy,2,chemical,3,as-needed,435.1,57,19.9,2,17,1
cucumber,20,25.0,69.9,5.3,6.4,clay,4,organic,4,as-needed,128.5,45,15.5,2,9,7
cucumber,78,16.9,67.4,7.9,5.4,loamy,5,organic,1,regular,230.9,57,13.2,4,31,15
cucumber,41,22.8,76.3,6.8,6.1,loamy,3,none,4,as-needed,247.9,25,20.4,4,29,16
upo_smooth,93,26.2,78.4,11.7,6.2,sandy,5,chemical,4,as-needed,146.5,74,10.2,4,32,12
upo_smooth,32,24.0,67.6,7.6,6.2,loamy,5,organic,3,as-needed,418.3,45,21.9,4,50,22
upo_smooth,60,27.9,53.6,6.6,6.4,clay,5,none,1,as-needed,311.3,72,11.5,5,32,20
ampalaya_bilog,47,27.5,65.6,6.7,6.2,loamy,5,organic,4,none,205.2,15,5.5,5,39,20
patola,43,28.9,60.5,6.8,6.8,loamy,4,organic,1,as-needed,194.3,15,7.3,4,26,11
upo_smooth,49,24.5,84.8,7.9,6.6,loamy,3,organic,4,as-needed,346.1,77,21.4,4,47,23
ampalaya_bilog,72,29.8,78.1,11.4,6.7,sandy,5,mixed,2,regular,317.0,41,17.0,3,33,12
ampalaya_bilog,57,37.4,47.8,7.2,6.2,loamy,5,organic,2,regular,318.9,26,10.1,5,33,6
upo_smooth,36,39.9,86.7,7.3,6.3,clay,5,chemical,0,as-needed,428.0,41,20.6,3,18,9
upo_smooth,34,36.4,72.2,7.9,6.1,loamy,6,chemical,1,as-needed,126.2,72,19.9,3,14,4
upo_smooth,93,24.2,70.8,7.3,6.1,loamy,4,organic,4,intensive,399.0,25,19.6,3,34,16
cucumber,49,22.7,75.8,9.5,6.2,loamy,6,organic,2,as-needed,169.9,46,16.2,4,29,19
upo_smooth,68,24.5,60.7,4.8,6.0,clay,6,chemical,3,regular,282.4,25,10.6,3,25,27
upo_smooth,33,28.8,72.6,8.0,6.1,sandy,5,chemical,3,none,422.4,48,18.0,1,11,7
upo_smooth,80,22.1,91.1,4.1,6.2,sandy,8,organic,1,as-needed,252.7,40,23.1,2,17,7
patola,97,25.5,72.9,7.5,6.4,silty,5,mixed,2,intensive,310.8,62,6.7,4,28,7
patola,33,20.3,60.9,10.3,6.6,loamy,5,mixed,0,as-needed,147.8,16,20.2,5,24,8
ampalaya_bilog,42,27.6,77.7,7.2,6.0,loamy,4,organic,3,as-needed,207.5,40,19.8,5,49,21
ampalaya_bilog,26,22.8,81.4,5.4,6.7,silty,5,organic,2,as-needed,161.7,76,7.3,3,21,10
upo_smooth,47,18.3,74.5,7.0,7.0,loamy,4,organic,2,regular,352.6,64,18.4,4,41,5
cucumber,53,26.5,60.0,6.9,6.8,loamy,4,chemical,4,regular,135.6,57,14.3,3,34,21
ampalaya_bilog,37,38.4,71.4,8.5,6.1,loamy,6,chemical,2,regular,176.3,30,21.2,4,23,19
upo_smooth,50,25.0,75.8,3.4,5.9,sandy,6,organic,2,as-needed,389.2,65,12.7,2,14,8
patola,27,26.9,82.5,6.1,6.2,loamy,5,chemical,1,intensive,272.4,75,21.9,5,20,13
upo_smooth,72,24.6,83.0,4.5,6.5,loamy,4,chemical,2,intensive,191.4,25,6.1,4,36,21
patola,48,33.2,76.3,7.0,5.1,clay,5,chemical,4,as-needed,132.5,53,7.0,4,37,13
patola,48,30.1,60.1,6.4,7.8,loamy,6,organic,2,regular,224.8,53,22.3,2,23,7
upo_smooth,30,27.1,49.4,6.6,6.1,clay,5,none,3,intensive,172.2,60,13.9,4,19,2
cucumber,37,24.6,74.8,4.1,6.5,clay,4,chemical,4,regular,135.4,32,10.4,3,27,21
cucumber,51,27.9,73.7,6.2,6.3,loamy,3,organic,2,intensive,143.4,30,22.1,3,29,25
ampalaya_bilog,55,24.3,74.3,6.1,5.2,silty,6,chemical,0,as-needed,161.5,49,10.2,2,13,11
ampalaya_bilog,42,35.5,62.1,6.4,6.6,sandy,3,organic,2,intensive,176.3,75,14.2,5,34,13
upo_smooth,53,24.4,63.9,7.6,6.1,loamy,7,chemical,1,regular,415.2,40,21.7,3,39,22
cucumber,52,22.0,69.7,10.6,6.4,loamy,4,organic,0,as-needed,63.9,12,5.6,5,37,20
ampalaya_bilog,50,30.0,61.1,6.5,6.7,loamy,2,organic,1,as-needed,219.2,78,13.0,3,29,12
patola,30,27.7,88.8,7.0,5.4,sandy,2,chemical,2,as-needed,204.3,42,14.5,2,9,5
upo_smooth,109,24.8,83.5,6.8,6.8,silty,8,mixed,1,none,379.7,31,11.8,2,11,13
ampalaya_bilog,77,29.1,48.9,4.7,6.3,sandy,4,none,1,as-needed,296.3,74,21.5,3,14,1
ampalaya_bilog,42,18.5,72.5,6.5,6.6,loamy,5,none,2,as-needed,140.0,56,23.2,3,17,1
patola,60,26.7,71.0,7.8,6.7,silty,4,mixed,4,regular,216.1,52,12.3,5,38,17
upo_smooth,58,39.0,75.1,8.4,6.1,loamy,5,none,1,regular,323.6,33,7.9,5,25,8
upo_smooth,62,27.5,51.8,6.7,6.0,loamy,4,mixed,4,as-needed,205.5,62,22.8,4,58,29
patola,78,21.1,75.1,7.6,6.8,loamy,6,organic,1,regular,370.4,15,19.9,3,19,6
ampalaya_bilog,58,15.2,45.4,9.3,7.7,silty,8,mixed,1,regular,132.1,66,22.8,5,26,4
upo_smooth,61,15.2,60.6,10.7,6.1,silty,5,organic,3,as-needed,209.0,67,19.8,4,33,11
upo_smooth,70,27.0,66.3,6.1,6.2,silty,4,organic,2,regular,233.3,69,11.5,4,51,33
cucumber,32,38.1,76.6,6.2,6.1,loamy,4,mixed,2,none,158.3,61,7.1,3,24,9
ampalaya_bilog,45,21.4,45.1,7.0,5.7,sandy,8,mixed,2,intensive,252.5,62,18.6,4,26,5
ampalaya_bilog,41,16.1,67.4,9.8,6.8,loamy,4,chemical,1,regular,176.1,55,9.8,2,6,5
ampalaya_bilog,47,21.4,63.9,7.1,6.7,loamy,5,none,2,as-needed,196.9,71,14.2,1,8,1
patola,47,35.0,78.7,5.3,6.7,loamy,5,chemical,1,regular,122.1,43,12.6,3,25,8
upo_smooth,69,24.4,67.2,11.6,6.0,sandy,4,none,3,intensive,430.7,59,17.9,5,33,17
patola,47,30.7,71.4,8.2,5.3,clay,2,chemical,4,none,169.0,63,6.9,4,22,12
cucumber,41,24.7,61.6,3.8,6.4,loamy,4,chemical,2,intensive,177.2,28,24.5,2,16,6
cucumber,54,21.6,77.5,6.2,6.6,loamy,2,organic,1,regular,71.0,31,12.2,2,31,7
patola,53,16.3,75.9,7.7,6.4,loamy,2,none,2,regular,187.1,71,17.9,3,2,5
ampalaya_bilog,57,25.5,95.0,8.7,7.8,sandy,7,chemical,0,intensive,215.2,28,20.3,5,16,11
upo_smooth,67,26.8,78.0,6.1,6.6,sandy,3,mixed,1,none,305.8,76,21.7,5,46,30
patola,103,35.6,82.4,8.0,6.1,loamy,4,chemical,1,regular,241.9,68,11.0,3,19,1
patola,33,24.7,61.1,9.0,6.7,silty,6,chemical,2,none,177.5,28,13.6,4,11,13
upo_smooth,63,28.9,61.6,6.1,6.8,sandy,3,mixed,4,regular,284.9,73,7.2,5,66,28
cucumber,46,19.6,67.9,3.9,6.5,silty,7,organic,3,as-needed,97.0,41,10.7,3,5,9
upo_smooth,33,26.7,77.5,6.4,6.0,silty,4,organic,3,as-needed,184.5,18,15.6,1,12,14
ampalaya_bilog,80,38.8,73.8,6.6,6.2,loamy,6,none,2,as-needed,137.7,68,18.9,2,1,1
upo_smooth,41,26.9,71.6,7.8,6.3,sandy,5,mixed,2,as-needed,286.2,60,5.0,5,51,29
patola,53,16.1,67.3,7.3,5.8,clay,7,chemical,2,as-needed,370.8,38,8.0,1,4,1
cucumber,40,39.9,77.2,9.0,6.5,silty,4,mixed,0,as-needed,75.7,51,16.8,3,35,7
patola,38,19.6,92.2,7.8,7.8,clay,5,none,0,regular,293.3,24,13.8,4,6,2
cucumber,46,27.4,74.4,3.0,6.7,sandy,2,mixed,1,regular,179.9,39,21.1,3,15,7
cucumber,76,18.7,61.2,7.6,6.2,loamy,5,organic,4,as-needed,221.1,60,11.2,3,16,11
upo_smooth,36,26.7,74.1,6.2,7.7,loamy,2,chemical,2,regular,280.7,77,7.4,3,30,14
patola,56,35.5,76.6,7.4,6.4,silty,4,mixed,3,as-needed,199.3,63,8.2,3,15,6
ampalaya_bilog,59,28.5,73.7,5.4,6.6,loamy,5,organic,3,regular,255.2,45,14.2,4,40,24
ampalaya_bilog,39,26.9,65.3,6.0,6.7,loamy,6,organic,3,as-needed,99.4,21,8.8,3,34,11
upo_smooth,51,24.8,70.7,7.9,6.1,loamy,4,organic,2,as-needed,230.7,16,24.6,4,55,25
ampalaya_bilog,48,34.8,66.0,8.8,6.1,loamy,4,mixed,1,as-needed,238.8,47,6.2,2,17,15
cucumber,48,23.8,60.6,5.4,6.2,loamy,3,chemical,3,none,242.3,73,12.4,5,33,16
cucumber,48,33.7,50.8,7.4,6.5,clay,4,chemical,2,regular,97.6,27,21.7,4,38,19
cucumber,26,23.5,73.8,6.2,6.1,clay,8,chemical,2,none,99.7,34,23.7,3,24,11
ampalaya_bilog,50,26.1,76.7,7.3,7.7,loamy,4,organic,2,intensive,313.0,31,22.3,4,31,21
cucumber,43,20.5,82.5,6.6,6.1,loamy,5,none,2,regular,198.2,53,24.1,4,33,12
ampalaya_bilog,78,35.0,63.5,7.7,6.4,silty,8,chemical,2,regular,111.4,30,24.7,4,24,11
ampalaya_bilog,29,26.3,41.1,7.0,6.8,silty,3,organic,2,as-needed,281.6,46,16.4,5,26,13
ampalaya_bilog,26,28.2,87.6,7.5,5.8,clay,5,organic,2,regular,181.2,19,13.6,4,32,15
ampalaya_bilog,41,34.4,65.8,6.2,6.2,loamy,3,organic,0,intensive,217.3,37,15.7,4,37,16
ampalaya_bilog,84,19.0,69.0,6.9,5.4,sandy,5,organic,2,regular,156.2,22,20.5,5,22,11
cucumber,87,22.0,61.6,8.0,6.4,loamy,4,organic,1,as-needed,192.0,50,7.2,3,25,13
ampalaya_bilog,40,29.1,62.8,7.0,6.7,clay,8,none,2,regular,191.4,28,25.0,5,34,14
cucumber,53,23.1,70.9,6.3,6.3,silty,5,organic,1,none,225.7,38,6.0,1,14,1
cucumber,40,22.1,77.9,7.4,6.0,silty,3,organic,1,regular,67.2,55,6.0,5,54,24
upo_smooth,82,27.3,70.4,6.0,6.8,clay,7,chemical,3,none,159.5,18,14.8,3,30,14
upo_smooth,55,28.4,83.7,6.8,6.2,sandy,5,none,4,as-needed,374.2,14,15.7,3,27,11
patola,62,21.8,81.8,7.0,6.4,silty,5,organic,3,regular,218.2,68,5.2,4,25,18
patola,65,28.6,72.4,7.0,7.1,loamy,2,organic,1,as-needed,346.6,47,14.4,2,15,10
cucumber,32,20.9,45.4,7.2,6.5,loamy,6,organic,3,regular,136.4,39,21.3,5,38,14
patola,30,15.7,76.7,5.5,6.8,loamy,7,chemical,2,intensive,169.9,49,15.9,2,8,4
upo_smooth,59,24.3,88.8,7.5,5.4,loamy,6,organic,1,none,319.7,40,10.2,3,25,19
upo_smooth,89,28.8,54.8,6.6,5.6,loamy,3,chemical,1,none,395.7,63,18.3,1,15,3
patola,104,28.0,64.8,6.9,6.1,loamy,6,organic,2,intensive,349.5,75,6.6,4,18,6
cucumber,37,25.9,80.0,6.2,6.6,loamy,3,organic,4,as-needed,164.7,68,24.3,1,24,15
upo_smooth,48,30.3,77.6,5.4,7.5,loamy,4,mixed,4,intensive,165.5,72,11.6,1,17,1
ampalaya_bilog,47,26.9,90.5,8.0,6.4,loamy,3,organic,4,none,297.3,33,23.0,5,35,16
cucumber,55,19.5,47.9,7.5,6.3,sandy,4,organic,2,regular,191.6,18,23.2,4,24,14
ampalaya_bilog,42,31.9,43.8,6.4,7.6,sandy,5,organic,3,regular,91.8,45,7.8,5,33,16
patola,38,29.5,70.3,4.3,6.7,loamy,2,organic,0,regular,123.4,11,23.9,4,27,8
ampalaya_bilog,45,26.2,72.1,8.2,6.7,loamy,4,chemical,2,as-needed,227.7,67,5.6,4,25,13
ampalaya_bilog,46,28.4,64.7,6.7,6.5,silty,5,chemical,1,as-needed,96.4,58,11.2,3,32,10
upo_smooth,63,18.2,63.0,5.4,7.4,loamy,3,mixed,1,none,217.8,38,20.2,5,36,16
ampalaya_bilog,42,25.9,91.2,6.9,6.2,clay,6,organic,0,regular,225.0,38,17.9,4,27,9
ampalaya_bilog,42,27.9,71.2,7.4,6.2,clay,4,none,0,as-needed,278.4,59,20.8,3,14,8
patola,56,24.5,62.4,6.8,7.8,silty,3,organic,4,none,120.0,69,12.6,4,33,14
upo_smooth,65,27.5,60.5,11.2,7.3,loamy,2,none,2,none,399.1,43,9.7,2,16,8
ampalaya_bilog,66,29.7,78.7,6.2,6.2,loamy,4,organic,4,as-needed,278.6,75,22.5,3,19,14
patola,54,27.5,66.3,7.4,6.7,silty,8,chemical,2,as-needed,175.6,20,19.5,4,26,9
ampalaya_bilog,54,31.0,78.1,8.0,6.5,loamy,2,chemical,2,as-needed,308.5,30,15.5,4,32,17
ampalaya_bilog,54,28.9,53.3,10.0,6.4,loamy,5,chemical,3,none,161.1,29,7.9,3,22,4
ampalaya_bilog,40,37.2,70.7,7.1,6.3,loamy,5,organic,4,as-needed,308.3,25,8.8,4,29,15
cucumber,61,17.6,72.2,6.0,7.2,clay,6,mixed,3,regular,176.7,35,23.0,4,30,15
cucumber,73,22.8,78.3,9.6,6.4,sandy,4,organic,1,as-needed,200.4,47,13.7,2,18,15
patola,65,33.2,74.9,6.8,6.2,sandy,3,chemical,2,none,192.0,62,22.2,2,8,6
upo_smooth,55,27.3,73.2,11.7,6.3,loamy,2,chemical,1,intensive,187.3,47,19.7,5,50,19
upo_smooth,67,36.8,66.9,6.5,6.6,loamy,4,mixed,0,intensive,178.1,29,12.2,5,43,19
upo_smooth,63,22.5,75.2,7.3,6.1,loamy,5,chemical,1,as-needed,354.9,39,23.8,1,13,6
cucumber,42,23.2,60.2,5.6,6.5,loamy,5,mixed,2,regular,134.3,59,22.3,4,49,21
patola,48,29.0,43.1,8.9,6.1,loamy,4,none,4,as-needed,261.3,51,15.0,3,4,2
ampalaya_bilog,51,32.3,64.5,7.2,6.1,clay,5,organic,2,as-needed,229.0,72,16.4,4,34,16
ampalaya_bilog,80,37.3,75.9,10.4,7.8,clay,6,none,2,regular,296.8,12,23.8,1,11,4
cucumber,31,30.8,70.7,9.2,6.4,loamy,6,chemical,3,as-needed,181.5,31,5.5,4,30,12
cucumber,85,18.3,75.2,6.7,6.3,loamy,5,mixed,3,as-needed,120.4,69,24.1,1,15,3
cucumber,36,27.0,76.1,11.5,6.0,sandy,4,mixed,1,as-needed,175.8,72,5.2,5,42,20
patola,51,27.8,59.1,6.9,5.8,silty,4,chemical,2,regular,300.8,32,19.3,4,30,11
upo_smooth,36,38.5,68.7,6.5,6.7,clay,4,mixed,2,as-needed,173.8,73,13.5,5,35,10
upo_smooth,49,17.2,75.7,8.7,6.2,sandy,4,organic,2,as-needed,268.0,48,24.6,4,25,19
upo_smooth,58,22.0,66.5,6.7,6.3,loamy,6,chemical,2,regular,278.9,66,6.0,5,55,22
cucumber,70,39.6,41.6,4.8,6.7,clay,2,organic,3,regular,101.8,76,11.1,3,10,1
ampalaya_bilog,92,35.6,61.9,7.2,7.9,loamy,2,chemical,0,none,142.7,42,13.7,4,12,9
ampalaya_bilog,21,16.2,61.3,4.1,6.1,silty,8,organic,2,regular,184.2,21,13.7,4,10,7
upo_smooth,61,27.7,63.9,3.6,6.1,loamy,4,mixed,1,as-needed,436.6,52,17.3,5,30,15
upo_smooth,53,39.1,76.6,10.4,6.0,loamy,5,chemical,1,as-needed,415.3,71,16.8,4,27,10
cucumber,54,23.9,72.3,7.5,6.1,loamy,4,none,2,none,155.0,53,25.0,3,19,3
patola,94,25.6,73.9,6.5,6.5,loamy,6,none,1,regular,277.1,42,20.6,3,6,2
ampalaya_bilog,45,29.5,66.3,6.8,6.9,loamy,5,chemical,2,as-needed,221.6,51,15.9,3,29,13
ampalaya_bilog,99,33.7,48.7,6.3,6.6,silty,2,none,2,as-needed,170.2,48,7.0,4,18,1
patola,53,19.7,73.5,7.6,5.2,loamy,5,organic,3,regular,248.5,78,22.7,4,15,10
upo_smooth,54,16.9,69.6,3.1,6.2,loamy,6,organic,4,as-needed,190.7,52,22.9,4,24,9
upo_smooth,55,21.6,70.0,7.8,6.2,loamy,5,none,3,as-needed,344.2,41,14.5,5,31,11
cucumber,54,25.3,72.5,7.4,6.6,clay,7,organic,4,as-needed,181.2,75,17.4,2,28,13
patola,47,32.5,77.3,4.8,6.0,loamy,4,mixed,2,regular,182.4,78,8.6,5,21,9
ampalaya_bilog,55,27.5,75.2,6.0,6.3,loamy,2,organic,1,intensive,193.8,12,7.8,2,16,10
cucumber,45,21.0,69.1,9.9,6.3,silty,5,none,2,regular,102.7,19,17.3,3,14,14
ampalaya_bilog,56,19.8,46.0,7.6,6.1,loamy,6,organic,3,regular,95.2,26,15.9,4,22,10
patola,62,25.5,67.3,4.1,6.7,clay,5,chemical,1,as-needed,173.3,78,17.7,5,32,10
patola,39,28.2,86.2,7.1,6.7,clay,2,organic,0,intensive,224.9,19,12.2,5,28,10
upo_smooth,88,24.6,78.9,11.2,6.2,sandy,6,organic,3,as-needed,337.1,18,6.8,2,22,13
upo_smooth,65,27.7,93.9,7.5,6.3,loamy,5,none,2,regular,439.4,51,23.8,5,42,9
ampalaya_bilog,82,38.8,53.5,6.3,6.1,loamy,5,none,1,as-needed,178.5,57,15.6,3,9,3
ampalaya_bilog,55,29.8,76.2,7.2,6.7,sandy,6,chemical,1,as-needed,157.7,47,6.0,2,17,10
patola,25,16.9,49.8,6.7,6.3,clay,4,none,2,regular,361.4,13,21.2,2,6,3
ampalaya_bilog,42,36.3,58.1,7.9,6.3,clay,4,mixed,3,regular,244.7,14,18.9,4,21,9
patola,66,26.7,72.2,6.0,6.5,loamy,5,mixed,1,regular,300.1,38,15.8,4,33,18
patola,46,28.1,73.5,7.7,6.8,sandy,3,chemical,3,intensive,356.4,73,6.9,4,24,17
upo_smooth,40,27.4,43.3,7.9,6.8,loamy,2,organic,2,none,216.0,13,14.5,3,24,6
ampalaya_bilog,39,27.8,44.5,4.7,6.8,clay,2,chemical,2,none,310.9,40,24.9,3,13,7
cucumber,35,22.9,79.7,7.9,6.3,sandy,5,none,4,as-needed,255.7,68,5.1,3,21,14
ampalaya_bilog,95,25.6,75.0,3.7,6.8,clay,5,organic,2,none,242.7,73,17.3,5,10,7
cucumber,29,21.4,65.7,7.9,6.4,loamy,6,mixed,0,as-needed,152.6,77,20.2,5,33,22
patola,47,30.0,74.0,6.1,6.3,clay,3,chemical,2,none,145.8,79,11.7,3,22,13
patola,50,23.9,65.6,7.4,6.1,loamy,4,organic,2,intensive,379.2,34,10.9,4,23,13
patola,46,34.8,79.4,9.3,6.1,sandy,5,none,1,as-needed,241.3,27,14.5,3,3,6
patola,32,25.0,48.7,5.3,7.0,loamy,5,organic,1,regular,283.6,16,24.2,4,9,10
upo_smooth,91,28.2,76.7,5.2,6.5,loamy,6,mixed,2,regular,207.0,77,10.5,5,40,21
ampalaya_bilog,41,24.7,63.9,4.7,6.1,loamy,4,chemical,0,regular,175.1,74,22.0,3,25,16
upo_smooth,50,28.5,69.9,11.2,6.5,loamy,4,organic,2,none,414.1,22,19.9,3,32,9
cucumber,44,22.7,64.6,5.4,6.4,clay,5,chemical,3,regular,97.8,35,18.4,3,22,19
ampalaya_bilog,26,39.3,66.8,6.0,7.5,loamy,2,organic,2,regular,239.8,26,15.1,5,20,11
upo_smooth,49,31.0,54.7,5.9,6.4,loamy,4,chemical,0,regular,313.9,29,8.6,2,33,18
cucumber,41,36.5,94.1,6.6,6.0,silty,4,organic,2,none,162.1,75,17.8,2,9,6
ampalaya_bilog,60,29.2,76.1,10.1,6.1,sandy,4,mixed,1,as-needed,322.8,11,20.7,3,26,9
ampalaya_bilog,35,21.6,83.1,7.4,6.5,clay,4,organic,3,as-needed,221.1,59,25.0,3,32,11
cucumber,34,39.2,64.8,6.4,7.8,sandy,5,none,1,as-needed,83.3,12,12.1,3,13,9
upo_smooth,107,39.4,49.2,7.0,6.4,loamy,3,chemical,4,none,345.5,40,10.9,5,31,1
patola,55,37.0,68.3,7.6,5.8,loamy,7,organic,4,as-needed,242.5,31,13.4,5,15,11
upo_smooth,66,27.5,62.9,7.3,5.8,loamy,5,organic,3,regular,310.2,27,6.0,3,44,29
patola,57,26.7,44.0,7.7,6.2,clay,6,organic,0,as-needed,305.5,45,14.8,2,15,5
upo_smooth,35,27.8,63.1,5.2,6.3,silty,5,organic,2,intensive,329.1,59,11.3,3,35,12
cucumber,42,32.0,77.2,7.5,6.0,silty,5,chemical,1,regular,273.9,33,21.0,3,25,16
ampalaya_bilog,71,34.7,71.2,6.8,6.0,clay,3,organic,1,none,215.7,25,24.8,4,30,10
patola,47,25.2,62.7,7.4,6.3,loamy,3,organic,3,regular,203.7,52,14.6,5,28,24
patola,52,29.6,70.6,6.7,6.3,loamy,5,chemical,4,intensive,186.8,17,7.1,3,35,11
ampalaya_bilog,44,26.5,94.7,9.3,6.2,sandy,3,organic,1,regular,105.0,45,24.9,4,22,16
patola,64,25.3,87.3,7.3,7.6,loamy,4,mixed,0,regular,327.2,14,12.1,5,35,12
upo_smooth,63,26.0,80.5,7.8,6.3,clay,4,organic,3,none,177.0,63,20.4,4,47,19
upo_smooth,68,26.0,49.3,6.7,6.2,clay,4,organic,1,as-needed,268.3,47,24.4,5,44,21
upo_smooth,95,20.5,64.3,7.9,6.5,clay,4,mixed,2,intensive,270.8,28,10.2,4,33,12
upo_smooth,53,27.5,67.4,6.9,6.0,loamy,2,mixed,1,as-needed,149.1,13,22.7,2,40,17
cucumber,37,21.2,70.9,7.8,7.3,loamy,5,mixed,0,as-needed,89.0,73,12.2,3,38,26
ampalaya_bilog,41,29.9,79.7,6.5,6.8,silty,2,chemical,2,none,186.8,26,21.4,3,19,8
ampalaya_bilog,48,28.1,81.3,7.9,5.2,loamy,4,organic,4,as-needed,155.3,63,14.0,4,36,16
patola,48,30.7,66.7,7.5,5.9,silty,5,organic,2,as-needed,159.6,45,20.3,4,37,21
patola,55,26.0,79.5,7.1,6.6,clay,2,mixed,1,regular,170.5,67,20.3,2,28,9
cucumber,44,19.4,66.7,4.8,6.7,silty,7,organic,3,as-needed,266.9,28,11.6,1,9,6
upo_smooth,45,30.5,60.8,7.7,7.0,clay,4,organic,2,regular,132.5,16,7.0,3,45,14
cucumber,76,32.7,77.3,3.1,5.4,loamy,4,organic,2,as-needed,268.0,47,22.5,4,18,7
upo_smooth,69,31.7,62.7,9.2,6.3,silty,3,organic,2,intensive,211.3,42,8.7,3,36,20
upo_smooth,54,28.8,74.6,7.8,6.0,loamy,8,chemical,0,as-needed,433.9,79,13.6,5,44,29
patola,64,20.6,78.3,8.4,6.7,loamy,4,organic,2,regular,156.7,59,5.2,3,19,10
patola,33,27.1,78.8,4.3,6.2,loamy,2,organic,3,as-needed,352.0,34,18.2,3,25,8
ampalaya_bilog,27,39.0,72.3,6.2,6.5,clay,6,chemical,3,intensive,327.6,50,7.2,3,14,11
upo_smooth,74,26.1,69.3,6.4,6.6,clay,7,organic,0,regular,439.5,50,6.2,4,49,21
ampalaya_bilog,34,29.2,75.9,8.8,7.5,silty,5,chemical,3,as-needed,240.3,60,7.9,2,14,13
upo_smooth,51,24.4,77.7,4.9,6.7,clay,6,organic,2,intensive,436.4,52,19.2,5,42,23
patola,38,26.2,66.7,10.4,6.5,loamy,4,chemical,2,as-needed,331.7,68,15.7,5,32,13
patola,97,18.5,60.9,6.7,6.1,loamy,3,mixed,2,regular,287.1,31,23.0,4,32,10
patola,42,24.8,60.1,7.5,6.3,clay,5,organic,2,as-needed,325.1,70,14.6,2,16,12
patola,56,16.9,64.6,11.5,6.6,loamy,6,mixed,2,regular,375.0,41,14.9,4,19,6
cucumber,73,20.9,61.4,10.5,6.4,loamy,2,organic,2,regular,199.1,63,9.1,4,23,11
cucumber,53,15.9,42.1,7.3,5.2,clay,6,mixed,1,regular,257.4,24,17.1,4,19,11
cucumber,65,24.0,70.5,10.1,5.1,sandy,6,chemical,3,as-needed,165.7,32,16.7,4,27,14
patola,90,26.0,71.9,6.3,6.2,loamy,8,chemical,2,regular,199.1,27,21.8,5,17,8
patola,33,39.9,70.7,4.3,6.8,loamy,4,mixed,3,as-needed,190.6,10,16.6,3,11,2
ampalaya_bilog,29,25.6,65.4,8.0,6.4,clay,6,chemical,2,as-needed,232.8,78,11.6,5,26,20
patola,37,26.9,45.6,5.8,6.1,clay,2,mixed,0,intensive,180.2,79,15.4,1,8,2
patola,46,31.5,76.1,6.5,7.5,silty,5,organic,2,as-needed,341.1,68,14.1,4,28,10
patola,68,24.8,63.8,7.5,6.7,loamy,6,chemical,2,none,143.1,38,22.6,5,22,11
patola,28,29.4,76.0,6.0,7.9,loamy,4,chemical,2,as-needed,140.3,15,19.1,2,20,4
upo_smooth,88,25.9,68.0,7.2,5.6,clay,5,chemical,1,as-needed,304.2,70,22.8,4,45,10
ampalaya_bilog,89,28.1,78.7,6.6,6.4,loamy,8,organic,1,intensive,90.8,24,16.8,2,13,7
ampalaya_bilog,93,22.8,65.2,6.4,6.4,silty,3,chemical,2,as-needed,287.3,62,19.7,5,21,14
cucumber,36,31.4,43.5,7.2,7.8,loamy,5,organic,3,intensive,213.8,16,6.7,3,26,10
cucumber,39,33.9,64.4,6.5,6.7,clay,5,chemical,2,as-needed,91.7,24,11.6,3,20,17
upo_smooth,83,24.5,43.8,7.6,6.2,sandy,6,mixed,1,regular,202.8,25,5.4,4,33,13
patola,53,30.2,88.4,4.3,6.3,sandy,6,chemical,2,regular,220.5,60,24.1,4,28,20
cucumber,49,26.5,68.2,10.9,7.1,loamy,4,organic,3,regular,191.5,77,13.0,4,43,26
cucumber,67,39.1,51.2,7.5,6.0,loamy,4,chemical,3,intensive,97.9,35,20.0,4,26,12
ampalaya_bilog,31,29.9,62.3,8.0,6.1,loamy,5,chemical,2,as-needed,142.3,55,13.4,2,19,10
patola,55,27.8,90.9,10.0,5.3,loamy,5,chemical,2,regular,257.9,70,6.8,2,10,8
ampalaya_bilog,36,29.4,71.9,6.9,6.7,loamy,3,organic,1,as-needed,163.5,48,16.8,3,25,15
ampalaya_bilog,50,20.4,76.8,6.7,6.1,loamy,3,chemical,2,as-needed,209.7,71,7.2,4,37,13
ampalaya_bilog,43,27.6,76.8,7.8,5.4,loamy,6,mixed,0,as-needed,141.1,62,17.8,2,30,9
upo_smooth,45,39.2,45.2,4.1,6.0,loamy,7,organic,4,regular,402.1,75,20.1,4,27,1
ampalaya_bilog,50,28.2,63.0,7.8,6.2,sandy,4,organic,3,as-needed,115.5,37,14.2,4,42,20
patola,64,29.8,53.8,7.1,6.5,loamy,4,none,3,regular,365.9,40,13.0,5,20,8
ampalaya_bilog,47,29.2,64.4,9.6,6.2,sandy,3,chemical,3,as-needed,170.6,19,6.5,5,37,23
cucumber,45,20.6,60.7,7.9,6.1,loamy,7,organic,2,as-needed,257.4,46,15.6,4,36,24
ampalaya_bilog,41,27.0,78.1,6.5,6.7,silty,4,chemical,2,as-needed,328.7,12,8.2,5,46,18
ampalaya_bilog,52,27.1,74.2,3.7,6.2,silty,6,chemical,1,regular,274.6,51,11.7,3,15,4
upo_smooth,61,24.4,53.3,7.0,6.6,clay,5,organic,2,none,407.9,63,17.5,3,32,28
patola,58,28.5,52.2,6.8,6.4,sandy,4,organic,4,none,263.6,35,17.1,3,20,12
patola,28,28.4,70.7,7.0,6.5,sandy,5,organic,2,regular,176.5,56,7.6,4,29,15
cucumber,62,27.2,61.0,7.7,6.5,silty,2,mixed,2,regular,120.0,39,22.5,3,35,19
ampalaya_bilog,48,27.1,61.1,6.5,6.2,loamy,2,chemical,4,as-needed,249.1,61,22.0,3,23,8
cucumber,48,24.7,72.9,7.0,7.7,loamy,5,organic,2,regular,258.6,50,24.2,4,49,26
upo_smooth,89,24.8,69.9,10.1,6.6,sandy,5,organic,3,regular,233.6,24,21.3,4,42,24
ampalaya_bilog,55,33.3,73.2,7.7,6.5,loamy,8,mixed,0,regular,312.1,22,16.4,5,37,13
upo_smooth,52,28.0,69.5,6.3,6.8,loamy,3,organic,2,regular,321.6,68,19.2,3,52,21
ampalaya_bilog,29,25.0,52.3,7.5,6.1,clay,3,chemical,2,regular,314.1,12,15.0,5,23,17
upo_smooth,57,29.2,62.5,9.9,6.6,loamy,8,organic,0,regular,424.9,55,6.7,3,35,11
upo_smooth,67,26.5,93.1,7.6,6.2,loamy,6,mixed,1,regular,351.6,25,13.1,2,28,12
cucumber,84,28.9,70.9,7.5,6.7,sandy,4,chemical,0,intensive,237.7,25,11.6,4,32,12
patola,38,30.0,77.1,6.1,7.3,clay,3,organic,2,regular,275.1,65,9.6,3,27,14
upo_smooth,41,27.8,70.9,6.2,6.7,loamy,5,chemical,1,none,126.6,73,11.9,2,16,10
ampalaya_bilog,29,25.8,90.5,10.8,6.0,loamy,6,chemical,2,intensive,118.9,73,21.9,4,18,11
ampalaya_bilog,71,32.9,66.8,6.2,6.4,clay,4,chemical,2,regular,109.6,14,9.9,2,17,9
ampalaya_bilog,51,39.3,42.2,9.8,6.6,clay,7,mixed,3,as-needed,164.0,45,15.0,4,21,3
upo_smooth,37,26.4,66.7,3.6,6.5,silty,6,mixed,2,none,412.3,18,15.3,5,12,9
ampalaya_bilog,56,29.9,67.0,4.4,5.8,silty,5,chemical,1,intensive,263.5,14,19.2,3,26,10
ampalaya_bilog,53,25.2,75.5,6.6,6.2,loamy,7,organic,2,none,279.6,39,21.0,3,31,11
cucumber,52,23.9,78.2,7.2,6.5,clay,6,none,2,intensive,92.1,23,15.1,2,17,9
cucumber,51,23.8,79.5,8.9,6.1,clay,5,none,1,none,187.7,30,16.2,4,15,7
patola,40,29.8,84.4,9.8,6.1,loamy,3,organic,2,intensive,355.1,67,22.0,3,25,9
ampalaya_bilog,47,27.4,79.2,8.0,6.7,sandy,4,chemical,1,regular,125.7,36,6.4,3,38,17
patola,56,27.1,84.1,7.4,6.7,loamy,3,chemical,2,none,291.6,66,12.1,4,15,13
upo_smooth,32,25.0,77.4,11.4,7.3,sandy,6,organic,2,intensive,373.5,65,20.3,4,39,13
ampalaya_bilog,58,25.2,67.7,6.6,6.4,sandy,2,organic,3,none,260.6,78,20.8,3,31,11
cucumber,46,20.1,75.8,3.6,6.7,loamy,6,organic,1,intensive,184.3,30,15.3,4,28,10
patola,51,25.7,70.6,6.2,6.4,loamy,3,mixed,2,none,278.2,34,21.2,3,23,9
patola,68,25.0,63.0,6.5,6.7,loamy,4,mixed,2,as-needed,178.3,40,22.2,5,27,15
cucumber,37,23.6,41.6,6.8,6.4,loamy,3,organic,4,as-needed,142.8,68,15.4,1,18,6
patola,50,29.3,60.3,11.5,5.7,loamy,4,organic,2,regular,295.1,54,8.3,4,32,12
ampalaya_bilog,33,30.0,60.5,7.7,6.6,sandy,5,chemical,2,intensive,156.5,26,22.4,4,45,18
patola,41,29.3,87.9,6.4,6.4,loamy,5,chemical,4,as-needed,259.9,32,11.0,3,24,15
ampalaya_bilog,49,31.3,60.1,6.4,6.5,clay,5,organic,2,intensive,193.7,77,14.0,2,25,9
patola,27,24.3,72.6,6.8,6.6,silty,4,none,2,regular,367.5,10,22.6,3,5,3
patola,47,25.8,73.9,6.6,6.6,loamy,5,chemical,1,none,173.9,53,17.0,3,18,5
ampalaya_bilog,80,28.7,61.1,5.4,6.2,silty,5,organic,2,regular,302.0,21,11.8,3,24,10
patola,51,28.5,62.4,3.3,6.5,loamy,5,organic,0,regular,159.0,32,15.0,4,16,3
patola,40,27.6,74.3,3.7,6.7,loamy,5,chemical,2,as-needed,241.3,76,21.8,3,13,5
cucumber,36,26.9,73.6,4.9,7.8,loamy,4,chemical,2,as-needed,167.7,61,21.8,2,20,10
upo_smooth,30,28.5,69.0,7.8,7.9,clay,6,chemical,1,regular,141.7,69,18.0,3,30,12
patola,57,26.9,73.7,7.7,6.5,loamy,4,chemical,0,none,224.6,28,19.4,2,15,8
upo_smooth,95,24.6,70.8,6.1,6.8,loamy,6,organic,1,none,214.5,39,24.3,4,26,19
cucumber,78,26.4,58.2,7.1,6.7,clay,8,organic,3,none,128.7,32,10.2,5,23,14
cucumber,38,25.2,76.8,7.1,6.1,silty,6,chemical,2,as-needed,67.7,15,15.3,1,12,6
patola,62,30.4,79.9,6.5,6.1,loamy,5,chemical,3,intensive,353.3,35,24.0,5,24,10
patola,53,28.1,71.2,9.9,6.8,loamy,5,mixed,1,regular,182.8,29,23.9,3,17,18
cucumber,51,39.7,69.5,8.0,6.1,loamy,5,none,2,as-needed,98.8,16,18.7,2,6,14
patola,63,36.1,73.5,6.4,5.7,clay,6,none,0,intensive,244.3,47,17.2,5,16,2
ampalaya_bilog,51,18.8,63.3,4.2,6.7,loamy,4,mixed,2,regular,141.4,60,9.6,5,37,13
patola,51,30.1,76.2,5.4,7.6,clay,4,organic,4,regular,304.5,35,10.8,2,17,9
upo_smooth,59,26.9,71.0,7.7,6.3,clay,7,none,2,intensive,356.5,75,5.8,5,38,17
cucumber,50,33.6,57.9,7.8,6.3,clay,5,chemical,3,none,260.0,78,12.1,5,31,13
ampalaya_bilog,50,22.0,49.1,10.6,7.1,loamy,8,organic,1,none,147.8,57,6.7,3,15,8
upo_smooth,34,20.8,57.2,6.1,6.3,loamy,6,chemical,3,as-needed,411.8,38,5.2,4,25,15
upo_smooth,55,26.7,70.9,6.6,6.6,silty,6,organic,2,none,359.0,51,23.0,3,38,21
cucumber,20,30.9,90.2,10.3,5.9,loamy,3,mixed,2,regular,180.7,38,21.4,1,12,2
cucumber,55,26.0,66.4,4.8,6.2,loamy,6,chemical,2,as-needed,109.7,54,10.6,4,37,18
cucumber,54,21.9,67.9,11.9,6.8,loamy,6,chemical,2,none,92.6,12,18.1,2,11,7
patola,44,36.3,74.6,6.5,6.4,silty,5,organic,0,regular,204.6,22,15.0,3,22,12
cucumber,35,16.5,79.8,6.6,6.2,loamy,7,chemical,2,as-needed,206.2,55,12.3,2,23,4
patola,60,30.7,64.3,7.3,6.5,clay,6,organic,2,as-needed,336.0,43,16.6,3,22,12
patola,65,27.6,74.5,7.6,6.7,loamy,4,mixed,0,none,287.5,73,20.9,4,32,8
upo_smooth,50,28.8,66.4,7.3,7.0,loamy,5,chemical,3,none,160.1,68,12.6,4,40,17
ampalaya_bilog,87,24.6,86.2,9.7,6.6,loamy,7,chemical,2,regular,100.7,37,22.6,2,3,1
cucumber,22,21.0,62.3,6.7,6.3,clay,4,organic,2,regular,151.3,52,13.9,3,36,18
cucumber,23,15.8,47.4,4.1,6.7,loamy,7,organic,1,regular,150.4,11,24.3,4,16,7
upo_smooth,59,27.1,76.8,7.4,6.1,silty,4,organic,4,none,132.6,57,12.7,4,44,19
patola,46,25.9,73.0,6.8,6.5,clay,4,chemical,3,regular,246.3,43,7.1,3,27,13
cucumber,24,19.7,87.9,6.7,6.2,silty,3,mixed,2,regular,195.8,32,6.1,2,16,7
cucumber,46,25.2,75.6,8.4,6.0,loamy,3,chemical,1,regular,217.8,54,20.0,3,35,19
cucumber,52,23.1,73.8,7.7,5.3,loamy,6,organic,4,as-needed,96.3,67,14.1,3,26,14
cucumber,46,23.7,71.4,8.0,6.0,sandy,3,chemical,0,regular,221.6,31,14.4,2,25,11
upo_smooth,52,29.0,68.7,7.7,6.7,loamy,4,organic,1,as-needed,427.2,51,22.1,5,60,18
ampalaya_bilog,53,26.6,87.5,7.0,6.0,loamy,4,chemical,2,regular,273.6,66,19.4,5,37,20
cucumber,55,22.0,70.8,6.8,5.7,silty,5,none,2,none,124.4,69,23.3,5,17,19
ampalaya_bilog,49,25.0,93.2,3.4,6.5,silty,5,organic,4,none,325.0,14,20.1,1,8,6
cucumber,54,31.6,50.3,5.8,6.7,loamy,3,chemical,2,as-needed,235.9,74,6.6,4,26,16
patola,69,22.4,79.3,6.4,6.0,loamy,5,organic,1,regular,236.9,54,6.5,4,30,11
cucumber,67,27.3,55.9,8.0,7.5,sandy,3,organic,2,none,87.7,20,18.3,2,13,9
ampalaya_bilog,55,25.4,65.4,9.7,6.5,clay,5,organic,2,regular,223.9,67,8.7,4,41,21
cucumber,91,27.9,43.6,10.1,6.4,sandy,6,chemical,0,as-needed,74.6,70,15.1,3,20,9
ampalaya_bilog,30,27.1,69.6,7.6,6.8,clay,6,chemical,3,regular,263.1,36,13.5,3,22,7
cucumber,41,27.5,60.1,7.9,6.7,loamy,8,chemical,2,intensive,141.9,75,17.1,4,40,19
upo_smooth,31,28.3,61.1,6.2,6.2,silty,6,chemical,2,intensive,168.9,22,9.5,4,36,14
patola,52,26.7,71.0,7.0,6.1,sandy,3,chemical,1,as-needed,351.7,19,15.6,3,22,14
cucumber,75,25.2,68.3,8.5,6.6,clay,5,organic,3,none,69.2,68,5.7,3,12,13
upo_smooth,66,30.4,62.2,6.3,6.4,loamy,5,chemical,4,as-needed,423.1,77,21.3,5,50,22
ampalaya_bilog,26,29.9,69.7,5.9,6.8,loamy,2,organic,1,as-needed,238.3,14,14.3,4,24,11
cucumber,55,20.0,78.8,7.7,6.9,silty,4,mixed,1,regular,73.9,48,13.6,2,35,13
cucumber,26,22.0,48.0,6.5,6.1,loamy,6,organic,1,intensive,169.9,16,14.9,1,9,3
upo_smooth,37,23.2,78.8,3.1,6.5,loamy,4,chemical,2,as-needed,403.0,57,12.3,4,20,5
upo_smooth,65,24.7,64.8,10.7,6.4,loamy,3,chemical,2,as-needed,130.0,75,12.1,3,29,13
cucumber,27,29.6,69.3,7.1,6.0,loamy,4,organic,3,as-needed,65.3,24,10.8,2,23,14
cucumber,42,29.8,61.3,6.4,6.5,loamy,2,organic,3,none,169.4,12,10.2,2,29,4
ampalaya_bilog,44,26.4,74.3,6.3,6.3,clay,5,organic,2,as-needed,120.3,44,15.4,3,26,15
patola,59,28.9,89.7,6.5,6.8,loamy,5,chemical,2,regular,135.7,38,24.7,2,20,9
upo_smooth,57,25.0,88.7,4.1,6.2,sandy,5,none,2,as-needed,324.9,29,23.1,3,27,11
ampalaya_bilog,40,29.4,74.1,7.6,5.9,loamy,4,mixed,3,as-needed,301.0,34,20.7,3,30,20
upo_smooth,61,27.6,83.9,5.9,6.4,silty,4,mixed,0,regular,413.1,47,24.8,4,51,13
ampalaya_bilog,50,21.8,67.3,7.4,7.7,loamy,4,mixed,2,regular,247.2,21,24.8,3,35,13
cucumber,55,18.0,74.2,7.3,6.5,loamy,3,mixed,2,intensive,74.9,30,7.0,5,35,18
ampalaya_bilog,60,39.3,89.2,7.9,7.4,sandy,6,chemical,2,as-needed,286.0,52,12.2,3,15,10
cucumber,92,20.1,72.2,3.6,6.6,clay,5,organic,3,as-needed,217.4,74,8.9,3,6,1
cucumber,36,24.9,89.7,6.8,6.6,clay,4,chemical,2,as-needed,61.4,30,24.6,4,31,26
patola,30,33.3,75.5,6.9,6.9,loamy,5,organic,1,as-needed,290.1,76,24.8,4,27,11
ampalaya_bilog,98,27.4,75.0,6.1,6.4,silty,4,organic,2,as-needed,121.0,70,16.2,5,27,17
patola,49,29.0,61.4,6.3,6.5,silty,2,mixed,0,as-needed,151.3,20,8.4,3,26,11
cucumber,50,24.7,90.0,6.6,6.2,loamy,4,chemical,1,regular,184.3,10,16.0,3,31,14
cucumber,20,15.4,60.6,7.8,7.3,loamy,4,organic,2,regular,167.1,25,14.7,5,21,13
ampalaya_bilog,33,28.5,45.1,7.6,7.4,clay,4,none,1,regular,260.8,72,16.7,2,12,2
cucumber,62,36.9,48.2,7.8,6.8,sandy,3,chemical,2,regular,74.5,54,23.6,3,12,11
upo_smooth,50,39.1,68.4,7.8,6.4,loamy,3,none,3,as-needed,314.1,74,24.0,1,14,1
ampalaya_bilog,26,36.9,70.9,6.1,6.2,loamy,5,mixed,3,regular,217.6,23,13.5,3,22,12
cucumber,45,20.6,64.9,7.2,6.3,loamy,4,mixed,1,as-needed,212.6,73,18.6,2,27,15
upo_smooth,56,27.3,69.6,7.1,6.3,sandy,5,chemical,1,regular,407.5,33,24.6,5,59,29
upo_smooth,54,29.8,68.6,12.0,5.7,loamy,5,none,1,regular,274.8,20,14.3,3,20,8
ampalaya_bilog,46,27.1,68.2,7.0,5.4,clay,8,organic,2,intensive,127.6,23,23.5,4,30,11
ampalaya_bilog,44,35.5,64.1,4.9,6.0,loamy,4,chemical,2,regular,171.7,28,14.9,4,26,9
ampalaya_bilog,23,25.5,64.7,8.7,6.1,loamy,5,mixed,1,as-needed,121.7,52,19.6,3,23,6
upo_smooth,52,28.3,65.5,6.1,6.3,clay,2,mixed,2,as-needed,330.7,47,11.7,1,14,8
patola,51,27.5,47.2,3.4,6.0,sandy,5,organic,2,regular,231.9,41,16.6,3,9,12
ampalaya_bilog,41,34.6,70.4,11.8,6.1,loamy,6,mixed,0,intensive,155.2,12,22.0,5,38,19
patola,89,22.9,65.8,7.1,6.7,clay,4,organic,2,as-needed,368.4,17,21.7,3,19,10
cucumber,47,22.2,65.3,6.0,6.3,loamy,3,none,1,regular,207.9,15,9.3,3,26,7
cucumber,73,38.2,74.4,5.2,7.6,clay,2,chemical,2,regular,184.6,21,13.0,3,22,7
upo_smooth,67,28.9,74.7,6.2,5.8,sandy,8,none,3,regular,240.3,11,5.1,3,5,7
upo_smooth,59,19.2,71.5,7.5,6.0,loamy,4,chemical,1,intensive,325.6,71,11.6,4,25,12
upo_smooth,64,37.6,67.7,7.2,6.3,sandy,5,mixed,3,regular,176.5,62,6.6,3,37,12
ampalaya_bilog,59,28.5,86.2,7.3,7.0,clay,4,chemical,2,intensive,209.5,68,21.0,3,25,9
upo_smooth,61,31.4,75.2,6.5,6.5,sandy,5,none,1,intensive,158.2,50,11.5,4,31,7
ampalaya_bilog,87,28.3,71.2,4.5,5.8,clay,2,chemical,1,as-needed,216.7,25,22.7,2,19,5
ampalaya_bilog,52,26.1,62.0,7.8,6.4,silty,5,none,2,intensive,173.0,12,19.9,4,26,7
patola,52,25.4,71.6,3.9,6.3,sandy,4,organic,0,as-needed,296.6,17,16.7,2,9,1
upo_smooth,51,27.0,89.6,7.4,6.2,clay,3,organic,3,regular,350.4,72,24.4,3,41,20
ampalaya_bilog,60,33.5,78.7,7.1,6.3,clay,3,chemical,3,intensive,302.1,45,17.9,3,33,12
ampalaya_bilog,44,34.0,66.0,11.0,6.4,loamy,5,mixed,1,as-needed,280.1,46,13.0,1,16,6
cucumber,50,26.0,63.7,6.5,6.7,sandy,4,organic,1,none,196.4,13,19.6,2,17,8
cucumber,92,25.5,61.3,7.4,7.8,loamy,4,chemical,1,intensive,197.8,62,7.4,4,36,17
patola,90,25.5,48.1,10.8,5.8,sandy,2,organic,3,intensive,314.0,69,20.7,3,17,7
patola,63,30.7,46.1,6.5,6.6,loamy,2,organic,0,intensive,328.1,78,22.7,3,22,10
patola,50,19.8,66.6,4.8,6.6,loamy,4,none,2,regular,135.2,76,6.8,4,18,5
patola,28,30.3,56.1,6.2,6.3,loamy,4,chemical,1,regular,245.0,63,20.0,2,25,10
upo_smooth,69,25.9,84.5,6.0,6.5,clay,6,organic,0,as-needed,328.9,35,14.0,4,45,22
cucumber,27,20.6,73.6,7.0,8.0,loamy,2,organic,0,regular,222.1,77,21.9,3,32,8
patola,60,28.5,49.4,6.7,6.1,loamy,5,organic,0,as-needed,183.3,19,16.6,4,37,12
patola,46,25.0,61.8,7.6,6.4,loamy,4,organic,2,regular,185.4,76,12.3,3,22,13
cucumber,40,20.2,76.6,5.9,6.5,silty,4,chemical,1,intensive,139.5,47,17.3,3,30,11
ampalaya_bilog,50,29.1,90.5,10.2,6.6,silty,5,organic,1,as-needed,91.7,57,10.4,4,24,4
cucumber,52,24.2,87.3,8.9,6.6,loamy,7,organic,3,regular,191.7,43,24.0,3,30,10
patola,52,31.0,64.6,7.5,6.1,clay,4,chemical,1,regular,359.1,22,22.1,3,22,11
ampalaya_bilog,44,39.5,49.3,6.6,6.3,loamy,5,organic,2,none,167.9,32,20.0,3,22,8
cucumber,24,27.4,76.8,10.2,6.1,loamy,6,organic,0,regular,242.8,19,15.9,3,17,7
patola,60,30.2,60.6,7.7,6.3,loamy,4,chemical,1,intensive,117.5,43,9.2,2,13,11
ampalaya_bilog,49,26.9,81.7,7.6,6.6,loamy,2,organic,2,regular,105.7,59,15.9,3,35,8
upo_smooth,64,26.1,70.6,7.8,7.0,loamy,6,chemical,1,as-needed,355.6,33,16.3,5,58,23
cucumber,32,26.0,78.2,6.6,5.6,loamy,4,organic,3,intensive,148.6,74,13.4,3,37,20
ampalaya_bilog,54,26.0,75.7,6.7,6.7,loamy,5,mixed,1,as-needed,203.5,77,20.4,5,48,23
ampalaya_bilog,21,28.5,63.7,7.7,6.6,clay,4,mixed,2,as-needed,129.4,43,19.6,4,30,15
ampalaya_bilog,55,29.5,61.2,6.4,6.2,loamy,8,organic,3,regular,303.9,74,15.1,4,25,17
ampalaya_bilog,20,29.3,79.7,6.7,6.6,sandy,4,organic,2,regular,140.7,11,19.4,1,5,10
ampalaya_bilog,63,29.7,72.2,6.5,5.7,loamy,6,organic,0,intensive,302.1,74,24.9,2,27,8
patola,35,39.0,70.8,8.6,6.5,silty,5,chemical,2,as-needed,165.3,64,19.0,3,13,5
ampalaya_bilog,80,27.2,65.8,7.2,6.3,loamy,3,mixed,4,regular,314.5,56,9.7,4,29,10
upo_smooth,84,25.1,61.9,11.4,6.2,loamy,5,organic,3,intensive,391.7,37,24.8,4,33,18
patola,51,28.9,86.5,6.9,6.4,silty,4,organic,0,as-needed,355.8,68,24.5,4,26,13
ampalaya_bilog,39,26.9,76.0,6.8,6.4,clay,5,organic,2,as-needed,228.4,77,9.0,2,23,10
patola,45,22.4,71.1,6.3,6.2,loamy,7,organic,3,regular,157.4,66,18.0,3,20,5
cucumber,37,26.5,68.3,7.3,6.4,silty,6,organic,3,as-needed,264.3,66,23.2,4,33,24
ampalaya_bilog,22,26.5,65.0,6.6,6.6,silty,6,chemical,1,regular,260.4,10,13.8,4,13,11
patola,59,25.8,81.7,6.3,6.3,loamy,3,chemical,3,regular,161.8,62,14.2,2,11,6
ampalaya_bilog,46,27.5,72.4,3.2,6.3,loamy,6,organic,1,intensive,115.9,43,16.7,3,17,5
ampalaya_bilog,55,27.3,75.2,7.9,5.7,loamy,5,none,2,as-needed,269.4,66,16.0,1,15,6
ampalaya_bilog,59,39.8,67.0,4.4,6.1,silty,7,organic,2,regular,285.7,53,5.0,4,24,14
upo_smooth,53,27.5,64.0,7.3,6.7,sandy,4,mixed,1,as-needed,320.3,49,17.8,4,58,30
patola,46,35.5,79.0,7.0,6.1,sandy,6,chemical,3,regular,291.9,51,19.5,2,10,1
patola,44,25.9,59.2,7.2,6.4,loamy,4,organic,1,regular,271.9,25,13.0,4,27,18
upo_smooth,94,35.7,74.1,6.1,7.4,loamy,4,organic,1,regular,203.8,41,8.0,4,25,17
cucumber,47,25.0,72.7,3.6,6.0,clay,5,organic,3,as-needed,230.7,17,5.6,2,18,9
patola,58,29.1,50.5,6.4,6.3,clay,4,chemical,1,none,333.6,69,22.6,1,11,5
patola,53,26.2,76.3,7.0,6.3,loamy,4,organic,3,none,339.5,74,20.6,5,28,12
ampalaya_bilog,57,21.1,67.1,7.5,7.9,loamy,3,mixed,3,none,118.1,60,6.5,5,30,19
ampalaya_bilog,60,27.4,55.4,7.6,6.1,clay,4,organic,4,as-needed,137.3,21,14.5,4,38,20
patola,79,24.2,78.2,6.9,6.3,clay,5,mixed,2,regular,297.5,68,17.2,3,22,12
cucumber,23,23.2,61.5,7.5,6.6,loamy,4,mixed,2,as-needed,73.4,35,15.5,1,16,8
cucumber,55,20.3,74.8,9.3,6.1,clay,4,mixed,0,intensive,78.9,12,16.6,4,42,22
ampalaya_bilog,40,20.5,51.8,7.5,7.2,silty,4,mixed,2,regular,216.3,42,9.7,3,33,8
upo_smooth,70,25.8,78.7,6.2,6.4,loamy,6,mixed,2,as-needed,269.2,45,13.6,3,23,14
cucumber,44,25.1,92.3,7.2,6.3,loamy,5,mixed,1,regular,269.3,48,14.2,4,42,17
cucumber,66,27.0,43.4,7.1,6.5,sandy,6,organic,1,regular,154.7,31,16.8,4,37,15
cucumber,41,39.9,60.4,6.8,6.4,loamy,6,organic,2,as-needed,231.9,65,23.9,4,25,14
cucumber,43,27.6,71.3,6.9,7.5,silty,5,organic,3,regular,60.6,75,14.3,2,24,12
ampalaya_bilog,48,28.0,75.0,5.7,6.4,sandy,6,none,3,regular,174.6,67,15.3,3,16,9
upo_smooth,60,27.2,83.5,6.8,7.4,silty,2,chemical,4,regular,382.5,26,7.0,3,47,14
upo_smooth,57,27.0,66.4,5.3,7.1,clay,5,chemical,2,regular,313.6,13,23.2,2,49,16
upo_smooth,55,34.0,68.9,3.2,6.4,silty,2,none,1,as-needed,176.1,42,11.8,5,19,7
ampalaya_bilog,60,39.4,52.7,7.9,6.0,sandy,5,organic,0,regular,92.7,65,11.1,1,1,8
upo_smooth,69,38.0,61.0,7.3,6.1,sandy,2,chemical,1,none,247.1,43,8.4,1,13,1
upo_smooth,56,26.6,64.0,7.8,6.4,sandy,7,chemical,2,regular,247.6,78,7.7,4,52,22
ampalaya_bilog,40,25.5,69.8,3.1,6.1,sandy,4,chemical,2,none,322.4,72,10.2,2,9,6
cucumber,89,21.4,61.6,6.9,6.0,loamy,3,organic,2,intensive,125.6,75,5.1,4,20,19
cucumber,45,27.7,49.2,6.4,6.7,loamy,4,chemical,3,as-needed,234.5,63,14.7,3,29,17
patola,61,35.5,44.7,9.3,7.9,loamy,4,chemical,3,as-needed,188.6,42,18.4,4,8,2
patola,25,31.0,78.4,6.8,6.0,loamy,5,chemical,2,none,300.6,35,15.3,3,15,3
cucumber,29,34.7,41.9,4.5,6.8,loamy,5,organic,2,regular,244.1,39,19.0,3,19,7
cucumber,49,16.9,64.0,7.5,6.7,silty,5,chemical,1,regular,214.1,76,10.6,3,32,10
upo_smooth,62,26.3,81.4,6.7,6.4,loamy,6,organic,0,none,172.4,47,17.5,3,29,14
ampalaya_bilog,57,28.8,75.6,7.3,6.3,sandy,6,organic,2,none,208.1,79,10.6,3,29,14
patola,47,38.6,66.0,6.3,6.3,silty,5,organic,1,none,160.1,49,15.4,1,8,1
patola,38,25.3,62.4,8.9,6.4,clay,3,none,2,intensive,232.9,50,9.2,3,5,5
cucumber,62,35.3,62.1,3.1,6.1,loamy,6,chemical,2,as-needed,170.8,13,19.5,3,6,4
upo_smooth,55,18.3,87.5,7.4,6.4,silty,4,chemical,1,none,370.8,69,18.4,2,18,5
ampalaya_bilog,40,27.8,71.4,7.9,6.3,silty,5,organic,0,regular,313.2,69,18.5,2,26,10
cucumber,45,23.0,67.2,7.5,6.7,silty,7,organic,4,as-needed,245.8,50,21.8,5,44,25
patola,74,30.3,70.5,9.0,6.6,sandy,4,organic,3,intensive,222.9,48,5.1,1,10,3
upo_smooth,84,29.0,66.7,4.9,6.2,sandy,4,chemical,1,none,131.1,28,8.8,3,14,11
patola,59,27.8,74.3,6.1,6.8,clay,6,organic,4,as-needed,177.3,20,5.9,4,28,13
ampalaya_bilog,91,23.1,79.1,11.9,6.2,loamy,5,organic,0,as-needed,279.9,55,16.4,2,13,6
upo_smooth,74,24.8,73.8,11.2,6.7,loamy,4,none,1,as-needed,422.8,37,17.8,3,22,7
patola,51,28.5,64.9,6.0,7.8,clay,5,organic,1,as-needed,273.8,54,8.4,3,28,13
cucumber,50,21.6,59.8,7.5,6.6,loamy,4,organic,3,none,177.2,47,7.3,3,25,14
ampalaya_bilog,74,28.3,80.5,4.7,6.1,silty,6,chemical,3,intensive,152.3,69,8.9,3,28,11
ampalaya_bilog,32,25.4,65.3,6.6,6.2,loamy,5,chemical,0,as-needed,199.4,33,19.3,3,30,9
cucumber,37,25.2,87.1,7.9,6.6,loamy,3,organic,2,regular,206.8,15,17.2,2,19,9
patola,64,30.2,61.8,5.9,7.1,loamy,5,none,0,as-needed,302.7,52,9.0,3,18,7
cucumber,26,25.1,60.1,7.0,6.0,loamy,5,organic,1,intensive,200.1,64,15.7,2,14,11
ampalaya_bilog,43,26.8,63.6,5.6,6.1,loamy,6,chemical,2,none,197.8,16,17.0,3,18,9
ampalaya_bilog,65,28.2,79.7,6.9,5.0,loamy,2,organic,0,regular,192.1,18,10.9,4,35,22
patola,59,29.1,72.6,7.8,6.9,loamy,5,none,0,as-needed,123.8,64,20.4,2,23,2
patola,50,35.9,90.7,7.0,6.1,clay,6,organic,0,regular,150.5,49,19.8,3,9,6
cucumber,45,24.3,64.7,7.8,6.3,silty,3,chemical,1,intensive,215.9,71,18.8,4,53,27
ampalaya_bilog,49,29.0,64.8,6.5,6.1,clay,4,organic,1,as-needed,152.5,62,12.3,4,49,13
cucumber,48,23.0,55.5,8.0,6.2,sandy,5,mixed,1,as-needed,207.1,30,5.8,3,31,16
ampalaya_bilog,54,25.3,64.4,7.6,6.8,clay,5,organic,3,none,214.7,41,9.4,3,25,9
cucumber,28,23.5,62.8,6.3,5.3,clay,2,chemical,4,intensive,130.1,25,24.2,3,24,12
cucumber,76,20.0,90.2,7.9,6.7,loamy,5,chemical,0,none,83.4,29,19.9,4,25,9
ampalaya_bilog,26,34.5,58.0,6.6,6.5,sandy,7,mixed,0,regular,162.8,37,8.6,4,25,13
ampalaya_bilog,60,25.8,73.5,6.2,6.1,clay,4,mixed,0,intensive,224.6,56,12.4,4,44,18
patola,58,38.8,83.9,10.7,6.4,silty,2,chemical,0,intensive,157.0,12,11.2,2,7,9
ampalaya_bilog,57,26.5,56.6,7.2,6.7,silty,3,organic,0,intensive,176.1,54,19.3,3,33,15
patola,93,37.0,63.2,7.9,6.6,clay,7,organic,1,as-needed,370.9,24,9.5,2,15,3
ampalaya_bilog,27,28.0,73.4,6.1,6.7,loamy,8,organic,3,intensive,271.8,49,7.4,3,26,7
patola,55,27.6,41.1,5.1,6.8,silty,2,organic,2,as-needed,217.5,68,16.4,3,9,6
cucumber,22,22.5,79.8,7.6,6.8,silty,4,mixed,3,none,258.3,58,18.4,4,31,13
cucumber,47,39.8,74.8,6.3,6.4,loamy,4,chemical,1,as-needed,89.4,17,12.3,4,40,14
patola,60,25.7,73.9,6.7,8.0,loamy,4,organic,3,as-needed,181.7,79,21.5,3,28,17
ampalaya_bilog,73,25.0,93.3,6.8,6.1,loamy,3,mixed,4,as-needed,103.1,33,14.2,3,17,8
ampalaya_bilog,57,29.3,77.8,7.6,6.0,sandy,5,organic,2,as-needed,245.9,26,14.2,3,32,15
ampalaya_bilog,33,23.7,78.7,10.2,6.7,loamy,5,organic,1,as-needed,192.1,62,17.1,4,26,6
cucumber,50,25.4,79.2,7.3,6.2,loamy,4,organic,2,as-needed,74.9,76,24.1,4,36,22
upo_smooth,81,27.7,70.6,7.1,6.6,clay,7,chemical,0,regular,316.0,14,13.6,4,44,21
patola,25,29.2,75.4,8.6,6.1,clay,5,chemical,1,as-needed,174.4,31,24.4,3,16,8
cucumber,66,36.8,73.0,7.0,6.6,loamy,2,chemical,0,intensive,129.0,18,9.6,5,30,10
cucumber,52,39.1,69.7,4.0,6.2,loamy,2,chemical,3,none,89.5,67,19.7,2,1,1
cucumber,47,23.5,65.9,6.8,6.2,loamy,7,mixed,3,as-needed,66.3,74,13.0,4,45,22
ampalaya_bilog,31,25.3,64.0,11.5,6.2,loamy,5,mixed,3,regular,275.9,49,16.1,2,17,5
upo_smooth,54,28.5,66.5,6.4,6.5,silty,5,organic,3,intensive,272.9,10,22.6,2,29,13
patola,39,29.2,93.5,6.8,6.7,loamy,7,mixed,1,none,199.7,44,6.9,2,18,1
cucumber,42,26.9,60.5,7.8,6.3,loamy,4,mixed,3,none,259.2,13,16.9,3,31,15
patola,67,29.8,62.7,6.1,6.5,loamy,5,organic,3,intensive,271.3,25,16.2,4,34,18
patola,49,25.3,74.8,7.5,7.5,loamy,4,organic,3,regular,230.4,35,20.7,3,26,14
upo_smooth,106,26.1,71.7,10.5,6.8,clay,8,organic,1,regular,368.9,69,11.0,3,16,10
upo_smooth,65,25.2,78.2,6.2,6.7,loamy,4,organic,2,as-needed,182.6,51,15.2,4,50,18
patola,92,39.8,60.6,7.6,6.8,silty,3,organic,4,regular,301.2,37,22.1,5,15,12
cucumber,38,18.8,45.9,6.2,6.4,silty,4,none,3,regular,153.4,32,23.0,2,8,4
ampalaya_bilog,49,25.4,60.2,7.0,6.0,loamy,4,mixed,2,as-needed,295.8,36,5.3,3,25,18
ampalaya_bilog,54,21.5,73.6,6.1,6.5,loamy,2,chemical,2,regular,143.3,23,20.9,4,38,15
patola,48,30.8,76.8,7.1,6.6,loamy,4,organic,2,as-needed,223.4,71,24.5,4,30,12
patola,63,29.3,89.1,5.7,6.1,loamy,5,mixed,2,none,315.2,39,24.8,4,35,15
upo_smooth,40,34.5,65.2,6.5,6.6,loamy,5,chemical,2,as-needed,406.6,19,11.1,4,51,19
upo_smooth,55,24.6,76.7,7.8,6.2,loamy,4,organic,1,as-needed,127.2,49,12.9,3,42,17
ampalaya_bilog,22,20.3,56.8,7.8,6.7,loamy,2,organic,2,as-needed,142.9,42,18.3,3,22,9
upo_smooth,54,28.0,93.3,3.6,6.7,clay,4,organic,0,regular,272.2,34,16.6,4,18,14
ampalaya_bilog,55,15.5,66.6,6.6,6.5,clay,8,chemical,4,none,171.2,17,10.2,4,17,4
cucumber,66,24.2,79.8,8.7,6.4,loamy,6,organic,1,regular,270.8,26,14.4,2,25,9
patola,65,22.2,60.9,7.3,7.2,clay,6,organic,4,none,213.2,17,12.7,2,11,6
ampalaya_bilog,41,20.0,74.7,7.3,6.4,clay,5,mixed,2,none,172.1,79,8.9,4,25,12
ampalaya_bilog,35,28.5,77.4,9.1,6.4,loamy,5,mixed,0,none,283.4,17,24.7,4,21,15
ampalaya_bilog,52,28.9,58.4,6.2,6.2,sandy,3,mixed,2,as-needed,215.1,57,11.4,4,34,17
cucumber,31,34.2,72.4,6.7,6.7,loamy,8,organic,2,as-needed,138.5,65,21.5,1,11,7
patola,97,20.5,70.1,6.4,6.5,loamy,4,chemical,4,none,110.4,21,24.8,4,11,8
upo_smooth,69,27.7,56.8,6.3,7.3,silty,3,none,3,none,249.0,35,8.3,4,27,15
cucumber,48,22.9,66.2,6.1,6.6,silty,6,none,2,intensive,173.7,75,22.7,5,34,16
patola,55,29.4,65.9,7.5,6.5,loamy,2,organic,0,regular,280.3,36,15.6,2,14,14
cucumber,84,23.7,79.3,3.6,6.7,loamy,3,organic,2,as-needed,134.6,65,7.1,3,7,6
patola,35,23.1,60.3,6.1,6.4,silty,7,chemical,2,as-needed,119.4,28,22.0,4,23,10
cucumber,85,26.2,76.5,6.3,6.8,clay,3,mixed,3,as-needed,183.1,60,7.5,5,30,23
ampalaya_bilog,51,29.5,79.9,10.9,6.4,loamy,5,mixed,1,as-needed,257.1,78,20.0,3,16,9
patola,57,28.2,82.4,6.8,7.7,sandy,2,mixed,0,as-needed,352.6,53,17.5,3,22,7
upo_smooth,68,25.6,69.1,6.9,6.2,loamy,4,mixed,2,regular,363.4,56,14.9,1,10,15
patola,28,26.5,61.8,6.5,6.4,clay,4,organic,3,regular,280.2,16,5.3,2,12,6
upo_smooth,69,25.3,62.3,7.8,5.4,silty,6,organic,2,intensive,128.3,50,16.9,4,48,26
cucumber,52,39.8,77.3,6.0,6.1,loamy,6,chemical,1,regular,212.9,75,17.4,5,40,20
ampalaya_bilog,55,26.0,58.8,7.7,7.2,loamy,4,organic,1,regular,194.1,21,7.3,3,30,18
cucumber,55,25.8,67.4,7.4,6.7,clay,3,organic,2,as-needed,155.1,39,8.6,3,43,20
upo_smooth,60,39.7,70.0,7.7,6.1,loamy,5,none,2,as-needed,388.2,13,22.3,4,18,6
ampalaya_bilog,50,25.5,61.4,6.9,6.6,loamy,7,organic,4,none,206.1,28,15.8,2,18,9
patola,27,26.9,77.9,9.5,5.3,loamy,4,organic,1,regular,307.1,15,15.1,4,23,10
cucumber,46,23.1,45.7,9.8,6.2,silty,4,mixed,0,none,153.5,69,14.0,4,23,12
ampalaya_bilog,56,29.7,77.4,6.8,7.8,silty,2,organic,3,none,137.2,78,21.9,5,33,13
patola,59,24.7,69.3,7.4,6.1,loamy,3,mixed,3,regular,362.8,37,7.6,5,20,20
upo_smooth,43,34.3,76.9,6.8,7.4,silty,5,chemical,2,intensive,124.7,53,23.1,2,26,13
upo_smooth,34,28.5,90.6,7.2,6.5,loamy,5,chemical,0,none,210.5,34,17.8,2,7,7
upo_smooth,76,24.1,82.4,7.7,6.2,sandy,4,chemical,4,as-needed,271.5,41,8.7,4,39,23
upo_smooth,98,26.2,79.0,6.6,6.5,clay,2,chemical,2,none,354.2,33,19.6,2,23,3
cucumber,44,22.2,69.1,7.7,6.8,silty,8,chemical,2,regular,100.5,54,6.3,4,36,16
patola,62,34.6,68.3,3.3,6.3,sandy,3,organic,2,regular,300.3,44,18.3,5,26,5
cucumber,45,17.1,42.7,5.4,6.6,sandy,2,mixed,1,as-needed,84.2,47,7.1,4,20,5
ampalaya_bilog,49,27.6,46.8,8.2,6.3,sandy,3,mixed,2,as-needed,99.1,61,15.6,3,22,7
cucumber,51,20.1,74.3,6.5,5.8,clay,8,chemical,2,regular,274.1,31,13.2,3,36,10
ampalaya_bilog,45,25.5,67.4,7.7,6.1,loamy,5,chemical,3,as-needed,136.2,51,19.8,3,30,12
upo_smooth,60,25.2,71.5,7.5,6.3,loamy,6,organic,2,as-needed,412.4,38,9.2,4,56,19
ampalaya_bilog,57,31.8,94.9,7.5,6.2,sandy,4,chemical,3,as-needed,239.6,21,12.1,5,31,16
upo_smooth,104,28.3,55.4,8.1,5.6,clay,2,chemical,1,regular,439.3,22,10.2,5,32,23
patola,56,37.2,83.5,6.7,6.5,clay,6,chemical,3,regular,241.0,20,10.3,3,7,8
patola,45,16.8,84.0,7.1,6.7,clay,7,none,2,regular,142.9,34,9.3,5,4,6
upo_smooth,67,27.4,64.4,6.3,6.5,clay,4,mixed,3,as-needed,352.2,58,20.1,5,52,34
patola,48,34.9,75.7,6.4,6.1,clay,8,chemical,3,as-needed,137.4,10,19.6,4,22,5
cucumber,48,37.2,74.7,7.3,6.5,loamy,3,organic,3,none,101.9,15,8.4,3,11,13
upo_smooth,65,24.8,40.2,6.4,6.5,loamy,5,organic,1,as-needed,286.5,67,16.7,5,49,15
ampalaya_bilog,36,27.4,63.9,6.3,6.4,clay,7,organic,1,intensive,128.8,54,23.5,4,31,15
cucumber,48,25.4,66.8,6.3,6.8,silty,4,mixed,2,as-needed,164.3,40,10.0,3,41,19
patola,59,37.6,75.5,9.7,6.5,clay,4,chemical,3,intensive,161.2,29,18.3,4,23,7
cucumber,70,24.3,50.2,7.1,6.6,sandy,6,chemical,1,as-needed,72.2,16,8.9,1,13,5
patola,58,30.9,58.4,7.7,6.4,loamy,2,chemical,2,intensive,248.7,47,10.6,2,21,8
upo_smooth,40,26.9,61.8,7.9,7.5,clay,2,organic,2,regular,288.9,26,18.5,3,29,11
ampalaya_bilog,43,33.5,79.9,7.3,6.7,silty,6,organic,3,none,166.3,18,24.0,3,26,15
ampalaya_bilog,37,25.6,64.2,8.8,6.4,loamy,3,none,1,none,238.5,65,11.8,3,12,8
cucumber,55,27.7,60.9,6.7,6.3,loamy,6,mixed,1,as-needed,150.1,59,8.3,3,30,20
patola,55,28.0,73.2,7.0,6.4,loamy,5,organic,2,as-needed,143.4,69,8.6,3,30,16
cucumber,28,20.4,51.2,7.9,7.6,clay,4,chemical,2,regular,177.0,55,11.4,2,19,10
upo_smooth,70,26.5,64.8,6.4,6.3,clay,7,organic,4,intensive,156.0,73,16.3,5,63,21
ampalaya_bilog,50,16.4,60.8,7.9,7.2,sandy,3,chemical,3,intensive,259.3,57,12.9,1,9,1
cucumber,33,30.9,69.4,8.5,6.1,sandy,4,chemical,2,as-needed,260.7,27,7.4,3,33,12
patola,43,15.7,77.8,7.3,5.6,silty,6,none,3,as-needed,263.3,17,13.0,3,16,7
patola,35,25.9,90.8,6.6,6.1,loamy,5,mixed,2,regular,361.7,10,10.8,2,15,10
cucumber,44,27.1,63.7,6.9,6.4,loamy,6,organic,2,as-needed,214.6,58,19.0,5,40,27
ampalaya_bilog,44,28.4,68.3,3.4,6.6,clay,5,organic,0,regular,207.9,31,7.0,2,18,4
patola,54,27.5,61.3,10.6,6.5,loamy,4,chemical,3,intensive,343.7,14,11.9,4,16,6
patola,62,24.9,46.9,11.4,6.2,clay,4,mixed,0,regular,329.9,69,12.9,4,21,9
cucumber,70,25.8,43.3,10.5,6.1,clay,7,none,3,regular,200.2,75,24.3,4,5,2
ampalaya_bilog,52,31.0,89.9,6.2,6.6,clay,4,mixed,1,as-needed,305.7,72,18.7,5,34,15
upo_smooth,33,29.0,66.4,7.4,6.8,loamy,6,chemical,3,regular,154.8,79,8.2,4,29,13
ampalaya_bilog,56,29.5,45.3,5.5,6.5,silty,6,chemical,2,regular,249.9,28,13.2,4,24,9
ampalaya_bilog,68,27.1,66.5,7.5,6.0,loamy,4,mixed,0,regular,250.6,61,13.6,4,44,20
cucumber,41,23.1,85.4,6.8,6.0,loamy,5,organic,2,as-needed,203.8,47,8.9,2,26,13
upo_smooth,57,26.8,70.1,11.4,6.2,sandy,8,chemical,2,as-needed,121.4,20,5.1,4,39,17
cucumber,41,20.5,69.1,7.0,6.4,clay,5,organic,4,regular,173.2,43,17.3,3,33,16
cucumber,53,20.6,66.6,4.4,6.3,silty,3,chemical,0,none,85.0,46,22.6,4,31,14
cucumber,50,38.5,75.5,6.6,6.5,sandy,7,organic,2,intensive,174.8,51,8.8,4,20,21
upo_smooth,57,24.5,75.5,7.9,6.6,loamy,5,none,1,as-needed,123.9,42,15.5,4,43,19
ampalaya_bilog,58,25.1,61.8,11.6,6.5,loamy,4,organic,2,regular,270.6,65,20.8,2,16,9
upo_smooth,41,28.0,85.1,6.7,5.7,silty,6,chemical,2,regular,269.2,55,11.1,4,32,24
patola,61,29.6,87.7,6.1,6.6,sandy,3,organic,4,regular,306.1,77,18.7,4,30,17
patola,25,38.1,93.5,7.8,6.0,clay,6,organic,2,regular,235.8,65,17.8,4,11,6
ampalaya_bilog,57,29.4,70.2,11.8,5.2,clay,5,organic,2,regular,137.0,67,18.0,3,19,12
upo_smooth,66,25.0,73.5,9.0,6.0,loamy,4,chemical,2,regular,298.2,51,11.7,2,20,10
ampalaya_bilog,54,29.1,48.3,7.8,6.3,loamy,2,chemical,3,as-needed,327.6,15,18.2,3,14,2
cucumber,46,15.3,70.4,9.6,5.9,loamy,5,organic,3,as-needed,171.5,43,19.0,3,24,13
patola,30,21.4,78.5,6.8,7.4,loamy,5,chemical,1,intensive,342.4,11,13.4,3,16,9
patola,63,22.9,79.7,3.3,6.4,silty,5,organic,1,as-needed,326.0,26,19.2,3,9,5
patola,61,28.9,94.6,4.1,6.7,loamy,5,mixed,1,none,134.8,40,7.1,3,18,8
patola,25,29.6,71.5,7.3,6.2,silty,3,none,3,intensive,176.3,20,9.5,4,23,10
cucumber,24,26.2,78.0,7.2,6.3,sandy,5,organic,2,regular,109.4,41,11.4,4,29,20
patola,48,27.2,47.1,7.6,7.8,clay,7,organic,2,as-needed,170.1,42,5.2,5,25,7
patola,58,29.6,44.2,7.1,6.6,silty,4,none,2,intensive,379.6,66,10.4,3,15,3
ampalaya_bilog,58,25.1,73.9,6.5,6.5,loamy,5,chemical,1,regular,263.0,55,8.1,3,22,13
patola,50,25.4,50.1,7.7,6.5,sandy,6,organic,1,regular,181.4,28,17.1,5,34,11
upo_smooth,41,27.6,86.8,6.0,6.0,silty,4,chemical,3,as-needed,234.1,45,16.7,3,38,11
cucumber,83,32.2,74.8,11.4,6.2,loamy,4,chemical,4,regular,128.9,55,7.8,3,15,12
upo_smooth,68,19.0,68.4,7.9,7.7,loamy,4,organic,1,intensive,225.6,67,24.9,4,44,12
ampalaya_bilog,72,37.0,67.8,6.2,7.1,loamy,5,chemical,1,as-needed,203.0,37,21.4,3,22,8
ampalaya_bilog,69,24.3,60.2,9.7,6.8,loamy,6,mixed,3,as-needed,136.6,43,5.1,1,15,12
cucumber,44,30.7,53.3,7.4,6.4,loamy,3,chemical,1,as-needed,75.4,52,21.8,4,45,21
patola,64,30.7,46.9,4.5,7.8,silty,4,organic,2,regular,146.2,67,6.5,2,8,8
patola,56,26.7,60.6,7.4,8.0,silty,4,chemical,0,regular,280.9,67,11.1,5,35,19
patola,64,19.9,68.8,6.7,6.6,loamy,4,organic,2,as-needed,228.6,15,22.1,4,22,11
ampalaya_bilog,34,28.8,66.2,7.3,6.5,silty,5,chemical,4,regular,227.6,12,12.5,4,31,20
upo_smooth,54,21.0,77.3,6.7,6.4,loamy,2,organic,2,none,422.2,55,7.7,4,41,17
ampalaya_bilog,44,23.9,60.3,8.6,7.4,loamy,4,chemical,3,as-needed,321.9,53,5.1,3,32,10
upo_smooth,60,31.7,73.8,6.9,6.2,clay,3,chemical,2,intensive,354.0,56,22.7,5,55,22
upo_smooth,60,27.2,58.5,6.1,6.2,clay,7,organic,0,none,164.6,17,20.0,3,29,16
upo_smooth,69,27.4,83.5,6.4,7.4,clay,6,organic,4,regular,140.9,43,18.3,2,29,15
patola,36,27.9,79.8,5.1,7.5,loamy,5,organic,3,as-needed,293.0,11,18.0,3,22,11
ampalaya_bilog,55,19.5,61.0,6.1,6.7,sandy,4,organic,2,as-needed,105.6,53,13.3,4,24,7
upo_smooth,53,29.8,64.9,6.5,6.0,loamy,4,organic,4,as-needed,392.5,41,19.4,2,33,13
cucumber,54,22.9,62.8,7.2,6.8,silty,4,organic,2,regular,123.4,29,9.3,5,49,27
patola,60,19.6,94.7,6.8,6.5,loamy,4,chemical,2,as-needed,188.2,29,20.8,3,18,2
ampalaya_bilog,55,26.6,71.7,11.0,6.1,silty,4,chemical,4,intensive,152.9,24,6.6,4,29,14
cucumber,63,25.1,62.0,6.6,5.6,loamy,2,organic,3,as-needed,85.1,15,24.8,2,26,2
patola,104,29.1,67.4,6.9,6.4,sandy,3,chemical,3,as-needed,126.5,76,14.9,2,17,9
cucumber,50,16.2,40.5,11.8,6.5,silty,5,organic,3,regular,274.0,62,24.9,5,25,7
patola,82,27.3,65.7,7.8,6.5,silty,4,chemical,3,intensive,345.8,62,17.7,3,14,12
patola,46,30.0,63.9,7.6,6.7,silty,6,chemical,2,none,153.6,78,20.4,1,1,5
cucumber,27,35.1,66.4,6.1,6.7,loamy,5,organic,3,intensive,271.6,15,9.0,3,26,5
patola,64,27.9,71.3,4.0,6.0,sandy,3,mixed,3,regular,172.4,46,18.0,1,6,4
upo_smooth,53,37.8,63.2,10.7,6.0,loamy,3,chemical,3,regular,244.9,38,10.2,3,30,7
patola,49,18.5,60.4,6.9,7.3,silty,4,chemical,2,regular,375.3,55,9.8,4,20,12
patola,46,31.6,53.8,3.4,6.5,loamy,6,chemical,2,as-needed,279.8,56,22.6,3,12,1
patola,64,30.2,49.0,11.0,6.1,clay,4,organic,2,as-needed,112.6,79,9.8,3,20,7
ampalaya_bilog,57,29.1,79.3,7.5,6.5,loamy,3,chemical,2,regular,154.7,51,13.9,4,42,15
patola,48,36.8,84.8,7.8,6.6,silty,4,organic,1,regular,194.8,67,12.4,4,24,11
cucumber,42,17.0,77.4,6.7,6.0,clay,7,organic,2,intensive,74.2,32,23.8,4,27,11
patola,48,16.4,50.9,4.1,6.0,clay,3,chemical,0,regular,328.1,52,9.0,3,13,10
cucumber,51,23.1,85.7,7.1,6.6,loamy,3,mixed,2,intensive,77.8,26,11.3,4,44,25
ampalaya_bilog,50,30.1,63.8,7.1,6.5,silty,4,organic,2,as-needed,156.2,78,22.4,3,27,12
patola,61,29.3,86.8,6.6,6.5,sandy,6,mixed,2,regular,332.3,29,14.8,2,21,10
ampalaya_bilog,22,19.6,67.5,3.6,6.1,loamy,4,mixed,3,as-needed,296.1,70,20.3,2,7,2
patola,49,23.1,66.4,8.0,5.8,loamy,3,chemical,2,regular,291.2,12,17.9,3,14,8
cucumber,52,27.6,86.4,7.3,6.6,loamy,2,chemical,2,as-needed,165.4,69,16.6,5,35,18
ampalaya_bilog,23,25.9,54.2,7.0,5.2,loamy,8,organic,3,regular,212.8,59,8.9,4,26,8
upo_smooth,68,24.9,55.9,6.8,6.0,clay,3,organic,0,as-needed,392.8,36,23.2,5,54,26
upo_smooth,30,26.2,77.0,8.1,7.7,loamy,4,organic,2,regular,431.9,23,6.1,4,37,22
upo_smooth,57,27.5,73.8,7.0,6.5,loamy,3,chemical,0,regular,382.6,22,7.3,5,52,31
cucumber,21,23.8,91.2,6.6,6.3,loamy,5,chemical,1,intensive,117.1,56,20.3,5,35,12
upo_smooth,39,26.1,63.0,7.1,5.7,loamy,5,organic,1,regular,371.4,15,24.8,3,48,25
patola,26,27.1,64.4,7.2,6.2,loamy,4,organic,1,regular,298.6,42,23.8,4,23,14
cucumber,48,28.3,68.1,6.9,5.4,sandy,5,chemical,1,intensive,248.0,28,15.1,3,30,12
cucumber,47,27.2,72.9,7.1,6.4,sandy,5,chemical,0,none,176.5,68,15.7,3,30,13
ampalaya_bilog,53,26.5,70.5,6.6,6.5,loamy,8,chemical,1,intensive,107.9,73,24.9,4,26,16
cucumber,55,25.1,40.3,11.9,7.0,loamy,6,chemical,4,intensive,120.5,71,10.6,4,23,18
upo_smooth,92,15.4,71.4,4.4,7.2,silty,5,chemical,2,as-needed,384.9,47,9.6,2,6,9
upo_smooth,82,27.1,67.2,6.9,6.2,silty,6,organic,1,as-needed,226.4,48,5.9,5,44,21
ampalaya_bilog,55,29.6,66.9,6.4,6.1,sandy,7,chemical,4,as-needed,168.7,38,19.1,4,27,19
cucumber,50,21.1,73.2,10.2,6.2,loamy,5,mixed,0,intensive,188.9,71,18.9,4,39,23
patola,43,31.7,61.0,8.4,6.3,clay,4,mixed,2,as-needed,201.4,19,5.2,4,26,10
cucumber,80,21.2,64.5,7.0,6.3,clay,6,organic,2,intensive,96.1,78,20.0,3,18,12
cucumber,41,21.5,61.0,6.9,6.3,clay,4,chemical,1,intensive,169.8,50,18.9,4,46,22
ampalaya_bilog,69,31.2,67.5,11.6,6.5,clay,2,mixed,3,regular,95.3,46,6.1,4,25,12
upo_smooth,51,24.4,77.0,4.3,7.7,loamy,4,organic,3,intensive,256.3,75,8.2,2,29,17
ampalaya_bilog,86,32.2,64.3,6.8,6.1,clay,8,none,4,as-needed,299.0,64,16.3,4,13,8
cucumber,44,20.7,77.4,6.1,6.0,clay,2,organic,3,regular,272.1,37,7.7,4,40,29
upo_smooth,70,25.1,79.3,7.7,6.2,clay,4,chemical,0,regular,228.0,27,18.2,4,54,24
ampalaya_bilog,61,20.3,65.8,7.5,5.2,sandy,4,organic,4,as-needed,151.5,72,14.8,4,35,14
upo_smooth,68,27.9,83.9,6.6,6.1,loamy,5,organic,2,regular,166.5,44,20.1,3,36,23
ampalaya_bilog,60,28.3,45.4,6.9,6.2,clay,3,organic,4,regular,209.3,33,22.4,3,30,14
cucumber,50,24.5,67.2,6.1,6.8,loamy,4,chemical,2,none,106.1,56,16.9,3,28,15
patola,53,27.2,77.4,6.8,6.7,silty,5,organic,2,intensive,277.1,64,5.4,4,29,23
ampalaya_bilog,47,29.0,67.9,10.8,5.9,loamy,6,chemical,3,as-needed,240.0,50,21.7,5,29,12
cucumber,38,20.4,67.4,4.4,6.5,sandy,5,none,4,regular,78.0,45,19.7,3,25,8
patola,50,20.2,78.3,7.8,6.0,loamy,2,organic,1,regular,371.1,11,9.7,5,35,11
cucumber,88,22.4,78.6,3.5,6.3,loamy,4,organic,3,regular,221.4,32,5.4,4,18,12
cucumber,43,24.6,60.9,7.5,6.1,loamy,4,chemical,2,as-needed,198.0,28,17.8,5,43,24
upo_smooth,39,26.4,54.3,6.4,6.2,loamy,5,none,3,regular,385.1,24,19.2,3,24,9
upo_smooth,65,28.7,76.2,7.5,6.3,loamy,7,none,1,as-needed,414.3,49,12.5,3,40,7
upo_smooth,57,30.1,68.4,6.8,6.6,clay,4,chemical,2,regular,137.6,12,7.0,3,36,16
upo_smooth,55,25.6,61.3,6.9,5.5,loamy,5,organic,2,regular,359.5,38,19.3,2,28,16
upo_smooth,55,38.8,63.9,7.7,6.1,loamy,6,chemical,2,regular,153.3,24,5.8,2,19,8
ampalaya_bilog,59,26.0,72.2,7.3,6.3,sandy,5,mixed,2,intensive,290.4,20,19.2,3,36,12
upo_smooth,56,38.7,42.5,7.8,6.8,silty,4,none,0,regular,413.0,41,22.5,4,16,6
patola,104,23.5,81.7,7.8,6.2,loamy,5,mixed,2,regular,296.1,37,24.2,2,12,4
cucumber,25,22.5,57.0,10.7,6.7,loamy,5,organic,2,regular,177.8,28,22.6,3,25,14
ampalaya_bilog,54,28.6,63.1,7.1,6.6,clay,3,organic,2,regular,160.0,18,18.1,5,42,23
cucumber,54,27.7,42.5,6.2,6.7,loamy,4,mixed,0,as-needed,72.3,75,6.8,5,38,24
ampalaya_bilog,51,25.6,93.3,6.4,6.3,loamy,4,none,1,none,311.8,56,22.7,4,15,9
ampalaya_bilog,40,34.5,79.4,6.7,5.0,loamy,4,chemical,1,intensive,151.9,25,14.6,3,25,10
upo_smooth,57,26.6,62.6,6.5,6.5,sandy,5,mixed,1,as-needed,194.3,67,8.4,3,34,28
upo_smooth,35,26.5,69.2,7.0,6.1,loamy,5,organic,2,intensive,292.3,33,20.5,2,19,13
cucumber,42,24.4,60.7,6.0,6.6,silty,2,mixed,2,as-needed,237.1,54,7.0,4,44,24
patola,45,30.1,75.4,4.4,6.0,loamy,3,none,4,as-needed,345.9,35,5.9,4,18,6
upo_smooth,34,26.0,63.6,10.1,6.0,sandy,4,none,1,regular,273.7,43,17.0,4,20,8
ampalaya_bilog,41,21.5,47.8,6.6,6.1,silty,6,mixed,3,none,195.2,19,24.8,3,26,8
patola,70,29.8,74.3,11.2,6.8,clay,6,organic,2,none,326.8,18,13.6,5,19,12
upo_smooth,35,26.5,61.7,6.3,6.7,silty,6,chemical,1,as-needed,279.0,51,20.6,3,28,9
patola,56,28.7,63.5,6.1,5.5,loamy,6,chemical,1,as-needed,172.7,12,14.9,3,22,11
cucumber,40,23.4,51.0,6.4,5.1,sandy,3,chemical,1,intensive,228.9,67,12.0,2,24,11
ampalaya_bilog,40,27.1,77.6,8.7,6.1,loamy,4,organic,1,as-needed,170.6,62,16.4,5,46,17
upo_smooth,68,27.2,79.1,6.4,6.7,loamy,5,chemical,2,intensive,139.1,53,9.1,3,36,23
upo_smooth,51,23.1,50.8,7.9,7.0,silty,4,mixed,4,as-needed,138.2,74,11.6,1,11,7
patola,30,26.5,77.0,6.9,6.0,silty,3,mixed,4,regular,375.8,11,12.1,3,24,13
upo_smooth,53,26.1,93.9,9.1,6.4,silty,5,organic,1,intensive,435.8,27,19.4,3,38,11
ampalaya_bilog,47,25.0,80.0,6.2,6.6,loamy,5,chemical,2,as-needed,175.3,64,16.1,1,8,8
ampalaya_bilog,56,28.1,42.4,7.1,6.7,silty,6,organic,2,as-needed,186.1,35,16.2,4,21,16
upo_smooth,69,27.3,77.6,7.1,5.8,loamy,6,chemical,2,intensive,376.8,78,22.8,2,25,10
patola,61,22.9,61.5,7.9,5.8,loamy,6,organic,3,as-needed,350.2,27,17.3,3,17,6
patola,60,25.9,43.7,7.6,5.0,clay,4,none,2,none,225.7,26,10.3,3,18,11
patola,70,28.7,76.9,6.9,6.6,loamy,6,chemical,1,regular,189.9,57,16.4,4,33,14
upo_smooth,45,39.7,66.8,6.9,6.0,silty,6,none,2,regular,197.2,19,17.6,5,24,12
cucumber,90,21.7,49.1,11.2,5.3,loamy,3,organic,2,intensive,66.5,24,21.5,3,12,8
patola,61,25.3,61.6,9.4,6.9,loamy,3,organic,0,as-needed,158.5,16,11.3,1,7,6
ampalaya_bilog,82,28.4,63.6,3.7,6.1,loamy,3,organic,0,as-needed,111.6,37,17.0,3,18,9
ampalaya_bilog,59,18.3,51.1,7.5,6.2,loamy,6,organic,1,regular,99.7,32,14.4,2,13,4
cucumber,73,16.3,76.1,7.1,6.1,silty,3,chemical,1,regular,230.7,41,8.8,1,2,4
patola,57,29.3,85.1,7.0,6.4,loamy,3,mixed,4,as-needed,178.4,31,24.6,3,28,14
patola,81,17.7,73.6,11.1,6.6,loamy,5,mixed,2,as-needed,235.0,57,13.9,5,11,4
upo_smooth,33,28.6,75.6,7.8,6.6,sandy,2,organic,2,as-needed,238.3,20,20.1,4,43,16
patola,57,30.0,74.2,5.4,6.3,loamy,6,none,2,as-needed,210.0,23,5.8,3,6,10
ampalaya_bilog,62,28.8,90.8,4.1,6.0,clay,7,mixed,1,none,285.2,74,14.2,3,21,6
cucumber,86,24.6,82.0,6.0,5.3,clay,4,chemical,2,as-needed,147.9,15,18.5,3,20,9
cucumber,73,25.0,63.1,11.6,6.2,loamy,5,chemical,4,none,68.7,52,19.9,4,20,11
ampalaya_bilog,58,29.0,77.8,6.7,6.5,loamy,7,chemical,2,none,106.7,10,23.3,3,28,10
upo_smooth,59,37.7,77.3,7.7,6.1,sandy,3,organic,3,regular,425.7,49,20.0,3,39,17
cucumber,45,20.3,70.3,6.6,6.3,sandy,6,chemical,2,as-needed,154.5,14,9.5,5,37,20
upo_smooth,99,24.5,63.1,7.2,5.7,loamy,5,chemical,2,as-needed,229.9,37,16.3,4,41,10
cucumber,44,26.7,69.4,6.9,6.5,loamy,4,organic,1,regular,193.1,10,21.7,2,25,16
cucumber,27,25.7,52.5,6.4,5.8,clay,6,organic,1,regular,263.4,43,22.0,5,37,13
upo_smooth,80,30.8,75.1,8.8,7.6,sandy,8,organic,1,intensive,134.5,42,20.4,3,39,12
patola,65,29.7,66.6,5.0,7.5,sandy,6,organic,4,regular,205.5,37,10.7,3,20,8
patola,56,30.1,73.5,6.8,6.7,loamy,5,chemical,3,intensive,357.5,52,11.4,3,30,14
upo_smooth,44,26.8,72.4,6.8,6.2,loamy,2,organic,0,intensive,143.8,76,14.8,3,44,21
cucumber,54,37.8,64.8,6.5,6.4,sandy,7,chemical,0,as-needed,224.5,53,9.5,4,27,5
cucumber,51,26.6,70.2,7.5,6.1,sandy,5,none,1,as-needed,99.2,72,11.6,4,28,13
ampalaya_bilog,44,35.4,75.1,7.1,5.3,clay,2,organic,3,none,157.8,50,16.9,4,39,14
patola,95,28.0,60.1,4.5,6.7,clay,8,none,2,intensive,196.4,66,16.2,5,5,1
cucumber,93,34.0,68.3,11.1,6.3,sandy,6,organic,2,as-needed,244.8,51,9.5,1,5,1
patola,48,27.8,45.9,6.0,6.3,silty,6,chemical,2,regular,207.1,59,18.7,4,25,9
cucumber,87,38.2,52.7,6.1,6.6,sandy,5,mixed,1,as-needed,67.3,48,6.2,1,6,1
cucumber,46,24.2,73.0,11.3,7.4,loamy,5,mixed,3,none,260.8,19,11.3,3,26,15
patola,80,31.1,72.7,8.6,5.8,sandy,5,mixed,2,as-needed,336.2,55,22.9,1,12,3
patola,73,25.3,67.7,7.3,7.1,silty,2,organic,1,regular,354.9,48,22.0,4,35,18
cucumber,34,15.7,79.5,6.7,5.3,sandy,4,chemical,2,as-needed,207.3,38,20.5,4,32,17
upo_smooth,61,27.6,90.1,7.6,7.1,loamy,2,organic,2,as-needed,178.9,42,11.9,3,27,12
cucumber,46,31.7,77.0,7.2,6.2,sandy,5,mixed,1,none,151.1,10,16.1,1,12,7
cucumber,34,27.8,68.3,6.1,6.3,sandy,8,chemical,1,as-needed,145.2,60,11.1,3,24,13
upo_smooth,58,25.8,74.5,7.1,6.5,clay,3,mixed,1,as-needed,127.3,48,12.6,3,43,22
upo_smooth,70,21.8,47.2,7.5,6.4,clay,5,chemical,1,as-needed,230.2,66,20.5,3,22,10
ampalaya_bilog,43,39.2,62.4,6.6,6.4,sandy,5,organic,4,intensive,247.5,19,18.7,2,14,2
cucumber,22,21.0,89.6,7.4,6.7,clay,6,organic,1,regular,105.4,32,23.9,5,23,16
patola,53,27.0,93.8,8.1,6.8,loamy,3,organic,2,as-needed,134.1,35,10.6,2,10,5
cucumber,52,34.9,73.9,7.6,6.4,sandy,8,organic,3,regular,270.2,77,13.7,5,40,15
cucumber,28,27.3,61.7,6.4,6.1,loamy,5,organic,3,regular,211.9,54,23.1,4,37,21
cucumber,28,26.6,46.5,7.6,6.6,loamy,6,organic,2,regular,143.9,56,23.3,4,23,10
ampalaya_bilog,61,29.5,71.3,6.1,6.8,loamy,7,organic,1,regular,160.4,46,19.0,5,43,23
cucumber,49,15.8,72.8,6.3,6.6,silty,4,chemical,3,none,105.2,30,23.9,1,3,9
upo_smooth,55,24.0,65.1,7.6,6.4,sandy,4,chemical,1,none,282.3,47,18.5,4,46,22
upo_smooth,81,25.3,65.8,6.4,5.6,loamy,7,organic,2,regular,234.2,73,12.6,3,45,19
patola,62,25.5,77.9,10.4,7.5,silty,3,organic,4,as-needed,238.9,31,20.0,3,27,10
cucumber,52,34.5,74.6,5.3,7.2,silty,5,chemical,2,regular,105.6,11,8.8,3,39,12
cucumber,53,20.9,61.7,11.8,6.5,clay,3,organic,2,intensive,239.0,51,24.7,3,26,19
upo_smooth,68,25.8,48.1,7.1,6.7,loamy,4,organic,1,regular,307.7,70,22.1,4,57,22
upo_smooth,91,24.4,63.5,7.2,5.9,loamy,4,chemical,4,as-needed,227.5,67,11.4,2,15,11
cucumber,43,26.3,77.0,3.3,6.7,clay,6,mixed,2,regular,76.9,63,14.6,3,28,14
patola,47,32.2,79.9,7.3,6.2,loamy,3,chemical,0,as-needed,211.1,30,6.6,4,34,11
patola,46,28.3,54.5,7.0,6.7,loamy,4,chemical,4,regular,285.1,57,13.7,3,27,14
cucumber,51,36.0,53.5,6.1,6.3,clay,3,organic,4,as-needed,268.8,21,20.1,3,19,13
cucumber,59,23.5,68.8,7.1,6.8,loamy,6,organic,1,as-needed,225.4,67,24.6,5,47,16
ampalaya_bilog,49,16.4,69.2,7.1,6.6,silty,4,chemical,3,intensive,303.5,36,8.9,3,20,13
upo_smooth,56,26.2,72.7,7.8,6.3,silty,5,chemical,3,none,423.2,48,11.7,3,38,21
upo_smooth,68,35.4,79.8,7.0,6.5,loamy,5,organic,2,regular,388.6,63,7.4,3,36,10
ampalaya_bilog,59,27.2,47.3,6.3,6.2,silty,4,organic,0,regular,261.5,39,7.5,3,35,14
upo_smooth,106,27.8,64.1,7.4,6.1,loamy,5,mixed,0,none,325.9,48,8.1,3,26,13
upo_smooth,102,27.5,64.9,7.7,5.6,loamy,5,none,2,regular,255.4,59,20.4,3,30,6
upo_smooth,67,18.6,74.1,6.4,6.7,clay,7,chemical,3,intensive,266.0,53,15.3,5,23,11
upo_smooth,48,25.9,62.2,6.3,6.2,loamy,6,chemical,1,none,431.4,40,12.9,2,16,3
ampalaya_bilog,42,27.7,71.1,6.2,6.7,clay,4,organic,2,as-needed,302.0,17,17.8,2,31,12
upo_smooth,60,24.0,73.7,6.9,6.4,sandy,2,organic,2,as-needed,255.5,53,21.6,3,41,15
patola,48,25.2,77.1,3.4,6.0,sandy,5,organic,4,intensive,290.9,15,15.1,1,7,5
ampalaya_bilog,56,31.8,77.7,9.4,6.6,clay,6,organic,3,as-needed,120.6,29,15.6,3,23,15
patola,56,30.8,75.3,4.8,6.1,silty,6,mixed,4,regular,181.8,62,16.7,3,29,6
cucumber,32,16.0,87.2,8.1,6.5,sandy,4,chemical,1,intensive,238.2,19,18.4,3,12,6
upo_smooth,58,28.4,65.6,5.5,7.2,sandy,6,chemical,2,as-needed,284.2,32,13.6,4,48,22
upo_smooth,54,24.8,72.3,6.4,7.4,clay,6,organic,2,regular,431.7,79,25.0,5,49,30
patola,58,39.8,68.0,7.2,6.4,loamy,5,chemical,4,regular,376.0,30,22.3,3,24,9
patola,48,27.7,62.2,6.3,6.8,sandy,5,chemical,3,regular,168.1,30,8.3,5,35,16
patola,61,28.9,62.5,4.2,7.2,loamy,2,chemical,4,none,374.8,76,15.5,3,19,6
patola,38,25.2,69.7,6.9,6.8,sandy,3,organic,3,regular,209.6,23,21.0,4,34,13
cucumber,47,26.4,72.4,6.9,7.8,silty,3,organic,3,intensive,226.7,13,13.2,4,55,24
patola,40,35.9,75.1,4.3,6.5,clay,5,mixed,2,as-needed,131.0,40,19.2,3,7,5
upo_smooth,58,26.7,76.6,6.6,6.6,clay,2,none,2,intensive,367.6,68,15.9,3,35,14
ampalaya_bilog,60,26.2,50.3,4.6,6.1,loamy,4,mixed,1,as-needed,322.7,70,21.3,3,30,10
ampalaya_bilog,41,23.2,61.7,9.9,6.1,loamy,3,mixed,1,regular,235.7,43,10.6,3,32,15
ampalaya_bilog,27,17.8,76.3,6.0,6.0,clay,7,chemical,1,as-needed,324.4,25,16.2,3,17,6
upo_smooth,77,22.5,72.1,7.8,6.3,clay,7,mixed,4,none,261.9,40,12.7,2,24,13
ampalaya_bilog,38,25.7,62.9,7.6,5.7,clay,6,mixed,4,intensive,188.4,27,20.2,3,29,18
ampalaya_bilog,41,18.7,80.1,6.7,6.3,clay,4,none,4,as-needed,280.2,29,17.9,5,28,10
cucumber,40,23.4,49.2,7.3,6.7,loamy,6,chemical,1,regular,259.5,58,11.5,4,37,16
upo_smooth,70,16.9,73.9,5.0,6.7,silty,6,mixed,1,as-needed,263.0,57,22.0,3,40,9
patola,49,30.7,68.3,7.8,6.2,loamy,3,mixed,2,regular,343.5,62,10.2,1,14,3
ampalaya_bilog,99,27.4,64.9,6.9,6.4,sandy,6,organic,3,none,319.2,23,22.7,4,20,12
ampalaya_bilog,52,26.4,63.4,6.0,6.3,clay,5,none,4,none,322.3,48,24.3,2,5,5
patola,102,26.0,74.2,9.4,6.8,loamy,5,chemical,0,intensive,325.7,40,15.9,1,1,3
patola,64,33.0,74.1,8.5,6.2,clay,3,organic,0,as-needed,323.0,13,11.4,4,25,10
cucumber,53,27.3,77.6,11.1,6.1,loamy,7,mixed,2,none,254.5,77,6.4,4,28,16
ampalaya_bilog,96,28.7,69.0,8.7,6.7,sandy,4,mixed,2,regular,309.0,71,15.0,3,27,7
cucumber,50,21.6,75.6,9.9,6.7,sandy,4,organic,3,as-needed,177.3,26,7.6,4,41,21
upo_smooth,64,30.0,82.2,6.6,7.4,loamy,6,none,2,as-needed,335.1,79,13.3,2,20,5
ampalaya_bilog,59,30.0,88.3,5.2,7.6,loamy,4,organic,4,as-needed,149.4,76,23.0,3,25,15
ampalaya_bilog,40,23.8,68.8,10.0,6.7,clay,4,none,1,as-needed,319.5,60,21.6,3,21,8
cucumber,21,39.5,69.9,6.5,6.9,sandy,4,none,4,regular,108.0,29,11.4,3,9,5
upo_smooth,44,37.7,66.2,9.1,6.5,loamy,2,none,2,intensive,342.5,61,11.6,4,23,4
ampalaya_bilog,49,32.9,60.3,8.4,6.7,loamy,4,organic,2,regular,259.7,56,21.2,5,34,19
cucumber,55,36.2,48.7,7.0,6.0,clay,6,chemical,2,intensive,181.5,71,9.2,3,18,11
ampalaya_bilog,31,27.7,78.3,7.1,6.2,sandy,4,none,2,as-needed,218.1,19,23.7,5,20,7
ampalaya_bilog,50,29.0,81.9,3.1,6.5,loamy,3,chemical,2,intensive,326.0,54,13.9,3,12,8
patola,52,26.1,66.7,9.6,6.0,clay,6,mixed,1,regular,168.8,37,10.3,3,20,9
cucumber,50,37.5,68.5,6.4,6.6,clay,5,mixed,1,regular,234.3,26,22.4,4,40,11
ampalaya_bilog,21,29.6,71.6,7.9,6.8,sandy,3,chemical,2,none,104.9,72,22.4,3,17,10
ampalaya_bilog,30,26.1,70.6,6.6,5.9,loamy,2,mixed,1,as-needed,214.4,59,6.9,3,30,9
cucumber,36,27.4,74.5,7.3,7.0,loamy,5,chemical,3,intensive,101.1,72,10.8,3,34,14
upo_smooth,49,24.5,72.6,7.7,6.1,loamy,8,organic,2,regular,245.3,76,12.1,2,18,8
upo_smooth,59,38.3,76.9,6.9,6.3,clay,5,none,1,as-needed,334.6,17,15.8,4,23,11
cucumber,22,21.4,83.7,6.2,5.7,loamy,6,chemical,3,as-needed,185.5,39,9.4,4,18,12
ampalaya_bilog,25,29.1,77.2,8.5,6.9,clay,5,organic,0,none,239.4,75,9.1,4,22,14
patola,52,25.3,44.8,6.7,6.6,loamy,5,organic,2,regular,148.8,59,24.0,2,22,1
cucumber,48,23.7,71.5,6.0,6.8,sandy,3,none,1,regular,106.6,69,23.3,1,9,5
ampalaya_bilog,56,23.9,73.9,8.0,6.1,silty,6,organic,4,as-needed,180.5,73,15.6,2,27,6
ampalaya_bilog,51,26.9,72.9,7.7,6.7,sandy,5,chemical,3,regular,130.0,65,19.4,2,15,10
ampalaya_bilog,50,26.2,62.3,8.6,5.2,sandy,3,mixed,2,none,183.9,29,16.6,3,14,11
ampalaya_bilog,58,37.7,71.9,7.7,7.4,loamy,4,organic,2,intensive,221.6,76,8.6,4,31,14
patola,51,40.0,70.3,6.3,6.5,loamy,5,mixed,2,as-needed,192.7,22,5.0,3,23,13
ampalaya_bilog,58,34.2,68.9,7.3,6.5,sandy,4,organic,1,none,234.8,46,10.1,3,19,11
upo_smooth,56,24.2,61.5,3.7,6.0,loamy,5,mixed,2,intensive,228.1,43,21.4,4,29,8
cucumber,50,24.2,60.2,7.8,7.0,loamy,4,mixed,2,regular,79.3,32,7.8,4,37,25
upo_smooth,59,17.5,79.7,6.9,6.3,loamy,5,none,4,as-needed,416.8,60,10.8,3,19,7
ampalaya_bilog,52,26.1,74.6,6.3,6.1,loamy,5,mixed,2,regular,193.7,65,16.9,5,53,17
upo_smooth,38,28.2,62.1,4.3,5.1,loamy,4,organic,1,none,221.8,62,15.2,5,35,16
cucumber,90,21.3,70.3,7.2,6.2,silty,6,chemical,0,regular,149.4,60,10.3,4,33,22
upo_smooth,64,28.0,70.7,7.0,6.3,sandy,3,none,1,none,226.0,18,23.4,5,39,15
cucumber,50,20.2,65.0,7.1,6.3,clay,7,organic,2,as-needed,74.6,15,19.0,2,23,13
ampalaya_bilog,51,35.6,78.3,6.6,6.3,loamy,5,chemical,2,as-needed,193.3,19,22.8,3,27,12
upo_smooth,107,28.7,66.0,3.8,5.9,loamy,6,chemical,2,as-needed,398.4,56,6.8,3,17,9
ampalaya_bilog,37,28.7,64.7,7.8,5.7,clay,4,chemical,0,as-needed,267.4,58,21.3,5,40,21
ampalaya_bilog,35,34.5,66.5,7.3,5.4,loamy,6,organic,0,intensive,130.7,10,9.7,3,29,11
ampalaya_bilog,98,26.9,59.3,3.4,6.5,loamy,6,organic,2,regular,268.5,70,5.6,2,1,7
patola,52,28.9,60.2,9.8,5.4,sandy,6,organic,2,none,243.3,55,7.5,5,27,13
upo_smooth,96,18.4,51.2,7.5,6.5,silty,4,none,0,none,161.1,49,24.6,3,17,6
ampalaya_bilog,87,16.1,68.5,7.8,6.4,loamy,4,chemical,1,none,122.9,30,10.1,4,12,6
cucumber,52,25.7,81.9,6.0,6.7,loamy,4,chemical,3,regular,204.4,32,5.2,4,32,19
ampalaya_bilog,35,38.5,40.7,6.6,6.0,loamy,5,organic,2,regular,182.9,27,8.3,3,21,8
cucumber,76,22.7,67.6,6.5,6.2,silty,6,mixed,4,regular,135.8,21,15.1,1,9,10
ampalaya_bilog,79,27.8,77.1,4.1,6.3,loamy,2,mixed,2,none,105.6,78,18.6,3,24,10
patola,62,29.7,74.1,7.8,6.3,clay,5,chemical,0,regular,348.2,40,19.1,5,28,16
upo_smooth,63,24.8,78.1,9.2,6.1,loamy,7,organic,2,regular,165.1,75,11.9,1,10,3
ampalaya_bilog,53,27.0,88.6,6.8,6.4,loamy,2,mixed,4,regular,319.1,20,14.5,4,29,20
patola,60,26.6,43.1,9.9,6.8,sandy,6,organic,2,none,381.2,78,22.3,2,12,7
ampalaya_bilog,49,28.6,49.4,7.2,6.2,silty,8,mixed,3,as-needed,254.8,39,18.0,3,23,15
cucumber,41,21.5,74.6,12.0,6.7,sandy,5,chemical,3,regular,190.3,62,5.8,4,40,17
cucumber,74,26.6,64.7,6.4,6.4,sandy,4,chemical,2,none,146.6,45,10.0,2,11,10
cucumber,27,27.3,72.4,7.5,6.5,sandy,5,mixed,0,as-needed,244.2,53,7.3,4,32,21
upo_smooth,61,28.4,72.2,3.3,6.8,clay,7,organic,1,intensive,138.4,16,21.3,4,33,4
patola,78,39.3,83.4,6.8,6.5,silty,2,organic,3,regular,245.8,48,17.4,4,20,1
cucumber,43,24.0,67.8,4.3,6.2,loamy,3,organic,1,none,129.2,57,5.7,4,37,15
ampalaya_bilog,59,27.8,84.0,6.4,6.4,clay,4,none,2,intensive,183.9,39,24.4,4,26,16
ampalaya_bilog,38,27.8,63.4,7.0,7.8,loamy,5,chemical,3,none,154.4,42,6.5,4,21,12
upo_smooth,48,27.5,60.4,6.1,6.6,loamy,3,chemical,2,regular,409.1,37,21.9,3,51,19
cucumber,40,27.0,72.7,7.7,7.3,clay,4,organic,4,regular,66.6,67,24.4,3,42,24
patola,60,26.1,77.5,7.1,6.2,loamy,5,chemical,1,intensive,216.2,71,12.9,1,12,5
upo_smooth,61,27.4,64.5,6.4,6.2,loamy,6,chemical,2,regular,161.7,69,14.7,2,26,18
upo_smooth,40,24.8,75.7,7.8,6.5,clay,6,mixed,2,intensive,262.1,73,20.5,3,35,20
ampalaya_bilog,73,30.3,55.8,7.6,6.8,clay,3,none,2,regular,123.2,39,16.0,4,17,3
cucumber,84,32.3,78.3,7.1,6.8,loamy,4,organic,3,intensive,160.9,57,22.4,4,33,13
cucumber,57,20.4,60.6,5.9,6.6,clay,7,organic,1,regular,77.9,78,19.9,3,32,14
ampalaya_bilog,44,24.3,66.1,8.0,6.1,loamy,3,none,4,regular,325.2,43,15.6,2,18,4
ampalaya_bilog,43,24.4,65.8,6.7,7.8,clay,5,organic,1,none,237.9,18,21.9,5,31,9
patola,61,25.0,73.9,7.9,6.1,clay,7,chemical,4,as-needed,118.1,27,18.0,4,23,8
patola,57,39.5,50.5,7.1,6.3,clay,4,mixed,2,as-needed,136.3,69,24.0,5,21,14
upo_smooth,53,26.3,63.4,8.5,6.4,sandy,5,chemical,2,as-needed,209.2,66,19.4,4,39,22
patola,51,31.7,63.6,4.2,6.4,loamy,7,organic,2,intensive,145.0,51,20.0,5,25,15
cucumber,40,21.8,72.7,3.8,6.0,loamy,7,chemical,2,none,229.9,33,8.1,5,19,8
upo_smooth,69,34.7,77.2,6.5,6.3,loamy,5,organic,2,as-needed,219.6,34,21.1,4,44,21
patola,64,24.5,70.6,8.3,7.4,loamy,7,chemical,0,as-needed,255.2,74,13.6,4,20,8
patola,88,29.4,64.9,4.7,6.3,sandy,3,none,2,as-needed,238.5,16,15.3,2,7,1
patola,47,39.7,87.5,8.9,6.6,sandy,5,mixed,3,as-needed,192.7,58,8.0,1,9,7
cucumber,74,26.0,89.9,9.0,6.1,silty,5,mixed,1,as-needed,162.5,54,12.9,3,27,10
upo_smooth,53,26.2,74.8,6.9,6.7,silty,4,chemical,2,intensive,388.8,31,8.3,3,41,19
upo_smooth,51,16.4,75.7,4.8,6.4,sandy,6,organic,2,regular,331.6,34,7.9,4,38,14
upo_smooth,85,34.0,79.7,4.5,6.2,silty,8,mixed,4,regular,341.5,16,20.3,3,36,10
cucumber,63,27.9,77.0,7.2,6.7,loamy,3,chemical,1,regular,106.1,45,18.9,5,46,19
cucumber,23,22.0,75.2,9.5,6.3,silty,5,chemical,2,none,148.9,73,21.1,5,28,16
cucumber,41,23.4,77.2,6.9,6.7,loamy,6,organic,2,as-needed,81.3,72,14.8,3,47,21
cucumber,70,27.4,72.0,6.2,6.4,clay,4,none,2,intensive,79.1,38,21.7,3,23,5
patola,57,25.1,91.9,6.8,6.5,loamy,6,organic,2,intensive,180.1,56,12.3,3,19,6
upo_smooth,106,25.6,77.4,7.0,6.2,loamy,4,organic,0,regular,151.2,60,23.4,2,33,10
upo_smooth,69,35.2,68.2,7.9,6.7,clay,2,organic,4,regular,255.3,21,8.1,5,40,10
cucumber,51,22.7,68.3,3.7,7.8,loamy,4,organic,1,as-needed,101.0,31,23.5,2,24,6
cucumber,46,34.2,75.7,7.7,7.7,loamy,4,chemical,2,regular,192.9,16,19.6,4,35,22
upo_smooth,60,27.9,61.9,7.3,7.3,clay,3,chemical,3,as-needed,268.1,18,11.1,3,32,19
upo_smooth,63,27.0,72.7,10.8,6.2,loamy,6,chemical,2,none,377.1,31,20.4,4,25,12
ampalaya_bilog,31,38.9,77.0,8.0,6.3,loamy,3,organic,2,regular,309.9,42,17.9,2,15,8
cucumber,27,27.1,79.7,8.6,6.4,silty,3,chemical,0,as-needed,205.1,64,22.1,2,16,6
upo_smooth,62,25.4,62.9,6.8,6.6,loamy,4,mixed,2,intensive,281.3,24,17.3,3,49,18
patola,44,29.0,58.8,7.0,6.4,clay,4,none,1,regular,233.2,42,24.6,4,19,6
ampalaya_bilog,71,15.8,80.2,6.5,6.6,sandy,5,organic,4,regular,98.0,38,24.3,4,27,4
patola,39,29.6,71.0,7.1,7.2,clay,4,organic,1,regular,352.3,55,20.4,4,27,10
cucumber,79,23.4,69.4,6.5,6.3,clay,7,mixed,2,as-needed,191.7,59,15.8,4,31,15
ampalaya_bilog,43,29.1,73.4,8.6,6.5,loamy,5,mixed,1,none,95.7,54,17.1,3,21,8
upo_smooth,40,26.8,48.8,6.0,6.7,loamy,4,chemical,1,regular,237.3,50,9.5,1,27,2
upo_smooth,59,28.3,60.3,7.2,6.1,loamy,6,organic,2,as-needed,294.5,79,22.0,3,43,18
cucumber,44,32.7,79.6,6.3,6.5,loamy,4,mixed,1,as-needed,255.3,16,22.6,3,46,17
cucumber,52,25.2,67.5,7.7,7.9,sandy,2,none,2,as-needed,72.0,62,11.4,5,30,10
cucumber,62,24.1,44.9,5.2,6.7,silty,7,organic,3,intensive,127.1,75,13.5,3,31,11
cucumber,28,28.8,73.1,6.9,6.4,clay,6,chemical,2,regular,212.4,16,17.7,3,10,12
cucumber,45,22.3,67.6,6.1,7.4,sandy,6,none,3,regular,168.8,20,10.1,4,41,20
upo_smooth,55,37.8,90.2,11.4,6.3,loamy,4,organic,2,as-needed,427.6,29,10.7,4,20,8
patola,99,37.9,48.3,7.1,6.5,sandy,4,chemical,2,as-needed,305.1,77,11.7,4,13,9
upo_smooth,32,15.3,72.8,6.1,7.3,loamy,6,organic,2,none,248.9,71,17.2,4,16,9
ampalaya_bilog,59,27.7,80.2,7.4,6.4,clay,4,chemical,1,none,189.2,42,10.1,4,26,19
patola,52,27.5,63.4,7.6,6.8,sandy,6,chemical,0,as-needed,320.6,22,18.6,2,17,11
cucumber,38,22.5,87.6,10.3,6.6,clay,5,organic,2,as-needed,87.1,54,18.9,2,16,14
cucumber,47,27.9,72.5,6.3,7.0,loamy,7,organic,2,regular,115.2,35,12.0,4,49,19
ampalaya_bilog,50,28.5,74.5,11.4,6.3,clay,4,organic,3,regular,264.9,26,24.1,1,6,3
patola,74,29.7,79.1,8.6,6.7,sandy,6,chemical,2,intensive,271.4,60,17.9,2,11,4
upo_smooth,70,37.9,67.3,6.6,6.9,sandy,4,mixed,1,intensive,425.9,67,24.8,3,38,13
cucumber,38,27.2,70.0,6.9,6.2,loamy,6,chemical,2,as-needed,62.7,24,8.7,4,35,22
upo_smooth,65,21.1,69.1,6.8,6.3,loamy,4,chemical,1,regular,163.1,61,7.2,4,51,26
patola,26,27.7,76.7,7.1,7.7,silty,7,chemical,1,none,302.1,19,24.1,3,18,3
ampalaya_bilog,23,28.9,64.7,6.4,6.8,loamy,5,chemical,0,as-needed,176.5,71,22.5,4,31,15
upo_smooth,103,25.0,73.9,6.6,6.0,loamy,3,chemical,3,regular,121.7,71,24.1,3,23,12
patola,52,25.0,63.3,6.2,6.3,silty,3,chemical,4,intensive,179.0,30,8.0,3,28,13
upo_smooth,80,38.1,69.6,8.7,6.0,silty,5,mixed,3,as-needed,408.4,65,13.6,4,36,7
ampalaya_bilog,51,28.8,79.6,5.0,6.4,loamy,3,organic,2,as-needed,321.4,17,24.7,4,43,16
upo_smooth,55,24.9,62.6,6.3,6.4,silty,5,organic,1,regular,269.4,14,18.1,3,52,21
patola,62,30.9,74.0,6.4,6.1,silty,3,mixed,3,as-needed,152.4,15,9.9,4,43,17
ampalaya_bilog,34,29.4,74.6,4.9,6.5,loamy,6,mixed,2,as-needed,128.7,28,23.5,2,17,10
patola,61,23.2,69.5,7.7,6.5,loamy,5,none,2,as-needed,377.7,62,8.1,3,16,10
ampalaya_bilog,52,16.7,48.5,3.9,6.5,clay,4,chemical,4,regular,227.7,79,24.9,3,7,10
upo_smooth,37,19.3,71.3,9.2,6.2,loamy,5,chemical,1,regular,122.3,47,15.3,4,20,11
ampalaya_bilog,95,33.7,61.5,11.4,6.5,loamy,2,chemical,3,as-needed,163.5,68,6.4,5,23,3
ampalaya_bilog,44,26.7,61.1,6.0,6.4,loamy,4,mixed,4,intensive,215.4,71,23.4,3,29,15
patola,75,27.9,81.7,5.0,5.7,sandy,5,chemical,1,as-needed,188.7,65,8.0,2,18,6
patola,58,29.4,71.3,7.8,6.4,silty,5,chemical,1,none,154.7,51,13.3,3,18,7
upo_smooth,82,27.7,64.0,6.6,7.2,sandy,4,chemical,1,regular,216.7,69,12.0,3,29,18
patola,29,15.1,75.7,11.0,6.5,loamy,5,mixed,3,regular,305.9,78,5.2,4,17,9
cucumber,31,32.8,66.0,10.1,6.7,silty,6,none,2,intensive,267.2,46,13.7,2,4,8
cucumber,87,23.7,81.1,7.4,6.4,clay,5,none,2,intensive,167.8,38,22.8,4,28,5
patola,58,28.1,62.6,4.7,6.1,loamy,6,mixed,1,intensive,383.3,78,22.8,2,11,14
upo_smooth,30,24.4,68.8,7.4,6.6,clay,6,chemical,0,intensive,385.6,29,16.1,4,30,13
patola,78,35.0,62.4,6.1,6.3,loamy,4,chemical,2,regular,183.5,70,9.1,5,25,9
ampalaya_bilog,40,28.3,55.4,7.2,6.3,clay,4,chemical,0,intensive,209.9,40,17.2,4,36,15
patola,68,39.6,67.9,6.1,6.5,loamy,2,organic,3,regular,317.9,60,10.7,3,15,7
patola,54,26.7,75.6,6.2,6.4,clay,8,chemical,0,as-needed,179.9,54,5.4,3,23,11
patola,54,27.0,66.5,8.0,6.6,loamy,5,organic,2,as-needed,343.9,22,23.6,2,21,4
patola,55,29.1,77.5,7.6,6.6,sandy,4,organic,3,as-needed,110.2,75,14.7,5,45,13
upo_smooth,103,25.2,53.4,6.7,6.4,loamy,4,chemical,3,regular,256.5,55,11.0,4,35,19
ampalaya_bilog,59,26.3,90.4,10.4,5.1,clay,5,chemical,1,none,205.9,70,7.4,5,23,4
upo_smooth,69,28.8,64.1,7.6,6.3,loamy,4,chemical,0,regular,379.3,73,17.5,3,44,20
patola,52,29.6,68.6,6.7,7.8,silty,4,chemical,2,regular,254.3,31,22.8,4,37,18
patola,28,30.9,78.7,4.4,6.1,silty,5,organic,3,as-needed,304.6,19,15.4,4,15,9
patola,55,30.4,53.1,7.4,6.3,clay,5,organic,3,regular,368.6,79,5.2,3,23,11
upo_smooth,60,33.1,67.3,7.5,6.4,silty,5,chemical,3,none,287.3,77,12.2,3,24,16
ampalaya_bilog,32,29.6,43.0,11.2,6.6,loamy,4,organic,3,none,148.5,20,22.2,3,9,1
upo_smooth,54,20.9,74.7,7.7,6.8,clay,2,chemical,4,regular,255.9,41,18.6,4,46,23
ampalaya_bilog,47,27.3,76.6,6.7,6.5,silty,6,chemical,2,regular,228.0,78,10.0,2,21,8
upo_smooth,70,27.6,73.6,6.3,6.2,loamy,5,none,2,regular,214.5,76,15.4,2,21,5
cucumber,44,23.1,78.1,11.4,6.2,clay,6,none,1,regular,191.6,28,10.5,2,9,6
patola,79,24.8,73.1,6.7,6.7,silty,5,chemical,2,intensive,301.1,57,10.9,5,27,7
ampalaya_bilog,54,18.5,93.3,6.1,6.3,clay,4,organic,0,as-needed,255.2,14,23.3,3,16,5
patola,47,25.6,46.6,7.7,6.6,loamy,6,organic,2,regular,136.5,26,14.7,4,25,12
ampalaya_bilog,63,19.1,50.5,5.5,6.2,clay,2,organic,2,intensive,296.3,77,18.0,4,30,12
ampalaya_bilog,58,30.0,71.8,4.4,6.4,loamy,4,none,2,intensive,316.7,33,16.4,5,23,11
cucumber,76,21.8,52.2,10.8,6.4,sandy,2,organic,0,none,75.8,67,19.5,3,13,5
ampalaya_bilog,76,34.7,73.0,7.2,6.2,silty,3,chemical,2,regular,195.0,75,17.6,3,17,13
cucumber,81,23.7,73.0,7.0,5.2,clay,4,mixed,4,none,207.1,67,17.9,3,21,7
upo_smooth,62,19.9,86.1,6.4,6.0,loamy,2,organic,1,regular,437.8,70,17.7,4,19,16
upo_smooth,67,22.0,69.3,3.7,5.2,loamy,4,organic,2,as-needed,323.6,23,23.3,3,20,10
cucumber,30,27.1,69.0,7.2,6.2,loamy,6,chemical,2,regular,77.3,17,20.2,5,33,16
patola,80,18.8,71.6,7.8,6.5,loamy,4,chemical,1,as-needed,360.5,76,5.1,5,19,9
upo_smooth,66,26.3,78.3,11.1,6.4,loamy,5,mixed,2,regular,253.3,22,13.3,4,48,24
cucumber,58,39.4,54.9,4.1,6.3,silty,4,mixed,3,regular,131.1,39,5.9,3,24,11
cucumber,81,34.2,64.5,7.3,6.7,loamy,6,chemical,3,as-needed,224.5,24,6.6,4,26,13
cucumber,46,22.1,45.8,10.0,7.8,loamy,5,organic,1,none,161.4,39,16.4,3,27,9
patola,28,16.0,90.4,4.7,6.4,clay,5,none,2,as-needed,297.2,46,24.3,4,9,9
ampalaya_bilog,74,26.6,58.9,6.4,5.8,loamy,5,mixed,1,as-needed,180.9,72,5.2,4,25,15
ampalaya_bilog,72,34.4,72.5,7.5,6.8,loamy,7,organic,2,none,219.6,52,25.0,5,27,13
upo_smooth,65,25.8,68.4,7.4,6.7,clay,2,organic,0,as-needed,377.2,76,9.8,1,8,4
cucumber,40,17.8,67.5,7.7,6.2,silty,3,none,4,regular,157.7,47,11.7,2,7,1
cucumber,88,24.2,61.7,9.3,6.6,loamy,3,organic,2,regular,86.3,76,6.1,3,29,16
upo_smooth,34,35.7,64.6,7.9,6.2,silty,4,mixed,1,intensive,144.3,59,19.8,4,28,18
cucumber,38,24.5,71.8,6.9,6.3,sandy,7,organic,2,as-needed,257.8,22,12.8,3,35,18
ampalaya_bilog,90,28.8,85.9,7.2,6.7,loamy,3,chemical,2,as-needed,307.1,23,5.5,1,16,7
patola,54,24.2,58.6,7.9,6.5,loamy,7,organic,1,intensive,367.7,22,21.3,5,24,11
patola,51,20.2,66.4,7.3,6.2,loamy,5,mixed,3,regular,109.5,39,8.4,2,23,10
upo_smooth,60,27.9,72.0,6.5,5.6,loamy,4,mixed,1,as-needed,289.0,42,16.0,3,45,19
ampalaya_bilog,27,29.1,78.8,5.7,5.4,sandy,4,chemical,0,regular,185.4,77,16.4,4,13,14
ampalaya_bilog,61,25.8,68.0,4.4,6.4,sandy,5,none,3,regular,246.3,61,6.8,4,21,7
upo_smooth,97,27.3,67.0,6.1,6.0,clay,3,organic,1,regular,211.4,35,23.6,4,42,24
patola,47,30.3,74.0,7.6,7.2,loamy,4,mixed,3,as-needed,358.7,16,23.1,5,27,20
upo_smooth,73,17.9,86.9,11.3,6.3,loamy,3,organic,1,as-needed,413.0,35,15.5,2,19,13
cucumber,46,38.6,73.8,9.5,6.1,loamy,4,mixed,1,intensive,150.1,71,14.3,4,26,10
ampalaya_bilog,45,27.3,70.8,7.5,8.0,clay,6,chemical,3,none,173.5,71,9.0,2,18,9
upo_smooth,54,24.4,68.5,7.1,6.5,loamy,2,mixed,4,regular,155.9,55,12.3,2,35,16
patola,94,26.8,73.1,7.8,6.4,loamy,3,chemical,4,regular,367.2,28,6.7,4,20,13
patola,42,25.5,69.0,6.3,6.3,sandy,4,organic,2,regular,340.5,20,8.4,3,30,11
upo_smooth,64,24.4,79.1,7.5,6.7,clay,5,organic,1,as-needed,415.9,50,8.7,4,57,26
patola,58,27.9,92.3,7.0,6.3,loamy,6,mixed,0,intensive,229.3,30,5.8,3,16,8
patola,66,28.8,76.3,6.6,6.5,loamy,5,organic,0,regular,362.7,22,23.7,2,14,10
patola,55,27.5,70.2,6.1,5.7,clay,4,none,3,as-needed,180.1,22,23.9,5,29,13
cucumber,26,24.0,87.0,10.5,7.9,loamy,4,chemical,1,none,114.2,68,9.9,3,23,10
patola,52,37.8,44.6,7.7,7.9,loamy,5,mixed,4,regular,267.1,16,5.4,5,19,7
ampalaya_bilog,51,29.7,56.5,7.6,6.6,silty,6,none,3,regular,250.6,63,24.6,3,18,6
upo_smooth,57,37.5,64.8,7.5,6.6,sandy,2,organic,1,as-needed,170.4,69,16.6,3,31,7
upo_smooth,64,23.7,75.4,7.8,6.4,silty,5,mixed,3,intensive,141.6,50,14.4,3,50,18
cucumber,54,27.4,79.7,7.8,6.1,silty,6,chemical,2,as-needed,186.0,61,19.2,3,28,15
cucumber,37,16.8,62.8,10.6,7.8,clay,7,organic,1,regular,204.8,63,22.4,3,25,10
ampalaya_bilog,47,36.5,74.5,7.1,6.1,loamy,4,mixed,2,regular,218.0,54,20.0,3,30,9
patola,63,27.2,75.6,6.2,7.1,silty,3,none,2,as-needed,286.9,15,21.4,4,10,10
upo_smooth,60,24.9,53.5,7.2,6.1,clay,4,mixed,2,none,122.9,59,13.0,3,30,17
ampalaya_bilog,63,38.2,70.3,7.1,6.9,loamy,3,organic,2,intensive,225.9,57,11.8,4,37,9
ampalaya_bilog,80,20.3,58.9,7.3,6.8,clay,2,chemical,0,regular,140.5,58,11.2,5,35,6
upo_smooth,55,27.0,48.9,7.7,6.5,loamy,6,organic,1,regular,360.4,71,16.5,5,42,25
cucumber,53,20.0,72.8,7.2,6.5,clay,5,mixed,1,as-needed,207.4,69,19.9,2,31,19
ampalaya_bilog,41,29.2,74.6,7.2,6.2,sandy,4,chemical,2,as-needed,250.8,27,20.0,2,29,7
cucumber,27,37.3,65.9,7.7,6.4,clay,7,chemical,2,none,84.0,43,17.1,2,10,4
cucumber,59,27.9,76.5,6.4,6.2,silty,5,organic,2,as-needed,154.3,22,22.1,4,42,26
cucumber,38,25.1,64.7,7.1,6.1,loamy,7,organic,1,as-needed,267.6,28,7.4,4,53,23
cucumber,33,23.9,69.9,11.2,6.5,clay,5,organic,2,as-needed,204.5,59,16.1,3,29,19
ampalaya_bilog,49,39.2,64.2,9.2,7.4,loamy,4,none,3,none,275.5,44,20.7,4,14,4
upo_smooth,39,25.9,77.9,9.4,6.7,clay,4,mixed,4,as-needed,239.5,52,18.7,4,28,19
patola,28,27.7,59.8,6.0,6.6,loamy,6,mixed,2,intensive,176.1,76,22.3,2,18,3
upo_smooth,52,28.5,78.2,5.6,6.0,loamy,2,chemical,0,none,386.8,27,6.6,3,48,11
ampalaya_bilog,42,23.0,51.5,6.1,6.4,loamy,8,organic,2,regular,135.7,71,16.4,2,13,7
upo_smooth,82,27.6,80.4,6.3,6.6,loamy,6,organic,1,regular,311.0,21,22.4,5,44,27
patola,101,25.6,66.8,3.4,6.3,loamy,4,chemical,2,as-needed,333.7,70,16.8,2,15,1
cucumber,38,33.0,76.2,6.7,6.3,clay,5,organic,3,none,79.8,54,11.7,2,23,18
cucumber,91,25.1,75.8,7.3,6.7,loamy,4,none,0,as-needed,61.6,24,18.6,4,26,10
upo_smooth,56,28.5,74.8,7.6,6.6,silty,6,chemical,2,none,270.5,31,13.6,4,27,14
cucumber,52,39.8,69.9,5.0,7.6,loamy,4,chemical,0,as-needed,63.4,62,5.5,4,28,10
cucumber,31,30.9,62.5,7.2,6.2,loamy,8,mixed,4,regular,272.5,30,13.5,2,13,8
ampalaya_bilog,53,15.6,70.7,6.2,6.2,silty,6,organic,1,none,239.1,38,11.3,5,31,8
ampalaya_bilog,49,30.0,72.8,9.5,6.6,loamy,5,mixed,0,regular,158.0,54,17.2,2,23,5
cucumber,90,21.8,67.5,8.1,6.4,sandy,7,mixed,4,as-needed,66.9,40,14.3,4,23,19
ampalaya_bilog,67,29.2,93.2,6.4,6.4,clay,6,none,2,intensive,167.0,51,12.4,3,24,11
patola,89,24.0,76.9,7.0,7.0,sandy,4,mixed,3,regular,147.1,46,19.4,2,18,5
ampalaya_bilog,84,25.2,65.2,6.1,7.0,loamy,3,mixed,2,as-needed,314.9,16,20.8,3,26,12
ampalaya_bilog,50,28.5,65.8,7.8,6.5,sandy,5,organic,2,as-needed,293.7,64,19.5,4,35,19
upo_smooth,86,32.1,64.0,7.3,6.7,loamy,5,organic,3,regular,390.2,34,11.6,1,12,11
patola,101,27.8,54.9,7.0,6.1,loamy,3,organic,2,none,323.6,53,21.0,3,17,3
cucumber,58,26.2,64.2,6.6,6.1,loamy,5,organic,2,regular,77.6,20,20.8,2,32,18
patola,42,29.4,51.5,9.8,6.3,silty,4,mixed,4,regular,179.0,35,15.7,3,18,9
ampalaya_bilog,48,26.3,70.3,6.1,6.4,loamy,3,mixed,4,none,173.8,77,6.7,4,26,16
patola,75,26.4,74.4,4.3,6.8,loamy,5,chemical,1,intensive,127.9,63,24.6,3,21,6
patola,62,26.7,64.3,7.5,6.4,loamy,6,chemical,3,as-needed,279.2,64,16.2,4,25,14
ampalaya_bilog,56,27.4,90.0,7.5,6.3,loamy,6,organic,3,intensive,239.6,61,21.1,4,26,12
ampalaya_bilog,93,32.7,91.6,6.1,5.6,loamy,5,none,2,intensive,223.6,28,24.1,3,12,5
upo_smooth,91,25.4,70.0,10.4,7.1,loamy,5,organic,3,none,133.1,72,20.0,4,17,6
cucumber,26,16.8,75.3,7.6,7.5,loamy,4,chemical,3,as-needed,81.0,73,24.0,4,18,11
ampalaya_bilog,54,25.8,69.9,4.3,6.6,loamy,3,chemical,1,regular,235.3,16,5.7,4,31,16
ampalaya_bilog,55,34.0,74.1,6.8,6.4,clay,6,none,2,as-needed,250.8,42,20.5,2,5,7
ampalaya_bilog,50,15.6,69.0,6.6,6.1,loamy,7,chemical,2,none,130.4,41,21.3,3,20,6
upo_smooth,71,27.9,71.3,6.6,6.6,loamy,4,organic,2,regular,304.2,77,5.3,5,65,32
upo_smooth,61,27.4,75.6,6.1,6.3,silty,6,chemical,2,intensive,125.4,25,18.9,3,22,22
patola,29,31.9,60.3,4.4,6.5,sandy,2,mixed,2,intensive,171.5,55,21.1,5,18,6
ampalaya_bilog,97,18.2,62.8,4.7,5.7,clay,3,chemical,4,as-needed,244.0,77,7.8,3,7,6
upo_smooth,58,28.2,76.4,7.4,5.9,loamy,3,organic,2,as-needed,183.9,27,17.1,3,35,20
upo_smooth,55,30.4,87.9,8.0,6.5,loamy,5,none,2,regular,200.1,13,14.9,5,23,15
patola,52,18.5,57.2,6.6,6.3,loamy,8,organic,1,as-needed,308.4,28,18.6,5,13,5
ampalaya_bilog,54,37.3,51.5,6.4,6.7,loamy,6,organic,4,regular,97.6,54,24.0,2,18,6
cucumber,47,26.1,41.7,6.2,6.5,loamy,2,organic,4,intensive,188.9,50,13.5,4,37,17
patola,47,18.8,60.9,3.7,6.6,loamy,2,chemical,1,regular,110.0,31,17.4,5,11,9
patola,53,30.5,59.8,6.8,6.6,silty,4,organic,2,as-needed,239.2,33,14.3,5,37,12
upo_smooth,61,37.1,50.3,7.7,6.1,sandy,6,chemical,2,regular,187.8,19,22.2,2,17,5
upo_smooth,104,25.5,68.9,7.5,5.8,loamy,6,mixed,1,as-needed,255.9,46,10.7,3,30,10
patola,70,28.4,75.5,10.8,6.4,loamy,2,chemical,2,intensive,206.0,26,14.5,4,17,10
ampalaya_bilog,40,26.4,71.0,6.1,6.6,loamy,5,organic,2,as-needed,315.9,51,11.2,3,29,17
patola,87,29.7,85.4,7.5,6.8,loamy,4,organic,1,as-needed,379.2,44,24.1,2,14,5
cucumber,39,27.1,77.2,7.1,6.6,silty,3,organic,3,regular,236.7,41,7.2,3,38,15
upo_smooth,52,28.2,68.3,6.6,5.3,clay,3,mixed,3,regular,306.1,58,19.6,3,49,21
upo_smooth,51,27.8,50.4,6.4,6.8,loamy,3,organic,3,as-needed,351.5,64,15.0,4,51,17
patola,39,27.7,76.7,9.9,6.6,silty,4,chemical,3,intensive,277.7,60,21.9,4,29,20
upo_smooth,45,28.8,60.7,6.9,6.3,loamy,5,chemical,2,none,202.3,68,18.3,3,29,15
cucumber,28,25.2,66.6,7.8,6.5,sandy,3,chemical,2,regular,234.2,56,13.4,5,36,18
patola,52,31.3,67.5,5.3,6.6,clay,2,organic,2,none,343.0,19,17.7,4,21,11
upo_smooth,58,24.9,94.4,9.9,5.9,loamy,5,organic,2,none,293.7,16,17.7,2,13,9
cucumber,50,15.9,69.9,6.7,6.0,loamy,6,mixed,1,regular,103.2,68,20.4,4,34,16
upo_smooth,50,25.8,71.1,7.2,6.6,loamy,5,mixed,3,as-needed,224.0,55,20.6,1,20,8
cucumber,49,28.0,78.3,6.8,6.8,loamy,6,chemical,2,none,127.0,68,6.9,4,41,17
ampalaya_bilog,60,25.7,60.6,11.5,6.6,loamy,7,mixed,2,intensive,193.7,56,10.2,4,40,17
upo_smooth,63,24.5,70.0,7.2,6.4,sandy,4,organic,2,none,263.9,58,6.0,4,46,17
ampalaya_bilog,30,34.2,60.7,6.0,5.6,loamy,6,organic,1,regular,297.8,26,6.6,3,25,15
ampalaya_bilog,88,25.1,66.2,6.1,6.4,clay,6,none,2,regular,214.0,22,20.9,5,9,5
patola,39,26.6,61.6,7.0,6.5,silty,5,organic,2,as-needed,368.5,51,5.7,2,24,8
cucumber,39,27.9,52.8,8.0,6.3,loamy,7,none,0,none,160.3,75,16.1,3,17,3
cucumber,21,22.0,63.5,8.0,6.1,loamy,6,mixed,3,none,207.5,79,19.5,3,15,19
patola,55,28.8,78.2,4.7,6.6,loamy,3,organic,2,none,342.2,46,23.4,3,17,7
upo_smooth,92,26.9,56.2,8.7,6.2,loamy,6,chemical,2,none,137.8,29,19.6,4,23,19
ampalaya_bilog,50,18.5,43.7,6.9,6.3,clay,5,mixed,0,regular,273.9,52,5.5,5,20,6
ampalaya_bilog,72,29.2,77.4,6.7,6.2,loamy,3,mixed,1,regular,183.9,77,11.7,4,34,21
upo_smooth,106,26.6,79.8,6.7,6.2,loamy,4,mixed,3,regular,352.3,56,20.2,2,20,7
patola,90,35.2,60.0,7.5,6.7,loamy,8,organic,2,as-needed,202.1,57,17.0,3,9,1
ampalaya_bilog,54,25.1,75.2,4.4,6.6,silty,5,organic,2,intensive,214.5,77,5.3,4,43,21
ampalaya_bilog,34,27.5,50.1,6.9,6.1,loamy,3,chemical,2,regular,267.2,33,20.3,3,36,12
ampalaya_bilog,55,28.0,63.2,7.0,6.4,clay,6,organic,4,none,242.3,57,18.6,3,27,6
ampalaya_bilog,41,27.8,68.0,7.8,6.2,silty,3,chemical,4,regular,300.3,18,14.9,3,30,14
cucumber,54,25.0,68.6,6.1,6.4,clay,4,mixed,4,intensive,231.2,60,16.2,4,47,25
ampalaya_bilog,50,27.1,78.2,8.0,6.1,loamy,5,none,2,none,194.0,62,14.2,2,9,1
upo_smooth,109,16.4,93.0,10.4,6.5,loamy,3,chemical,4,none,226.4,43,9.6,4,9,6
cucumber,37,34.6,47.4,7.9,6.4,loamy,5,organic,2,regular,70.8,52,23.0,5,39,18
cucumber,81,23.6,62.1,4.2,5.1,loamy,5,organic,1,intensive,211.7,17,16.5,1,17,5
cucumber,41,16.7,45.6,8.2,6.5,clay,2,organic,1,regular,219.8,65,9.2,4,25,2
cucumber,33,18.3,77.8,6.7,6.3,loamy,5,organic,3,regular,263.6,47,18.2,2,20,12
upo_smooth,60,22.1,87.5,6.5,6.5,loamy,5,none,2,regular,167.8,25,22.6,4,23,13
patola,78,28.8,76.1,7.3,6.2,clay,5,chemical,2,as-needed,285.2,26,5.2,2,10,11
patola,74,17.0,40.4,7.3,6.1,loamy,3,chemical,2,as-needed,144.1,65,22.2,3,8,4
upo_smooth,75,17.8,71.3,6.3,6.6,silty,6,mixed,1,regular,174.2,23,7.2,5,40,8
cucumber,25,26.0,70.9,7.7,7.3,loamy,5,organic,2,as-needed,163.8,52,9.5,4,47,18
ampalaya_bilog,50,30.3,74.3,8.0,6.3,silty,7,organic,1,regular,230.4,64,14.3,3,29,11
upo_smooth,66,26.0,65.7,3.8,6.8,silty,6,mixed,1,regular,280.0,39,11.5,5,40,14
cucumber,45,27.8,73.1,7.2,6.0,loamy,5,mixed,2,regular,156.4,19,7.4,4,57,20
upo_smooth,52,25.1,70.3,8.6,6.6,clay,4,organic,0,as-needed,197.8,13,11.6,2,29,25
upo_smooth,66,24.3,79.2,5.2,6.6,loamy,3,chemical,0,as-needed,250.6,34,11.9,2,33,10
upo_smooth,52,25.5,74.1,7.0,6.0,clay,3,organic,2,intensive,429.1,27,6.3,4,71,27
ampalaya_bilog,47,16.4,68.3,7.2,6.7,loamy,4,mixed,0,regular,253.6,45,18.9,2,13,6
patola,77,29.8,63.5,6.9,6.7,loamy,4,mixed,2,regular,187.1,39,15.0,3,26,7
ampalaya_bilog,54,28.2,41.9,7.6,6.0,loamy,3,organic,2,as-needed,181.8,50,12.7,2,8,8
cucumber,70,23.2,61.8,9.6,6.2,silty,5,mixed,3,regular,72.4,16,6.5,3,20,18
cucumber,43,27.5,72.0,6.9,6.6,loamy,6,chemical,2,regular,230.8,51,23.5,5,40,28
upo_smooth,67,24.8,71.8,7.7,6.8,sandy,7,organic,3,regular,287.4,75,8.1,2,35,12
cucumber,50,23.8,73.5,6.1,6.8,clay,4,organic,2,as-needed,93.7,17,24.4,4,49,25
upo_smooth,58,34.7,62.0,7.2,6.5,loamy,5,none,2,as-needed,168.6,78,23.0,5,41,17
upo_smooth,53,18.2,43.2,7.0,6.6,clay,2,organic,1,intensive,221.8,58,23.4,5,23,6
upo_smooth,60,33.3,71.0,7.0,6.5,loamy,4,chemical,0,as-needed,416.1,44,21.4,4,52,18
cucumber,46,26.5,60.9,6.6,5.4,loamy,5,chemical,2,intensive,74.7,18,9.6,2,20,17
upo_smooth,39,33.0,59.8,5.5,6.6,sandy,4,organic,2,as-needed,142.3,46,7.6,3,27,12
ampalaya_bilog,21,25.0,89.8,6.5,5.9,sandy,7,chemical,2,intensive,149.9,60,22.1,3,13,11
upo_smooth,37,21.2,73.5,10.3,7.2,clay,5,organic,2,regular,324.0,66,18.8,3,31,9
cucumber,24,23.3,65.4,5.0,6.4,clay,4,organic,3,regular,93.6,49,14.2,4,39,19
upo_smooth,71,25.3,65.2,6.4,6.8,silty,2,organic,2,regular,174.8,13,15.4,4,54,22
cucumber,54,28.0,76.6,6.8,6.5,clay,4,chemical,0,intensive,188.1,49,16.2,1,19,11
ampalaya_bilog,56,25.7,66.1,3.6,6.7,loamy,5,chemical,3,none,324.6,50,24.9,5,18,3
cucumber,40,16.5,67.2,6.4,6.0,loamy,5,organic,2,regular,101.4,62,23.7,3,23,10
patola,61,28.5,41.0,7.4,6.5,sandy,3,organic,4,regular,230.5,43,23.4,2,10,2
ampalaya_bilog,43,26.0,59.0,12.0,6.3,loamy,4,chemical,1,regular,169.8,51,19.3,5,33,19
patola,93,30.5,64.8,5.2,6.3,silty,2,mixed,1,regular,325.5,61,11.8,4,15,8
upo_smooth,50,26.8,41.0,5.0,6.5,loamy,3,mixed,1,regular,418.0,26,6.7,5,39,16
upo_smooth,72,28.7,67.3,7.7,6.2,loamy,4,organic,2,regular,123.9,30,7.8,2,37,12
ampalaya_bilog,88,32.3,60.1,6.4,6.8,sandy,5,organic,0,regular,128.7,77,9.1,2,16,7
upo_smooth,58,26.5,59.3,6.7,6.0,loamy,6,chemical,2,regular,153.8,33,18.9,3,29,23
patola,52,26.8,71.1,7.6,6.0,silty,6,chemical,3,regular,322.2,51,15.9,3,27,7
upo_smooth,56,27.7,69.0,6.5,7.8,loamy,6,mixed,2,as-needed,337.5,40,24.5,4,50,29
ampalaya_bilog,28,17.0,64.2,11.5,6.6,loamy,3,mixed,0,as-needed,156.6,49,10.0,3,16,9
patola,69,20.2,75.7,6.9,6.7,loamy,7,organic,4,as-needed,214.5,26,24.3,1,1,3
patola,56,37.6,54.5,12.0,6.2,silty,6,mixed,4,intensive,381.0,54,9.8,2,1,7
ampalaya_bilog,57,39.3,75.9,7.6,6.5,loamy,4,chemical,2,as-needed,138.5,70,18.6,3,13,2
upo_smooth,62,26.4,62.9,9.5,6.2,clay,8,chemical,3,intensive,376.6,78,19.9,4,40,17
cucumber,21,28.2,75.3,7.1,6.2,loamy,5,mixed,2,regular,182.8,71,21.0,4,33,14
ampalaya_bilog,56,29.0,73.0,7.9,6.7,loamy,5,none,0,regular,194.2,33,17.2,4,23,10
ampalaya_bilog,22,29.4,74.4,4.9,6.6,silty,4,organic,2,as-needed,132.0,61,12.2,2,17,1
patola,63,28.6,76.4,5.0,6.1,silty,4,mixed,2,intensive,229.9,67,20.0,5,25,17
upo_smooth,67,27.6,66.0,6.5,7.3,loamy,2,organic,2,regular,427.8,62,13.6,3,47,15
patola,52,39.4,79.6,11.2,6.4,loamy,2,organic,3,intensive,164.0,31,21.6,3,15,5
ampalaya_bilog,52,32.0,76.2,7.8,6.5,silty,3,organic,4,as-needed,150.7,34,22.7,5,41,19
patola,60,26.3,83.5,7.1,6.2,sandy,2,organic,3,as-needed,206.3,50,15.2,4,30,8
upo_smooth,54,25.6,57.1,9.2,6.6,clay,6,none,1,as-needed,155.9,61,6.4,3,27,1
ampalaya_bilog,52,29.4,65.9,7.1,7.2,sandy,4,chemical,2,as-needed,256.8,49,20.9,4,34,25
ampalaya_bilog,40,33.1,73.0,8.6,6.4,loamy,2,organic,4,as-needed,202.0,13,5.8,4,37,22
ampalaya_bilog,91,27.1,79.3,6.3,6.1,sandy,6,mixed,0,regular,296.2,18,10.7,4,23,16
upo_smooth,64,38.7,95.0,6.9,6.4,clay,5,organic,2,intensive,377.2,18,15.9,5,37,18
upo_smooth,68,24.7,69.8,6.5,5.7,loamy,4,organic,4,intensive,323.2,72,23.7,4,60,27
upo_smooth,41,25.0,73.3,6.5,6.2,clay,4,organic,1,regular,192.3,43,11.6,5,44,24
ampalaya_bilog,69,27.6,93.5,7.5,6.3,silty,4,chemical,3,none,176.7,11,24.9,2,20,6
cucumber,20,21.7,77.8,10.4,6.1,loamy,7,organic,1,regular,161.2,29,8.4,4,16,12
upo_smooth,48,26.4,61.4,7.4,6.6,loamy,2,chemical,4,regular,208.5,28,23.6,3,44,21
ampalaya_bilog,66,22.4,76.8,6.1,6.0,silty,7,organic,2,none,265.1,34,18.6,3,20,6
cucumber,68,25.1,59.9,6.1,6.7,loamy,4,mixed,2,as-needed,194.6,32,17.5,2,20,11
upo_smooth,67,24.3,65.2,3.1,6.1,loamy,3,chemical,0,as-needed,264.5,21,13.9,3,23,12
patola,86,25.2,49.9,8.7,6.7,clay,6,mixed,4,regular,170.1,17,24.9,3,13,5
patola,64,15.9,68.1,6.6,6.4,loamy,4,organic,4,as-needed,357.1,24,18.4,4,23,6
patola,80,27.9,76.1,9.9,5.2,clay,3,organic,3,regular,363.0,76,11.3,3,21,6
ampalaya_bilog,42,27.9,78.1,6.5,6.4,clay,6,organic,0,as-needed,313.7,26,11.4,4,37,18
ampalaya_bilog,45,31.0,68.9,11.8,6.4,loamy,5,chemical,3,as-needed,165.8,18,18.1,1,15,5
upo_smooth,37,25.8,62.4,7.1,6.1,loamy,3,chemical,3,intensive,247.4,42,14.4,3,38,14
upo_smooth,67,27.3,70.1,7.4,6.1,clay,2,organic,2,none,123.2,14,13.9,3,35,14
cucumber,37,26.6,78.1,6.1,7.0,clay,6,chemical,2,regular,206.1,37,17.3,3,30,19
upo_smooth,45,25.1,66.8,11.2,6.7,silty,6,chemical,1,intensive,400.5,26,14.8,2,20,12
cucumber,60,21.4,62.7,5.7,6.1,clay,2,chemical,3,intensive,238.5,54,20.8,4,42,16
ampalaya_bilog,22,26.1,71.9,6.2,6.2,sandy,6,mixed,3,regular,247.3,48,6.7,3,13,8
patola,40,26.9,63.4,3.7,6.6,loamy,4,organic,2,intensive,146.4,63,5.9,3,12,10
cucumber,55,21.2,71.6,7.2,6.0,sandy,5,chemical,4,none,77.0,43,18.2,3,35,14
cucumber,54,24.7,67.7,6.0,8.0,sandy,2,organic,1,regular,266.6,18,13.8,4,48,19
upo_smooth,73,29.9,76.8,5.5,7.8,silty,6,mixed,2,intensive,213.4,36,14.3,2,17,12
patola,47,20.7,76.4,4.8,6.0,loamy,4,chemical,4,as-needed,370.8,35,18.9,2,20,6
upo_smooth,50,29.0,75.7,9.3,6.1,clay,2,organic,2,regular,256.8,58,14.6,4,45,18
ampalaya_bilog,57,29.9,75.0,7.1,6.4,sandy,7,mixed,1,as-needed,274.9,78,24.0,5,37,22
ampalaya_bilog,42,27.2,69.8,7.4,6.6,loamy,4,none,2,as-needed,151.8,72,11.5,4,21,10
ampalaya_bilog,41,17.9,68.2,6.6,7.1,loamy,4,organic,3,as-needed,227.3,49,13.2,2,13,7
ampalaya_bilog,52,29.7,67.7,7.5,6.5,loamy,6,organic,2,as-needed,175.6,75,9.8,2,20,8
upo_smooth,67,38.6,64.3,6.6,6.4,silty,2,chemical,2,none,419.2,51,20.1,3,27,10
cucumber,34,37.7,55.4,6.4,6.6,loamy,3,organic,0,regular,69.9,50,24.0,5,34,14
ampalaya_bilog,51,26.7,67.1,7.0,6.6,loamy,5,chemical,2,as-needed,305.9,52,9.9,3,31,13
ampalaya_bilog,42,26.2,63.5,7.1,5.9,loamy,6,chemical,2,as-needed,161.7,18,13.2,1,10,1
cucumber,50,36.8,94.5,7.7,6.2,loamy,5,mixed,2,as-needed,150.1,61,7.0,4,28,12
cucumber,60,21.1,78.7,3.2,6.0,loamy,4,none,3,none,118.9,60,17.4,3,1,1
cucumber,42,25.8,74.8,10.7,6.3,clay,6,chemical,0,none,271.2,47,17.9,5,27,15
upo_smooth,65,31.3,62.1,6.7,6.7,loamy,4,chemical,0,regular,155.4,74,10.5,4,46,19
upo_smooth,72,27.1,77.4,7.1,7.5,sandy,6,chemical,3,as-needed,147.2,60,24.6,5,49,27
ampalaya_bilog,42,27.8,49.2,6.5,6.2,loamy,3,chemical,3,none,202.3,14,17.0,3,28,17
upo_smooth,103,22.9,72.6,10.2,6.1,loamy,4,mixed,2,none,182.9,48,8.6,2,20,9
ampalaya_bilog,84,27.2,67.5,7.4,6.3,loamy,4,chemical,2,intensive,257.1,72,19.2,5,31,15
cucumber,68,27.8,78.3,6.3,6.3,loamy,5,chemical,0,regular,243.5,69,9.4,3,27,21
cucumber,37,38.8,90.8,4.9,6.6,loamy,4,organic,1,none,67.2,45,15.6,4,19,5
cucumber,51,23.6,43.3,6.3,6.3,loamy,4,organic,3,as-needed,166.2,21,5.9,4,31,18
cucumber,55,31.8,62.1,5.0,7.7,silty,4,organic,1,none,106.2,11,24.2,4,29,17
upo_smooth,54,31.8,61.4,5.6,7.5,silty,7,chemical,3,as-needed,394.4,45,5.6,4,41,7
cucumber,90,25.1,70.0,7.7,6.2,loamy,3,mixed,2,none,232.0,11,17.2,3,24,9
ampalaya_bilog,69,24.2,60.5,7.9,6.3,clay,5,chemical,2,regular,246.8,21,24.3,4,38,14
ampalaya_bilog,48,22.0,90.9,6.2,8.0,loamy,5,organic,3,regular,233.3,10,22.6,3,25,12
patola,63,23.9,68.4,7.6,5.9,sandy,5,organic,0,regular,133.2,29,20.4,3,24,15
patola,60,25.1,67.1,7.2,6.7,sandy,7,organic,2,as-needed,237.4,77,10.2,4,25,16
patola,39,33.6,66.7,9.9,7.4,loamy,4,mixed,2,regular,191.3,79,21.8,2,14,7
ampalaya_bilog,57,38.7,67.0,8.0,6.2,loamy,3,none,4,intensive,129.0,38,21.6,4,25,4
patola,97,26.4,67.3,7.6,6.4,loamy,5,organic,2,regular,341.0,27,16.4,1,6,5
ampalaya_bilog,28,25.3,68.4,7.8,6.1,loamy,4,chemical,3,regular,171.7,66,6.0,2,14,8
upo_smooth,51,39.2,79.7,7.8,5.4,clay,4,organic,2,as-needed,303.2,30,20.7,3,28,12
patola,37,27.7,74.3,7.1,6.5,silty,5,organic,4,regular,151.8,26,7.4,5,28,15
ampalaya_bilog,42,24.5,73.4,6.2,6.7,loamy,6,mixed,2,regular,181.7,29,19.4,5,39,23
patola,62,38.5,76.8,7.3,6.5,clay,4,mixed,3,regular,313.9,38,21.7,5,24,11
upo_smooth,62,19.5,70.3,6.1,7.6,sandy,5,mixed,2,none,245.9,53,20.3,4,39,10
upo_smooth,35,27.6,74.5,6.7,5.6,loamy,3,chemical,3,intensive,327.0,58,17.2,5,37,17
upo_smooth,61,25.6,75.6,7.6,6.7,loamy,5,organic,0,as-needed,277.7,69,15.2,2,26,16
upo_smooth,72,22.6,67.7,3.2,6.8,loamy,3,mixed,1,regular,406.1,21,9.3,4,48,18
upo_smooth,48,36.2,53.4,3.3,6.8,clay,4,organic,3,regular,420.6,29,11.5,5,28,7
upo_smooth,71,16.0,62.6,6.2,6.3,clay,5,chemical,0,intensive,121.2,75,16.4,3,36,15
cucumber,36,24.6,64.5,3.8,6.1,clay,6,organic,1,none,176.3,77,9.9,2,16,7
ampalaya_bilog,48,26.4,74.3,6.4,6.3,silty,4,none,2,as-needed,100.7,58,19.6,3,22,15
upo_smooth,59,29.0,66.1,7.6,5.7,loamy,3,organic,2,regular,241.7,41,20.8,3,48,33
ampalaya_bilog,80,27.5,62.3,7.4,5.4,loamy,4,chemical,1,regular,208.6,50,21.8,3,22,16
upo_smooth,90,27.8,47.6,10.7,6.5,loamy,4,organic,1,as-needed,283.9,52,6.4,3,24,1
upo_smooth,63,18.0,79.1,7.5,6.2,loamy,4,organic,2,intensive,152.1,36,15.3,5,51,16
cucumber,21,25.9,66.3,7.2,6.4,loamy,6,chemical,2,intensive,133.9,12,10.2,3,24,14
upo_smooth,58,22.6,69.5,7.6,6.2,clay,5,chemical,2,none,203.7,32,22.0,4,37,12
upo_smooth,57,26.0,76.1,6.4,6.3,sandy,4,organic,3,none,235.4,58,22.9,3,27,23
patola,47,34.4,68.1,6.7,8.0,silty,5,organic,1,regular,323.0,15,18.8,2,19,12
ampalaya_bilog,97,33.3,77.4,3.8,6.4,clay,4,chemical,2,none,237.7,67,8.2,4,5,5
cucumber,51,40.0,64.4,6.8,6.6,loamy,5,organic,2,regular,207.0,16,18.8,5,38,20
upo_smooth,100,20.4,73.8,7.2,6.6,clay,2,organic,3,as-needed,129.2,73,22.8,3,33,5
upo_smooth,37,26.0,52.0,5.3,6.1,loamy,5,mixed,3,intensive,382.4,51,22.2,4,30,13
ampalaya_bilog,31,28.5,40.8,6.2,6.7,silty,5,organic,2,as-needed,135.7,34,19.4,3,26,7
upo_smooth,65,34.2,72.0,6.3,6.6,sandy,7,chemical,2,as-needed,253.3,31,6.8,5,54,15
upo_smooth,83,18.4,75.5,6.9,6.4,loamy,5,chemical,2,as-needed,294.4,35,21.7,4,27,4
patola,50,20.9,78.0,7.6,5.2,loamy,5,chemical,4,regular,221.9,65,8.1,4,24,11
patola,63,26.1,94.5,6.5,6.8,silty,4,none,3,intensive,340.0,73,16.5,4,24,8
upo_smooth,54,21.5,55.8,5.0,6.1,clay,4,chemical,2,intensive,148.1,25,22.3,4,40,18
ampalaya_bilog,57,15.9,61.6,6.6,6.1,clay,6,organic,1,none,300.5,46,14.3,2,17,6
cucumber,82,22.0,64.3,6.2,6.2,clay,2,chemical,2,regular,253.6,53,7.6,4,25,14
upo_smooth,56,26.9,62.7,4.3,6.4,loamy,6,organic,2,none,358.2,58,21.0,5,44,22
ampalaya_bilog,42,20.7,51.1,4.3,5.1,silty,3,mixed,2,regular,108.2,50,10.8,2,21,11
cucumber,37,25.1,94.9,6.4,5.3,loamy,6,mixed,4,none,180.7,74,23.0,3,17,11
ampalaya_bilog,60,23.4,71.6,7.9,6.6,loamy,3,chemical,2,as-needed,213.2,21,14.3,4,20,7
patola,46,31.7,79.3,7.8,6.6,silty,5,organic,0,intensive,382.9,58,11.3,5,34,17
upo_smooth,58,22.1,63.0,6.4,6.3,loamy,4,mixed,3,as-needed,307.3,19,8.2,3,46,26
upo_smooth,60,23.9,51.7,3.8,5.1,loamy,4,mixed,4,as-needed,188.2,44,8.0,3,11,5
cucumber,44,32.1,61.6,6.5,6.0,clay,6,chemical,2,regular,224.8,74,7.4,2,12,8
upo_smooth,58,22.4,76.8,6.7,6.2,sandy,2,none,2,as-needed,340.9,55,15.8,3,29,12
upo_smooth,90,25.9,42.6,6.8,6.3,sandy,4,mixed,0,intensive,330.2,79,23.3,5,46,13
upo_smooth,53,21.3,68.1,5.8,6.6,loamy,5,mixed,2,regular,290.7,75,12.0,5,49,22
upo_smooth,105,28.7,73.2,9.0,6.4,clay,5,mixed,3,regular,308.4,38,6.1,1,20,2
cucumber,33,22.6,90.1,7.4,5.0,clay,4,organic,1,regular,88.0,48,23.3,4,35,19
upo_smooth,57,24.2,75.9,7.0,6.2,clay,4,organic,1,none,418.3,23,11.7,3,42,17
patola,26,24.0,61.1,6.2,6.7,loamy,3,mixed,2,regular,263.9,25,9.9,5,22,11
ampalaya_bilog,50,28.4,67.3,11.9,6.6,sandy,4,none,2,intensive,182.2,12,5.6,3,15,12
patola,59,30.6,61.1,7.8,5.3,loamy,3,organic,2,intensive,373.2,45,15.2,4,25,19
ampalaya_bilog,40,29.8,71.9,9.4,5.7,loamy,7,organic,1,regular,210.1,73,7.9,4,30,15
upo_smooth,68,25.0,45.5,6.1,6.6,sandy,6,mixed,3,as-needed,383.3,22,7.5,1,13,7
upo_smooth,56,27.7,75.9,9.3,6.2,silty,4,none,2,none,217.4,16,8.6,2,15,6
ampalaya_bilog,45,29.1,41.6,7.4,6.3,sandy,5,organic,4,regular,203.3,31,11.8,3,30,11
patola,75,34.4,70.4,7.1,6.7,loamy,3,chemical,2,regular,163.0,21,6.1,3,13,12
ampalaya_bilog,88,28.2,67.7,10.4,6.7,loamy,2,organic,2,intensive,114.5,69,15.5,4,27,8
upo_smooth,51,24.7,64.6,8.0,6.4,loamy,7,chemical,2,regular,346.6,54,18.4,4,43,28
ampalaya_bilog,42,29.6,64.5,7.5,6.6,sandy,6,organic,3,none,251.0,26,13.8,1,9,4
patola,57,30.6,62.1,6.8,5.2,loamy,5,organic,4,as-needed,144.1,38,19.2,3,22,12
upo_smooth,79,24.6,77.8,3.3,7.1,loamy,4,chemical,2,none,388.3,34,13.0,4,20,13
upo_smooth,43,24.1,70.7,7.7,5.2,sandy,4,mixed,4,as-needed,168.6,34,14.3,4,46,28
cucumber,40,24.1,60.0,6.8,6.2,sandy,4,chemical,3,as-needed,114.0,32,7.4,5,35,25
ampalaya_bilog,60,26.6,66.3,7.4,6.0,sandy,2,chemical,3,none,314.8,17,21.8,3,25,16
cucumber,36,34.1,76.9,6.1,6.6,sandy,5,organic,4,as-needed,206.8,31,13.3,4,56,18
ampalaya_bilog,58,27.3,64.0,10.7,6.4,loamy,6,chemical,1,none,205.1,70,22.9,5,25,15
cucumber,43,27.7,68.7,4.8,6.5,silty,5,organic,2,intensive,272.9,57,10.8,4,52,31
patola,46,15.2,66.0,7.6,6.4,loamy,4,chemical,2,none,141.7,19,21.8,1,1,1
upo_smooth,91,16.2,75.4,7.1,6.2,loamy,6,organic,2,intensive,167.3,18,18.9,3,34,5
cucumber,44,24.6,68.6,7.6,6.3,clay,4,none,1,as-needed,234.0,24,17.4,3,14,11
cucumber,92,27.1,69.2,7.5,6.2,loamy,4,mixed,2,as-needed,110.7,13,11.0,4,35,12
ampalaya_bilog,60,25.3,61.1,7.0,6.4,loamy,3,organic,2,as-needed,117.9,77,5.4,4,35,22
upo_smooth,88,31.5,62.4,6.5,6.9,clay,8,mixed,4,as-needed,173.3,50,5.3,2,5,5
upo_smooth,62,30.2,73.6,3.5,5.5,silty,6,organic,3,as-needed,183.9,63,11.5,2,5,8
patola,49,20.1,73.0,11.1,6.2,silty,4,organic,2,regular,249.8,54,18.2,2,21,4
upo_smooth,79,16.3,77.2,6.9,6.9,loamy,5,organic,2,intensive,275.5,12,16.6,3,27,17
upo_smooth,60,27.1,40.7,4.5,7.3,loamy,4,chemical,3,none,394.2,79,7.4,4,34,11
patola,59,29.0,70.0,4.9,6.2,clay,4,organic,2,intensive,133.3,30,10.8,5,39,10
cucumber,55,32.1,92.6,7.7,8.0,loamy,5,mixed,1,as-needed,139.2,64,10.9,3,31,11
upo_smooth,70,35.4,70.5,7.4,6.9,loamy,5,chemical,3,regular,370.7,43,16.0,5,26,15
ampalaya_bilog,46,28.1,60.8,6.7,6.2,loamy,8,none,4,none,159.2,44,7.9,2,15,1
cucumber,40,21.6,79.7,8.4,7.7,sandy,5,organic,2,regular,151.9,46,18.6,3,31,24
ampalaya_bilog,22,19.1,79.4,6.0,6.6,clay,2,organic,2,as-needed,167.4,40,21.7,5,13,11
patola,54,16.5,46.1,10.3,5.9,loamy,6,organic,3,regular,295.4,70,5.5,3,14,5
patola,50,26.3,69.4,4.9,7.9,loamy,8,organic,1,as-needed,222.1,26,18.9,3,21,9
patola,65,26.4,68.4,11.2,6.0,loamy,5,none,1,as-needed,278.0,74,14.7,5,19,9
cucumber,24,16.4,63.6,3.9,6.6,loamy,6,organic,3,regular,244.1,62,5.0,2,9,3
ampalaya_bilog,60,29.0,57.8,6.1,6.4,silty,4,chemical,0,intensive,172.7,46,7.8,5,35,19
upo_smooth,94,28.6,45.6,6.6,7.9,silty,3,mixed,3,regular,289.5,25,7.4,4,37,19
upo_smooth,70,25.5,57.0,10.1,6.7,loamy,6,mixed,1,as-needed,137.8,38,9.7,4,37,24
cucumber,25,24.8,48.1,6.0,5.4,clay,3,none,4,intensive,137.1,17,18.6,5,13,15
cucumber,53,39.7,71.7,7.0,5.3,loamy,5,chemical,3,as-needed,139.7,65,7.9,5,29,8
cucumber,30,23.7,66.4,11.0,6.4,loamy,3,chemical,1,as-needed,195.7,62,19.6,2,21,13
cucumber,52,26.5,81.9,7.3,6.3,loamy,3,chemical,1,regular,223.0,51,10.6,4,37,20
patola,25,29.1,42.3,4.9,6.5,clay,4,organic,3,none,214.0,28,10.9,4,12,2
upo_smooth,53,21.5,69.1,6.9,6.0,loamy,2,chemical,1,as-needed,241.7,69,7.0,4,45,18
ampalaya_bilog,27,36.9,69.0,6.8,6.4,clay,3,chemical,1,regular,171.4,59,6.0,3,11,8
cucumber,27,24.1,79.1,11.0,6.6,loamy,5,none,2,regular,202.9,14,12.7,4,18,14
patola,50,30.5,91.2,7.1,6.3,clay,3,mixed,3,regular,330.9,34,8.8,3,27,10
patola,38,16.3,57.4,7.2,6.7,loamy,3,none,1,none,173.7,54,8.0,2,2,3
patola,66,26.7,71.1,7.8,6.2,loamy,4,organic,1,regular,117.5,46,11.6,2,21,11
patola,57,31.4,70.0,7.3,6.6,sandy,4,none,3,as-needed,323.0,16,8.9,5,27,11
cucumber,28,27.0,78.3,6.5,6.7,clay,5,organic,1,regular,119.8,59,18.9,4,41,20
patola,42,34.0,64.5,6.1,5.7,loamy,8,organic,2,intensive,176.2,20,9.9,5,23,16
cucumber,44,19.7,77.3,6.7,6.6,loamy,4,organic,2,none,229.0,14,18.7,2,10,6
cucumber,48,20.1,43.9,7.4,6.3,loamy,6,chemical,0,regular,249.5,16,20.4,3,26,8
upo_smooth,50,26.6,75.0,6.8,5.4,loamy,6,chemical,2,intensive,246.2,19,7.0,5,56,25
ampalaya_bilog,40,29.6,70.2,7.6,6.2,silty,5,chemical,2,regular,165.1,12,21.2,2,19,11
upo_smooth,44,27.5,66.9,7.6,7.5,loamy,5,chemical,1,regular,196.9,22,17.5,3,38,26
cucumber,50,24.1,70.0,6.1,6.5,clay,2,chemical,3,regular,192.1,46,22.5,4,40,17
cucumber,40,34.7,61.4,5.6,6.0,clay,4,mixed,2,intensive,210.6,72,24.5,3,37,16
patola,39,38.0,74.2,7.3,6.8,silty,6,chemical,0,as-needed,178.8,12,7.0,3,13,3
cucumber,44,20.9,60.1,7.2,6.6,silty,6,chemical,1,as-needed,247.7,69,13.4,3,26,22
ampalaya_bilog,51,29.5,64.1,6.9,5.2,clay,4,chemical,1,regular,196.4,14,15.9,2,24,14
cucumber,49,26.1,69.7,8.6,6.3,loamy,5,chemical,3,intensive,105.6,73,19.7,4,39,26
patola,46,23.1,58.5,6.8,6.1,loamy,3,none,1,as-needed,262.6,31,13.4,4,20,7
patola,26,29.7,62.9,6.3,6.7,loamy,7,organic,4,regular,210.3,65,24.1,4,25,14
cucumber,31,16.2,69.2,7.0,6.0,loamy,5,organic,2,regular,174.0,28,13.3,3,26,15
patola,31,30.7,54.1,6.3,6.4,clay,5,organic,4,as-needed,314.2,47,22.3,3,16,10
ampalaya_bilog,60,27.2,78.5,7.1,6.5,clay,4,organic,2,intensive,303.1,63,10.5,3,30,17
ampalaya_bilog,70,31.7,60.7,6.5,6.0,silty,3,none,1,regular,270.6,24,8.9,4,29,8
upo_smooth,56,26.6,63.5,8.6,6.4,sandy,7,organic,4,regular,252.2,13,24.0,4,47,16
ampalaya_bilog,68,27.2,67.6,6.1,6.7,loamy,2,none,3,regular,115.6,13,21.1,4,22,7
upo_smooth,101,36.6,68.3,7.7,6.7,loamy,6,chemical,0,regular,270.6,29,24.4,2,6,1
patola,54,29.9,73.6,7.5,6.1,silty,6,organic,1,regular,183.4,20,24.1,3,19,12
upo_smooth,43,24.6,71.8,6.8,7.0,sandy,4,organic,1,intensive,249.1,72,15.3,4,50,24
upo_smooth,57,26.9,61.4,6.6,6.3,clay,3,none,4,intensive,202.5,10,17.9,4,34,16
upo_smooth,61,36.9,67.9,7.6,6.1,silty,5,mixed,0,regular,373.4,19,11.7,5,28,19
ampalaya_bilog,29,26.6,64.8,6.2,6.4,sandy,7,chemical,3,none,101.3,11,8.8,3,17,11
ampalaya_bilog,53,31.7,47.9,7.9,6.7,sandy,5,chemical,3,none,135.6,25,24.0,2,14,3
patola,34,15.6,79.0,6.2,6.6,sandy,5,organic,1,as-needed,217.7,71,5.6,4,19,8
ampalaya_bilog,98,25.5,63.7,6.3,6.3,loamy,2,organic,2,as-needed,121.6,72,10.5,3,23,10
upo_smooth,73,26.9,69.2,7.1,6.5,clay,2,organic,4,none,194.7,49,22.2,2,16,13
ampalaya_bilog,91,27.4,74.7,4.6,7.2,loamy,6,organic,0,as-needed,325.1,17,7.0,4,28,8
ampalaya_bilog,79,28.6,71.8,6.6,6.5,clay,5,mixed,1,as-needed,182.1,42,21.7,3,23,17
patola,47,39.4,84.2,11.1,7.4,loamy,3,chemical,3,regular,194.7,34,8.8,4,24,11
patola,61,23.4,72.8,11.7,6.6,loamy,4,mixed,2,as-needed,179.1,25,5.9,4,25,8
patola,60,29.1,82.5,7.5,6.6,loamy,5,chemical,1,as-needed,220.3,10,22.8,3,22,9
patola,59,26.2,84.5,10.9,6.2,loamy,5,chemical,2,regular,334.8,10,20.8,3,27,5
patola,56,25.7,86.2,6.1,7.3,loamy,5,chemical,2,none,365.9,11,5.2,3,20,8
patola,86,29.9,71.2,6.1,6.2,sandy,4,chemical,1,none,123.9,27,7.7,3,13,4
patola,61,20.4,72.1,7.7,6.5,silty,5,organic,2,none,384.7,56,10.5,2,18,8
upo_smooth,69,26.6,70.1,3.0,6.5,clay,2,organic,4,as-needed,368.7,45,7.4,4,29,20
cucumber,42,23.7,78.8,6.5,6.2,clay,4,mixed,1,as-needed,198.2,16,12.8,3,35,20
patola,46,29.8,71.1,7.2,6.2,loamy,4,organic,2,regular,249.1,25,18.7,5,33,17
ampalaya_bilog,67,28.8,67.0,7.3,6.8,loamy,4,mixed,2,as-needed,260.6,52,24.4,4,47,12
ampalaya_bilog,47,38.0,87.2,11.2,6.6,sandy,7,chemical,2,regular,157.6,71,7.3,4,14,7
patola,30,16.6,91.9,6.7,6.7,loamy,5,organic,2,as-needed,247.6,46,6.4,2,11,3
ampalaya_bilog,49,33.7,88.3,11.8,6.1,loamy,4,none,2,regular,267.3,12,15.8,2,10,5
ampalaya_bilog,89,25.7,73.1,6.5,6.2,clay,5,organic,4,regular,199.9,49,18.9,4,27,17
upo_smooth,56,32.3,63.1,5.6,6.3,clay,4,organic,2,as-needed,236.8,14,24.1,3,38,21
cucumber,54,17.3,67.2,7.4,6.1,loamy,6,organic,3,as-needed,235.3,46,18.3,3,21,11
upo_smooth,51,18.8,69.3,7.4,6.5,sandy,4,organic,0,as-needed,351.2,48,5.5,3,26,9
ampalaya_bilog,60,26.7,68.9,7.5,6.7,loamy,3,chemical,1,none,308.9,53,13.9,4,31,14
patola,34,27.8,72.1,6.9,6.1,clay,4,chemical,3,as-needed,292.6,18,7.2,3,19,6
ampalaya_bilog,36,25.2,68.6,6.9,6.8,loamy,4,organic,0,regular,179.3,67,12.3,3,30,20
upo_smooth,59,27.1,61.1,6.9,7.6,loamy,5,chemical,2,regular,383.2,66,13.3,4,56,25
cucumber,42,23.0,61.5,7.6,6.1,sandy,2,organic,2,intensive,236.9,35,12.6,3,41,18
upo_smooth,68,28.0,75.9,10.4,6.3,loamy,5,chemical,1,intensive,273.3,63,12.2,3,31,14
patola,56,37.1,62.3,7.0,6.2,loamy,4,mixed,2,regular,275.1,16,15.9,3,14,11
upo_smooth,57,19.7,79.2,6.9,6.7,loamy,6,chemical,3,intensive,280.4,52,17.2,4,35,16
ampalaya_bilog,49,26.2,52.1,7.4,6.6,loamy,6,mixed,2,as-needed,261.9,73,7.6,3,15,12
ampalaya_bilog,38,25.5,78.6,6.8,6.4,clay,3,mixed,2,as-needed,299.9,49,15.3,4,31,19
ampalaya_bilog,60,27.4,67.7,6.0,6.1,clay,5,mixed,0,regular,210.3,59,15.7,3,24,14
ampalaya_bilog,47,15.8,70.8,7.0,6.7,clay,8,organic,2,intensive,135.9,53,13.1,1,1,1
upo_smooth,99,28.1,70.8,7.1,6.6,clay,5,chemical,2,regular,180.7,12,19.0,2,22,11
ampalaya_bilog,47,22.0,69.6,7.6,6.9,sandy,5,organic,4,regular,172.5,39,10.2,4,46,15
ampalaya_bilog,44,25.2,58.0,7.5,6.5,loamy,5,none,2,regular,282.7,60,9.1,3,19,8
ampalaya_bilog,65,20.8,88.1,8.4,6.2,loamy,7,chemical,1,regular,315.0,29,11.7,2,22,3
cucumber,42,24.7,65.3,8.9,6.1,clay,5,chemical,2,intensive,227.8,61,6.4,2,12,13
cucumber,48,26.0,62.8,11.7,6.7,loamy,4,organic,2,regular,212.8,15,17.8,5,33,21
ampalaya_bilog,42,28.9,67.6,10.7,6.5,loamy,6,chemical,2,none,274.4,21,5.3,4,27,11
upo_smooth,68,22.8,64.6,4.8,6.1,loamy,3,none,4,intensive,385.0,26,19.5,4,32,6
upo_smooth,52,26.3,70.5,3.6,6.5,clay,7,chemical,3,as-needed,251.3,47,15.8,4,27,16
patola,65,29.5,63.1,8.0,6.5,clay,5,organic,2,as-needed,231.8,40,10.8,4,38,9
upo_smooth,64,26.1,75.6,5.6,6.1,clay,5,chemical,1,regular,377.6,43,12.8,3,42,24
upo_smooth,102,24.8,72.4,6.3,6.5,silty,6,mixed,2,regular,232.3,24,23.3,4,27,13
ampalaya_bilog,49,30.0,72.0,5.3,6.7,loamy,3,organic,4,regular,245.2,37,8.8,3,31,15
cucumber,39,22.2,75.4,6.4,6.4,loamy,4,chemical,1,as-needed,101.2,21,22.6,3,37,20
patola,58,30.7,74.7,6.2,6.5,loamy,2,mixed,1,none,225.0,66,8.4,3,24,7
upo_smooth,57,35.0,74.0,7.7,5.9,loamy,7,chemical,4,regular,122.3,28,23.1,4,27,7
cucumber,34,26.8,62.0,10.2,6.4,loamy,6,organic,2,none,181.7,77,10.7,5,25,19
cucumber,34,26.0,63.7,6.5,6.4,loamy,5,organic,2,intensive,251.6,58,24.4,4,48,21
cucumber,52,30.9,67.7,9.5,6.7,clay,3,organic,2,regular,165.0,67,7.5,4,41,16
patola,55,32.7,60.1,6.9,6.4,loamy,5,organic,2,none,295.0,23,8.4,1,7,2
upo_smooth,42,34.6,73.1,6.6,6.9,loamy,6,organic,4,as-needed,226.6,70,12.9,5,41,23
ampalaya_bilog,47,32.6,66.2,7.0,6.0,clay,4,chemical,3,as-needed,101.6,59,24.6,3,24,11
patola,63,22.9,87.7,6.2,6.6,loamy,7,organic,4,as-needed,276.7,46,24.8,3,23,8
upo_smooth,79,33.3,63.4,8.3,7.2,loamy,7,mixed,1,none,315.7,41,7.9,3,28,5
cucumber,23,30.6,43.2,11.4,6.2,loamy,2,organic,3,regular,246.8,77,9.4,4,25,12
patola,63,20.6,66.9,8.3,7.1,loamy,5,organic,2,as-needed,194.0,19,20.5,2,12,1
ampalaya_bilog,48,28.4,64.8,6.3,6.6,silty,5,organic,2,as-needed,262.4,76,19.4,5,40,22
cucumber,38,31.0,65.8,4.6,6.2,clay,2,organic,2,regular,122.7,49,11.2,4,44,19
patola,30,32.8,62.7,7.6,6.6,silty,6,mixed,4,regular,305.0,18,12.1,5,32,12
cucumber,55,23.2,73.4,4.7,6.5,loamy,4,chemical,1,as-needed,100.1,35,13.7,3,28,18
ampalaya_bilog,36,25.8,70.6,10.2,7.7,silty,3,organic,0,regular,235.8,27,16.2,3,27,9
ampalaya_bilog,29,27.3,67.0,7.6,6.2,loamy,3,mixed,4,regular,292.1,46,17.5,2,16,10
ampalaya_bilog,51,28.8,40.1,6.9,5.8,loamy,3,mixed,1,regular,108.6,76,17.1,5,42,14
ampalaya_bilog,45,16.2,73.0,4.3,6.8,silty,6,chemical,2,as-needed,109.0,58,20.7,4,23,12
cucumber,54,20.7,76.6,11.9,6.3,clay,4,organic,3,regular,73.2,68,12.7,2,10,18
ampalaya_bilog,50,34.8,92.5,6.6,5.9,loamy,6,mixed,0,as-needed,221.6,16,12.5,3,32,10
upo_smooth,52,34.6,79.3,9.7,7.5,clay,4,organic,1,intensive,157.9,43,9.7,5,47,23
upo_smooth,47,26.6,52.5,7.3,6.0,clay,4,none,1,regular,294.8,26,7.8,5,27,18
patola,50,36.0,77.0,7.5,5.5,loamy,3,organic,2,none,308.6,38,6.6,4,19,6
patola,28,25.8,66.9,7.5,6.5,loamy,4,organic,4,regular,161.8,68,21.4,4,19,14
cucumber,40,29.0,88.1,7.7,6.2,loamy,5,chemical,3,as-needed,201.6,75,9.3,3,26,14
upo_smooth,69,24.4,65.1,7.0,6.0,silty,3,chemical,3,regular,227.9,78,10.6,5,53,23
upo_smooth,54,28.0,60.1,7.0,6.7,silty,5,organic,3,as-needed,428.9,10,16.4,2,41,10
ampalaya_bilog,47,27.5,47.4,6.1,6.3,sandy,5,none,1,regular,105.0,68,5.1,3,13,10
upo_smooth,31,31.7,58.1,10.0,6.4,clay,5,organic,2,as-needed,310.3,69,10.1,3,24,12
upo_smooth,88,27.5,40.5,8.0,7.0,loamy,4,none,3,as-needed,193.7,61,9.0,3,19,11
patola,51,32.0,70.7,7.7,6.2,loamy,3,mixed,0,none,364.6,18,7.4,5,32,11
ampalaya_bilog,42,24.5,43.6,6.7,6.2,loamy,5,organic,2,regular,202.0,33,17.4,5,24,9
ampalaya_bilog,41,28.3,77.6,9.1,6.2,sandy,5,chemical,2,regular,184.8,59,9.0,5,32,14
patola,30,15.3,66.9,11.8,6.0,loamy,5,chemical,3,as-needed,253.3,56,17.6,4,11,5
upo_smooth,69,25.6,72.8,9.4,6.4,loamy,6,chemical,4,as-needed,410.2,16,13.2,3,45,12
upo_smooth,86,38.9,77.7,7.3,5.4,loamy,4,chemical,2,intensive,431.1,20,12.9,4,23,8
patola,46,30.9,79.9,6.1,6.1,clay,3,chemical,2,regular,351.3,60,11.5,3,24,9
patola,91,29.1,72.2,6.5,6.2,clay,5,chemical,2,none,224.9,62,22.1,2,7,5
cucumber,80,21.2,63.5,4.2,7.8,sandy,5,organic,1,regular,107.1,72,18.7,4,45,16
ampalaya_bilog,65,25.1,78.6,8.0,6.4,loamy,5,organic,2,as-needed,244.3,49,11.2,4,31,16
patola,32,34.0,90.7,6.1,6.6,silty,5,organic,4,none,187.2,68,15.5,1,4,2
patola,37,29.2,72.4,4.2,6.1,loamy,5,mixed,1,regular,208.6,57,7.9,3,20,14
patola,52,28.8,69.2,3.8,6.0,clay,8,chemical,3,as-needed,292.9,55,21.5,4,14,10
upo_smooth,70,18.9,73.2,6.1,6.5,sandy,3,chemical,2,none,320.5,27,19.0,5,46,15
ampalaya_bilog,21,29.7,86.5,6.9,6.6,sandy,5,organic,2,as-needed,202.6,33,7.1,2,14,5
upo_smooth,68,20.7,92.5,7.3,6.3,clay,6,mixed,1,intensive,207.9,64,8.2,5,52,13
cucumber,43,16.1,83.2,7.6,6.5,sandy,5,organic,4,as-needed,132.9,30,17.7,2,17,7
ampalaya_bilog,36,30.8,64.5,6.8,5.6,clay,6,organic,1,none,317.4,57,24.1,5,25,12
cucumber,47,21.2,75.2,7.2,6.6,silty,4,organic,1,as-needed,196.8,63,12.0,4,48,28
upo_smooth,61,30.4,74.3,7.3,6.6,loamy,3,organic,4,none,425.0,79,20.7,4,43,19
cucumber,42,16.3,79.1,7.1,6.1,clay,4,organic,2,none,71.6,11,20.3,1,10,2
upo_smooth,54,27.6,61.3,5.6,6.7,clay,5,organic,2,regular,158.2,26,22.8,3,37,23
patola,49,29.4,79.2,8.8,6.1,loamy,4,organic,1,regular,276.0,38,12.5,4,25,17
upo_smooth,67,26.8,78.1,6.2,6.5,clay,7,organic,2,as-needed,408.1,78,24.4,3,29,19
upo_smooth,60,31.9,73.8,4.3,6.2,loamy,4,organic,2,none,436.7,60,13.5,2,24,8
ampalaya_bilog,28,26.7,71.8,7.9,6.5,loamy,4,mixed,2,regular,160.4,20,7.6,4,26,13
cucumber,55,35.9,54.4,6.7,6.0,loamy,5,organic,2,as-needed,109.4,31,14.2,5,28,16
patola,63,32.5,68.3,7.9,6.5,loamy,6,chemical,2,intensive,376.9,30,8.7,4,30,12
cucumber,50,25.1,64.9,7.3,6.4,clay,7,chemical,2,regular,128.6,78,14.5,5,38,25
patola,52,29.5,84.5,7.5,6.2,clay,7,organic,3,none,225.9,75,23.9,3,17,8
cucumber,51,20.2,73.1,4.2,6.1,clay,5,organic,3,none,189.3,53,5.7,4,36,19
ampalaya_bilog,78,27.7,76.7,6.6,6.4,loamy,2,mixed,1,as-needed,110.0,74,16.6,4,30,15
cucumber,47,21.4,91.4,6.8,6.5,loamy,3,mixed,2,as-needed,154.2,63,8.6,3,17,16
patola,51,37.3,72.5,9.4,6.6,silty,6,chemical,4,regular,126.0,61,21.4,2,13,4
upo_smooth,52,24.5,62.4,7.5,7.2,loamy,4,chemical,3,regular,398.6,11,19.8,2,33,8
patola,94,28.4,70.4,5.7,6.6,clay,6,none,2,as-needed,194.8,67,12.2,2,3,4
patola,58,31.1,70.7,6.4,6.0,loamy,4,organic,0,regular,152.2,68,12.1,3,35,10
upo_smooth,68,28.6,77.2,6.3,6.6,loamy,4,chemical,1,as-needed,437.5,54,22.5,4,54,25
upo_smooth,64,19.9,69.1,6.5,6.7,loamy,4,chemical,0,regular,187.8,19,23.2,3,26,13
ampalaya_bilog,60,27.8,94.1,7.0,5.8,sandy,5,chemical,1,as-needed,94.0,68,20.6,2,19,7
cucumber,47,22.5,55.2,6.7,6.8,loamy,2,organic,0,regular,264.5,45,16.2,4,50,23
patola,91,21.1,65.4,7.2,6.6,loamy,4,organic,2,none,356.9,54,22.1,4,19,10
patola,41,31.1,61.3,7.6,6.1,sandy,6,organic,2,none,189.9,21,19.7,4,15,9
upo_smooth,62,27.7,88.6,6.3,6.1,loamy,5,organic,4,regular,385.5,78,14.1,2,27,21
ampalaya_bilog,56,25.0,67.0,5.0,8.0,loamy,4,mixed,2,as-needed,305.6,62,9.6,4,35,20
patola,57,29.2,69.4,6.5,6.5,silty,5,none,3,none,333.4,79,14.6,3,21,6
upo_smooth,51,28.1,70.1,7.4,7.8,sandy,5,chemical,1,intensive,131.0,35,13.5,4,49,22
cucumber,47,21.7,89.7,10.8,6.0,silty,5,organic,1,as-needed,106.2,27,12.6,3,23,19
ampalaya_bilog,49,28.1,74.1,7.6,7.2,clay,5,organic,0,intensive,294.5,44,8.2,4,29,16
cucumber,37,22.0,66.2,6.3,6.1,clay,3,mixed,2,intensive,195.0,66,22.4,3,29,20
cucumber,76,31.3,49.5,7.5,6.7,clay,3,chemical,2,regular,180.4,75,8.1,3,24,6
ampalaya_bilog,22,36.3,67.9,6.9,6.5,sandy,3,mixed,3,as-needed,214.1,35,19.8,4,22,10
patola,53,27.5,89.8,7.6,6.1,clay,3,chemical,3,regular,238.9,29,20.4,2,15,4
ampalaya_bilog,27,27.1,65.4,4.5,6.7,loamy,2,organic,1,regular,260.9,20,25.0,3,22,10
ampalaya_bilog,58,21.5,65.2,6.5,6.5,silty,5,chemical,2,as-needed,199.0,66,14.1,4,29,14
upo_smooth,107,28.4,75.8,6.2,6.1,clay,5,none,2,intensive,343.2,45,11.2,5,33,10
ampalaya_bilog,58,22.1,66.3,6.2,5.9,loamy,5,organic,0,as-needed,255.3,56,8.2,1,11,6
upo_smooth,54,26.5,64.2,6.1,7.3,sandy,4,organic,4,as-needed,415.4,60,18.4,4,49,25
ampalaya_bilog,46,25.2,66.1,7.9,6.0,clay,6,mixed,1,as-needed,292.6,66,17.5,3,25,13
upo_smooth,56,27.7,41.7,4.8,6.6,silty,3,none,1,as-needed,347.3,77,10.5,3,26,6
cucumber,43,23.2,75.5,6.3,6.1,loamy,7,mixed,1,as-needed,266.0,38,14.0,3,45,17
patola,52,23.1,71.5,7.2,5.0,clay,6,organic,2,intensive,235.6,19,23.2,3,19,9
upo_smooth,61,24.6,40.0,8.6,6.8,sandy,6,organic,2,as-needed,159.9,43,20.7,5,38,26
cucumber,38,21.8,61.5,7.9,6.3,silty,5,chemical,2,none,118.0,67,10.2,3,21,18
cucumber,81,35.2,60.6,6.2,6.3,loamy,4,organic,3,as-needed,89.4,68,9.9,1,14,2
patola,54,29.1,85.2,10.2,6.2,loamy,4,mixed,1,none,124.2,18,6.2,4,20,9
upo_smooth,40,16.5,69.3,7.6,6.5,clay,5,organic,1,regular,366.0,23,14.9,3,23,8
cucumber,64,26.0,84.6,6.5,5.6,silty,4,organic,4,regular,238.9,62,12.5,5,52,27
upo_smooth,30,24.9,66.8,5.2,6.3,loamy,6,chemical,2,intensive,188.6,30,23.2,5,26,13
cucumber,40,31.0,66.9,7.6,6.8,sandy,5,organic,3,regular,118.9,40,23.6,4,51,22
cucumber,21,25.8,63.6,10.7,7.1,clay,3,chemical,3,none,191.3,21,9.8,4,27,14
patola,57,29.5,68.7,6.9,6.4,clay,7,chemical,3,regular,340.5,48,20.5,4,23,16
ampalaya_bilog,50,39.4,61.8,11.0,6.3,loamy,4,organic,3,regular,256.7,35,19.8,4,24,6
upo_smooth,38,17.7,60.4,7.7,7.9,silty,5,none,2,as-needed,273.9,21,16.6,3,28,9
cucumber,26,29.5,79.8,6.1,6.6,loamy,5,mixed,2,none,272.9,41,7.0,3,31,18
ampalaya_bilog,45,30.0,70.9,9.2,6.3,loamy,7,organic,2,as-needed,110.7,23,8.8,4,38,14
upo_smooth,66,27.5,76.1,7.1,6.5,silty,6,none,3,none,340.9,29,20.5,1,8,4
upo_smooth,31,26.1,72.5,7.2,6.2,loamy,5,organic,4,regular,273.2,62,14.3,1,27,10
patola,57,27.7,77.4,9.2,5.8,loamy,6,none,1,regular,132.3,10,18.8,4,18,7
patola,53,35.1,91.5,4.2,6.6,sandy,3,mixed,0,as-needed,198.2,74,22.0,3,14,4
patola,52,25.5,71.0,6.5,6.6,loamy,6,organic,2,none,118.2,30,20.5,3,24,9
cucumber,44,27.9,79.1,8.9,6.3,silty,6,chemical,0,intensive,214.4,77,6.7,4,33,19
patola,49,28.5,65.1,6.7,6.8,clay,3,organic,0,as-needed,200.7,36,13.6,5,35,15
upo_smooth,33,24.1,78.7,7.9,6.2,loamy,5,mixed,2,as-needed,205.1,27,18.0,4,33,18
ampalaya_bilog,36,25.6,42.9,11.9,6.6,sandy,4,organic,1,none,193.7,15,23.2,3,19,8
upo_smooth,70,32.9,77.3,6.2,6.7,clay,4,none,2,regular,400.8,73,12.6,3,17,6
ampalaya_bilog,84,25.6,78.0,6.3,7.5,sandy,5,none,0,regular,255.4,33,9.3,4,21,4
upo_smooth,35,19.8,51.9,4.1,6.7,loamy,5,mixed,2,regular,373.2,43,24.5,4,19,12
upo_smooth,86,31.1,60.8,6.6,7.5,loamy,3,organic,3,regular,204.8,21,7.2,2,26,11
cucumber,45,27.7,65.2,8.1,5.8,loamy,4,chemical,2,as-needed,274.9,37,9.5,4,33,22
upo_smooth,70,29.0,63.6,6.5,5.2,sandy,4,organic,1,regular,161.4,74,16.8,1,9,8
patola,55,39.2,66.0,7.4,6.7,silty,3,chemical,3,as-needed,216.7,22,23.3,5,23,16
ampalaya_bilog,54,27.1,52.3,6.9,6.6,clay,5,mixed,2,regular,328.5,32,18.5,4,40,20
upo_smooth,58,28.4,62.7,7.0,6.3,loamy,5,chemical,4,none,302.2,62,7.3,5,48,20
upo_smooth,46,27.9,63.9,7.4,6.4,loamy,7,chemical,0,intensive,423.5,34,5.2,4,51,23
ampalaya_bilog,58,31.6,76.5,8.4,6.6,loamy,5,chemical,2,as-needed,329.7,15,5.9,3,29,12
ampalaya_bilog,56,16.3,45.6,3.2,6.3,loamy,3,chemical,1,none,190.4,31,11.4,3,13,7
patola,61,30.7,79.9,7.7,6.8,loamy,6,mixed,1,regular,381.4,35,12.3,1,14,7
upo_smooth,61,23.1,72.4,6.1,6.6,clay,5,mixed,3,regular,285.0,51,9.5,3,35,20
upo_smooth,55,15.9,75.2,10.4,6.4,silty,4,organic,2,regular,227.3,34,13.0,3,32,15
upo_smooth,59,16.2,64.5,7.4,6.6,silty,4,none,3,intensive,258.7,41,7.9,3,17,2
ampalaya_bilog,40,22.3,75.9,7.8,7.6,loamy,6,organic,1,none,157.6,27,16.2,1,1,6
cucumber,47,26.1,40.8,6.4,5.2,clay,3,chemical,0,regular,85.9,39,11.2,4,36,18
ampalaya_bilog,57,35.6,63.6,3.2,6.5,loamy,6,organic,1,as-needed,111.8,28,12.4,5,13,10
ampalaya_bilog,86,28.1,64.5,6.3,6.7,silty,4,chemical,2,intensive,296.0,21,13.7,3,24,14
ampalaya_bilog,47,38.0,51.5,7.8,6.5,loamy,6,chemical,2,none,309.8,53,8.9,4,20,13
upo_smooth,86,28.0,89.2,7.2,6.1,sandy,2,none,2,as-needed,394.4,71,12.1,2,24,6
ampalaya_bilog,47,32.8,77.0,7.1,6.1,loamy,4,organic,2,as-needed,158.3,21,11.7,4,31,17
patola,25,15.7,73.2,9.8,6.8,loamy,6,none,0,regular,380.9,28,5.0,3,11,4
cucumber,32,20.6,79.7,9.9,6.3,clay,4,chemical,2,intensive,272.2,37,9.0,4,35,19
upo_smooth,30,20.9,70.4,6.1,6.7,loamy,3,chemical,2,as-needed,382.4,46,15.3,3,31,15
patola,65,26.9,48.6,6.1,6.6,loamy,6,organic,0,regular,337.4,45,21.4,3,19,4
cucumber,32,26.6,72.5,7.5,6.7,clay,4,organic,2,regular,61.2,73,11.9,4,53,25
patola,65,25.1,92.8,6.0,6.8,loamy,2,chemical,3,regular,245.7,27,13.9,3,10,3
upo_smooth,68,28.4,76.4,10.7,6.5,clay,4,organic,2,none,335.9,43,15.0,2,22,9
cucumber,37,26.9,60.9,9.5,6.2,silty,5,organic,2,intensive,152.7,26,11.9,3,37,18
upo_smooth,60,27.8,50.5,7.0,6.2,sandy,2,none,2,intensive,203.3,12,19.2,5,33,9
upo_smooth,66,31.6,47.0,7.3,6.4,loamy,2,chemical,2,none,372.1,67,10.8,2,14,7
upo_smooth,33,28.4,64.8,4.0,6.3,silty,4,mixed,1,none,130.2,52,11.2,3,11,10
ampalaya_bilog,45,28.7,77.7,9.2,6.1,loamy,4,organic,2,regular,141.8,59,23.7,4,33,19
upo_smooth,73,27.5,87.2,6.2,5.7,silty,4,chemical,3,none,402.1,20,16.8,4,46,22
patola,93,28.5,73.7,7.6,6.1,loamy,4,mixed,2,regular,375.3,68,20.8,2,11,11
ampalaya_bilog,44,16.5,63.7,6.7,6.2,sandy,4,organic,1,regular,104.6,12,19.3,3,22,7
cucumber,20,29.4,42.6,7.4,5.7,clay,3,organic,3,as-needed,225.8,28,24.2,2,13,6
upo_smooth,63,34.5,61.4,6.5,6.3,clay,3,organic,4,intensive,437.9,49,7.3,5,59,23
ampalaya_bilog,26,26.6,61.5,6.0,6.4,loamy,4,none,1,none,248.4,32,20.3,3,13,8
cucumber,36,39.8,79.5,7.1,6.8,silty,6,organic,1,regular,227.2,11,10.4,3,27,15
patola,85,27.9,73.6,3.3,6.8,silty,5,chemical,4,regular,184.9,57,14.5,4,13,3
upo_smooth,32,24.7,76.0,7.4,6.2,loamy,5,organic,2,as-needed,332.1,53,12.6,2,22,5
ampalaya_bilog,46,26.7,66.8,6.4,7.6,clay,3,mixed,2,intensive,211.2,43,14.0,3,20,21
upo_smooth,105,18.2,51.9,3.5,6.6,clay,5,organic,0,as-needed,240.7,76,6.4,4,20,3
cucumber,50,17.0,47.0,3.5,6.2,loamy,4,chemical,2,intensive,105.2,17,6.2,3,3,6
ampalaya_bilog,80,16.7,69.5,10.8,6.1,clay,2,chemical,3,intensive,300.3,32,16.7,2,7,2
upo_smooth,53,25.7,77.5,9.9,6.0,loamy,7,organic,2,as-needed,271.5,38,5.8,4,39,25
cucumber,39,21.3,73.2,6.8,7.1,silty,4,organic,2,as-needed,67.7,51,24.0,4,42,26
upo_smooth,41,30.7,56.3,6.1,6.7,clay,7,organic,4,as-needed,294.8,44,15.2,3,35,17
upo_smooth,69,26.4,73.8,7.0,6.4,loamy,3,chemical,0,none,140.7,57,13.1,3,26,13
upo_smooth,66,38.6,72.0,6.5,6.7,sandy,3,organic,1,regular,332.4,58,15.7,3,22,12
patola,95,21.8,86.9,6.6,6.2,loamy,4,organic,1,as-needed,154.3,62,19.0,4,16,10
patola,104,15.9,71.5,7.2,6.7,loamy,6,chemical,0,regular,299.4,50,18.5,2,9,1
ampalaya_bilog,47,35.6,76.7,7.1,6.5,clay,3,none,4,regular,126.9,65,23.3,2,1,5
upo_smooth,56,21.6,68.8,7.3,6.0,loamy,5,organic,2,intensive,402.9,38,12.0,2,27,18
cucumber,71,25.6,60.7,7.3,6.3,sandy,3,organic,4,intensive,172.6,52,10.8,4,37,22
upo_smooth,107,27.4,47.0,7.9,5.7,loamy,3,organic,2,intensive,428.0,68,18.9,4,43,4
upo_smooth,64,28.4,60.7,7.8,6.7,sandy,5,none,3,as-needed,419.5,75,16.9,4,32,19
cucumber,40,21.8,49.4,7.4,6.6,loamy,3,organic,2,regular,107.7,59,10.0,3,30,13
cucumber,35,34.6,67.5,9.2,6.5,loamy,4,organic,4,regular,200.8,56,8.6,5,45,20
cucumber,22,27.4,72.1,7.7,7.3,loamy,4,chemical,2,intensive,241.2,23,15.3,4,25,15
patola,53,29.7,66.8,4.8,6.8,loamy,4,organic,1,as-needed,350.6,76,21.5,1,15,11
cucumber,55,20.3,94.6,6.9,5.1,clay,6,organic,0,as-needed,203.5,74,22.6,4,29,19
cucumber,23,25.5,76.4,8.3,7.9,clay,4,mixed,4,regular,135.0,23,17.4,3,24,16
patola,84,30.6,73.8,7.3,6.7,sandy,4,organic,2,as-needed,233.6,69,24.0,3,23,15
cucumber,20,22.6,59.6,7.4,6.2,loamy,4,organic,4,regular,189.5,22,21.1,5,23,19
patola,84,27.0,62.8,10.6,6.4,loamy,6,none,2,as-needed,202.3,34,23.6,3,7,1
cucumber,86,32.4,74.2,6.3,6.3,silty,4,organic,2,as-needed,141.6,37,15.3,2,22,15
ampalaya_bilog,24,39.4,65.6,7.8,6.7,clay,7,mixed,2,regular,202.2,53,20.9,5,33,5
cucumber,70,28.3,63.0,7.1,7.1,loamy,4,mixed,3,none,210.2,22,5.3,3,25,11
upo_smooth,55,24.4,75.0,6.3,6.4,loamy,7,organic,3,regular,257.8,58,16.4,2,31,14
upo_smooth,42,24.8,68.2,7.9,6.7,clay,5,mixed,1,regular,240.9,66,14.9,5,55,30
upo_smooth,66,29.0,76.8,6.9,5.6,silty,5,mixed,2,as-needed,207.7,74,12.4,2,36,10
patola,46,33.3,76.3,6.2,6.2,silty,4,mixed,2,as-needed,367.8,50,21.6,4,34,13
ampalaya_bilog,26,27.1,67.8,6.4,6.7,loamy,7,mixed,4,intensive,90.8,75,7.7,1,9,3
patola,40,29.7,80.0,10.1,5.4,loamy,4,chemical,2,as-needed,365.0,71,7.5,4,26,5
upo_smooth,66,16.2,63.3,6.2,6.6,silty,5,none,0,regular,188.9,41,24.5,4,33,11
patola,56,27.2,75.1,7.9,7.5,clay,4,organic,2,none,256.3,14,15.3,3,18,6
upo_smooth,91,25.3,78.8,6.9,6.5,loamy,6,organic,2,none,134.9,40,11.9,4,39,16
ampalaya_bilog,60,28.8,64.7,6.1,6.5,silty,2,organic,2,as-needed,144.4,36,7.6,3,31,17
cucumber,27,26.5,82.2,6.7,6.4,clay,6,organic,4,regular,90.0,33,10.0,2,17,11
patola,46,28.0,71.2,7.0,6.3,clay,5,chemical,2,none,316.7,73,18.1,3,30,12
upo_smooth,32,28.1,60.8,6.2,6.7,sandy,5,mixed,4,regular,209.1,58,19.1,4,43,17
patola,46,29.2,68.8,9.7,7.5,loamy,2,chemical,1,as-needed,331.9,23,9.2,3,7,5
patola,59,29.3,41.7,7.4,6.5,loamy,5,organic,1,none,286.8,77,7.1,3,13,5
patola,57,27.2,42.7,10.4,7.1,loamy,5,chemical,2,as-needed,169.2,48,21.9,2,11,2
patola,64,30.6,76.5,7.6,7.4,clay,4,chemical,3,as-needed,348.7,15,15.5,3,19,13
cucumber,49,25.8,70.0,7.6,5.8,loamy,4,none,2,regular,159.6,70,16.1,4,34,15
patola,45,26.1,51.9,11.2,6.1,clay,4,none,1,regular,327.9,27,16.5,1,1,1
cucumber,47,39.7,85.1,6.0,6.5,loamy,7,organic,2,regular,231.3,17,9.4,2,33,7
patola,49,15.6,79.8,6.8,6.4,clay,4,chemical,2,regular,288.8,10,22.4,2,12,5
upo_smooth,41,24.2,79.5,11.4,6.8,loamy,6,chemical,0,none,288.2,19,14.2,5,28,7
cucumber,68,37.2,65.9,7.3,6.5,loamy,5,organic,0,regular,242.6,62,9.5,2,17,3
ampalaya_bilog,54,30.0,48.6,10.8,6.6,sandy,7,mixed,1,as-needed,134.0,31,15.5,3,23,3
upo_smooth,51,32.3,63.9,6.2,6.3,silty,3,mixed,2,none,353.2,17,9.7,4,40,15
cucumber,49,19.1,73.6,6.6,6.7,silty,5,organic,2,regular,183.7,65,6.7,4,36,14
cucumber,39,22.0,77.9,7.7,6.6,loamy,7,organic,3,as-needed,200.1,68,19.5,4,44,22
upo_smooth,53,24.1,60.6,7.8,6.5,clay,6,organic,4,regular,236.2,27,16.5,5,67,28
cucumber,51,21.4,87.8,6.1,8.0,loamy,5,organic,1,as-needed,164.8,55,8.4,3,30,20
cucumber,20,21.0,71.9,6.5,6.8,loamy,3,organic,1,none,142.2,34,7.3,1,3,7
patola,54,33.6,88.9,7.6,6.8,silty,5,chemical,2,regular,346.3,45,24.4,3,29,11
upo_smooth,59,23.1,66.9,9.9,6.4,clay,6,chemical,3,as-needed,376.2,35,5.4,1,8,10
upo_smooth,93,22.5,72.4,6.2,6.7,loamy,2,none,0,regular,352.8,24,23.3,2,10,1
ampalaya_bilog,56,27.9,49.7,11.6,6.5,clay,3,mixed,2,as-needed,285.8,66,21.9,2,12,6
cucumber,49,30.7,78.2,11.0,6.7,clay,4,mixed,3,intensive,193.1,58,14.6,3,29,13
ampalaya_bilog,51,33.4,56.3,6.9,6.8,loamy,4,chemical,1,as-needed,278.4,40,9.0,4,29,15
patola,51,30.8,76.3,3.3,6.1,silty,6,organic,4,as-needed,296.1,11,12.4,2,2,1
upo_smooth,67,26.3,75.5,11.1,7.4,loamy,6,mixed,1,none,342.6,24,23.6,2,22,2
ampalaya_bilog,47,22.0,89.8,3.6,6.1,clay,5,mixed,3,none,181.5,64,13.3,5,20,6
upo_smooth,50,22.9,91.6,7.2,7.3,loamy,7,organic,2,as-needed,272.0,62,14.8,4,34,15
patola,58,36.5,89.9,7.8,6.1,loamy,7,organic,2,none,282.0,49,24.2,5,30,7
upo_smooth,62,18.7,75.4,7.8,5.3,loamy,4,organic,3,as-needed,394.8,25,12.2,3,36,9
cucumber,73,15.5,73.7,10.8,6.3,sandy,4,chemical,0,intensive,232.7,42,20.4,2,10,7
ampalaya_bilog,40,28.6,94.7,5.1,6.7,loamy,5,none,4,none,309.4,44,14.0,5,17,3
upo_smooth,104,26.7,55.8,6.3,6.0,clay,3,chemical,1,as-needed,353.0,28,11.3,4,35,13
cucumber,55,23.9,51.5,7.6,7.1,loamy,6,chemical,3,regular,164.4,30,24.5,3,33,19
upo_smooth,48,19.3,81.8,8.0,6.7,sandy,4,organic,4,none,218.6,75,11.1,3,28,13
cucumber,38,32.8,77.7,7.5,6.0,sandy,6,organic,2,regular,88.2,78,21.3,4,40,23
ampalaya_bilog,55,39.5,78.6,6.3,6.0,loamy,5,mixed,3,as-needed,91.1,31,15.5,3,21,6
patola,104,29.9,41.2,6.2,6.5,silty,5,organic,1,none,169.5,67,20.1,2,1,3
cucumber,35,39.8,67.3,7.1,6.9,clay,4,organic,2,none,79.8,62,8.7,3,29,7
cucumber,44,24.2,66.3,7.3,6.5,clay,5,chemical,2,regular,146.7,68,23.5,4,43,25
patola,33,29.1,74.6,11.9,6.4,loamy,4,chemical,2,regular,187.2,63,18.5,3,18,3
upo_smooth,69,27.8,62.6,7.7,6.5,silty,3,chemical,3,intensive,289.1,35,24.1,4,62,23
upo_smooth,33,25.5,64.4,6.5,6.4,silty,3,chemical,4,regular,249.9,26,7.0,4,39,18
patola,46,27.3,78.7,7.0,6.5,loamy,8,organic,2,as-needed,141.7,77,11.7,4,22,16
upo_smooth,63,28.5,75.6,6.4,7.0,clay,6,mixed,0,none,411.1,69,14.2,3,46,21
upo_smooth,66,22.4,72.9,10.0,6.1,clay,3,mixed,2,intensive,141.7,65,14.5,3,39,20
ampalaya_bilog,43,26.3,67.2,6.7,6.0,loamy,4,mixed,4,as-needed,288.0,58,24.3,4,39,18
patola,58,28.4,88.2,7.3,6.3,silty,3,mixed,4,none,283.0,62,24.1,3,28,11
patola,57,25.2,74.0,6.7,6.1,loamy,6,organic,3,as-needed,230.6,59,10.4,3,25,11
ampalaya_bilog,88,25.6,76.9,3.8,6.3,sandy,3,organic,2,intensive,280.3,48,13.4,4,7,6
ampalaya_bilog,47,28.2,71.9,6.6,6.1,silty,4,chemical,1,none,193.1,61,10.4,4,26,10
ampalaya_bilog,65,27.6,68.9,6.9,6.7,loamy,5,chemical,2,as-needed,93.3,65,11.6,3,27,7
cucumber,52,22.1,63.5,6.9,7.3,clay,2,organic,2,as-needed,72.1,29,22.3,3,39,19
cucumber,43,24.0,62.7,8.7,6.4,loamy,5,organic,2,regular,60.7,40,19.5,4,47,22
ampalaya_bilog,77,16.4,70.4,7.3,6.4,loamy,6,chemical,2,as-needed,227.4,66,15.8,4,19,12
upo_smooth,90,32.5,73.0,7.8,6.5,loamy,6,chemical,2,as-needed,323.2,11,10.0,3,25,15
ampalaya_bilog,85,27.3,68.1,7.9,6.3,clay,4,organic,2,regular,180.6,70,12.7,3,25,12
ampalaya_bilog,40,24.3,67.1,7.5,6.1,clay,4,none,2,as-needed,202.1,59,11.2,3,20,6
cucumber,35,20.8,70.3,7.7,6.1,loamy,7,organic,2,regular,264.2,13,20.0,3,35,18
cucumber,39,25.0,75.5,6.2,7.0,clay,5,organic,1,intensive,236.1,76,13.2,3,37,15
patola,45,39.9,75.4,7.9,6.2,loamy,3,none,2,regular,297.2,51,13.4,3,15,3
ampalaya_bilog,56,29.3,69.0,4.3,6.2,silty,5,chemical,2,none,313.7,53,24.9,3,21,11
upo_smooth,41,27.7,51.2,6.1,6.1,silty,5,chemical,1,as-needed,346.5,57,7.5,3,32,17
cucumber,21,27.9,51.8,7.6,6.4,loamy,5,chemical,2,regular,115.8,40,15.2,3,27,11
upo_smooth,65,26.2,68.4,6.3,7.3,clay,6,none,0,intensive,159.6,56,20.9,3,16,12
patola,81,27.5,50.4,6.9,6.4,loamy,5,organic,3,as-needed,178.5,40,22.0,4,30,7
ampalaya_bilog,44,27.5,76.5,6.1,6.0,loamy,3,chemical,0,regular,160.8,19,20.4,3,26,12
ampalaya_bilog,81,27.8,88.2,6.7,6.7,loamy,5,none,2,intensive,222.4,53,23.2,4,22,13
upo_smooth,64,28.7,72.2,6.9,6.4,silty,2,chemical,2,regular,329.9,40,8.0,3,41,20
ampalaya_bilog,56,29.7,78.6,6.1,6.2,loamy,4,organic,2,intensive,259.4,54,6.0,5,43,22
cucumber,40,26.0,76.3,6.2,6.5,clay,5,organic,3,regular,199.1,45,22.0,5,52,22
patola,59,33.2,69.9,7.9,5.2,clay,5,chemical,4,as-needed,218.7,38,14.3,3,19,12
upo_smooth,84,18.3,79.7,6.9,6.5,loamy,4,organic,2,regular,349.9,75,20.6,3,26,17
patola,53,25.7,63.9,3.8,6.5,loamy,7,organic,1,as-needed,225.3,71,22.6,4,19,8
upo_smooth,49,22.5,68.1,6.8,6.2,sandy,3,chemical,2,as-needed,271.4,30,19.6,4,38,25
patola,25,27.0,72.4,7.9,6.5,loamy,5,mixed,1,regular,145.4,40,23.8,3,18,8
upo_smooth,52,28.3,71.6,9.2,7.4,loamy,3,organic,4,regular,196.1,77,7.8,4,56,27
ampalaya_bilog,54,28.6,66.9,5.1,6.8,loamy,3,chemical,3,as-needed,263.2,32,20.8,3,29,12
cucumber,41,33.0,61.0,6.3,6.2,clay,4,mixed,0,as-needed,151.9,23,6.4,3,35,15
upo_smooth,105,25.4,70.2,7.5,6.2,sandy,7,organic,2,regular,183.3,58,5.2,3,32,13
upo_smooth,78,28.3,57.5,5.0,6.2,loamy,4,organic,1,none,231.4,14,11.0,4,28,15
upo_smooth,51,27.0,61.3,7.6,6.1,loamy,5,chemical,2,intensive,245.0,48,19.0,4,58,19
upo_smooth,66,24.1,87.2,7.6,5.7,sandy,4,organic,3,regular,166.2,79,20.4,4,54,26
cucumber,32,32.9,71.3,6.0,6.0,loamy,3,none,3,regular,143.1,14,24.5,2,7,6
cucumber,46,26.9,66.8,3.5,7.4,loamy,8,chemical,0,regular,145.1,41,13.9,5,14,13
patola,41,39.6,74.6,7.5,6.1,silty,2,mixed,2,intensive,261.5,73,13.5,4,20,2
ampalaya_bilog,50,25.7,64.1,8.5,6.7,loamy,4,mixed,2,none,116.6,66,19.9,5,34,14
patola,57,25.0,72.4,9.2,6.3,loamy,8,chemical,0,none,176.5,66,14.5,2,8,6
cucumber,48,20.9,73.2,10.7,6.3,loamy,5,none,0,regular,165.0,52,17.3,3,14,9
cucumber,64,23.2,53.6,7.8,7.4,loamy,5,organic,1,regular,140.5,37,8.2,2,26,8
cucumber,55,35.5,41.1,7.3,6.5,loamy,5,none,1,as-needed,262.7,55,12.1,3,13,8
ampalaya_bilog,54,29.9,66.4,7.7,6.0,silty,5,mixed,3,regular,257.6,30,11.7,3,33,15
ampalaya_bilog,43,37.7,56.7,6.2,5.3,silty,5,organic,0,intensive,192.1,51,10.6,4,29,8
cucumber,23,39.4,60.0,7.3,6.3,loamy,5,organic,0,as-needed,94.0,10,20.6,3,14,10
upo_smooth,31,26.1,78.9,4.1,6.6,loamy,6,organic,1,as-needed,402.6,38,21.7,3,31,10
cucumber,40,24.4,77.4,6.6,6.3,loamy,5,chemical,1,regular,159.7,33,6.3,5,44,28
ampalaya_bilog,98,28.3,78.7,7.2,5.2,loamy,4,organic,1,as-needed,327.3,64,6.4,5,33,15
upo_smooth,69,31.1,65.1,6.6,6.7,loamy,6,chemical,4,as-needed,351.1,46,6.4,1,13,4
ampalaya_bilog,21,16.7,65.4,7.4,6.4,loamy,2,organic,2,intensive,197.1,33,16.6,2,11,4
upo_smooth,54,34.8,46.8,7.7,6.5,silty,7,chemical,1,regular,152.4,72,8.0,4,45,15
patola,56,32.9,73.9,6.3,6.6,loamy,4,mixed,3,intensive,285.8,12,8.1,4,25,15
cucumber,74,27.6,76.4,7.1,6.2,loamy,3,chemical,1,as-needed,254.0,46,17.4,2,18,10
patola,43,25.1,73.4,11.5,6.5,loamy,4,mixed,0,regular,208.0,23,13.7,2,17,8
cucumber,48,25.5,74.8,8.0,6.1,clay,4,organic,1,none,224.2,43,12.9,3,39,17
upo_smooth,56,27.9,56.8,8.0,6.7,loamy,4,mixed,3,regular,206.3,40,14.7,3,40,19
ampalaya_bilog,37,27.5,40.5,11.3,6.9,loamy,4,mixed,3,none,192.9,12,14.6,4,18,7
ampalaya_bilog,81,26.8,84.3,4.9,6.4,loamy,6,organic,2,regular,287.7,36,14.2,3,21,11
patola,51,27.9,68.0,7.3,6.7,silty,5,chemical,2,as-needed,310.9,34,24.9,4,33,15
cucumber,85,18.6,86.3,3.0,6.6,clay,7,chemical,2,as-needed,100.5,41,6.3,4,12,4
cucumber,30,33.7,72.4,7.9,6.4,loamy,4,mixed,1,regular,87.0,54,11.6,4,32,14
patola,68,26.8,68.7,11.1,6.2,loamy,7,organic,3,regular,119.9,36,12.8,5,28,14
upo_smooth,101,27.9,45.8,11.6,6.3,loamy,2,organic,2,as-needed,318.4,34,24.1,3,20,7
upo_smooth,67,16.5,73.9,11.7,6.8,sandy,3,chemical,0,none,373.4,21,23.4,3,18,11
cucumber,45,27.4,67.9,7.5,6.4,sandy,5,chemical,3,intensive,95.9,14,23.8,4,31,27
upo_smooth,32,23.2,69.7,7.7,6.2,loamy,5,chemical,2,regular,309.1,49,18.3,4,41,13
ampalaya_bilog,43,39.4,82.5,6.4,6.2,loamy,6,mixed,1,as-needed,325.0,28,18.9,3,14,6
patola,71,25.4,43.8,7.6,6.7,silty,3,mixed,2,as-needed,289.6,32,5.9,2,20,5
ampalaya_bilog,96,24.4,51.3,5.5,7.6,clay,2,organic,0,as-needed,204.3,68,11.2,4,24,12
ampalaya_bilog,52,25.6,61.9,7.0,6.7,silty,4,mixed,1,none,193.6,67,14.5,4,28,18
cucumber,58,39.4,67.6,6.4,6.6,sandy,4,organic,3,intensive,97.2,22,24.2,3,25,12
patola,50,25.4,75.8,7.1,6.5,sandy,6,chemical,4,as-needed,289.0,33,8.0,4,31,15
cucumber,37,29.4,79.7,6.2,6.1,clay,3,mixed,1,as-needed,91.4,39,14.7,4,45,16
ampalaya_bilog,52,28.6,72.5,6.6,6.1,loamy,4,organic,3,intensive,134.6,36,23.6,2,17,12
upo_smooth,56,27.3,71.0,7.9,6.3,loamy,5,none,2,as-needed,191.5,54,12.7,2,18,13
ampalaya_bilog,91,29.7,65.7,6.9,6.7,loamy,5,organic,1,as-needed,264.1,26,5.0,4,24,9
ampalaya_bilog,57,22.1,73.4,7.4,6.7,loamy,5,organic,4,none,275.9,28,23.7,4,27,16
patola,37,30.5,40.6,6.5,6.3,loamy,2,chemical,1,regular,191.7,25,19.8,4,33,5
upo_smooth,95,24.7,74.2,6.8,6.5,silty,4,organic,0,intensive,357.8,31,10.9,5,45,16
ampalaya_bilog,52,17.6,70.4,6.8,5.8,loamy,4,organic,2,regular,210.4,64,21.8,4,21,14
patola,52,38.6,86.0,7.1,6.0,silty,3,organic,1,intensive,271.6,74,23.9,3,21,4
cucumber,43,24.1,61.7,6.1,6.5,loamy,2,none,2,as-needed,235.1,19,5.5,2,21,2
ampalaya_bilog,64,21.0,78.0,7.7,6.1,sandy,4,chemical,2,as-needed,243.8,10,24.4,3,23,9
ampalaya_bilog,20,27.5,74.2,6.2,6.1,clay,4,organic,2,intensive,120.4,49,7.8,4,25,15
ampalaya_bilog,99,25.9,61.1,7.2,6.0,clay,7,organic,1,regular,259.2,57,17.2,2,14,11
cucumber,37,37.0,71.8,7.2,6.4,sandy,4,chemical,0,regular,270.9,40,9.2,1,10,3
ampalaya_bilog,44,28.0,69.4,6.0,6.1,sandy,3,organic,3,as-needed,240.2,38,9.7,3,34,17
cucumber,40,26.7,63.7,11.3,6.3,loamy,5,chemical,4,intensive,213.0,56,5.3,4,39,18
patola,64,30.5,86.1,7.6,6.5,clay,2,chemical,2,as-needed,320.4,28,22.9,4,29,18
upo_smooth,59,36.3,44.3,7.0,6.8,sandy,6,none,0,regular,410.9,30,10.4,4,21,7
upo_smooth,58,28.6,74.7,3.3,6.2,clay,4,chemical,3,as-needed,294.4,68,13.6,2,31,10
ampalaya_bilog,47,30.9,72.5,6.4,6.1,clay,3,chemical,2,as-needed,249.3,27,5.7,5,43,13
patola,61,33.6,65.2,6.7,6.6,sandy,3,organic,2,intensive,163.5,27,8.6,5,31,11
upo_smooth,44,26.0,75.6,7.3,6.3,loamy,5,chemical,2,none,280.2,11,8.6,3,22,16
cucumber,47,20.3,40.6,4.0,6.0,loamy,6,organic,3,as-needed,109.0,27,11.5,3,19,9
cucumber,55,21.3,78.1,7.6,7.8,loamy,2,none,2,as-needed,111.4,10,14.6,2,9,8
upo_smooth,54,37.8,84.6,3.1,6.1,sandy,4,organic,0,regular,249.8,44,10.3,3,18,7
upo_smooth,50,33.2,86.3,7.0,6.4,sandy,4,none,4,as-needed,323.5,29,18.1,3,23,11
patola,48,28.4,66.7,7.2,6.3,sandy,5,organic,2,intensive,183.6,71,24.5,4,29,12
cucumber,51,15.9,65.1,7.1,6.0,loamy,5,organic,1,none,256.7,35,13.2,1,8,6
ampalaya_bilog,94,26.2,50.0,5.0,6.6,clay,2,organic,1,as-needed,194.2,44,22.9,4,27,10
cucumber,44,16.3,77.0,6.5,6.3,silty,5,chemical,2,as-needed,200.6,10,21.7,5,31,14
cucumber,25,33.9,60.6,11.0,6.5,loamy,5,organic,1,intensive,93.9,78,23.5,4,36,15
patola,63,29.0,71.8,6.9,6.4,clay,4,chemical,1,intensive,375.9,73,11.9,3,25,11
cucumber,43,24.3,62.8,6.4,6.3,loamy,5,mixed,0,as-needed,186.8,62,22.9,2,23,13
cucumber,62,23.4,67.8,7.7,5.9,silty,5,none,1,regular,231.7,65,13.5,3,17,10
patola,51,25.5,60.6,8.2,7.3,clay,5,mixed,1,as-needed,177.9,64,15.4,3,25,17
cucumber,43,26.7,70.2,7.7,6.3,sandy,3,organic,4,intensive,253.8,49,15.0,3,40,21
ampalaya_bilog,46,25.4,62.0,7.9,6.2,loamy,4,mixed,1,none,129.0,34,11.3,4,27,19
cucumber,26,24.9,70.9,4.2,6.7,clay,3,organic,2,none,114.5,60,20.6,2,16,3
cucumber,34,35.0,79.7,11.2,6.7,loamy,6,chemical,4,as-needed,260.6,18,21.2,3,28,14
patola,65,32.8,69.6,6.8,6.7,silty,8,mixed,4,none,156.1,71,19.5,5,20,10
patola,96,29.6,63.0,9.6,6.0,sandy,3,chemical,0,regular,202.9,56,20.6,4,23,10
cucumber,48,26.7,93.1,7.2,6.6,clay,5,chemical,4,as-needed,200.1,57,22.1,3,26,17
patola,42,27.9,67.8,6.9,6.4,loamy,7,chemical,1,regular,170.4,31,21.8,4,18,13
patola,56,26.5,45.6,8.1,5.1,loamy,4,organic,2,regular,374.2,28,23.8,3,24,12
upo_smooth,74,35.4,63.3,6.7,6.5,loamy,6,organic,3,none,420.1,31,20.9,3,23,5
cucumber,43,24.8,72.5,7.7,6.3,loamy,3,none,2,intensive,221.7,48,11.0,2,18,3
cucumber,42,24.7,61.2,7.4,6.7,loamy,3,chemical,1,as-needed,101.7,75,13.1,2,23,11
patola,35,28.6,76.6,7.3,5.8,loamy,6,organic,2,none,227.1,21,23.8,4,19,7
upo_smooth,95,28.8,94.5,7.1,6.7,sandy,6,organic,2,none,219.5,20,24.6,1,1,1
cucumber,46,25.9,63.2,10.9,6.0,silty,5,organic,2,as-needed,166.3,24,7.6,4,45,18
patola,35,21.5,74.1,7.3,6.4,loamy,5,chemical,2,intensive,199.4,47,10.2,3,25,11
upo_smooth,52,28.5,70.9,3.9,6.3,silty,5,mixed,1,as-needed,240.5,28,17.3,4,24,13
cucumber,39,26.8,73.4,3.8,5.2,loamy,7,chemical,3,regular,253.8,31,6.8,4,24,11
patola,88,21.5,61.7,6.2,6.5,sandy,4,organic,2,regular,133.1,12,20.5,3,22,9
cucumber,25,32.2,66.3,8.6,6.2,clay,2,organic,0,as-needed,209.7,44,15.8,4,27,9
ampalaya_bilog,51,18.1,47.9,7.5,5.6,clay,3,organic,4,as-needed,248.8,78,12.5,1,11,1
upo_smooth,52,25.5,71.1,7.4,6.3,sandy,6,mixed,2,regular,412.8,22,17.3,1,17,4
patola,56,37.2,64.6,8.7,6.2,loamy,5,mixed,1,as-needed,305.6,42,24.2,2,9,7
cucumber,47,25.6,71.6,7.9,6.3,sandy,4,none,4,as-needed,228.0,62,7.8,2,22,2
cucumber,43,29.4,63.9,4.2,6.4,sandy,7,organic,2,intensive,98.9,77,19.4,3,30,22
ampalaya_bilog,47,35.1,75.8,6.4,7.7,silty,5,chemical,1,regular,328.1,69,11.1,3,9,7
ampalaya_bilog,80,26.2,65.5,6.8,6.6,loamy,4,none,2,intensive,254.6,36,7.6,4,19,10
patola,42,27.1,75.6,4.5,6.6,loamy,7,organic,3,as-needed,137.7,29,22.2,1,12,6
patola,66,27.2,56.5,8.7,6.4,clay,3,organic,2,as-needed,156.1,58,14.9,3,26,8
patola,50,25.1,79.5,6.5,6.2,clay,6,organic,0,as-needed,165.0,53,10.8,1,15,5
cucumber,39,34.4,72.8,8.8,7.8,silty,2,organic,2,none,255.6,72,8.4,5,35,19
cucumber,40,38.3,69.7,7.9,6.2,loamy,5,organic,1,regular,124.0,62,21.8,5,33,13
patola,30,27.2,71.0,7.8,6.6,loamy,4,organic,1,regular,185.6,25,19.5,1,11,5
ampalaya_bilog,24,18.5,80.0,7.5,6.3,clay,5,chemical,3,as-needed,119.1,49,10.3,3,14,5
ampalaya_bilog,49,16.7,75.4,6.3,6.5,silty,4,chemical,4,intensive,197.6,29,12.9,3,16,5
patola,84,16.7,71.2,10.6,6.5,clay,3,mixed,2,as-needed,161.5,57,6.9,3,21,7
cucumber,41,15.2,81.7,6.3,6.4,loamy,4,none,2,regular,185.9,10,6.7,2,18,4
patola,67,30.6,77.7,3.4,6.7,loamy,6,organic,0,regular,281.4,40,21.9,4,20,6
upo_smooth,60,24.1,72.6,7.9,6.7,sandy,3,organic,1,none,201.5,14,15.6,3,36,17
upo_smooth,68,24.8,62.1,5.1,6.0,loamy,7,none,2,regular,220.0,19,5.9,4,20,14
ampalaya_bilog,67,18.1,94.4,6.1,6.3,loamy,3,mixed,0,as-needed,163.5,21,15.2,1,9,2
upo_smooth,43,28.5,76.3,10.1,6.0,loamy,3,chemical,2,as-needed,202.2,45,5.4,3,30,22
patola,77,30.9,73.4,8.3,6.2,loamy,2,mixed,2,regular,163.9,59,11.2,3,27,5
ampalaya_bilog,77,25.2,54.6,7.0,5.4,sandy,6,organic,2,regular,237.4,70,12.8,5,34,16
cucumber,49,30.8,69.9,5.6,6.3,loamy,2,organic,3,regular,81.0,41,7.9,3,34,11
upo_smooth,45,27.7,60.9,11.5,7.2,loamy,4,chemical,3,intensive,202.2,58,11.8,4,36,14
patola,55,30.1,89.5,7.4,6.2,silty,3,chemical,4,none,255.2,27,8.8,3,18,12
cucumber,42,24.2,66.9,7.6,6.3,loamy,6,mixed,2,none,158.5,25,6.9,3,29,15
upo_smooth,57,32.9,55.4,6.7,6.1,clay,5,mixed,2,regular,428.1,16,7.1,3,33,18
ampalaya_bilog,46,24.8,68.3,7.4,6.2,clay,5,organic,3,regular,248.6,32,14.6,4,32,16
cucumber,49,39.1,68.9,5.3,6.1,sandy,5,mixed,1,none,252.5,34,16.0,4,27,6
upo_smooth,68,24.3,66.1,7.3,6.5,loamy,6,chemical,2,as-needed,370.7,45,7.9,5,48,20
cucumber,88,21.9,46.8,6.0,6.4,loamy,4,chemical,3,regular,213.0,61,23.1,4,19,10
patola,45,37.1,80.0,6.3,6.2,loamy,5,mixed,2,regular,278.9,65,17.9,2,6,6
patola,45,37.5,44.3,7.3,6.0,sandy,4,none,4,regular,212.4,78,17.9,3,6,1
upo_smooth,87,25.1,81.9,6.5,6.3,loamy,6,mixed,2,intensive,424.7,75,12.0,3,35,13
patola,47,26.0,50.9,9.9,6.5,clay,4,chemical,1,regular,278.5,67,6.1,4,27,11
ampalaya_bilog,55,25.7,64.5,6.6,7.8,sandy,2,mixed,3,as-needed,270.6,61,5.8,4,40,16
ampalaya_bilog,29,28.9,85.1,4.6,6.3,loamy,6,none,2,regular,106.0,75,24.7,2,5,1
ampalaya_bilog,79,26.4,79.6,7.7,7.9,sandy,4,chemical,3,as-needed,173.2,37,10.3,3,14,11
upo_smooth,96,26.2,76.2,6.4,6.5,loamy,5,chemical,2,regular,351.6,25,14.9,3,26,14
patola,55,37.7,66.1,6.5,6.1,loamy,2,organic,2,regular,306.1,51,20.4,3,11,10
upo_smooth,65,27.1,79.1,6.6,6.7,loamy,4,mixed,1,none,374.9,49,9.9,4,48,24
ampalaya_bilog,60,15.9,76.5,6.8,6.7,clay,5,organic,2,none,114.1,33,12.4,3,18,7
patola,68,25.5,73.0,4.4,6.3,loamy,2,chemical,2,regular,253.7,77,10.4,4,20,5
upo_smooth,53,27.5,66.9,6.1,6.4,sandy,5,mixed,1,regular,326.8,38,8.3,5,52,29
patola,57,19.9,91.7,5.6,6.3,loamy,5,mixed,0,as-needed,270.6,40,10.6,3,12,4
ampalaya_bilog,84,27.0,79.8,7.6,6.6,clay,4,organic,2,none,147.9,20,22.7,3,15,10
cucumber,27,26.0,57.2,7.9,6.2,sandy,5,organic,2,as-needed,226.8,68,19.7,3,20,11
upo_smooth,100,27.5,46.3,6.4,6.2,loamy,2,organic,1,regular,278.6,10,12.6,4,28,12
ampalaya_bilog,68,25.3,68.5,7.3,5.6,loamy,3,chemical,4,regular,235.6,38,11.3,5,37,20
patola,56,33.8,65.0,6.1,5.9,clay,2,organic,1,regular,175.8,19,10.2,3,23,9
ampalaya_bilog,22,29.1,64.5,8.0,6.5,sandy,4,organic,0,regular,303.4,57,10.0,4,28,14
upo_smooth,39,33.4,85.8,6.5,6.2,loamy,6,mixed,1,intensive,196.4,18,6.2,3,35,13
patola,47,27.1,93.2,8.0,7.3,loamy,5,mixed,1,regular,133.6,18,13.0,3,17,9
cucumber,63,33.8,71.3,3.2,6.0,silty,5,mixed,1,regular,100.4,54,14.8,4,24,15
cucumber,39,23.4,75.0,4.6,6.7,loamy,5,chemical,2,regular,75.3,74,18.5,2,18,9
upo_smooth,69,26.5,60.8,7.8,6.8,clay,4,none,2,as-needed,392.0,48,19.7,4,41,12
ampalaya_bilog,20,29.0,68.6,3.9,6.2,sandy,8,mixed,2,none,264.5,68,7.5,2,2,4
cucumber,48,23.5,78.2,6.7,6.3,clay,3,chemical,4,regular,148.5,14,7.1,4,41,20
ampalaya_bilog,42,27.3,62.1,9.8,6.3,loamy,7,organic,1,as-needed,245.5,10,11.6,3,16,12
cucumber,26,28.1,51.2,7.2,6.5,loamy,4,mixed,2,none,153.9,26,22.2,3,19,11
patola,57,26.8,72.5,6.7,6.0,loamy,7,organic,2,as-needed,137.5,30,14.4,3,26,12
upo_smooth,99,26.4,75.6,9.4,6.4,loamy,5,chemical,2,as-needed,155.5,22,6.9,3,20,9
cucumber,49,21.5,68.7,7.8,6.6,sandy,4,chemical,1,regular,177.4,16,17.1,5,49,26
upo_smooth,105,33.8,71.9,6.2,6.1,sandy,4,chemical,2,as-needed,258.2,63,24.8,4,28,20
ampalaya_bilog,76,26.0,67.7,6.7,6.1,loamy,5,organic,3,intensive,220.0,63,11.1,3,23,18
upo_smooth,46,25.5,77.3,7.2,6.6,silty,3,chemical,4,none,374.2,27,18.4,4,38,22
cucumber,20,25.0,72.3,6.1,5.7,loamy,4,organic,2,as-needed,82.9,40,10.4,3,26,13
ampalaya_bilog,37,31.8,92.7,6.9,6.8,silty,4,mixed,2,as-needed,129.6,24,18.1,3,20,5
patola,60,20.3,63.5,7.1,5.1,clay,5,organic,1,regular,328.4,67,9.4,5,35,16
cucumber,91,19.4,65.8,8.6,6.3,sandy,5,mixed,2,none,167.7,36,6.3,5,12,9
ampalaya_bilog,67,29.7,54.7,7.1,7.3,loamy,4,mixed,2,none,132.3,76,6.4,3,5,17
ampalaya_bilog,27,28.5,71.8,7.2,6.1,clay,7,mixed,2,regular,134.6,58,6.4,3,17,15
patola,46,19.2,72.0,6.5,6.6,clay,6,chemical,2,intensive,264.2,43,22.1,2,13,2
cucumber,85,29.9,70.6,5.3,6.7,silty,2,organic,0,regular,97.4,38,10.4,5,36,14
patola,60,30.8,70.0,5.4,6.4,loamy,2,mixed,3,none,149.6,18,18.1,2,16,7
cucumber,84,37.8,73.7,7.0,6.7,sandy,6,mixed,0,regular,269.0,69,6.3,5,22,5
patola,51,23.4,68.5,6.5,6.7,loamy,5,mixed,2,regular,315.2,48,12.6,4,27,14
ampalaya_bilog,60,27.3,73.7,7.2,7.8,loamy,3,none,1,as-needed,246.0,69,11.3,4,21,15
cucumber,40,24.5,76.0,7.7,6.6,loamy,5,organic,3,as-needed,208.7,40,23.1,3,29,21
cucumber,68,15.4,64.1,3.1,6.4,loamy,2,organic,1,none,96.6,75,16.7,1,2,1
upo_smooth,31,25.5,74.1,7.7,7.1,sandy,5,chemical,1,none,182.3,39,22.8,3,20,14
cucumber,41,19.9,47.2,5.5,6.0,loamy,5,mixed,4,none,101.9,79,11.3,2,10,6
patola,30,30.1,69.3,7.7,6.4,silty,6,none,3,regular,340.4,22,8.0,4,17,1
cucumber,94,19.8,61.6,6.8,6.4,loamy,6,organic,4,intensive,127.0,47,23.5,4,18,14
cucumber,23,26.7,62.1,7.5,6.9,loamy,4,organic,3,as-needed,116.7,70,19.9,3,32,13
ampalaya_bilog,58,26.7,68.7,7.0,6.7,clay,3,chemical,1,none,317.5,67,16.0,5,39,18
patola,71,28.7,83.4,6.4,6.1,loamy,5,organic,2,regular,267.6,56,7.6,4,19,12
patola,53,34.9,63.3,9.2,7.4,clay,5,chemical,0,regular,233.0,45,11.8,3,20,12
cucumber,23,35.4,72.4,10.9,6.7,loamy,6,mixed,2,regular,183.9,60,15.5,4,15,6
cucumber,48,26.8,69.7,3.8,6.1,loamy,6,organic,2,as-needed,154.6,39,15.4,3,15,8
ampalaya_bilog,55,29.7,60.1,11.6,6.5,loamy,4,mixed,0,regular,232.6,20,8.3,4,27,14
upo_smooth,70,28.4,75.0,4.0,6.1,clay,2,chemical,2,regular,403.4,31,19.4,2,11,10
cucumber,42,27.3,46.3,8.7,6.5,clay,2,chemical,1,regular,218.6,60,10.8,3,27,6
patola,46,27.6,65.2,6.6,6.6,sandy,2,mixed,3,intensive,229.6,60,25.0,3,16,12
patola,96,27.9,67.7,6.6,6.5,silty,4,organic,3,regular,228.6,68,8.4,3,10,7
patola,37,22.2,77.6,5.9,6.2,clay,5,none,4,regular,354.5,45,16.6,3,6,4
cucumber,71,20.8,67.5,6.5,6.3,loamy,7,organic,3,regular,224.2,32,22.5,3,28,16
upo_smooth,79,28.3,71.2,6.8,6.4,sandy,6,organic,2,regular,345.8,38,19.7,2,33,15
upo_smooth,63,25.2,79.2,5.1,7.0,loamy,4,organic,2,as-needed,315.6,25,17.3,3,31,15
ampalaya_bilog,74,29.6,63.3,11.9,6.0,clay,4,organic,3,as-needed,317.4,24,17.3,3,31,12
cucumber,66,22.8,40.3,11.4,6.3,loamy,5,organic,2,regular,180.5,71,7.8,4,32,18
ampalaya_bilog,43,38.7,73.8,8.8,7.8,silty,2,chemical,2,as-needed,234.6,57,22.7,4,28,8
cucumber,49,18.3,61.9,10.9,6.8,loamy,2,none,4,regular,132.5,36,19.0,4,23,3
patola,60,29.8,69.6,5.5,6.3,loamy,4,none,4,none,290.5,66,20.0,4,14,12
ampalaya_bilog,57,28.8,68.7,7.0,6.7,silty,4,chemical,4,intensive,212.2,41,10.6,5,40,16
patola,78,28.5,54.3,6.9,6.7,silty,4,none,2,regular,270.8,58,17.9,5,9,2
upo_smooth,57,22.2,66.4,6.3,6.5,clay,3,organic,3,as-needed,121.3,30,8.9,4,51,29
cucumber,36,21.3,61.3,7.5,6.6,loamy,5,mixed,0,regular,167.4,37,9.2,2,20,14
patola,51,27.6,73.7,11.9,6.8,loamy,3,chemical,1,regular,117.0,45,9.4,5,32,16
ampalaya_bilog,45,29.9,65.4,11.3,6.2,silty,5,organic,2,intensive,306.3,14,10.4,2,27,10
patola,46,29.8,71.5,6.4,8.0,loamy,4,chemical,2,intensive,324.4,29,16.8,3,26,11
ampalaya_bilog,56,20.9,68.1,6.2,7.7,loamy,6,mixed,1,as-needed,249.1,77,23.3,3,25,13
ampalaya_bilog,50,32.9,53.2,6.2,5.7,loamy,4,chemical,4,regular,270.4,62,11.6,1,12,5
cucumber,37,25.0,76.3,7.1,6.2,clay,4,organic,2,as-needed,270.4,25,13.3,3,33,17
upo_smooth,109,27.9,65.8,8.0,6.5,silty,2,organic,1,as-needed,133.3,43,23.6,1,21,2
patola,58,38.9,70.7,9.9,6.4,clay,6,chemical,3,as-needed,316.1,20,19.3,1,3,3
ampalaya_bilog,45,18.0,83.9,6.2,7.7,clay,8,organic,2,as-needed,239.5,18,7.5,2,12,10
cucumber,46,23.5,65.8,7.9,6.7,silty,6,chemical,1,regular,129.4,72,7.1,4,50,20
patola,103,26.8,63.7,7.3,6.5,clay,6,chemical,2,as-needed,265.1,23,17.4,3,17,5
cucumber,91,21.1,66.0,6.4,7.7,sandy,4,organic,1,as-needed,270.9,36,14.8,4,28,22
cucumber,54,39.5,73.8,7.8,6.4,clay,5,mixed,2,as-needed,113.6,54,12.8,3,26,10
upo_smooth,69,31.4,78.1,6.5,7.7,clay,6,chemical,1,regular,165.7,34,11.9,4,31,11
cucumber,35,36.1,62.6,7.9,6.5,loamy,6,organic,2,as-needed,76.9,72,19.4,3,21,9
upo_smooth,48,28.7,68.6,8.8,7.0,silty,4,organic,0,as-needed,249.9,49,10.1,3,43,20
ampalaya_bilog,48,27.2,65.4,9.6,6.4,sandy,4,organic,2,as-needed,241.8,18,10.5,3,34,13
upo_smooth,65,28.9,53.4,7.6,6.8,loamy,8,mixed,2,regular,153.8,75,21.1,3,40,13
cucumber,38,20.7,78.3,6.4,6.6,clay,4,organic,1,regular,153.5,12,15.6,4,45,24
upo_smooth,61,24.8,62.0,6.4,6.5,sandy,5,organic,3,regular,132.6,55,7.1,3,46,17
upo_smooth,80,26.6,49.1,7.9,6.7,silty,3,organic,2,regular,260.7,72,19.3,4,42,17
patola,55,19.7,64.7,7.5,6.2,clay,4,chemical,2,regular,277.8,72,22.4,2,5,11
ampalaya_bilog,70,35.9,79.5,10.4,6.5,sandy,5,mixed,4,as-needed,99.6,35,21.5,4,17,8
ampalaya_bilog,52,26.3,72.9,3.9,6.6,loamy,4,organic,2,intensive,274.3,24,12.7,3,14,15
cucumber,51,38.6,76.6,9.3,6.0,silty,2,organic,0,none,72.7,57,22.1,4,30,10
ampalaya_bilog,66,25.8,43.3,6.6,6.9,clay,6,chemical,0,regular,210.5,55,24.1,4,23,12
ampalaya_bilog,43,26.2,52.1,7.7,6.6,loamy,4,chemical,3,regular,97.7,51,11.9,2,15,13
upo_smooth,54,28.0,79.7,7.0,5.3,loamy,5,organic,2,regular,421.0,24,16.8,3,40,17
ampalaya_bilog,53,27.0,76.2,5.5,6.5,clay,5,chemical,3,as-needed,119.7,49,24.0,4,41,19
cucumber,44,23.6,81.6,7.3,6.0,loamy,5,organic,2,intensive,209.9,49,19.8,2,19,19
ampalaya_bilog,52,31.8,73.2,6.8,6.1,clay,7,chemical,2,as-needed,153.6,27,17.3,5,26,17
upo_smooth,51,22.9,75.2,7.6,6.6,loamy,4,organic,1,intensive,221.6,14,8.3,5,65,27
patola,29,25.6,74.1,6.9,7.8,loamy,4,mixed,2,as-needed,257.8,53,22.8,3,23,10
ampalaya_bilog,40,32.0,69.0,7.2,6.1,loamy,6,organic,4,as-needed,285.9,65,8.0,3,31,13
patola,57,36.2,74.1,4.2,5.2,loamy,6,mixed,2,none,108.0,78,21.4,3,13,1
patola,74,16.4,46.9,11.8,7.6,clay,5,chemical,2,regular,354.7,64,9.6,2,4,1
upo_smooth,92,19.6,75.9,3.8,6.7,clay,3,mixed,1,as-needed,167.7,36,17.7,3,15,9
cucumber,30,23.2,72.8,8.2,6.1,silty,7,organic,2,as-needed,64.7,45,8.2,2,22,8
upo_smooth,56,32.9,61.7,9.4,6.4,loamy,8,none,1,regular,126.6,41,20.5,2,11,1
ampalaya_bilog,28,21.6,56.4,6.6,6.5,clay,5,mixed,0,none,279.5,47,16.6,2,17,2
ampalaya_bilog,59,16.5,60.9,8.5,6.6,silty,3,chemical,2,none,246.4,52,15.3,5,22,8
patola,58,25.0,49.8,6.4,6.8,clay,2,chemical,2,as-needed,380.3,10,15.9,2,9,4
patola,49,30.5,66.1,7.0,6.7,sandy,4,chemical,2,intensive,368.4,19,11.0,3,12,11
upo_smooth,56,28.3,84.6,9.1,6.7,loamy,3,mixed,2,as-needed,275.6,20,10.9,3,35,11
upo_smooth,92,28.5,76.1,6.3,7.9,loamy,5,organic,2,regular,274.4,32,6.9,5,49,25
upo_smooth,44,26.7,83.8,7.0,6.3,sandy,4,organic,2,as-needed,211.3,20,13.8,3,38,23
patola,88,28.7,77.2,6.3,6.9,silty,6,organic,3,regular,236.6,34,18.6,4,30,9
ampalaya_bilog,96,38.5,63.8,6.1,6.6,loamy,4,chemical,3,none,182.5,21,18.9,2,2,6
ampalaya_bilog,51,18.4,62.4,6.6,5.0,silty,7,organic,4,regular,106.5,18,23.3,4,23,10
cucumber,39,24.8,65.4,7.3,6.4,silty,5,organic,2,regular,248.6,12,13.8,3,35,25
ampalaya_bilog,69,28.1,85.7,7.3,6.1,silty,6,organic,1,as-needed,175.4,57,24.3,3,27,13
upo_smooth,47,28.8,40.3,7.2,5.1,sandy,5,none,2,regular,167.2,44,24.3,4,28,18
patola,95,27.9,72.3,7.3,6.4,loamy,3,organic,2,none,268.3,48,8.7,5,21,10
cucumber,41,16.8,70.2,3.5,6.1,clay,4,chemical,2,as-needed,227.1,60,5.7,4,9,11
ampalaya_bilog,53,25.9,75.1,7.7,6.3,clay,5,chemical,0,none,279.3,67,18.6,4,32,15
patola,104,27.2,65.9,6.4,6.6,loamy,3,organic,2,regular,163.5,27,23.6,3,24,6
ampalaya_bilog,57,15.3,54.1,7.3,6.4,loamy,4,organic,2,as-needed,282.3,48,10.9,3,18,7
cucumber,49,23.7,76.8,6.1,6.7,sandy,5,chemical,3,regular,239.0,75,16.8,2,25,12
ampalaya_bilog,57,28.1,62.0,6.2,6.2,silty,6,organic,0,regular,170.7,57,5.6,2,16,12
cucumber,26,21.3,62.5,9.8,6.7,sandy,5,chemical,2,intensive,68.2,46,11.3,5,26,17
cucumber,54,23.9,72.3,6.3,6.2,sandy,4,mixed,0,none,207.7,37,20.5,5,43,22
cucumber,53,23.4,60.5,9.4,7.2,loamy,6,none,3,regular,160.8,20,9.7,4,25,8
upo_smooth,61,27.7,78.6,8.5,6.1,loamy,5,none,2,intensive,374.4,34,7.8,3,28,11
ampalaya_bilog,30,25.4,71.2,8.0,6.3,loamy,2,chemical,2,regular,211.1,74,17.6,4,30,12
ampalaya_bilog,58,29.6,73.7,7.8,6.3,sandy,3,chemical,3,as-needed,248.3,32,11.8,4,42,17
patola,65,30.7,53.2,7.3,7.0,clay,4,organic,1,regular,292.0,14,18.6,4,32,14
patola,48,27.3,64.7,7.5,6.3,sandy,5,organic,3,regular,334.7,71,8.6,4,31,14
ampalaya_bilog,26,15.6,70.7,3.6,7.7,clay,3,none,2,regular,187.1,35,9.3,4,1,8
patola,96,29.5,56.8,11.9,6.6,loamy,8,organic,2,regular,282.1,72,17.0,4,12,4
patola,57,38.0,77.3,7.6,6.1,clay,2,chemical,3,as-needed,312.8,47,17.9,3,22,5
ampalaya_bilog,47,19.7,70.1,6.1,7.4,clay,3,chemical,2,regular,297.1,15,20.6,3,31,11
upo_smooth,58,24.4,75.2,5.0,6.3,clay,5,chemical,2,regular,193.6,36,6.0,4,55,22
cucumber,31,24.0,43.1,6.0,6.0,silty,4,organic,3,regular,139.5,60,13.8,4,31,16
cucumber,52,28.0,67.4,4.4,6.6,loamy,5,mixed,0,as-needed,250.4,16,8.9,3,34,22
upo_smooth,48,27.1,77.6,6.4,6.6,loamy,7,organic,2,none,266.0,45,17.3,2,23,9
upo_smooth,54,28.0,71.5,6.8,6.0,loamy,4,mixed,4,regular,253.4,74,7.0,4,61,23
upo_smooth,63,32.5,66.7,7.9,6.2,loamy,5,mixed,2,as-needed,389.8,22,5.8,2,31,14
upo_smooth,47,26.2,72.2,6.7,6.2,loamy,5,mixed,3,as-needed,127.9,69,5.0,3,33,26
upo_smooth,40,28.7,63.0,6.0,6.0,loamy,2,chemical,4,regular,324.7,22,22.4,4,48,15
ampalaya_bilog,54,21.0,73.5,5.5,6.1,silty,5,organic,1,regular,191.8,26,13.6,5,38,15
cucumber,46,23.2,49.6,3.3,6.3,loamy,5,mixed,3,as-needed,88.1,74,14.1,5,27,13
ampalaya_bilog,43,29.9,73.8,11.9,6.5,sandy,5,organic,2,intensive,322.9,39,21.7,2,21,12
ampalaya_bilog,77,29.4,74.0,7.1,6.1,loamy,6,none,0,as-needed,112.1,50,9.5,5,24,12
patola,64,26.9,57.2,4.3,6.3,clay,5,chemical,2,regular,269.8,61,24.9,3,27,7
patola,47,22.6,66.0,5.7,7.1,clay,3,chemical,1,as-needed,315.0,35,16.4,3,14,10
cucumber,55,19.8,65.3,7.8,6.1,loamy,5,organic,1,none,267.1,69,22.2,3,17,18
ampalaya_bilog,52,38.9,79.0,6.3,6.7,silty,5,chemical,0,regular,112.0,28,16.0,3,23,10
upo_smooth,68,24.8,73.1,6.7,6.4,silty,3,chemical,0,as-needed,247.1,21,8.3,3,37,17
patola,45,30.0,57.9,7.2,7.7,silty,3,organic,3,none,236.7,25,18.3,3,20,14
upo_smooth,61,19.0,70.3,8.2,7.2,clay,4,chemical,1,as-needed,124.9,79,6.1,2,4,7
patola,78,19.3,75.1,7.4,6.1,clay,7,mixed,2,intensive,134.2,11,24.3,4,16,5
cucumber,58,26.3,70.6,7.2,6.6,loamy,5,organic,2,regular,240.2,14,8.3,4,50,29
upo_smooth,87,31.2,60.6,6.2,6.7,loamy,3,mixed,2,regular,323.5,61,6.3,5,35,18
cucumber,84,18.7,55.1,6.3,6.6,loamy,6,organic,4,as-needed,250.8,25,5.1,3,18,7
patola,76,26.1,66.4,7.5,6.3,sandy,7,none,3,intensive,192.9,15,10.0,3,20,1
ampalaya_bilog,60,25.9,60.4,6.0,6.3,loamy,5,organic,1,none,231.3,46,19.8,3,17,9
ampalaya_bilog,21,27.7,62.0,3.8,6.7,loamy,6,organic,2,intensive,167.7,73,15.1,3,11,4
upo_smooth,55,25.2,61.1,4.3,6.6,loamy,5,chemical,2,intensive,190.4,56,21.7,5,43,25
ampalaya_bilog,39,26.6,66.0,6.3,6.7,loamy,5,mixed,2,as-needed,160.2,59,19.7,3,30,13
upo_smooth,107,26.4,66.1,7.9,6.3,clay,6,organic,2,intensive,332.7,48,19.4,4,31,16
cucumber,48,21.2,67.8,7.2,6.6,loamy,4,mixed,3,regular,263.7,13,22.1,3,41,21
ampalaya_bilog,82,32.1,72.4,6.8,6.1,silty,4,organic,2,as-needed,285.7,40,18.4,3,21,6
patola,67,30.0,71.8,6.7,6.3,silty,4,chemical,2,as-needed,131.2,63,18.2,3,28,11
cucumber,22,24.3,66.2,7.3,6.6,silty,3,chemical,3,regular,113.5,71,10.9,3,26,14
upo_smooth,82,27.6,76.8,6.0,6.2,silty,3,organic,3,regular,253.1,57,16.0,3,33,22
upo_smooth,55,26.8,68.4,6.2,6.3,clay,6,organic,2,as-needed,302.8,79,15.7,5,49,27
cucumber,42,21.3,70.8,8.1,5.5,loamy,6,mixed,1,regular,80.1,79,18.1,3,29,19
upo_smooth,45,20.5,68.5,6.8,7.1,loamy,7,organic,0,as-needed,396.0,32,22.1,2,31,11
cucumber,42,24.8,61.8,6.9,6.7,clay,5,mixed,3,intensive,245.6,33,19.0,5,51,31
patola,100,17.0,60.1,6.4,6.5,silty,7,organic,2,as-needed,233.5,41,19.7,5,21,7
cucumber,55,27.1,76.7,7.1,6.5,silty,6,none,2,intensive,67.8,54,23.9,3,16,14
ampalaya_bilog,32,19.0,77.4,7.4,6.1,clay,7,chemical,1,none,152.3,17,15.3,2,8,1
cucumber,52,15.7,65.5,7.9,5.4,loamy,5,none,2,regular,69.9,46,21.7,3,15,11
patola,73,18.1,78.4,10.3,6.1,clay,5,organic,3,as-needed,212.7,58,20.0,3,16,4
upo_smooth,36,28.1,64.5,7.9,5.3,clay,3,none,2,as-needed,302.2,45,23.3,4,27,13
upo_smooth,68,27.8,41.3,7.8,6.8,loamy,4,none,0,as-needed,289.1,26,8.3,3,25,4
patola,60,34.7,65.9,6.1,6.4,silty,7,organic,4,intensive,281.7,67,5.4,5,35,13
cucumber,82,34.8,41.4,6.3,5.5,clay,2,chemical,3,as-needed,252.0,15,18.7,2,15,8
upo_smooth,70,24.3,58.9,6.8,7.3,silty,4,chemical,4,regular,438.4,19,22.2,3,39,21
ampalaya_bilog,40,31.1,69.8,10.3,6.8,loamy,2,chemical,0,as-needed,174.9,61,14.9,1,3,9
patola,33,38.6,69.5,6.5,6.6,loamy,3,chemical,2,regular,323.0,36,23.6,3,19,8
cucumber,73,25.2,75.1,7.3,5.4,silty,8,mixed,1,as-needed,97.9,70,21.5,3,26,12
upo_smooth,65,24.6,79.2,10.8,6.6,loamy,4,none,4,regular,150.1,79,17.1,5,31,11
upo_smooth,33,22.6,51.0,10.3,5.8,loamy,5,organic,0,as-needed,217.6,37,20.1,1,20,3
ampalaya_bilog,22,28.5,63.6,10.9,6.2,loamy,5,organic,3,none,99.1,24,10.7,2,18,2
cucumber,26,38.7,64.3,6.5,6.6,clay,5,organic,4,none,86.6,51,20.1,5,15,10
ampalaya_bilog,64,18.3,71.0,6.6,6.1,loamy,2,chemical,0,as-needed,110.5,36,21.8,5,27,6
ampalaya_bilog,33,16.2,42.4,7.9,6.0,silty,6,organic,0,as-needed,120.5,18,15.4,3,16,5
upo_smooth,52,27.4,75.6,7.8,6.9,sandy,3,organic,2,as-needed,305.8,42,5.9,3,46,26
upo_smooth,41,36.7,63.7,7.6,6.1,loamy,4,chemical,4,regular,339.4,34,11.0,3,24,5
ampalaya_bilog,48,28.6,75.0,6.2,6.7,silty,5,chemical,3,as-needed,129.4,14,11.4,3,33,17
ampalaya_bilog,50,25.9,51.6,7.1,5.2,clay,6,mixed,4,intensive,281.6,53,7.6,4,43,16
patola,57,29.9,77.4,7.3,6.2,clay,6,organic,1,regular,329.6,49,18.9,4,25,12
upo_smooth,53,26.4,74.4,10.7,6.4,clay,6,chemical,3,regular,336.2,70,18.8,2,16,13
ampalaya_bilog,89,31.0,77.6,7.7,6.1,clay,2,chemical,3,none,145.4,74,17.3,3,20,11
patola,52,24.1,61.7,7.5,6.7,loamy,4,none,3,as-needed,254.9,18,24.9,4,26,2
patola,42,32.2,77.0,4.9,6.7,loamy,2,mixed,3,intensive,111.6,11,15.3,5,28,14
cucumber,24,23.0,64.8,7.2,7.2,loamy,3,mixed,3,regular,156.1,55,17.8,2,22,12
ampalaya_bilog,43,37.5,87.7,6.0,6.0,silty,6,organic,1,as-needed,175.5,36,11.4,4,25,8
cucumber,27,21.5,50.3,4.6,6.6,silty,6,organic,2,regular,253.7,62,16.6,4,19,11
upo_smooth,55,27.4,43.3,6.2,6.4,silty,4,organic,2,as-needed,421.0,28,24.8,3,38,20
ampalaya_bilog,21,27.0,60.0,11.9,6.1,clay,2,none,1,intensive,315.8,23,8.2,3,24,5
patola,57,30.0,56.8,6.5,6.1,loamy,2,organic,4,regular,165.5,66,18.1,5,32,13
cucumber,57,15.1,94.0,7.9,6.6,clay,2,organic,2,regular,155.4,40,22.3,5,28,12
cucumber,52,20.3,71.5,6.7,6.4,clay,5,chemical,3,as-needed,238.2,60,16.2,3,35,12
upo_smooth,45,24.4,72.8,6.7,5.7,sandy,3,mixed,0,none,160.6,39,11.7,2,25,13
cucumber,48,21.7,44.0,6.0,6.1,loamy,4,chemical,3,as-needed,130.3,67,14.9,3,23,19
cucumber,42,25.0,77.7,7.4,6.6,clay,2,organic,1,as-needed,80.7,66,11.8,4,42,22
cucumber,47,17.6,53.7,6.1,6.1,loamy,6,mixed,2,intensive,244.2,25,17.9,4,33,14
upo_smooth,53,39.6,61.8,10.3,5.2,loamy,4,chemical,2,regular,304.5,36,5.5,5,32,4
ampalaya_bilog,48,16.8,70.5,6.6,5.9,silty,5,chemical,3,as-needed,238.3,42,20.6,3,24,9
cucumber,49,24.9,80.6,6.6,5.4,loamy,4,organic,2,as-needed,158.2,24,24.6,1,15,7
ampalaya_bilog,80,21.3,74.6,7.8,6.8,loamy,7,mixed,3,none,321.8,43,21.0,2,6,4
cucumber,46,25.6,66.4,6.7,7.3,loamy,3,organic,3,as-needed,75.4,17,25.0,3,42,24
cucumber,35,19.1,60.9,6.5,6.7,loamy,4,organic,0,none,187.6,13,9.5,3,22,9
patola,90,17.3,70.5,8.9,6.1,clay,2,chemical,3,none,266.3,39,17.1,3,5,1
upo_smooth,70,28.0,63.6,4.0,6.1,loamy,3,organic,1,as-needed,154.6,37,16.1,2,38,14
cucumber,43,24.4,72.0,8.4,6.8,silty,5,mixed,2,as-needed,273.9,71,7.3,4,40,21
patola,82,25.4,74.2,6.5,6.1,clay,5,mixed,2,regular,167.6,48,15.7,3,14,8
patola,86,19.6,60.3,3.7,6.7,loamy,5,organic,3,regular,325.5,27,11.8,3,8,1
patola,54,28.4,67.7,7.9,6.3,silty,3,chemical,1,intensive,243.2,78,8.4,4,35,17
ampalaya_bilog,60,25.3,68.1,7.8,6.7,silty,3,mixed,1,as-needed,284.0,73,18.7,2,36,13
ampalaya_bilog,24,25.8,52.1,11.8,6.6,sandy,5,chemical,2,as-needed,191.5,69,18.4,4,13,16
patola,51,18.1,74.1,8.0,6.2,clay,3,chemical,0,as-needed,136.4,40,16.1,3,16,7
upo_smooth,74,25.2,69.4,11.1,6.1,loamy,5,organic,4,as-needed,176.3,25,6.7,3,31,19
upo_smooth,42,28.7,71.3,7.1,7.1,loamy,5,none,1,regular,267.0,25,9.8,4,31,11
upo_smooth,60,27.8,63.0,7.4,6.2,silty,3,none,2,intensive,299.0,51,15.8,1,6,11
upo_smooth,68,26.2,61.3,8.2,6.1,loamy,4,mixed,2,as-needed,383.2,39,13.9,3,48,26
upo_smooth,65,28.9,75.5,7.0,6.5,loamy,6,mixed,2,as-needed,342.6,22,24.4,4,48,21
patola,64,15.2,74.1,7.6,5.7,loamy,3,chemical,4,regular,255.7,45,16.9,4,25,11
cucumber,45,18.4,73.7,7.9,7.9,loamy,8,organic,3,regular,175.9,63,19.9,2,19,9
upo_smooth,62,28.4,61.9,5.1,6.5,silty,6,chemical,2,as-needed,303.2,60,14.6,3,39,24
cucumber,38,20.8,79.7,7.3,6.1,clay,5,chemical,0,none,267.3,75,5.4,3,28,13
cucumber,34,27.8,76.8,7.8,6.2,silty,8,none,0,none,135.2,66,15.1,3,15,5
cucumber,46,23.5,70.3,7.2,6.2,sandy,7,chemical,0,as-needed,199.1,24,7.1,4,41,19
cucumber,37,27.6,80.0,7.7,6.2,silty,4,organic,3,regular,147.0,20,13.7,4,51,28
ampalaya_bilog,48,35.6,67.8,6.4,7.9,loamy,3,organic,2,regular,98.5,76,10.5,1,11,1
ampalaya_bilog,55,29.7,40.6,8.0,6.1,loamy,5,chemical,3,as-needed,320.2,54,21.9,3,25,10
upo_smooth,70,39.8,62.3,7.0,6.4,sandy,4,chemical,0,as-needed,169.8,55,24.1,4,29,20
cucumber,51,21.0,79.5,6.3,6.0,loamy,3,chemical,2,regular,189.5,35,5.7,3,27,19
upo_smooth,34,27.8,75.7,7.5,6.3,loamy,5,chemical,2,as-needed,208.5,59,24.3,5,47,20
cucumber,87,36.6,43.2,4.0,6.1,sandy,4,chemical,2,as-needed,123.6,55,23.2,3,17,1
upo_smooth,51,25.1,71.0,6.4,6.2,loamy,3,organic,2,as-needed,439.5,15,17.9,2,38,14
cucumber,47,27.6,47.6,7.5,6.5,sandy,5,mixed,3,regular,200.3,28,11.9,4,36,16
patola,71,38.3,73.5,6.7,7.9,silty,4,organic,2,as-needed,341.3,40,22.6,4,21,8
patola,54,29.3,43.6,6.4,6.7,sandy,5,chemical,2,as-needed,120.6,16,10.5,3,20,10
ampalaya_bilog,71,28.3,78.6,5.3,6.6,silty,3,chemical,0,as-needed,118.7,55,17.0,1,5,1
upo_smooth,61,25.0,69.6,6.3,6.7,sandy,3,organic,4,regular,281.4,23,16.2,5,53,31
cucumber,23,18.0,71.6,7.5,6.0,clay,5,chemical,0,as-needed,84.7,73,12.3,5,28,7
upo_smooth,31,16.7,42.2,6.2,5.8,clay,3,chemical,2,as-needed,294.9,41,7.6,5,28,8
patola,46,39.5,69.9,7.7,6.8,loamy,5,organic,3,as-needed,354.7,78,6.7,3,17,2
cucumber,27,24.4,84.9,7.3,6.4,loamy,4,chemical,2,none,139.7,72,21.5,4,30,18
upo_smooth,63,37.6,69.4,8.4,6.9,silty,6,chemical,3,regular,289.5,46,7.1,3,9,17
cucumber,52,26.7,72.0,6.8,6.8,loamy,3,none,2,as-needed,193.9,23,6.7,3,17,12
ampalaya_bilog,34,28.8,74.0,6.6,6.3,loamy,6,organic,3,as-needed,223.6,79,24.0,3,24,15
cucumber,25,35.8,63.0,6.1,7.6,clay,5,chemical,4,none,106.6,61,10.3,3,24,5
upo_smooth,66,27.6,62.3,6.4,6.1,loamy,6,organic,4,regular,285.3,12,24.1,2,16,18
ampalaya_bilog,51,28.6,62.6,6.2,6.7,loamy,7,chemical,4,regular,146.6,72,8.7,3,23,10
cucumber,34,20.3,73.0,3.4,6.7,loamy,6,mixed,2,regular,200.0,60,21.4,4,18,14
upo_smooth,62,28.2,72.0,7.1,7.6,loamy,5,organic,1,regular,257.5,53,21.5,3,54,24
cucumber,46,25.1,61.5,6.3,6.1,clay,5,mixed,2,as-needed,80.9,68,13.3,5,45,21
cucumber,57,29.8,76.9,6.1,6.2,clay,6,mixed,1,as-needed,219.2,50,6.3,3,30,19
patola,53,26.2,77.5,7.1,7.5,sandy,4,none,3,regular,359.4,19,21.4,3,24,3
upo_smooth,68,27.5,72.2,7.6,6.2,clay,5,none,2,as-needed,376.5,26,14.1,2,19,13
patola,65,29.6,68.9,7.5,6.2,clay,4,chemical,2,none,153.7,38,12.1,5,37,15
upo_smooth,38,18.1,71.0,7.2,7.3,silty,5,chemical,4,regular,335.8,60,10.2,4,27,15
ampalaya_bilog,56,33.6,66.1,9.4,6.4,sandy,5,mixed,4,none,241.5,49,22.8,4,32,10
patola,59,15.9,77.9,6.6,6.2,silty,6,organic,2,as-needed,288.2,24,6.7,1,10,2
upo_smooth,64,28.7,41.0,6.7,6.3,silty,5,none,4,as-needed,263.4,74,21.6,3,22,3
ampalaya_bilog,52,27.2,88.6,7.3,6.6,clay,5,chemical,3,regular,164.9,62,9.1,4,38,19
ampalaya_bilog,86,26.5,42.9,7.6,6.7,loamy,6,organic,2,intensive,172.8,61,22.6,2,10,3
ampalaya_bilog,81,27.2,46.8,10.7,6.6,loamy,4,organic,1,regular,235.8,24,14.5,5,20,10
upo_smooth,36,25.5,72.9,7.7,6.4,loamy,2,organic,3,as-needed,267.7,29,10.5,2,19,19
ampalaya_bilog,25,35.8,60.4,4.3,7.7,sandy,3,organic,2,regular,142.4,21,9.7,3,12,6
ampalaya_bilog,46,25.4,70.1,6.9,6.5,silty,2,mixed,2,regular,317.6,31,6.8,3,36,11
ampalaya_bilog,45,30.7,69.1,9.3,6.1,loamy,5,organic,3,regular,132.0,73,13.8,4,35,20
cucumber,35,24.2,78.7,8.3,6.1,loamy,5,chemical,2,regular,198.6,20,8.6,5,41,23
patola,80,29.9,50.4,6.0,6.6,loamy,3,none,2,regular,275.9,45,24.5,1,12,1
upo_smooth,86,24.2,62.7,6.2,6.0,silty,5,none,1,none,120.3,46,12.6,4,27,9
cucumber,36,27.8,75.0,7.5,6.1,silty,6,organic,1,regular,210.7,16,23.1,4,41,24
ampalaya_bilog,41,22.8,60.2,6.5,6.5,loamy,5,mixed,3,none,205.3,17,9.8,5,34,12
patola,57,25.4,75.0,7.5,6.5,loamy,7,organic,2,intensive,361.7,76,18.2,4,20,14
upo_smooth,47,27.6,93.6,6.7,6.7,loamy,6,chemical,1,none,368.0,25,22.8,2,26,11
patola,83,25.7,65.0,7.8,6.7,loamy,6,chemical,1,regular,361.1,49,20.2,4,21,15
cucumber,25,20.0,64.6,6.7,6.7,silty,4,none,1,as-needed,233.7,73,9.2,3,10,10
ampalaya_bilog,29,28.0,77.8,6.9,6.7,silty,5,organic,2,regular,140.5,61,16.0,2,15,10
patola,67,29.9,66.5,8.4,6.7,loamy,5,mixed,4,as-needed,260.9,74,5.6,5,24,11
patola,102,26.7,61.5,7.3,6.4,clay,3,none,1,none,226.5,42,17.9,2,10,1
upo_smooth,37,24.1,90.5,9.8,6.0,sandy,5,organic,3,intensive,295.3,76,8.0,3,27,16
ampalaya_bilog,56,20.5,75.3,10.2,6.6,sandy,5,mixed,4,as-needed,195.9,14,22.5,4,26,12
ampalaya_bilog,58,33.2,73.0,6.6,6.4,silty,5,organic,1,none,133.8,44,11.9,3,28,8
ampalaya_bilog,58,26.2,76.5,7.6,6.1,clay,4,chemical,1,none,328.2,20,24.8,5,35,19
patola,63,25.8,83.7,6.8,6.3,loamy,2,chemical,3,none,207.4,43,20.5,4,18,11
upo_smooth,100,24.6,69.8,11.8,6.5,loamy,4,organic,3,none,369.7,50,15.0,5,25,17
upo_smooth,57,30.1,94.2,10.5,7.5,loamy,4,none,1,regular,363.7,73,7.4,2,4,15
cucumber,46,24.5,79.4,11.6,6.4,clay,2,chemical,2,none,119.8,30,19.3,4,17,14
upo_smooth,73,38.9,62.2,7.5,6.3,silty,4,chemical,3,regular,286.0,19,19.2,5,39,17
patola,45,25.5,77.5,10.7,6.8,loamy,2,organic,2,none,239.8,38,13.5,5,29,10
cucumber,55,33.4,62.5,7.4,6.4,loamy,5,none,3,regular,62.7,47,10.0,3,28,12
patola,71,31.5,64.0,10.9,6.1,loamy,5,chemical,4,none,339.2,14,9.8,1,5,1
ampalaya_bilog,85,35.4,47.3,5.1,6.9,loamy,5,organic,3,as-needed,202.6,66,8.6,2,7,5
cucumber,79,29.9,73.8,7.4,6.7,loamy,4,chemical,2,none,141.1,61,14.8,5,24,11
upo_smooth,53,28.0,44.4,7.0,6.7,loamy,4,chemical,3,none,188.5,16,6.9,5,42,17
patola,45,20.2,87.9,4.9,6.7,loamy,3,chemical,4,as-needed,294.4,51,11.6,4,26,9
cucumber,46,20.4,70.4,11.1,6.3,loamy,4,chemical,4,none,161.2,65,18.8,2,13,2
upo_smooth,59,25.1,85.2,9.4,5.1,loamy,4,organic,1,regular,366.4,67,21.8,3,39,24
upo_smooth,57,26.6,75.1,10.2,6.0,loamy,5,organic,1,none,411.7,13,12.3,3,35,19
ampalaya_bilog,42,23.6,75.2,6.8,6.4,loamy,5,chemical,0,as-needed,103.8,23,16.2,5,45,11
ampalaya_bilog,47,27.3,60.9,9.9,6.3,loamy,4,chemical,3,none,242.5,32,16.7,3,19,10
patola,48,27.1,77.0,7.4,6.0,clay,8,organic,4,intensive,147.2,74,18.5,3,27,5
cucumber,91,36.6,79.9,6.2,6.1,clay,4,none,2,regular,78.8,10,14.1,1,5,2
upo_smooth,64,27.1,77.9,7.3,6.4,loamy,8,mixed,2,as-needed,361.7,45,24.9,4,42,16
patola,70,31.0,74.1,7.1,7.3,silty,3,chemical,2,as-needed,363.1,11,10.5,5,42,13
ampalaya_bilog,49,29.4,73.3,6.6,6.3,loamy,4,mixed,2,regular,252.7,67,23.9,4,30,19
cucumber,23,37.5,79.7,7.1,6.4,silty,3,organic,2,none,226.8,19,5.9,5,27,12
upo_smooth,47,26.2,82.0,9.0,6.5,silty,2,none,3,as-needed,435.7,25,8.7,4,22,5
ampalaya_bilog,69,32.0,94.6,6.6,6.2,sandy,2,organic,3,regular,329.8,30,10.6,2,14,3
upo_smooth,36,29.3,77.4,8.5,6.0,loamy,5,organic,1,regular,301.6,32,20.3,4,38,8
upo_smooth,67,28.2,54.7,7.9,6.3,clay,7,chemical,2,regular,219.7,73,20.9,4,46,22
ampalaya_bilog,96,25.8,68.2,6.0,6.5,loamy,2,chemical,1,as-needed,148.8,55,16.1,2,21,6
upo_smooth,94,26.3,79.9,9.8,6.4,silty,4,organic,3,none,381.5,51,8.3,3,28,9
cucumber,31,18.8,52.9,3.1,6.6,loamy,6,organic,4,as-needed,203.8,32,14.0,4,19,2
upo_smooth,51,26.3,72.4,6.3,7.8,sandy,3,organic,1,as-needed,157.6,19,21.0,4,54,23
patola,64,34.8,74.9,6.7,6.5,loamy,5,organic,2,none,247.4,42,7.2,3,25,14
patola,64,26.4,64.9,7.3,6.3,silty,4,organic,2,as-needed,221.3,18,6.3,3,19,12
patola,58,25.0,66.4,9.5,6.5,clay,3,chemical,1,as-needed,334.7,33,21.3,3,17,9
patola,38,21.3,71.2,4.1,6.6,loamy,4,chemical,4,as-needed,284.7,67,5.5,4,28,10
cucumber,55,22.5,60.8,9.5,6.6,loamy,5,none,3,regular,82.8,23,18.2,2,17,9
patola,48,24.9,60.9,6.1,6.1,loamy,3,chemical,1,as-needed,359.5,64,15.5,2,17,8
upo_smooth,62,16.4,78.1,7.7,5.0,loamy,3,organic,2,intensive,390.3,77,14.7,4,41,19
upo_smooth,64,16.0,82.1,11.8,6.7,clay,5,mixed,2,as-needed,189.6,20,20.8,2,8,1
ampalaya_bilog,60,28.2,71.2,5.4,5.9,clay,2,organic,3,regular,199.3,58,12.8,2,28,3
cucumber,39,31.9,88.4,6.4,6.6,loamy,8,chemical,1,intensive,188.5,30,21.4,1,6,6
patola,60,28.2,93.1,7.5,5.7,sandy,5,organic,2,regular,337.5,19,23.4,1,13,4
cucumber,39,21.0,61.2,6.1,6.4,silty,4,organic,2,regular,125.7,31,22.2,2,35,15
patola,51,18.4,69.4,8.6,6.8,loamy,5,organic,2,none,149.5,21,17.7,4,16,11
ampalaya_bilog,58,27.5,67.8,11.6,6.7,loamy,3,mixed,2,as-needed,154.6,66,14.1,4,26,11
upo_smooth,36,38.1,65.6,5.0,6.4,silty,3,organic,3,as-needed,428.0,28,13.8,2,14,7
ampalaya_bilog,37,33.6,72.0,10.3,6.8,silty,4,mixed,4,regular,170.0,62,10.4,4,30,12
cucumber,53,28.3,51.1,11.7,6.3,clay,4,organic,2,as-needed,177.5,15,21.7,3,31,13
upo_smooth,104,25.2,53.3,7.5,7.1,loamy,3,chemical,0,as-needed,167.8,75,19.0,3,23,15
upo_smooth,65,26.5,68.7,5.0,6.6,sandy,7,organic,2,regular,134.9,30,20.5,3,49,18
ampalaya_bilog,61,39.0,62.2,7.5,6.3,clay,7,organic,1,intensive,203.3,38,12.1,3,17,13
ampalaya_bilog,25,39.4,66.5,11.3,6.2,clay,2,organic,1,as-needed,329.0,58,12.7,4,15,3
upo_smooth,64,26.5,67.3,6.6,6.1,clay,3,chemical,2,regular,384.4,24,18.5,2,27,12
upo_smooth,62,24.6,61.3,7.8,6.4,clay,4,organic,3,none,378.5,17,17.5,3,36,20
patola,60,26.2,63.1,6.6,6.8,clay,4,organic,1,regular,109.1,20,15.7,2,20,8
patola,54,31.6,66.7,7.9,5.7,loamy,5,none,3,regular,192.3,17,20.8,3,11,1
cucumber,46,26.0,76.3,6.1,6.2,loamy,4,chemical,2,as-needed,225.0,11,22.3,1,19,7
cucumber,49,26.8,67.2,6.3,6.7,loamy,5,organic,3,regular,178.7,25,23.3,3,37,22
upo_smooth,32,27.9,66.5,6.0,6.4,loamy,4,chemical,2,regular,179.1,70,12.3,3,35,14
ampalaya_bilog,36,29.5,69.9,7.7,6.2,loamy,5,chemical,3,as-needed,226.3,78,23.0,5,42,16
ampalaya_bilog,52,29.9,88.7,4.2,7.1,silty,5,mixed,3,none,250.7,31,14.1,2,21,4
ampalaya_bilog,70,28.8,69.7,6.2,6.1,silty,4,organic,2,as-needed,272.0,62,17.2,2,25,10
upo_smooth,52,24.6,94.5,7.4,6.6,clay,5,mixed,2,regular,375.3,36,14.1,5,48,21
patola,64,18.6,60.6,7.4,7.4,sandy,2,none,1,as-needed,137.8,79,25.0,3,15,3
ampalaya_bilog,35,26.2,75.2,9.4,6.3,clay,4,chemical,1,regular,102.5,69,9.0,5,40,14
ampalaya_bilog,32,34.2,60.0,9.6,6.1,loamy,4,chemical,3,intensive,270.0,69,14.4,3,30,5
ampalaya_bilog,42,26.2,65.1,4.2,6.4,clay,3,chemical,3,as-needed,188.6,24,24.5,4,31,17
upo_smooth,51,27.7,43.9,6.8,6.6,clay,3,chemical,3,none,165.2,35,11.0,4,33,23
upo_smooth,52,29.2,69.4,7.9,6.1,loamy,8,organic,2,none,165.2,71,11.0,3,31,11
ampalaya_bilog,58,25.1,62.4,4.2,6.7,loamy,6,organic,2,intensive,270.0,66,7.7,2,18,12
patola,30,35.2,62.5,6.9,6.0,loamy,4,chemical,4,regular,169.6,54,11.9,4,14,6
ampalaya_bilog,81,27.9,62.1,6.5,6.3,loamy,7,chemical,2,regular,310.3,27,17.3,3,25,5
cucumber,47,23.6,61.9,6.7,6.1,loamy,4,mixed,2,intensive,244.1,49,10.5,3,45,26
upo_smooth,52,27.4,75.3,6.4,6.1,sandy,2,chemical,0,as-needed,435.4,65,20.0,3,39,25
cucumber,24,23.5,72.6,7.7,7.4,clay,5,organic,0,regular,182.4,29,10.5,3,37,15
upo_smooth,105,26.0,77.7,10.1,6.7,loamy,2,none,2,intensive,169.5,29,24.9,3,20,1
ampalaya_bilog,92,27.5,63.8,7.6,6.5,loamy,5,organic,3,regular,275.1,65,6.8,2,13,10
cucumber,40,22.0,62.1,7.5,6.6,sandy,3,organic,2,regular,93.0,67,7.7,3,35,19
upo_smooth,107,24.2,71.9,11.7,6.6,loamy,4,chemical,2,regular,401.2,21,7.3,4,13,14
cucumber,42,23.3,64.6,7.7,6.8,loamy,4,chemical,3,as-needed,237.3,58,24.4,3,31,20
patola,36,19.5,79.2,6.2,6.1,clay,5,chemical,2,intensive,191.8,29,24.2,2,18,9
patola,55,34.2,77.4,7.4,5.7,loamy,5,organic,2,intensive,251.6,79,22.3,4,40,11
cucumber,54,23.3,73.9,7.5,5.6,sandy,4,mixed,2,regular,84.6,31,12.8,5,50,34
ampalaya_bilog,75,29.4,79.0,7.1,6.7,loamy,6,organic,3,as-needed,114.3,37,22.6,5,37,15
cucumber,35,20.3,66.4,3.3,6.4,silty,2,chemical,2,none,67.3,25,18.7,5,17,9
patola,52,26.2,50.4,6.5,6.8,clay,2,organic,1,regular,151.9,15,8.5,3,28,9
cucumber,74,21.9,72.2,7.1,6.8,clay,5,organic,3,as-needed,272.7,27,9.5,2,13,10
patola,52,20.0,67.8,10.1,6.0,silty,4,mixed,2,intensive,223.8,21,5.4,4,22,13
cucumber,40,29.0,60.6,6.3,5.8,loamy,6,mixed,1,none,271.1,19,20.0,4,36,14
ampalaya_bilog,48,26.3,76.2,7.4,6.3,clay,3,organic,1,as-needed,145.3,50,21.0,4,30,24
patola,54,30.0,75.3,7.7,6.1,clay,6,mixed,3,regular,320.7,41,14.2,3,15,13
cucumber,35,26.6,60.3,8.3,6.1,loamy,4,organic,1,intensive,148.9,54,9.1,5,34,20
patola,52,15.5,61.4,5.7,6.0,clay,6,none,0,intensive,278.6,77,14.2,2,10,2
upo_smooth,72,15.8,43.0,7.4,6.2,clay,6,mixed,1,none,159.1,35,14.8,3,23,1
patola,82,25.4,73.0,7.4,6.0,loamy,5,organic,1,regular,331.9,21,16.0,2,15,3
upo_smooth,40,27.1,74.0,6.6,6.5,sandy,5,organic,2,as-needed,352.2,25,12.8,4,39,25
ampalaya_bilog,41,22.5,42.0,9.7,6.6,loamy,4,chemical,3,as-needed,119.2,48,11.5,3,20,14
upo_smooth,62,15.2,66.7,8.4,6.6,sandy,7,chemical,2,regular,436.5,79,17.2,4,20,15
upo_smooth,93,30.7,63.6,7.9,5.2,loamy,4,organic,3,as-needed,198.8,76,7.5,2,22,9
patola,47,28.5,61.9,7.5,6.7,loamy,5,chemical,0,as-needed,353.4,59,13.4,2,16,7
upo_smooth,53,29.9,76.8,7.7,6.5,loamy,7,chemical,1,regular,240.5,56,24.9,1,8,1
ampalaya_bilog,50,29.4,63.9,7.6,6.4,silty,5,chemical,4,as-needed,130.4,33,8.3,3,28,19
ampalaya_bilog,50,31.8,67.6,6.7,6.2,loamy,7,organic,2,regular,323.0,78,16.6,1,13,8
ampalaya_bilog,47,26.4,73.7,7.5,6.5,loamy,7,organic,1,none,225.2,17,7.8,3,28,7
patola,47,28.7,48.0,6.0,6.1,loamy,3,organic,3,regular,194.3,27,9.3,4,22,14
cucumber,62,36.2,70.1,7.6,6.7,loamy,5,chemical,2,as-needed,250.7,44,24.6,4,20,10
upo_smooth,50,24.2,62.5,5.5,6.5,loamy,6,none,2,regular,137.2,20,22.9,2,16,11
upo_smooth,101,24.1,62.9,6.8,6.1,silty,7,organic,2,as-needed,215.0,75,19.4,5,38,20
patola,88,29.0,64.1,6.4,6.3,loamy,3,organic,2,as-needed,350.6,35,23.7,3,23,11
patola,47,17.1,77.8,6.6,6.2,loamy,3,mixed,1,intensive,111.2,44,5.7,5,22,12
cucumber,52,24.4,76.6,3.7,6.2,loamy,7,chemical,2,regular,82.5,63,16.3,5,16,11
patola,86,31.0,86.2,7.4,6.7,loamy,6,organic,3,intensive,291.2,78,9.4,4,22,7
upo_smooth,65,27.8,61.2,6.6,6.3,silty,8,chemical,2,as-needed,141.5,50,12.2,3,30,22
upo_smooth,80,29.8,78.9,6.7,6.5,clay,5,organic,2,none,415.8,16,16.6,5,50,17
ampalaya_bilog,87,26.8,63.1,9.5,5.9,loamy,3,organic,2,as-needed,115.4,75,5.9,4,25,10
cucumber,44,22.6,49.0,5.1,6.3,sandy,4,mixed,3,regular,87.4,41,17.8,5,52,17
patola,52,26.1,67.5,7.0,6.2,sandy,2,organic,2,as-needed,228.2,12,17.6,5,28,11
ampalaya_bilog,46,28.0,55.1,6.8,6.8,loamy,3,mixed,2,as-needed,311.2,63,19.6,4,34,16
cucumber,58,38.6,46.0,3.9,6.7,loamy,6,organic,2,regular,125.9,51,21.9,5,16,4
ampalaya_bilog,67,17.2,42.4,8.7,5.0,silty,6,mixed,3,regular,115.1,37,19.5,3,17,1
patola,48,37.9,44.9,6.9,6.2,loamy,4,organic,3,regular,337.6,70,13.7,3,17,9
patola,26,27.0,87.8,4.8,6.6,clay,2,organic,1,intensive,384.7,13,18.4,4,25,5
upo_smooth,56,18.0,78.4,7.8,6.6,silty,5,organic,2,regular,187.2,26,18.1,4,43,21
patola,54,29.6,83.4,6.2,6.6,loamy,2,chemical,2,as-needed,338.9,32,16.6,3,22,12
upo_smooth,69,24.6,73.4,7.8,6.2,clay,3,organic,1,regular,269.9,54,18.6,4,60,25
patola,48,29.3,69.7,5.5,6.2,silty,5,organic,2,as-needed,214.5,19,21.5,5,36,17
ampalaya_bilog,55,28.5,62.5,7.0,6.6,sandy,3,none,2,as-needed,298.1,62,6.7,4,19,14
patola,31,26.2,73.5,10.9,5.9,silty,5,organic,3,regular,266.8,72,6.9,3,15,12
cucumber,38,22.6,62.3,6.0,7.6,loamy,3,chemical,2,as-needed,234.4,43,10.9,5,42,24
patola,82,30.8,74.2,7.8,6.5,loamy,4,organic,2,regular,250.6,61,15.6,2,20,6
cucumber,21,26.8,67.6,7.6,6.3,loamy,5,organic,2,none,204.5,64,23.1,3,13,13
patola,55,15.6,65.7,7.8,7.8,loamy,5,chemical,3,as-needed,127.3,39,15.9,4,19,6
upo_smooth,66,28.2,60.0,7.1,5.7,clay,2,mixed,3,as-needed,406.6,58,13.5,2,33,7
cucumber,36,25.6,91.6,5.9,6.6,loamy,4,chemical,1,none,257.7,43,14.6,4,16,19
cucumber,86,21.2,62.0,6.9,6.4,sandy,5,mixed,2,regular,227.5,42,10.0,5,36,20
upo_smooth,50,28.2,60.1,4.6,6.8,loamy,4,organic,2,none,425.9,45,19.7,3,34,22
patola,39,28.7,50.1,7.8,6.1,loamy,2,organic,1,as-needed,170.3,66,24.0,4,28,9
upo_smooth,78,24.5,63.5,7.5,6.3,silty,6,none,3,intensive,420.7,68,17.6,3,31,14
cucumber,24,31.5,74.4,7.9,6.0,clay,5,organic,2,regular,160.7,40,17.6,4,40,19
ampalaya_bilog,55,26.0,43.2,6.6,5.6,loamy,5,organic,2,regular,179.7,50,15.0,2,23,10
upo_smooth,42,24.0,69.9,6.8,5.0,loamy,3,none,3,none,263.7,39,8.6,5,34,12
cucumber,76,27.8,72.0,7.5,6.4,loamy,5,organic,2,as-needed,234.4,61,17.9,4,29,13
cucumber,78,24.8,79.2,6.4,6.4,loamy,4,mixed,0,intensive,157.5,49,19.8,3,31,12
upo_smooth,107,25.2,69.2,6.3,6.1,loamy,5,chemical,2,regular,354.3,72,13.3,4,46,17
ampalaya_bilog,47,31.8,64.0,7.4,7.1,clay,6,organic,4,as-needed,234.2,56,13.4,3,29,14
patola,65,25.4,69.9,7.6,6.0,sandy,2,none,2,as-needed,125.0,28,9.9,3,23,9
ampalaya_bilog,36,29.9,72.3,10.9,6.5,loamy,2,chemical,3,none,242.1,30,20.3,3,19,4
upo_smooth,91,29.0,73.2,6.6,6.3,silty,6,chemical,4,intensive,416.9,25,19.4,4,30,21
ampalaya_bilog,88,24.7,60.9,7.1,6.7,sandy,6,organic,2,as-needed,186.0,20,15.1,4,22,2
patola,28,28.6,74.0,7.3,7.0,loamy,4,chemical,2,regular,303.3,16,12.7,3,26,5
ampalaya_bilog,80,25.0,93.8,9.0,6.4,loamy,5,chemical,3,regular,324.1,50,11.8,4,20,7
cucumber,29,24.6,69.5,7.8,6.5,clay,5,mixed,0,as-needed,258.8,21,14.1,3,37,17
cucumber,43,21.0,68.2,6.3,8.0,loamy,7,organic,2,regular,272.0,17,7.5,3,34,19
cucumber,72,27.1,62.9,7.6,6.8,clay,2,organic,3,intensive,72.8,33,18.0,3,24,11
ampalaya_bilog,24,28.9,47.9,6.6,6.5,loamy,4,chemical,0,regular,305.0,14,7.8,4,11,5
upo_smooth,74,39.6,79.2,7.6,7.0,silty,5,organic,2,regular,366.3,46,9.3,5,37,20
ampalaya_bilog,47,27.2,78.9,4.1,7.7,loamy,4,mixed,3,regular,310.5,27,20.1,3,32,17
ampalaya_bilog,48,29.0,68.5,7.2,6.7,sandy,7,mixed,1,as-needed,213.0,64,9.4,2,30,11
ampalaya_bilog,20,32.0,71.2,7.8,6.7,clay,6,chemical,3,as-needed,117.5,68,15.0,2,16,8
patola,64,26.6,62.7,6.4,6.6,clay,4,mixed,3,regular,157.5,73,15.5,3,31,15
cucumber,25,27.7,78.9,10.5,6.4,sandy,6,organic,2,intensive,175.3,54,11.8,4,23,20
cucumber,53,23.1,72.6,6.9,5.3,loamy,4,organic,2,none,82.8,61,8.7,3,31,17
cucumber,31,28.7,78.8,6.9,6.2,sandy,3,none,3,as-needed,83.9,29,23.7,3,25,10
patola,52,31.2,67.0,11.0,5.5,sandy,7,none,0,as-needed,185.3,49,24.2,3,16,3
ampalaya_bilog,47,25.6,77.5,9.6,6.5,clay,5,chemical,0,as-needed,221.0,42,23.0,5,33,21
ampalaya_bilog,52,29.4,76.1,6.6,6.2,loamy,5,organic,4,regular,287.4,19,22.2,5,56,21
upo_smooth,73,25.1,93.8,7.6,7.3,sandy,2,mixed,2,as-needed,356.9,18,10.7,4,43,10
cucumber,88,38.3,62.3,6.8,6.8,loamy,5,chemical,3,regular,76.1,75,15.9,3,14,10
patola,47,27.6,69.6,4.8,6.2,loamy,5,organic,1,as-needed,122.4,73,14.0,1,1,5
cucumber,47,26.7,60.6,6.9,5.7,loamy,3,organic,2,as-needed,114.1,40,16.0,4,47,22
patola,50,30.8,76.8,7.1,6.1,clay,4,organic,1,none,239.7,68,7.6,3,25,4
upo_smooth,39,26.0,85.1,7.9,6.8,sandy,5,organic,2,as-needed,135.4,59,24.3,3,37,16
patola,79,18.4,60.7,5.9,6.8,sandy,3,organic,2,none,375.4,49,21.3,4,18,6
cucumber,73,31.1,75.8,7.0,6.8,loamy,4,chemical,2,regular,144.4,70,13.5,3,27,10
cucumber,35,33.1,63.9,11.7,6.4,silty,4,chemical,3,as-needed,152.7,33,10.7,3,30,13
patola,56,17.0,82.0,6.5,7.9,clay,3,organic,4,regular,220.9,20,19.5,3,28,11
upo_smooth,39,28.0,42.6,6.1,6.5,loamy,4,chemical,4,intensive,142.3,15,17.0,3,32,16
ampalaya_bilog,83,25.5,61.3,7.6,6.9,clay,5,organic,2,as-needed,166.4,26,16.1,2,16,10
ampalaya_bilog,40,36.5,83.2,6.2,6.4,silty,3,chemical,2,intensive,169.2,77,23.0,3,18,3
cucumber,47,27.6,66.2,9.6,6.3,loamy,6,mixed,2,as-needed,94.8,48,22.6,3,33,18
patola,61,35.6,65.2,7.6,6.4,loamy,4,chemical,2,intensive,168.6,27,9.2,4,14,11
ampalaya_bilog,40,26.5,65.9,9.7,7.7,silty,5,chemical,3,as-needed,109.0,26,20.9,1,12,9
cucumber,87,37.2,42.5,6.8,6.8,sandy,5,chemical,3,as-needed,170.9,75,24.9,4,19,4
cucumber,40,24.6,45.0,6.3,6.6,loamy,5,chemical,1,intensive,117.5,47,21.8,3,27,11
upo_smooth,73,15.2,65.8,7.1,6.6,clay,2,chemical,2,regular,314.8,10,18.3,5,37,9
upo_smooth,36,18.8,75.9,7.8,6.0,loamy,4,organic,0,none,376.6,73,8.0,3,23,9
patola,50,36.8,71.2,7.2,6.6,loamy,4,organic,0,regular,350.3,74,15.3,4,19,11
patola,40,32.7,76.2,5.4,7.7,sandy,8,organic,2,regular,366.0,32,11.6,4,15,10
patola,45,29.6,76.3,6.7,6.7,loamy,5,organic,3,as-needed,339.5,78,20.3,3,35,14
cucumber,40,19.2,78.3,5.0,6.0,loamy,5,organic,1,as-needed,152.7,21,14.8,3,28,13
upo_smooth,65,39.0,55.5,3.9,6.4,loamy,5,none,2,intensive,265.6,17,6.7,3,5,7
patola,53,15.5,62.3,5.1,6.2,silty,3,organic,2,as-needed,133.9,25,15.4,4,22,13
upo_smooth,66,25.4,48.4,6.2,6.3,loamy,5,chemical,2,as-needed,278.2,65,17.9,1,15,6
cucumber,37,25.8,79.0,7.2,6.8,clay,5,chemical,2,none,274.3,54,14.8,3,27,10
cucumber,51,27.8,68.0,7.0,6.3,sandy,5,chemical,4,none,174.7,25,20.1,3,22,17
patola,56,18.0,74.4,7.0,6.2,clay,5,organic,2,as-needed,232.7,68,13.7,5,30,6
upo_smooth,35,24.9,56.0,9.4,6.5,loamy,5,organic,1,as-needed,331.1,13,10.9,4,40,18
upo_smooth,108,26.7,64.2,7.6,6.3,silty,4,none,2,as-needed,169.2,75,17.7,5,22,12
upo_smooth,57,24.8,50.4,3.4,6.6,sandy,5,chemical,0,none,300.2,36,19.0,4,17,6
ampalaya_bilog,95,17.2,40.9,6.5,6.8,silty,3,chemical,1,intensive,160.0,71,10.7,4,11,2
upo_smooth,59,37.2,78.1,6.3,5.5,loamy,4,organic,2,as-needed,297.7,39,13.7,3,31,13
cucumber,47,21.0,63.0,6.3,6.4,loamy,2,none,1,intensive,84.0,60,21.4,2,23,8
ampalaya_bilog,23,25.8,61.9,7.3,6.5,sandy,5,organic,4,regular,323.4,12,10.7,2,11,10
ampalaya_bilog,35,26.9,60.6,7.5,6.7,clay,7,organic,2,none,91.7,26,7.0,3,18,12
cucumber,47,20.5,69.5,8.4,7.4,silty,7,organic,3,as-needed,76.3,67,18.9,5,38,24
cucumber,51,25.9,62.9,5.3,6.1,clay,7,organic,3,as-needed,190.5,16,9.8,2,15,10
ampalaya_bilog,25,29.1,75.5,6.1,7.9,clay,7,organic,2,regular,166.2,69,23.9,5,25,17
cucumber,47,27.6,79.5,6.5,6.4,silty,7,chemical,1,as-needed,199.0,43,13.3,3,26,13
cucumber,55,15.2,72.9,6.7,5.5,loamy,4,mixed,0,none,106.4,15,21.6,1,6,10
patola,66,25.1,64.5,6.7,6.1,loamy,7,chemical,1,as-needed,225.8,16,22.7,3,12,10
patola,77,30.2,68.3,7.3,6.8,clay,8,organic,3,intensive,120.5,70,13.2,3,15,10
cucumber,38,15.8,52.6,6.0,6.5,clay,4,chemical,2,regular,152.6,75,23.6,4,30,16
upo_smooth,64,19.5,63.0,6.1,6.2,clay,4,mixed,2,regular,215.1,41,17.7,3,23,17
upo_smooth,34,37.5,84.4,6.6,6.2,clay,5,organic,2,as-needed,149.6,76,21.7,2,18,7
ampalaya_bilog,40,18.5,57.6,4.4,5.9,silty,4,organic,2,intensive,145.8,29,24.4,2,6,6
upo_smooth,107,20.3,68.1,5.6,6.3,loamy,5,organic,2,regular,376.7,69,8.2,2,28,11
patola,63,30.3,70.8,6.8,6.2,silty,6,none,0,as-needed,364.0,63,24.2,3,15,8
ampalaya_bilog,97,26.3,92.8,6.9,6.6,clay,8,organic,2,none,126.0,49,8.2,4,9,8
upo_smooth,57,16.8,77.6,6.9,6.5,sandy,4,organic,2,as-needed,200.5,34,12.6,3,33,10
upo_smooth,33,27.5,61.0,7.1,6.5,loamy,4,organic,1,as-needed,174.8,69,21.1,4,48,23
patola,56,25.1,41.3,6.2,6.3,loamy,6,chemical,2,as-needed,297.4,21,10.6,3,10,7
cucumber,64,24.4,79.8,7.8,6.3,loamy,7,chemical,1,as-needed,64.4,32,17.4,3,29,18
ampalaya_bilog,45,27.6,63.7,6.4,5.7,sandy,4,mixed,2,as-needed,246.7,55,24.0,5,45,17
ampalaya_bilog,47,18.3,65.1,6.1,6.1,loamy,6,chemical,3,regular,303.8,51,23.4,3,12,8
patola,60,34.8,72.4,7.9,6.4,loamy,5,chemical,2,regular,190.7,39,24.1,3,21,10
patola,64,29.1,65.8,7.9,6.3,clay,4,mixed,2,as-needed,243.5,19,16.7,4,44,15
patola,55,26.6,72.4,10.8,6.9,loamy,5,organic,4,as-needed,378.4,27,20.4,4,28,15
upo_smooth,106,27.9,65.1,5.2,7.6,clay,6,chemical,2,regular,205.0,59,7.7,3,24,6
cucumber,29,36.6,64.6,7.7,6.4,loamy,3,organic,1,intensive,202.5,32,10.9,3,23,13
upo_smooth,38,39.6,72.9,7.1,5.4,loamy,5,mixed,1,regular,217.3,75,14.4,4,28,14
patola,30,29.4,78.3,6.2,6.3,silty,8,organic,0,intensive,357.0,50,22.8,5,31,11
cucumber,66,24.7,64.6,6.5,6.5,sandy,8,chemical,0,as-needed,270.6,73,8.0,5,30,16
upo_smooth,32,20.3,68.0,7.6,6.1,loamy,4,organic,0,regular,234.5,49,5.2,3,32,21
ampalaya_bilog,48,30.6,79.0,7.3,6.5,loamy,8,chemical,1,none,100.7,24,9.7,3,22,4
cucumber,48,18.0,61.8,11.7,6.8,silty,8,mixed,3,regular,218.0,75,24.5,5,28,10
patola,39,28.7,70.7,6.0,6.4,loamy,5,chemical,2,none,116.8,49,14.9,3,20,4
ampalaya_bilog,45,26.7,66.6,6.6,6.2,loamy,4,none,2,regular,213.2,71,10.8,2,14,8
ampalaya_bilog,51,28.4,65.4,7.3,6.1,loamy,4,mixed,2,none,242.3,63,5.1,5,37,14
cucumber,39,37.3,76.2,5.9,6.1,loamy,5,chemical,3,intensive,85.8,50,10.1,3,24,9
patola,63,16.1,65.6,7.9,6.5,loamy,3,organic,2,regular,321.1,25,15.7,4,24,13
ampalaya_bilog,73,26.5,77.6,3.9,7.4,loamy,3,organic,2,intensive,244.0,22,8.2,3,15,7
upo_smooth,56,35.4,74.6,6.5,6.4,loamy,2,chemical,2,as-needed,275.3,45,9.1,4,29,13
upo_smooth,68,28.9,77.5,11.7,6.7,loamy,3,mixed,2,intensive,201.6,79,9.4,3,46,21
upo_smooth,50,21.6,71.5,6.1,6.4,silty,5,mixed,1,regular,331.2,48,13.1,4,43,25
upo_smooth,51,27.4,66.6,7.5,6.2,silty,5,mixed,1,intensive,374.2,66,12.8,3,52,23
upo_smooth,46,38.7,77.1,6.4,6.8,loamy,4,chemical,2,as-needed,350.1,51,17.2,3,28,6
upo_smooth,67,24.9,69.8,7.7,6.6,silty,4,chemical,0,regular,151.4,75,12.0,3,43,20
cucumber,72,24.9,70.0,6.3,7.8,loamy,6,organic,0,as-needed,82.7,67,8.4,5,28,23
ampalaya_bilog,60,36.5,64.8,7.4,6.9,silty,4,mixed,4,none,145.9,76,24.2,2,19,5
upo_smooth,61,17.9,75.7,10.9,6.7,loamy,2,chemical,2,as-needed,338.0,59,5.6,4,45,8
ampalaya_bilog,45,34.8,60.7,6.3,6.7,loamy,5,chemical,1,regular,311.7,21,16.9,3,20,12
cucumber,29,22.4,61.6,7.1,6.5,loamy,2,chemical,3,intensive,102.6,45,14.2,4,43,17
patola,72,28.0,64.4,7.4,6.5,silty,6,mixed,3,as-needed,190.6,64,15.4,3,25,11
upo_smooth,55,26.5,55.4,8.6,6.5,clay,2,organic,1,as-needed,281.0,61,10.5,4,43,22
patola,41,25.7,64.5,5.3,6.5,clay,5,mixed,4,as-needed,333.2,22,9.2,4,25,9
cucumber,42,26.8,68.7,7.6,6.5,silty,7,chemical,2,none,144.6,33,11.9,4,35,6
upo_smooth,69,32.7,62.1,11.2,6.6,sandy,3,chemical,3,as-needed,253.9,53,20.9,4,38,13
ampalaya_bilog,46,35.5,70.7,4.6,6.6,clay,4,mixed,4,as-needed,143.9,42,8.6,5,31,5
ampalaya_bilog,54,29.0,70.7,7.3,6.7,loamy,8,organic,0,intensive,148.8,61,21.2,5,32,16
cucumber,37,32.1,77.2,8.8,6.2,sandy,6,organic,0,intensive,123.7,43,14.7,3,31,12
ampalaya_bilog,48,25.3,77.9,4.7,6.5,loamy,4,organic,2,regular,212.5,77,24.1,3,31,19
upo_smooth,65,37.9,85.2,6.7,7.5,clay,3,organic,2,as-needed,348.8,58,22.7,4,47,19
cucumber,47,25.2,66.6,7.5,6.1,loamy,5,organic,3,as-needed,92.8,46,13.4,4,38,24
ampalaya_bilog,36,28.7,74.8,7.8,6.4,loamy,7,organic,1,as-needed,120.5,45,16.2,3,29,14
upo_smooth,57,16.2,75.2,7.7,5.8,sandy,5,organic,2,as-needed,391.9,17,15.5,2,18,5
ampalaya_bilog,60,29.5,55.5,6.3,6.5,clay,5,organic,2,none,94.3,40,10.1,4,34,16
upo_smooth,104,18.0,78.7,5.8,6.8,sandy,5,mixed,3,regular,414.6,19,9.9,3,23,5
upo_smooth,56,27.0,75.3,6.4,6.6,loamy,3,mixed,2,none,334.5,61,15.0,4,42,18
patola,68,30.2,70.8,7.9,6.2,loamy,7,organic,3,regular,319.2,11,13.6,5,41,15
cucumber,38,21.7,88.1,9.7,6.3,clay,7,chemical,2,regular,266.8,39,16.2,3,29,14
patola,49,25.1,77.7,5.1,7.7,loamy,7,organic,3,intensive,200.8,54,18.3,1,15,4
patola,62,27.9,66.5,7.2,6.7,loamy,6,organic,3,regular,358.2,15,7.3,1,4,5
cucumber,36,17.0,79.6,7.7,6.7,silty,3,organic,4,as-needed,141.6,12,23.0,2,10,9
patola,102,38.4,57.2,7.3,6.2,loamy,4,organic,2,regular,208.9,68,6.5,3,10,1
upo_smooth,63,25.7,67.6,7.6,7.6,loamy,3,chemical,2,as-needed,171.6,44,6.9,4,33,18
ampalaya_bilog,56,27.5,66.7,6.2,6.1,silty,5,chemical,3,regular,198.0,70,24.1,3,31,17
upo_smooth,97,25.2,79.5,11.6,7.7,clay,6,mixed,1,regular,338.3,71,14.8,3,19,16
cucumber,37,23.2,75.4,7.9,6.6,loamy,5,chemical,2,regular,270.4,16,20.8,5,40,21
cucumber,20,20.4,90.9,7.5,6.7,loamy,3,organic,1,as-needed,196.7,59,11.5,4,25,15
ampalaya_bilog,41,38.8,44.8,7.7,6.0,silty,6,organic,4,as-needed,179.3,42,21.7,4,22,5
ampalaya_bilog,31,19.3,87.6,6.1,5.4,loamy,8,chemical,2,intensive,223.7,56,11.7,3,10,5
ampalaya_bilog,40,26.1,74.7,7.9,6.3,loamy,6,organic,2,regular,182.1,50,16.8,2,14,7
cucumber,30,20.9,50.5,11.3,5.2,loamy,7,mixed,2,as-needed,60.8,33,7.5,4,32,15
upo_smooth,90,24.3,62.5,3.6,6.5,loamy,4,mixed,3,as-needed,169.4,62,16.5,5,26,16
patola,60,30.3,63.2,7.3,6.4,clay,4,chemical,1,as-needed,272.5,69,15.6,2,19,4
cucumber,68,30.3,67.3,3.7,7.4,loamy,3,none,0,none,66.1,63,12.3,3,1,2
patola,29,25.2,73.8,6.8,6.0,loamy,2,none,2,regular,179.4,32,20.9,5,11,2
patola,62,28.7,67.5,3.6,6.4,loamy,6,mixed,2,intensive,237.8,57,5.7,2,7,7
upo_smooth,68,29.7,62.2,10.3,7.6,sandy,3,organic,4,as-needed,330.6,51,8.0,3,32,11
ampalaya_bilog,49,21.4,52.7,6.3,6.2,loamy,3,chemical,0,regular,286.6,63,8.0,5,41,19
upo_smooth,52,33.2,73.8,7.0,6.4,silty,6,mixed,1,as-needed,129.5,78,9.7,3,35,15
patola,50,27.1,61.6,11.8,6.1,loamy,3,mixed,2,none,277.8,19,15.4,5,22,5
cucumber,38,28.0,46.8,7.6,6.5,clay,5,chemical,2,none,263.6,31,7.3,5,20,15
ampalaya_bilog,51,27.0,77.4,7.0,6.6,clay,5,organic,1,as-needed,130.7,16,13.4,2,23,7
patola,66,27.8,73.4,6.3,6.4,clay,5,organic,2,as-needed,367.0,31,5.7,4,35,16
patola,53,39.2,79.4,7.8,6.3,silty,2,mixed,2,none,330.4,41,21.0,1,8,2
ampalaya_bilog,41,24.4,78.9,11.1,6.4,loamy,6,mixed,2,as-needed,243.5,15,17.7,4,24,11
upo_smooth,54,24.8,88.3,9.5,6.5,silty,6,none,3,as-needed,232.0,57,24.0,2,11,9
cucumber,46,23.6,73.5,8.5,6.5,clay,4,organic,4,as-needed,97.9,61,18.1,4,42,21
ampalaya_bilog,54,24.4,77.7,4.8,7.1,loamy,5,mixed,3,none,173.4,40,12.9,4,27,14
patola,40,26.5,60.2,6.8,6.6,clay,3,organic,1,regular,114.3,53,22.4,1,6,3
cucumber,41,20.8,80.4,5.6,6.6,loamy,7,organic,2,regular,235.4,30,18.8,4,40,19
cucumber,46,15.3,60.3,6.2,6.2,loamy,4,organic,2,as-needed,176.0,53,6.8,3,15,14
patola,59,18.7,90.4,7.6,5.0,loamy,8,mixed,0,as-needed,194.2,68,21.5,2,9,12
patola,63,29.4,68.2,6.2,6.5,loamy,2,chemical,2,as-needed,377.4,75,8.2,4,19,12
patola,65,29.9,76.8,6.4,6.4,loamy,2,organic,1,regular,309.6,54,11.7,3,31,15
cucumber,53,30.4,61.3,11.3,6.3,sandy,5,organic,0,regular,270.0,62,7.2,3,26,10
upo_smooth,49,28.0,71.0,5.6,6.9,loamy,5,organic,0,regular,156.8,27,11.1,4,42,26
patola,58,17.5,73.0,7.4,6.7,loamy,2,mixed,2,regular,334.5,39,12.7,5,21,8
cucumber,44,22.7,71.1,4.8,6.2,loamy,5,chemical,3,regular,122.8,18,17.8,3,36,15
upo_smooth,70,24.0,52.0,4.3,6.2,clay,4,organic,0,regular,282.6,17,9.4,5,49,30
patola,32,25.9,79.0,7.6,6.4,loamy,3,organic,3,as-needed,143.6,30,22.2,4,21,15
patola,47,15.8,71.2,5.0,6.2,sandy,5,mixed,3,regular,225.7,74,20.3,4,22,11
patola,51,26.0,70.5,11.9,6.2,sandy,5,chemical,2,as-needed,253.6,71,7.2,3,12,2
cucumber,76,38.8,60.2,3.4,6.4,clay,5,mixed,3,intensive,99.1,54,8.0,4,10,9
cucumber,46,24.2,77.6,8.5,6.5,sandy,3,mixed,2,as-needed,182.1,77,5.9,3,32,15
patola,42,33.2,74.1,8.7,6.7,clay,5,organic,3,none,357.2,55,8.8,5,19,9
upo_smooth,70,25.6,49.3,7.0,7.9,loamy,6,chemical,1,regular,439.2,12,21.8,3,20,8
ampalaya_bilog,53,38.3,82.1,6.4,6.1,loamy,4,organic,2,regular,310.5,38,8.8,3,23,12
ampalaya_bilog,53,35.0,76.8,6.8,6.2,loamy,5,chemical,2,regular,303.0,48,19.4,4,26,10
ampalaya_bilog,40,30.3,65.5,4.2,6.5,loamy,3,mixed,3,regular,187.6,28,24.6,4,39,14
patola,30,29.9,67.1,3.1,6.0,sandy,4,organic,1,as-needed,312.1,41,18.3,5,9,4
patola,63,24.3,78.6,7.5,6.1,loamy,4,organic,1,regular,171.3,58,12.0,2,20,13
ampalaya_bilog,56,31.5,60.3,6.8,6.7,clay,5,chemical,3,as-needed,204.0,37,24.3,4,30,15
upo_smooth,60,29.0,45.4,7.2,6.4,clay,5,none,3,as-needed,164.1,16,19.4,4,30,12
patola,26,25.8,70.6,7.5,6.2,loamy,2,mixed,2,regular,383.8,43,9.3,3,14,6
patola,65,20.7,51.3,7.8,6.1,loamy,3,organic,2,regular,346.6,11,18.8,3,17,11
cucumber,82,25.5,69.0,10.5,6.3,loamy,5,organic,2,regular,89.6,13,14.9,2,19,10
upo_smooth,58,32.7,67.1,7.9,6.2,loamy,4,chemical,3,as-needed,423.1,57,9.4,3,39,13
ampalaya_bilog,49,19.7,50.1,8.3,6.0,sandy,5,mixed,2,as-needed,233.1,29,5.5,4,29,15
patola,60,24.6,55.9,7.5,6.8,loamy,3,organic,3,as-needed,312.2,64,23.7,3,24,5
upo_smooth,59,16.4,68.2,7.7,7.3,clay,3,chemical,2,as-needed,274.6,76,23.9,5,42,14
upo_smooth,97,28.9,66.5,7.7,6.5,loamy,4,none,3,as-needed,225.5,69,6.0,5,21,11
cucumber,38,16.9,70.3,8.0,6.5,loamy,2,chemical,2,regular,132.8,74,18.7,3,13,9
ampalaya_bilog,33,28.7,69.0,10.6,6.7,sandy,2,mixed,1,regular,287.6,59,7.6,4,28,15
upo_smooth,59,28.6,74.8,7.6,6.1,loamy,6,organic,2,as-needed,327.5,26,12.6,3,45,15
upo_smooth,44,29.0,71.4,7.8,6.6,clay,4,organic,3,regular,408.3,19,18.8,4,47,29
upo_smooth,32,27.0,62.7,6.1,7.2,loamy,4,organic,2,none,361.6,15,21.8,4,39,15
ampalaya_bilog,29,20.9,71.7,6.4,5.2,silty,6,mixed,1,intensive,124.2,45,21.6,3,17,9
patola,59,16.0,77.2,6.0,7.8,clay,5,chemical,1,intensive,361.3,76,10.8,3,8,16
upo_smooth,57,24.0,76.9,6.4,6.4,loamy,5,chemical,1,as-needed,275.7,43,11.0,3,36,22
cucumber,24,20.2,76.2,8.5,6.5,clay,4,organic,2,as-needed,228.5,40,19.3,4,19,22
cucumber,55,21.8,68.5,7.4,6.1,loamy,4,organic,4,as-needed,96.5,44,18.9,3,37,20
ampalaya_bilog,47,27.2,73.8,10.4,6.1,clay,4,organic,2,intensive,303.1,77,22.4,1,17,4
patola,52,25.9,74.3,6.9,7.3,sandy,6,mixed,4,intensive,377.1,72,7.3,3,24,9
cucumber,57,22.0,69.1,7.2,7.5,silty,4,none,2,regular,73.7,57,10.8,5,34,19
patola,62,39.6,69.2,9.0,6.3,loamy,3,none,3,as-needed,301.9,60,11.1,4,9,5
cucumber,74,32.8,79.1,6.1,6.7,loamy,6,organic,2,intensive,244.9,73,5.6,3,31,12
patola,59,26.2,54.0,6.4,6.6,loamy,2,organic,2,as-needed,259.3,45,8.7,4,29,9
cucumber,85,22.3,63.2,7.5,6.6,loamy,4,none,2,regular,202.4,42,9.1,2,28,6
upo_smooth,70,26.9,67.0,5.1,7.2,clay,6,mixed,3,as-needed,252.8,74,17.2,3,36,18
cucumber,25,34.6,58.0,8.0,6.3,clay,4,chemical,0,intensive,218.0,70,16.2,2,8,5
upo_smooth,53,24.0,72.4,7.8,6.5,loamy,4,mixed,2,regular,378.6,28,19.9,4,55,32
patola,31,20.8,67.3,6.5,5.7,silty,6,mixed,3,regular,135.3,32,16.2,2,13,1
cucumber,40,38.3,66.8,4.9,6.5,loamy,5,organic,2,none,242.0,76,22.3,2,11,9
cucumber,48,21.5,77.4,6.4,6.6,clay,5,chemical,3,intensive,191.1,37,6.8,4,46,22
cucumber,91,22.9,58.6,7.0,6.2,loamy,5,mixed,1,regular,192.8,19,20.7,2,13,12
patola,61,18.2,93.5,11.4,6.6,loamy,4,chemical,2,intensive,307.0,52,8.5,3,22,3
upo_smooth,82,30.1,62.8,7.9,6.7,sandy,8,none,2,as-needed,380.5,25,5.2,3,18,5
patola,68,32.3,47.9,6.5,6.5,silty,2,chemical,4,as-needed,139.1,51,8.0,5,20,9
cucumber,45,18.0,52.7,9.9,6.1,silty,6,organic,2,as-needed,76.6,63,5.1,4,19,10
patola,40,33.9,66.1,6.2,6.4,loamy,6,organic,2,regular,185.6,29,15.5,3,23,5
cucumber,24,23.4,56.2,11.6,6.0,loamy,6,mixed,2,intensive,263.9,47,7.3,3,34,8
ampalaya_bilog,83,29.4,66.9,7.0,6.3,clay,4,mixed,2,regular,116.2,37,11.7,4,34,12
cucumber,37,25.4,70.2,6.4,7.5,loamy,5,mixed,4,regular,234.6,48,5.7,5,53,30
cucumber,87,16.7,78.6,7.9,6.5,clay,2,chemical,0,intensive,252.8,18,18.6,4,16,8
patola,30,27.8,67.7,6.6,6.4,clay,3,mixed,3,as-needed,111.8,15,22.7,4,21,11
cucumber,79,18.7,56.9,9.5,6.6,loamy,7,chemical,2,as-needed,72.6,67,22.1,5,14,11
upo_smooth,51,27.4,50.5,7.4,6.6,sandy,5,mixed,2,intensive,121.4,67,11.7,4,44,30
ampalaya_bilog,53,26.5,78.5,3.5,6.2,silty,4,organic,0,as-needed,150.0,44,19.0,5,27,3
upo_smooth,99,26.6,62.9,5.0,6.1,sandy,6,none,2,regular,161.8,23,17.8,3,24,7
ampalaya_bilog,46,34.7,71.5,6.6,6.4,sandy,6,organic,2,none,317.2,30,9.5,2,17,8
patola,50,32.4,61.2,6.8,6.1,silty,5,chemical,0,regular,273.6,60,19.3,3,18,12
upo_smooth,63,29.0,48.4,11.4,6.3,loamy,4,organic,3,regular,177.9,28,16.4,4,51,17
patola,50,21.7,40.7,7.7,6.8,clay,4,organic,4,none,166.3,71,10.9,4,26,6
cucumber,48,23.0,63.3,7.3,5.6,loamy,6,chemical,3,intensive,170.0,53,23.4,4,30,17
patola,48,30.8,66.5,7.2,6.8,silty,5,chemical,1,intensive,259.0,79,23.4,3,24,15
patola,85,31.6,69.8,7.0,7.4,clay,8,organic,1,as-needed,249.2,24,14.2,4,19,8
patola,61,28.6,66.8,7.4,7.2,clay,5,organic,2,regular,267.8,41,11.4,5,41,14
cucumber,32,32.9,66.2,9.0,6.6,loamy,7,chemical,3,intensive,199.1,46,16.6,4,30,14
patola,60,25.7,40.3,10.2,6.9,sandy,2,organic,2,as-needed,187.4,12,21.0,3,20,4
upo_smooth,38,28.9,63.3,6.5,5.1,loamy,4,mixed,1,intensive,221.3,62,18.2,4,55,19
patola,57,27.9,85.9,4.9,6.1,loamy,5,organic,3,regular,203.5,35,7.3,3,26,13
ampalaya_bilog,60,29.3,78.1,8.3,6.3,loamy,2,chemical,2,none,253.4,42,5.7,5,29,14
upo_smooth,38,24.0,70.3,7.3,6.5,clay,4,organic,3,intensive,164.1,47,18.7,2,26,16
upo_smooth,61,27.7,64.2,6.3,6.7,loamy,2,organic,4,as-needed,364.4,60,7.1,3,40,16
upo_smooth,54,28.6,64.2,3.7,6.2,sandy,7,chemical,2,regular,315.7,22,17.7,4,20,8
ampalaya_bilog,44,26.5,74.5,7.8,6.1,loamy,5,none,3,regular,290.0,25,21.7,2,9,5
patola,49,29.7,61.8,7.6,6.8,clay,5,organic,2,regular,296.1,51,13.0,4,37,12
cucumber,49,24.1,67.1,7.7,6.7,loamy,3,chemical,3,none,97.8,74,5.5,3,31,13
cucumber,49,37.0,72.7,11.9,6.7,loamy,4,organic,2,intensive,165.4,16,5.3,4,22,13
ampalaya_bilog,98,26.5,88.0,7.1,5.7,loamy,3,chemical,0,regular,292.7,42,21.6,4,21,18
cucumber,50,20.9,55.2,8.9,6.0,loamy,5,mixed,2,as-needed,203.9,29,7.8,4,41,21
ampalaya_bilog,30,29.8,63.8,6.8,6.3,loamy,8,organic,3,as-needed,141.1,12,18.0,3,21,12
cucumber,36,39.7,92.2,6.9,6.7,silty,4,organic,2,as-needed,274.2,23,21.3,3,19,6
cucumber,90,26.5,64.7,4.5,6.5,loamy,5,organic,1,none,152.6,31,16.0,4,26,8
cucumber,28,23.1,71.5,9.8,6.1,silty,3,organic,4,as-needed,99.8,78,24.9,4,35,18
upo_smooth,105,21.5,94.3,7.7,6.6,loamy,6,organic,2,as-needed,263.4,79,16.5,4,34,12
upo_smooth,52,25.3,81.7,6.7,6.5,loamy,5,mixed,2,regular,232.2,51,7.3,4,49,25
patola,55,29.4,70.2,7.3,6.6,loamy,3,chemical,2,regular,270.5,17,12.0,3,26,11
upo_smooth,55,30.7,68.7,5.4,6.5,clay,4,organic,3,as-needed,340.5,17,7.3,4,40,28
patola,53,18.3,90.8,6.3,6.2,clay,2,organic,2,intensive,345.3,22,24.3,4,22,6
patola,53,22.4,78.1,6.6,6.9,silty,5,organic,3,as-needed,296.6,37,12.5,2,24,14
cucumber,81,36.6,46.3,6.3,6.1,clay,2,none,2,as-needed,202.2,57,16.7,4,6,5
patola,62,20.3,73.3,6.5,7.3,loamy,7,organic,1,as-needed,187.1,73,12.5,3,29,9
ampalaya_bilog,43,26.9,61.5,7.9,6.1,silty,5,organic,0,as-needed,291.2,11,9.7,4,45,20
cucumber,46,22.1,94.0,4.3,6.2,loamy,6,organic,2,as-needed,274.9,59,6.6,3,18,8
ampalaya_bilog,51,28.4,79.3,7.3,6.1,loamy,5,mixed,2,intensive,220.2,26,8.8,2,21,11
cucumber,77,25.5,81.6,6.0,6.5,loamy,7,organic,4,none,267.0,48,15.2,5,29,22
upo_smooth,90,24.9,64.3,6.0,6.5,clay,4,mixed,1,as-needed,136.5,75,14.1,4,46,22
cucumber,91,22.6,68.4,7.6,6.4,silty,3,organic,4,regular,119.0,17,23.7,2,12,7
ampalaya_bilog,49,29.6,61.7,6.7,6.1,sandy,5,chemical,2,regular,245.2,22,12.2,5,42,24
upo_smooth,67,26.5,75.2,6.4,6.4,loamy,3,chemical,3,regular,217.9,42,17.7,5,45,29
patola,93,30.9,71.7,6.5,6.2,loamy,3,mixed,1,none,118.8,38,15.5,1,1,6
upo_smooth,34,25.9,73.2,6.4,6.4,silty,2,mixed,2,regular,235.2,69,16.2,4,35,23
ampalaya_bilog,51,36.9,63.5,3.7,6.1,loamy,3,organic,4,regular,290.9,50,22.4,4,15,6
cucumber,54,39.3,74.2,6.8,6.2,clay,3,chemical,1,regular,90.0,10,19.8,5,31,15
ampalaya_bilog,47,28.4,79.7,10.1,6.3,silty,6,organic,2,none,153.9,60,16.4,3,15,14
patola,93,23.8,65.1,8.1,6.2,clay,7,organic,2,as-needed,206.7,47,23.9,3,22,8
ampalaya_bilog,49,18.7,66.7,3.8,5.5,loamy,6,organic,2,as-needed,279.0,13,8.9,3,11,4
cucumber,42,19.4,43.3,5.0,6.4,loamy,6,none,1,intensive,268.2,35,21.1,2,8,3
patola,51,15.8,55.5,6.3,6.2,silty,4,organic,3,regular,238.2,59,8.6,5,23,9
ampalaya_bilog,52,27.7,45.2,7.5,6.5,loamy,4,organic,2,as-needed,245.1,18,6.9,4,20,18
ampalaya_bilog,48,35.7,68.6,7.9,6.4,sandy,5,chemical,1,regular,98.9,66,5.5,4,25,9
cucumber,25,24.9,77.2,6.4,6.1,clay,5,none,1,as-needed,104.5,48,5.8,4,34,8
cucumber,55,27.8,58.9,7.7,6.3,clay,6,chemical,2,regular,71.8,29,19.1,3,39,9
patola,52,21.0,75.3,6.1,6.6,loamy,3,chemical,1,as-needed,252.8,62,15.0,5,31,12
ampalaya_bilog,95,34.5,80.0,11.8,6.7,loamy,6,organic,3,as-needed,285.7,53,7.0,5,30,12
patola,33,36.3,74.6,8.0,6.6,sandy,4,none,1,regular,205.6,42,14.9,2,12,1
patola,55,26.8,40.4,6.3,6.0,loamy,4,chemical,0,as-needed,138.6,55,7.2,4,18,9
upo_smooth,57,22.4,78.3,6.9,6.6,sandy,3,chemical,2,regular,406.6,26,20.3,3,47,15
cucumber,79,25.6,68.5,6.2,6.5,loamy,4,organic,2,as-needed,135.8,76,10.3,4,35,21
upo_smooth,54,26.8,61.1,7.0,5.9,loamy,6,organic,3,as-needed,385.6,75,5.4,2,37,13
patola,32,28.0,71.1,7.6,6.3,loamy,5,mixed,0,intensive,131.2,34,11.7,3,15,8
cucumber,80,23.2,73.8,6.2,6.6,clay,7,organic,2,regular,155.6,77,22.0,3,25,10
patola,45,25.4,64.2,7.4,6.2,loamy,5,organic,3,regular,160.8,31,9.5,3,24,10
ampalaya_bilog,53,25.5,67.6,6.1,6.9,loamy,4,organic,4,as-needed,214.0,61,16.1,5,39,14
cucumber,26,21.0,78.1,7.2,6.5,silty,3,chemical,3,none,103.3,45,17.3,4,30,12
ampalaya_bilog,47,28.4,78.6,7.1,6.5,loamy,6,chemical,1,intensive,249.6,41,8.2,3,25,9
cucumber,80,28.9,51.8,6.7,7.6,loamy,5,organic,4,regular,131.4,54,11.4,2,24,9
patola,94,39.0,66.0,7.9,7.1,clay,2,chemical,2,regular,131.3,11,10.9,3,12,1
ampalaya_bilog,44,26.6,62.9,6.3,6.4,loamy,6,organic,1,as-needed,148.6,46,10.5,5,35,22
upo_smooth,33,28.7,60.4,6.1,6.1,loamy,3,organic,0,as-needed,255.6,42,13.8,3,35,20
cucumber,39,15.7,50.6,6.4,5.7,silty,4,chemical,2,as-needed,74.7,43,24.8,3,24,9
patola,61,24.7,77.4,7.6,5.9,loamy,6,chemical,2,as-needed,221.7,23,20.7,4,32,13
cucumber,28,34.5,62.1,7.3,6.7,loamy,4,organic,1,as-needed,217.8,18,19.7,2,29,15
patola,76,29.1,53.2,6.4,6.2,silty,6,organic,3,regular,206.9,24,12.2,3,17,7
ampalaya_bilog,24,17.6,69.9,4.7,6.3,loamy,5,mixed,1,intensive,158.2,51,15.9,4,14,11
ampalaya_bilog,67,22.7,81.8,6.5,6.4,loamy,5,none,3,none,202.4,67,14.0,2,8,8
ampalaya_bilog,63,28.0,73.1,7.4,6.3,silty,2,organic,0,regular,114.2,69,17.9,1,17,7
ampalaya_bilog,51,37.2,72.9,6.1,6.4,loamy,5,organic,1,as-needed,128.1,23,24.5,2,19,1
upo_smooth,70,24.1,64.1,7.2,5.2,clay,5,mixed,1,regular,158.0,30,18.1,4,61,25
patola,53,15.8,71.2,6.3,6.2,clay,5,chemical,0,regular,328.3,43,13.2,3,18,7
cucumber,38,26.2,61.8,9.4,7.4,clay,2,mixed,4,none,103.6,34,24.8,4,32,17
patola,55,25.1,75.0,6.4,6.5,loamy,4,organic,2,regular,221.4,70,14.5,5,35,18
upo_smooth,37,26.0,72.1,3.1,6.1,silty,5,none,1,regular,228.2,47,21.0,4,20,8
cucumber,20,23.2,69.6,6.2,6.6,loamy,7,chemical,0,as-needed,104.4,79,7.5,3,15,13
patola,72,18.5,68.7,10.2,6.7,loamy,4,organic,1,none,216.7,69,24.9,4,16,3
patola,46,28.1,45.0,7.7,6.3,silty,5,organic,1,intensive,169.2,40,12.1,3,25,6
cucumber,70,27.0,69.4,8.3,6.5,loamy,4,mixed,1,as-needed,105.4,33,10.0,4,29,21
ampalaya_bilog,51,25.1,60.4,7.1,6.6,silty,4,chemical,2,as-needed,240.6,71,24.7,4,27,12
cucumber,86,22.5,63.4,7.7,6.3,loamy,4,chemical,1,none,129.0,44,19.6,3,18,11
patola,60,27.6,78.9,9.5,5.8,loamy,5,chemical,1,regular,305.0,57,7.6,3,22,13
ampalaya_bilog,79,29.4,75.2,7.0,6.0,sandy,5,organic,3,regular,200.2,19,11.3,3,23,14
ampalaya_bilog,47,34.5,66.3,6.6,6.4,loamy,4,organic,1,none,238.3,69,5.4,2,27,7
ampalaya_bilog,66,28.2,83.9,5.4,6.5,loamy,3,organic,3,regular,300.8,23,8.3,4,43,15
patola,98,28.7,60.1,7.5,6.7,clay,6,none,1,regular,263.6,50,5.3,3,14,8
patola,42,30.2,62.1,6.4,6.4,loamy,5,organic,2,none,142.9,67,20.0,3,20,7
cucumber,45,23.7,77.9,6.7,6.5,sandy,6,chemical,1,as-needed,254.2,12,11.1,3,26,18
upo_smooth,100,21.1,62.4,6.5,6.1,clay,2,organic,1,none,358.4,78,20.6,5,35,12
upo_smooth,51,38.3,78.9,8.0,6.8,clay,3,none,1,regular,322.1,25,19.8,2,18,7
upo_smooth,31,16.7,41.8,7.9,6.2,sandy,5,none,3,as-needed,215.7,34,20.3,3,13,1
patola,32,28.8,78.8,10.5,6.6,loamy,5,none,2,as-needed,171.3,43,22.1,2,8,1
cucumber,49,35.8,87.3,8.2,6.3,sandy,3,chemical,1,regular,272.9,57,6.5,3,16,12
cucumber,52,27.7,79.4,6.7,7.0,silty,4,mixed,4,regular,85.1,72,7.5,3,35,19
patola,32,28.8,91.2,11.2,6.6,loamy,3,mixed,2,as-needed,381.0,33,7.0,4,24,8
cucumber,38,40.0,60.9,5.9,6.6,loamy,3,mixed,3,intensive,169.2,35,17.7,4,29,15
patola,65,24.5,70.7,3.7,7.0,silty,4,organic,2,regular,317.3,59,18.8,4,18,6
cucumber,40,20.1,49.8,7.7,5.4,sandy,2,none,1,as-needed,202.3,79,18.2,1,1,1
cucumber,45,18.0,78.7,7.2,6.7,loamy,6,organic,2,regular,122.0,41,8.5,5,30,18
patola,25,27.0,68.8,6.5,6.0,silty,6,organic,3,none,110.1,70,22.5,2,13,3
upo_smooth,57,37.7,48.0,11.4,6.1,loamy,4,mixed,3,regular,127.0,73,9.3,4,26,8
cucumber,29,26.9,63.7,8.1,6.5,loamy,7,organic,2,as-needed,87.6,29,21.3,3,24,23
upo_smooth,50,39.6,76.9,7.8,6.5,loamy,2,organic,2,intensive,195.7,74,6.4,5,39,13
ampalaya_bilog,92,15.3,77.4,6.0,6.7,silty,2,chemical,0,regular,164.1,63,23.9,5,19,7
upo_smooth,38,17.0,75.2,6.7,6.4,clay,5,organic,0,as-needed,418.5,47,21.0,4,30,14
cucumber,24,30.7,68.0,12.0,7.4,loamy,5,organic,3,regular,97.1,56,9.3,2,22,11
upo_smooth,70,28.7,61.7,7.9,6.4,loamy,4,chemical,3,regular,158.7,75,21.9,2,30,12
upo_smooth,63,18.2,73.9,6.5,6.5,loamy,5,none,2,regular,187.4,67,22.5,3,21,4
cucumber,42,22.9,70.1,11.0,6.4,loamy,2,chemical,2,regular,208.2,20,14.0,3,26,15
ampalaya_bilog,60,30.6,91.7,6.7,7.4,loamy,5,mixed,3,as-needed,164.8,27,19.9,1,18,5
patola,63,28.4,68.9,7.1,7.3,sandy,4,mixed,2,none,165.5,17,10.6,2,20,11
upo_smooth,31,15.0,49.7,4.5,8.0,loamy,6,mixed,2,regular,322.3,55,23.6,2,8,3
cucumber,52,29.1,65.7,4.8,6.7,loamy,4,chemical,2,regular,62.6,18,7.1,1,1,4
upo_smooth,70,26.5,42.7,6.0,6.3,loamy,5,organic,1,none,164.0,44,21.9,2,27,12
upo_smooth,45,39.5,63.3,7.3,5.0,loamy,3,mixed,1,regular,230.4,34,8.6,3,40,18
cucumber,82,25.4,71.2,7.6,7.4,loamy,3,mixed,1,as-needed,73.5,78,20.9,2,8,10
upo_smooth,63,27.8,65.7,7.3,6.8,loamy,6,chemical,4,regular,162.5,28,5.5,3,41,18
ampalaya_bilog,75,23.9,71.7,7.3,5.3,sandy,3,chemical,3,regular,279.4,34,13.1,3,25,11
upo_smooth,42,27.3,66.3,9.8,6.3,loamy,4,organic,2,regular,292.0,58,6.1,4,39,19
patola,46,32.0,73.2,7.6,6.1,clay,3,organic,1,as-needed,238.4,72,18.6,2,18,11
cucumber,53,24.8,68.4,6.1,6.0,loamy,7,organic,2,as-needed,218.3,45,10.5,1,16,10
cucumber,53,26.8,56.5,6.6,6.1,loamy,5,organic,2,as-needed,260.1,69,7.3,5,43,26
upo_smooth,64,26.5,41.0,4.4,6.1,loamy,5,mixed,2,as-needed,206.7,39,12.3,3,31,12
cucumber,44,23.8,55.8,10.4,6.5,loamy,5,mixed,1,as-needed,177.6,33,22.3,3,23,20
upo_smooth,62,36.3,87.9,6.6,6.8,loamy,6,organic,2,as-needed,286.4,44,9.3,4,24,6
patola,59,26.9,75.4,6.1,6.6,clay,4,chemical,4,regular,168.6,77,15.8,1,7,5
upo_smooth,65,33.3,70.5,7.6,6.8,clay,6,mixed,1,as-needed,300.6,42,21.9,1,18,6
cucumber,52,25.4,78.2,3.6,6.3,loamy,5,organic,2,regular,207.1,52,23.6,2,11,9
ampalaya_bilog,39,29.3,40.1,3.8,7.1,loamy,7,chemical,2,as-needed,256.2,41,7.6,5,11,6
patola,63,39.6,82.0,7.2,6.2,loamy,5,organic,3,regular,254.3,37,23.2,4,20,9
upo_smooth,96,28.1,40.4,10.9,6.5,clay,2,organic,2,as-needed,130.3,55,12.8,1,6,1
cucumber,55,24.6,69.8,3.4,6.1,clay,5,none,2,none,213.7,11,13.8,2,2,5
ampalaya_bilog,27,16.5,67.6,7.7,6.6,loamy,6,chemical,0,as-needed,316.1,72,7.0,4,14,9
patola,71,30.3,56.0,6.2,6.2,loamy,6,mixed,1,none,162.6,71,22.6,3,24,5
upo_smooth,68,28.2,74.5,5.2,6.4,loamy,5,organic,1,regular,292.3,11,18.4,4,51,24
upo_smooth,60,26.5,66.9,6.8,6.8,clay,8,organic,3,as-needed,358.8,24,21.2,2,30,9
upo_smooth,104,25.1,70.1,6.2,6.3,loamy,5,chemical,0,none,131.2,70,11.3,3,30,11
ampalaya_bilog,30,37.2,77.9,6.9,6.7,clay,7,chemical,2,none,160.0,77,11.4,2,14,6
ampalaya_bilog,56,22.1,74.4,9.0,6.7,silty,2,mixed,2,regular,93.7,70,7.9,4,28,12
ampalaya_bilog,50,27.1,68.6,7.2,6.1,sandy,4,chemical,0,as-needed,181.5,78,20.7,4,36,16
ampalaya_bilog,54,17.1,71.4,7.1,6.7,sandy,3,none,2,none,202.7,75,19.4,2,12,1
ampalaya_bilog,36,38.9,68.0,7.3,5.4,clay,4,chemical,2,as-needed,234.4,14,13.3,3,27,6
ampalaya_bilog,22,26.5,74.3,6.6,6.0,sandy,4,organic,4,regular,152.2,51,24.6,5,34,15
ampalaya_bilog,46,29.3,77.4,6.3,6.3,loamy,6,chemical,3,regular,267.8,68,6.1,4,30,17
cucumber,52,25.9,63.3,10.0,6.7,sandy,6,organic,1,as-needed,134.5,34,7.9,4,32,15
patola,62,33.7,42.7,6.3,5.9,loamy,4,chemical,2,as-needed,287.7,65,14.2,4,32,4
upo_smooth,65,25.0,77.2,8.4,6.5,clay,4,chemical,0,regular,335.0,35,13.3,3,31,19
cucumber,23,36.6,94.7,7.6,6.2,clay,4,mixed,3,regular,214.6,52,22.9,4,20,8
cucumber,36,25.0,52.8,7.7,6.1,loamy,4,mixed,2,intensive,163.9,56,14.6,3,36,21
cucumber,61,27.2,68.8,7.2,6.7,clay,4,organic,2,as-needed,165.7,11,12.0,2,26,11
patola,49,35.4,73.8,6.8,5.5,loamy,4,mixed,1,none,132.1,57,16.9,4,18,4
patola,32,22.4,68.5,10.2,6.4,clay,3,mixed,2,none,160.7,27,8.6,3,13,6
ampalaya_bilog,49,26.9,68.4,6.2,6.2,loamy,5,none,0,as-needed,219.1,73,21.9,3,20,7
patola,93,31.8,63.2,7.2,6.6,loamy,2,chemical,2,as-needed,384.6,23,9.7,3,21,6
ampalaya_bilog,57,25.5,61.0,7.5,6.5,loamy,5,organic,0,as-needed,201.9,78,22.6,2,24,11
cucumber,47,39.6,64.1,8.0,6.3,loamy,3,none,3,intensive,226.1,63,13.3,4,14,10
ampalaya_bilog,20,25.6,79.9,4.3,6.7,sandy,6,chemical,3,as-needed,327.9,13,9.7,3,19,7
upo_smooth,62,31.2,62.3,7.0,6.7,clay,6,chemical,3,as-needed,317.5,74,20.0,4,47,14
patola,57,30.9,65.3,6.1,6.3,loamy,4,chemical,2,regular,378.3,63,18.8,3,35,11
cucumber,94,26.8,68.8,6.4,6.1,loamy,4,organic,3,regular,124.4,37,10.1,3,24,13
upo_smooth,46,25.6,58.2,3.1,6.7,clay,5,organic,1,as-needed,159.4,16,16.5,4,24,10
cucumber,51,25.4,79.9,6.7,6.1,loamy,5,organic,0,as-needed,135.2,62,15.7,1,15,8
ampalaya_bilog,96,27.0,44.8,7.5,6.1,silty,5,chemical,4,regular,170.6,67,12.3,1,5,6
patola,57,24.4,49.8,6.7,6.8,clay,6,organic,2,none,376.3,57,5.4,3,17,1
cucumber,57,30.4,71.4,7.0,6.5,loamy,4,mixed,2,as-needed,231.7,21,24.9,4,45,16
ampalaya_bilog,80,29.2,86.3,7.8,6.0,sandy,4,chemical,3,as-needed,235.7,23,21.1,5,29,9
cucumber,25,22.8,70.3,7.1,6.8,sandy,4,mixed,4,regular,93.3,66,6.8,2,22,9
patola,33,26.0,75.7,7.7,6.7,silty,4,chemical,3,regular,285.8,74,10.9,3,10,12
ampalaya_bilog,28,28.3,64.1,8.4,6.7,loamy,5,chemical,3,regular,92.5,63,7.1,2,16,8
ampalaya_bilog,29,28.0,77.1,7.8,6.7,sandy,4,organic,3,intensive,151.4,35,24.7,4,35,2
patola,47,27.6,64.8,8.0,6.5,silty,8,chemical,1,intensive,341.8,15,23.7,3,14,5
upo_smooth,61,27.8,60.4,6.5,5.7,loamy,2,mixed,2,as-needed,339.8,66,17.3,3,37,19
patola,60,26.7,73.5,6.5,6.8,silty,5,mixed,1,as-needed,353.2,42,16.8,5,32,9
upo_smooth,36,22.8,40.6,7.3,6.7,loamy,4,organic,2,as-needed,163.1,72,12.8,2,15,3
patola,36,25.4,75.4,6.8,6.4,loamy,6,organic,2,regular,357.7,76,15.2,3,30,10
patola,87,30.7,40.7,9.6,6.1,loamy,4,chemical,2,as-needed,126.4,27,9.4,1,5,6
upo_smooth,56,38.6,94.1,8.0,6.3,loamy,4,organic,2,none,429.6,63,23.8,4,17,8
ampalaya_bilog,47,15.1,67.3,7.0,7.8,loamy,6,mixed,2,regular,260.6,73,10.0,5,22,10
ampalaya_bilog,67,25.2,70.0,6.0,6.6,sandy,7,organic,1,regular,132.0,57,14.8,2,21,12
patola,36,30.1,68.2,6.7,5.8,loamy,5,chemical,1,none,169.4,30,10.6,3,23,8
patola,52,21.4,53.3,4.5,6.7,sandy,7,organic,2,as-needed,328.3,15,19.8,3,8,7
upo_smooth,46,25.9,83.5,7.1,7.4,clay,5,mixed,1,regular,298.7,26,7.6,3,43,22
upo_smooth,54,25.9,45.1,7.1,6.7,clay,5,mixed,2,as-needed,338.9,74,5.4,3,32,14
patola,65,28.5,65.4,6.2,5.7,clay,2,mixed,4,as-needed,219.1,24,13.2,3,22,18
upo_smooth,62,37.2,77.2,6.9,6.5,loamy,5,organic,3,as-needed,377.7,36,20.3,3,26,14
cucumber,51,26.9,59.8,6.8,6.2,loamy,5,chemical,2,regular,169.7,22,16.6,3,29,17
ampalaya_bilog,40,18.6,66.7,7.2,7.3,clay,4,none,3,intensive,147.6,32,8.7,4,16,3
upo_smooth,38,25.3,66.3,5.7,6.4,loamy,6,mixed,1,regular,160.3,70,21.7,4,36,26
upo_smooth,55,24.9,73.0,8.0,5.2,loamy,4,organic,2,regular,245.5,70,18.0,5,53,34
patola,51,25.5,63.4,6.6,6.1,loamy,3,chemical,2,none,253.8,11,21.4,5,22,11
patola,88,25.2,70.2,6.5,6.6,loamy,5,organic,1,intensive,281.6,16,10.3,5,30,8
ampalaya_bilog,44,22.9,78.6,10.3,6.3,silty,5,organic,2,as-needed,168.0,75,18.6,4,32,8
cucumber,37,31.8,75.6,7.1,6.5,clay,4,chemical,0,as-needed,269.2,16,18.2,5,38,20
patola,97,30.5,92.5,7.4,6.5,sandy,5,organic,2,as-needed,155.4,43,6.3,2,4,5
patola,65,29.8,64.3,6.6,6.1,loamy,2,organic,2,as-needed,136.1,46,22.3,3,21,8
upo_smooth,96,26.2,65.4,11.0,6.6,loamy,8,organic,4,intensive,296.6,50,20.5,3,27,10
cucumber,51,15.7,74.6,8.2,6.1,loamy,6,organic,4,as-needed,158.2,60,20.5,3,20,9
ampalaya_bilog,52,25.8,76.3,8.4,5.9,sandy,6,organic,3,regular,288.9,29,8.7,5,40,19
cucumber,53,20.7,71.6,6.7,6.6,silty,3,organic,1,as-needed,174.1,60,22.5,3,49,19
upo_smooth,69,26.1,71.2,9.9,7.0,loamy,5,organic,1,intensive,124.1,22,17.2,4,57,19
cucumber,45,21.3,57.4,3.2,6.5,silty,5,chemical,1,regular,243.9,41,15.8,4,32,11
ampalaya_bilog,96,26.6,70.7,6.2,5.8,loamy,5,chemical,2,regular,129.3,14,22.1,4,19,16
ampalaya_bilog,54,16.5,63.1,7.3,5.4,clay,5,none,2,regular,231.8,39,16.7,4,20,6
patola,34,36.8,69.4,4.1,6.2,clay,2,organic,2,as-needed,161.7,15,24.8,5,8,7
ampalaya_bilog,60,28.7,71.4,7.5,5.8,loamy,6,chemical,1,regular,267.6,26,12.6,3,15,13
upo_smooth,61,26.8,64.1,7.2,6.4,silty,5,organic,1,none,172.9,79,13.1,5,47,19
upo_smooth,71,22.5,67.9,6.6,6.8,loamy,5,chemical,3,as-needed,174.5,62,13.3,5,55,30
ampalaya_bilog,54,20.5,60.0,6.9,6.6,loamy,5,mixed,2,intensive,141.5,15,22.8,4,39,20
upo_smooth,51,15.5,92.0,11.4,5.7,loamy,2,mixed,4,intensive,392.6,69,18.2,4,21,2
patola,46,28.0,92.7,6.5,6.2,loamy,5,chemical,3,regular,268.2,33,10.9,2,21,5
cucumber,52,22.2,77.1,7.6,6.0,sandy,2,mixed,3,as-needed,107.5,76,9.9,3,39,14
patola,55,28.9,40.9,7.3,7.0,loamy,7,organic,1,none,124.3,13,5.6,3,14,10
patola,65,24.2,72.9,10.5,6.1,sandy,3,chemical,1,as-needed,125.5,40,17.1,4,26,10
ampalaya_bilog,46,30.2,91.2,6.1,6.2,loamy,4,organic,3,as-needed,108.1,76,23.4,4,25,11
patola,54,37.9,71.5,5.9,6.3,sandy,4,organic,2,intensive,146.7,70,10.2,4,14,9
upo_smooth,51,26.9,54.6,7.8,5.5,clay,4,chemical,4,intensive,233.2,45,23.1,2,14,10
cucumber,42,20.5,62.5,6.8,6.1,silty,5,chemical,4,none,165.5,61,15.7,3,28,15
patola,53,25.8,73.8,6.6,6.1,clay,2,none,2,as-needed,147.8,60,23.6,3,23,8
ampalaya_bilog,60,26.6,52.1,5.0,6.0,loamy,5,none,2,intensive,316.7,10,20.9,3,17,7
upo_smooth,45,26.0,71.2,9.2,6.1,sandy,5,chemical,3,regular,400.8,30,13.3,2,17,10
ampalaya_bilog,81,18.6,79.1,7.4,6.0,loamy,5,organic,2,intensive,139.2,42,14.2,4,25,10
upo_smooth,61,18.9,75.8,6.3,6.2,sandy,4,chemical,0,regular,437.8,77,21.6,3,21,12
upo_smooth,58,27.2,73.5,6.3,6.3,loamy,3,organic,3,intensive,161.4,67,21.5,3,29,20
upo_smooth,51,26.6,74.3,6.2,5.3,loamy,4,chemical,1,none,267.3,36,21.6,4,42,19
upo_smooth,42,26.0,72.7,5.0,6.1,sandy,5,chemical,3,regular,396.2,74,20.5,3,46,14
patola,46,28.3,76.4,7.7,6.8,silty,3,mixed,2,regular,368.8,24,22.1,5,37,19
upo_smooth,61,24.5,89.9,6.7,6.3,loamy,4,chemical,2,none,329.3,65,17.3,5,37,18
patola,27,25.2,65.6,6.3,6.1,sandy,5,organic,2,none,270.9,64,6.3,3,19,6
ampalaya_bilog,51,22.6,77.3,4.7,6.8,loamy,3,chemical,1,regular,216.5,61,6.1,5,30,18
cucumber,36,15.7,45.3,11.7,6.5,loamy,4,chemical,2,regular,65.8,58,18.5,2,11,1
ampalaya_bilog,57,23.6,57.3,11.7,6.4,silty,7,chemical,4,as-needed,145.3,26,18.2,3,26,12
cucumber,94,32.1,61.7,6.4,5.7,loamy,4,chemical,4,none,143.2,79,10.0,4,27,10
cucumber,54,28.5,90.3,7.1,6.7,silty,5,none,2,regular,235.8,31,18.5,1,1,1
cucumber,48,21.5,62.8,7.0,6.4,loamy,6,organic,2,as-needed,241.9,12,13.3,3,28,15
cucumber,21,33.9,59.9,4.2,6.4,loamy,2,organic,3,none,146.5,26,16.0,3,19,9
patola,64,37.6,76.8,6.9,6.3,sandy,4,organic,1,as-needed,366.8,70,13.9,4,24,7
cucumber,72,26.9,61.0,6.9,5.3,loamy,4,mixed,1,intensive,269.1,23,5.5,2,12,9
ampalaya_bilog,52,29.8,79.7,6.4,6.8,loamy,7,chemical,2,regular,235.8,56,6.5,5,40,18
upo_smooth,70,27.6,79.8,7.6,6.2,loamy,5,organic,2,none,403.0,71,14.2,4,45,17
ampalaya_bilog,54,33.2,82.3,7.8,6.5,clay,5,none,2,regular,161.0,31,7.5,3,28,8
ampalaya_bilog,57,26.3,43.8,7.0,6.3,sandy,4,organic,2,intensive,215.0,53,8.1,1,12,2
upo_smooth,94,17.6,79.9,7.8,6.4,clay,4,none,1,as-needed,227.4,76,21.1,5,22,1
ampalaya_bilog,65,19.1,89.5,8.0,6.8,loamy,6,none,2,as-needed,173.2,70,22.1,1,1,5
upo_smooth,52,27.5,78.3,6.9,6.0,loamy,2,organic,2,regular,154.3,63,19.3,3,41,17
patola,55,25.9,40.3,11.4,6.4,loamy,6,none,2,regular,356.8,60,12.0,5,19,7
patola,47,36.1,69.1,7.9,6.5,silty,4,chemical,2,as-needed,331.4,38,15.0,4,12,5
ampalaya_bilog,90,16.4,68.8,7.9,6.4,loamy,6,organic,0,regular,160.0,13,23.1,3,20,3
ampalaya_bilog,38,29.1,67.8,6.5,6.7,loamy,4,mixed,3,none,125.4,10,17.6,3,18,13
upo_smooth,63,30.1,76.9,7.2,6.2,loamy,4,organic,2,as-needed,378.0,20,14.6,4,37,21
patola,54,27.7,77.5,7.6,6.2,sandy,5,organic,1,as-needed,149.3,29,20.8,4,31,16
cucumber,74,18.1,61.0,7.6,6.0,silty,6,chemical,0,regular,260.8,17,15.2,4,15,15
ampalaya_bilog,55,26.4,63.2,8.1,6.3,clay,7,chemical,1,intensive,177.2,21,15.0,4,31,12
patola,63,35.2,60.9,6.4,6.5,silty,6,mixed,1,regular,123.5,66,15.5,5,26,7
cucumber,54,25.7,54.9,9.5,6.2,loamy,5,none,2,as-needed,89.1,67,17.1,3,17,12
upo_smooth,68,27.2,87.3,7.4,6.8,loamy,4,organic,3,regular,418.5,26,11.2,3,29,16
ampalaya_bilog,32,28.4,73.3,6.8,5.9,loamy,5,chemical,3,intensive,158.6,14,11.9,4,37,14
upo_smooth,33,31.4,78.2,6.4,6.8,loamy,3,organic,2,regular,182.6,57,23.0,3,37,21
upo_smooth,66,26.6,61.5,7.6,6.7,clay,5,organic,3,none,309.6,64,14.7,2,35,14
cucumber,37,39.8,76.4,6.8,6.1,loamy,5,chemical,2,regular,89.6,36,17.1,3,18,13
upo_smooth,62,26.2,67.0,6.0,5.6,loamy,3,none,1,intensive,375.1,40,22.6,3,22,13
cucumber,36,17.2,61.0,3.5,6.6,silty,3,chemical,4,as-needed,248.5,20,22.2,3,9,7
upo_smooth,35,24.8,51.4,7.3,6.0,sandy,6,organic,0,regular,216.8,37,24.5,1,19,6
patola,97,29.9,64.3,7.1,6.5,loamy,5,mixed,2,none,272.3,16,11.5,3,9,5
ampalaya_bilog,40,28.9,82.8,4.5,6.7,loamy,6,chemical,3,as-needed,285.6,38,16.2,2,17,9
ampalaya_bilog,88,22.1,46.7,7.2,6.8,loamy,5,organic,2,regular,255.7,62,7.7,5,25,13
ampalaya_bilog,62,25.3,69.5,6.8,7.5,loamy,3,chemical,2,regular,200.6,68,21.6,4,42,21
cucumber,53,27.3,42.6,6.5,6.2,loamy,7,organic,0,as-needed,151.9,25,7.0,3,27,14
patola,61,23.5,76.0,7.7,6.1,silty,5,mixed,2,none,122.5,56,7.3,4,33,5
ampalaya_bilog,26,27.8,77.4,6.7,5.5,loamy,5,chemical,2,regular,315.1,55,8.2,4,33,14
upo_smooth,58,32.5,47.7,6.7,6.5,silty,3,chemical,2,as-needed,387.4,67,5.8,4,39,10
patola,25,28.2,62.3,6.6,6.6,loamy,5,chemical,2,as-needed,344.0,24,20.9,3,11,11
ampalaya_bilog,57,27.5,62.4,7.8,6.6,clay,5,none,1,intensive,177.9,17,19.0,3,19,12
ampalaya_bilog,79,26.6,72.5,6.4,6.4,loamy,3,chemical,0,as-needed,260.4,11,16.4,3,23,13
ampalaya_bilog,84,16.9,69.7,11.4,5.9,loamy,3,organic,2,regular,285.2,23,5.7,5,13,6
ampalaya_bilog,59,29.6,76.6,10.1,6.0,sandy,5,organic,3,regular,95.2,58,8.8,3,31,14
cucumber,47,21.2,62.4,6.4,6.6,clay,4,organic,3,regular,115.4,37,11.0,5,51,28
ampalaya_bilog,70,29.6,77.4,10.3,7.3,loamy,4,organic,0,regular,231.1,53,10.1,3,27,14
cucumber,55,24.7,67.8,7.1,6.2,clay,5,chemical,2,regular,208.8,19,16.8,4,36,25
cucumber,43,24.7,76.1,9.9,6.4,loamy,7,mixed,1,regular,69.0,10,12.0,3,20,20
patola,28,28.9,62.3,6.7,6.2,loamy,4,mixed,3,regular,329.7,11,7.2,3,24,10
patola,63,17.5,61.1,10.8,6.1,loamy,5,chemical,4,as-needed,108.9,11,16.3,4,20,4
cucumber,36,26.0,70.9,11.5,6.2,loamy,3,none,4,regular,64.5,58,7.6,4,26,12
ampalaya_bilog,93,17.4,74.5,7.4,6.4,silty,8,chemical,2,none,264.4,59,20.5,2,1,5
upo_smooth,55,32.4,68.1,6.8,6.3,loamy,5,none,3,as-needed,180.9,36,7.3,3,26,6
cucumber,51,21.5,76.1,6.0,6.0,loamy,3,mixed,2,as-needed,155.5,38,14.5,4,41,26
ampalaya_bilog,40,33.2,78.2,7.1,6.8,clay,3,chemical,1,as-needed,140.5,58,22.5,3,26,11
patola,87,29.0,67.6,3.0,6.0,sandy,5,mixed,0,as-needed,218.8,14,8.7,3,11,7
upo_smooth,53,27.0,76.8,7.3,6.3,clay,7,organic,3,as-needed,170.8,51,8.9,3,39,18
cucumber,93,17.3,75.5,9.0,8.0,sandy,3,chemical,4,as-needed,81.2,19,18.7,3,26,7
ampalaya_bilog,84,30.8,60.4,6.2,5.2,loamy,6,chemical,3,regular,266.5,29,24.9,2,11,3
patola,46,29.2,71.0,7.0,6.3,loamy,6,organic,2,none,302.4,62,14.1,3,15,12
cucumber,49,25.0,42.2,7.9,6.8,clay,4,organic,2,none,193.9,70,13.7,3,23,13
patola,84,35.2,73.2,6.3,6.7,clay,3,organic,1,none,368.5,69,6.8,4,12,1
patola,50,25.4,65.9,11.6,6.2,loamy,8,none,4,intensive,323.8,17,10.8,3,6,4
ampalaya_bilog,46,29.4,49.7,7.0,5.0,silty,5,organic,2,as-needed,172.8,55,22.7,2,14,8
patola,48,28.6,74.4,8.0,6.6,loamy,4,organic,2,none,188.3,44,15.7,4,24,14
upo_smooth,54,24.5,79.0,7.8,6.5,loamy,6,organic,2,intensive,375.1,32,6.7,2,21,10
upo_smooth,60,29.0,60.6,7.5,6.5,sandy,3,organic,1,regular,219.1,31,20.1,3,46,20
cucumber,37,27.6,77.5,7.3,6.5,loamy,4,organic,3,as-needed,69.2,57,22.1,3,25,20
upo_smooth,65,27.6,70.8,11.4,8.0,loamy,2,mixed,0,as-needed,253.6,57,7.4,4,40,19
upo_smooth,67,18.4,72.5,10.3,6.2,clay,4,chemical,2,intensive,231.1,69,20.3,2,19,4
upo_smooth,50,27.2,76.7,6.6,6.1,loamy,5,organic,2,as-needed,131.1,40,10.6,2,25,11
upo_smooth,61,28.2,66.9,11.1,6.6,clay,5,mixed,2,none,149.4,77,23.9,4,39,12
upo_smooth,68,24.4,61.1,7.9,6.2,loamy,3,organic,2,none,406.6,71,17.3,2,24,10
upo_smooth,39,24.3,67.2,7.5,6.1,loamy,5,mixed,4,none,169.9,12,10.2,4,39,13
cucumber,82,27.0,72.7,6.0,6.1,sandy,7,mixed,4,regular,80.8,45,12.2,4,27,18
upo_smooth,91,27.5,88.6,11.8,7.2,sandy,4,chemical,0,as-needed,217.0,44,15.1,4,35,13
upo_smooth,35,37.3,91.0,10.4,6.2,silty,4,organic,2,intensive,407.8,29,16.5,2,21,1
upo_smooth,55,38.3,67.1,6.7,6.0,sandy,6,organic,3,as-needed,377.9,56,9.0,3,22,16
cucumber,44,27.5,66.7,9.1,6.4,loamy,4,chemical,2,as-needed,261.1,39,17.5,5,48,24
ampalaya_bilog,27,22.6,47.1,6.3,6.1,loamy,6,none,2,as-needed,279.9,42,16.4,4,3,7
cucumber,58,19.6,77.4,6.4,6.1,silty,6,mixed,2,intensive,236.0,32,11.8,3,15,12
cucumber,47,26.2,75.5,7.9,6.2,silty,5,organic,3,as-needed,216.9,53,8.2,2,34,17
cucumber,34,27.1,88.4,6.4,6.7,loamy,5,organic,2,regular,80.4,32,19.7,2,22,14
upo_smooth,54,25.6,45.2,7.2,6.8,loamy,3,none,3,regular,171.8,27,20.0,4,20,13
patola,75,29.1,92.2,6.9,6.1,loamy,5,organic,2,as-needed,240.9,60,14.0,3,24,5
patola,67,27.1,77.2,10.3,6.5,sandy,5,organic,1,none,191.1,79,6.1,3,10,9
upo_smooth,56,25.0,71.6,9.3,6.1,loamy,5,none,1,as-needed,184.4,57,21.5,4,35,14
ampalaya_bilog,54,29.2,64.2,5.8,6.6,loamy,5,chemical,0,none,182.1,62,23.3,1,3,3
cucumber,43,40.0,93.4,3.7,6.0,loamy,2,mixed,2,as-needed,172.1,44,7.1,2,7,8
upo_smooth,55,27.3,70.3,7.3,6.5,loamy,4,chemical,3,regular,217.4,11,16.0,3,42,18
upo_smooth,97,26.5,72.7,7.0,6.6,loamy,4,mixed,2,regular,362.5,49,8.2,3,31,16
upo_smooth,61,26.0,61.5,6.4,6.3,clay,5,mixed,2,none,282.3,61,21.8,2,29,11
patola,46,31.6,60.4,4.4,7.3,sandy,4,mixed,2,none,299.1,66,10.6,4,28,7
ampalaya_bilog,91,28.0,83.0,5.3,6.2,loamy,5,chemical,4,none,103.0,11,7.9,4,22,11
ampalaya_bilog,36,26.3,47.7,7.2,6.6,clay,5,none,3,as-needed,224.3,11,23.7,5,31,12
patola,50,19.7,75.5,6.3,6.7,loamy,5,mixed,4,intensive,363.6,67,13.5,4,21,9
upo_smooth,32,29.9,73.6,6.4,6.7,silty,4,none,2,regular,405.2,75,23.2,4,30,9
patola,61,25.9,65.8,4.5,6.1,silty,5,none,1,as-needed,180.1,78,17.3,2,15,5
ampalaya_bilog,69,28.5,67.1,11.5,6.2,loamy,6,chemical,2,regular,239.3,47,20.0,4,18,16
ampalaya_bilog,55,17.1,74.4,6.2,6.5,clay,2,none,2,none,224.0,74,12.8,4,9,11
upo_smooth,65,31.3,42.8,3.2,6.0,sandy,3,chemical,2,regular,405.9,41,5.9,4,26,5
upo_smooth,30,31.4,75.9,7.8,6.3,loamy,5,mixed,1,regular,158.0,29,18.7,2,27,11
upo_smooth,70,28.3,66.2,4.2,6.7,silty,2,organic,1,regular,266.0,35,24.1,5,48,22
cucumber,48,25.1,68.4,6.3,6.6,clay,8,organic,2,as-needed,112.5,23,24.8,4,36,15
cucumber,45,37.5,61.6,6.4,6.1,silty,3,none,4,regular,180.1,74,19.0,4,24,12
upo_smooth,38,24.5,75.2,6.8,6.2,loamy,5,organic,3,intensive,293.3,64,6.2,2,31,13
ampalaya_bilog,79,29.9,66.6,6.5,5.4,sandy,3,organic,2,as-needed,173.0,72,14.5,4,29,14
cucumber,46,39.9,53.6,6.7,7.9,sandy,7,mixed,2,intensive,102.1,23,13.9,5,25,16
cucumber,36,36.8,68.2,3.3,7.9,silty,5,organic,1,as-needed,64.6,40,17.1,4,17,13
ampalaya_bilog,54,35.3,67.8,6.4,7.6,sandy,6,mixed,2,regular,177.2,70,21.5,2,24,9
cucumber,33,20.4,93.3,5.4,6.1,loamy,3,mixed,1,as-needed,196.4,11,18.1,3,25,8
upo_smooth,39,24.7,84.0,4.6,6.1,clay,5,none,2,as-needed,330.0,59,10.6,2,18,9
cucumber,46,23.0,69.7,6.3,6.6,clay,3,chemical,4,regular,130.3,46,11.8,3,43,15
ampalaya_bilog,34,25.3,62.3,6.9,6.2,loamy,5,mixed,2,regular,329.8,79,19.9,4,39,16
patola,51,23.2,52.8,11.9,6.6,loamy,5,organic,3,intensive,187.0,22,24.7,5,30,11
cucumber,43,27.0,63.4,10.1,5.8,clay,5,chemical,0,regular,204.7,43,7.6,2,15,12
ampalaya_bilog,47,22.2,61.3,6.7,6.3,clay,4,organic,0,as-needed,127.8,22,20.2,1,3,9
upo_smooth,55,16.5,67.6,10.7,6.5,clay,5,chemical,3,regular,237.0,27,23.1,5,27,11
upo_smooth,79,24.6,64.2,6.6,6.2,loamy,7,organic,2,as-needed,155.4,53,23.3,3,44,24
upo_smooth,73,31.0,74.0,9.8,6.7,sandy,2,organic,1,as-needed,228.4,63,11.7,3,32,16
cucumber,53,36.9,60.7,9.6,5.0,loamy,5,chemical,0,regular,121.6,62,12.0,3,28,13
patola,29,30.2,60.3,6.9,6.3,loamy,4,mixed,2,regular,307.6,75,21.8,5,21,11
patola,50,27.0,43.5,9.8,6.2,loamy,7,chemical,1,none,264.1,41,13.6,5,17,2
upo_smooth,67,25.8,77.1,3.2,6.7,loamy,5,chemical,2,none,299.5,55,17.8,4,28,11
ampalaya_bilog,41,28.6,58.2,8.0,6.4,silty,7,organic,3,regular,304.3,41,15.6,3,26,16
patola,43,35.6,61.2,11.4,6.4,clay,3,mixed,2,as-needed,234.7,67,11.2,2,20,4
upo_smooth,109,28.6,92.2,6.7,6.9,loamy,2,mixed,4,as-needed,358.3,14,12.4,2,18,4
cucumber,50,33.8,76.1,6.4,6.3,sandy,3,organic,3,regular,192.1,75,8.6,2,29,14
ampalaya_bilog,46,34.0,67.7,4.2,6.7,clay,4,organic,2,as-needed,210.7,58,14.3,2,9,9
cucumber,90,21.3,85.8,6.8,7.5,loamy,4,mixed,2,regular,120.5,27,10.9,4,31,18
cucumber,43,27.5,69.8,8.8,6.0,loamy,3,organic,3,intensive,268.5,75,23.8,4,36,25
patola,55,30.9,43.9,6.0,6.3,loamy,3,organic,2,as-needed,202.7,50,11.2,2,13,7
upo_smooth,76,26.8,63.6,6.8,6.1,clay,2,organic,3,as-needed,282.5,73,14.7,4,56,18
cucumber,37,31.2,68.2,3.7,6.5,loamy,5,none,2,as-needed,153.8,72,18.4,2,7,6
cucumber,50,30.2,78.0,6.2,6.8,sandy,4,none,4,intensive,195.4,45,5.7,5,32,13
cucumber,37,22.9,70.7,6.4,6.7,clay,6,none,1,as-needed,125.3,19,10.8,3,20,8
upo_smooth,82,27.7,67.4,7.9,6.2,clay,7,chemical,1,regular,401.6,59,10.9,2,22,21
ampalaya_bilog,48,25.0,62.9,3.9,6.2,silty,4,chemical,2,regular,152.4,75,15.6,4,15,7
cucumber,39,22.0,86.7,5.4,6.8,loamy,3,none,1,regular,88.2,20,7.9,2,21,7
ampalaya_bilog,47,28.5,69.2,6.5,5.8,loamy,3,chemical,1,intensive,141.8,27,10.9,4,42,17
upo_smooth,84,28.8,69.8,7.7,6.1,clay,5,chemical,0,as-needed,328.0,19,18.6,2,30,10
ampalaya_bilog,86,21.8,67.5,6.1,6.7,clay,3,organic,3,intensive,112.9,41,11.7,5,16,12
cucumber,35,21.2,66.9,7.8,7.3,clay,3,organic,0,none,155.1,43,5.7,5,48,22
patola,38,26.5,51.1,6.3,6.3,loamy,4,chemical,2,as-needed,184.2,75,23.3,2,16,2
patola,62,17.8,74.7,6.3,6.8,loamy,4,chemical,2,regular,148.9,26,12.7,5,27,8
upo_smooth,98,27.3,67.2,5.3,6.4,clay,5,organic,1,none,127.6,15,10.1,4,30,9
patola,55,29.5,76.5,7.2,6.0,loamy,6,mixed,3,intensive,225.1,75,9.2,5,26,16
upo_smooth,61,24.3,74.1,6.5,6.7,loamy,6,chemical,0,as-needed,282.5,61,10.7,5,41,29
patola,56,36.5,76.9,5.7,6.7,loamy,5,organic,1,regular,307.0,23,16.0,5,8,15
cucumber,47,37.3,64.3,8.0,6.3,clay,2,organic,2,as-needed,248.9,79,14.1,3,23,8
upo_smooth,74,24.5,60.1,6.5,6.1,silty,4,chemical,0,as-needed,187.4,10,8.1,4,55,20
patola,45,29.9,74.7,7.3,6.7,loamy,6,chemical,2,regular,188.9,37,21.1,3,29,15
upo_smooth,66,26.2,74.5,6.5,6.7,loamy,3,chemical,2,regular,213.1,51,20.4,5,55,31
upo_smooth,66,28.1,88.7,3.0,5.6,sandy,5,organic,2,as-needed,361.2,52,9.4,3,28,15
ampalaya_bilog,57,24.9,77.0,8.2,5.8,clay,5,organic,3,as-needed,200.7,43,11.8,5,39,22
patola,35,24.4,78.2,6.0,6.5,loamy,2,mixed,3,as-needed,227.9,47,19.4,2,4,10
upo_smooth,61,17.9,61.7,7.8,6.6,sandy,2,organic,1,regular,259.3,15,22.1,5,47,2
upo_smooth,62,37.2,75.7,6.6,6.1,loamy,3,chemical,1,as-needed,426.3,17,15.0,2,21,5
ampalaya_bilog,24,27.4,49.2,7.1,5.9,silty,6,mixed,2,regular,180.4,15,13.0,4,25,8
patola,48,18.4,42.0,7.9,5.7,clay,7,mixed,4,regular,381.5,44,20.9,5,14,3
cucumber,41,26.2,56.2,7.8,6.5,clay,6,mixed,1,intensive,130.7,29,15.2,3,34,18
cucumber,59,20.5,61.5,7.6,6.6,clay,6,organic,2,none,172.9,40,23.1,1,20,7
patola,93,35.3,68.9,7.8,6.4,loamy,7,organic,3,intensive,312.9,57,6.0,3,17,7
patola,46,27.0,75.3,7.6,6.0,loamy,6,organic,1,regular,205.7,73,20.3,3,34,10
ampalaya_bilog,40,25.1,72.1,7.2,6.5,silty,6,organic,1,as-needed,211.1,62,15.1,2,25,12
upo_smooth,41,27.2,82.3,6.7,6.7,loamy,4,organic,2,as-needed,283.2,12,6.1,4,38,21
cucumber,78,32.1,48.4,6.8,5.3,silty,3,organic,2,none,89.7,46,19.0,4,23,13
upo_smooth,87,16.5,75.7,8.3,6.5,loamy,5,organic,3,regular,284.6,29,21.0,3,27,15
ampalaya_bilog,33,23.1,79.9,7.7,6.7,sandy,2,mixed,2,regular,283.6,70,25.0,3,27,9
upo_smooth,78,26.9,69.8,6.3,6.8,loamy,4,none,2,regular,132.9,62,21.6,5,23,24
patola,54,29.8,74.9,3.7,7.4,sandy,3,organic,2,as-needed,163.1,41,18.7,4,19,6
patola,28,24.3,81.0,7.4,6.7,loamy,8,chemical,2,none,382.8,13,6.4,2,9,5
ampalaya_bilog,66,28.2,63.8,6.8,5.7,clay,3,none,2,regular,272.7,64,24.2,2,21,9
ampalaya_bilog,37,30.2,78.9,10.7,6.7,clay,4,organic,3,as-needed,132.2,65,11.3,5,32,14
ampalaya_bilog,47,24.1,57.0,6.3,7.7,silty,2,chemical,2,as-needed,226.5,42,14.8,4,22,13
cucumber,46,18.5,66.3,7.7,6.6,loamy,5,organic,4,none,138.2,66,12.8,3,22,13
upo_smooth,35,19.8,67.0,7.6,6.1,clay,6,mixed,2,regular,318.1,76,17.6,3,27,11
ampalaya_bilog,20,26.9,79.5,6.1,5.8,loamy,3,organic,4,regular,133.4,38,12.1,4,21,13
cucumber,30,24.5,42.9,6.3,6.4,silty,4,organic,4,as-needed,145.9,10,9.2,4,28,20
ampalaya_bilog,46,27.1,78.3,5.2,6.5,loamy,5,organic,2,intensive,308.6,77,20.5,5,35,17
upo_smooth,46,20.9,55.1,4.4,6.7,loamy,6,mixed,2,regular,136.7,43,12.4,3,21,6
patola,64,29.8,79.3,12.0,6.4,clay,3,organic,3,intensive,311.0,70,5.7,4,27,15
cucumber,72,21.6,63.6,8.6,6.4,loamy,7,organic,0,none,71.1,62,24.6,2,18,7
patola,54,29.7,74.0,7.1,6.4,loamy,5,chemical,3,as-needed,133.5,51,20.8,5,32,14
ampalaya_bilog,26,26.1,77.0,6.5,5.7,loamy,4,organic,1,none,93.0,20,19.1,3,32,7
ampalaya_bilog,59,17.3,71.7,6.4,6.1,loamy,3,mixed,1,regular,200.8,79,21.8,4,30,14
cucumber,50,38.6,79.5,7.7,5.1,loamy,4,organic,2,as-needed,106.5,74,15.4,4,25,13
cucumber,50,27.4,78.8,3.5,6.4,sandy,2,organic,0,as-needed,139.6,13,9.8,4,30,14
upo_smooth,67,25.1,74.6,6.8,6.7,sandy,3,chemical,3,intensive,298.8,12,12.3,5,64,26
ampalaya_bilog,52,26.3,61.1,7.5,5.4,loamy,7,chemical,2,regular,177.8,66,15.5,2,20,6
upo_smooth,31,25.4,60.6,6.8,7.0,loamy,6,mixed,3,regular,233.6,47,6.1,4,30,22
ampalaya_bilog,57,27.7,54.9,6.5,6.3,clay,5,chemical,4,as-needed,110.7,13,22.6,5,42,15
upo_smooth,53,32.4,77.5,7.4,6.1,clay,5,organic,3,regular,164.5,53,23.9,2,34,11
upo_smooth,57,27.7,42.1,7.9,6.6,sandy,4,organic,4,regular,122.4,36,5.2,3,25,14
ampalaya_bilog,40,29.1,79.4,7.4,6.2,loamy,4,organic,2,none,215.3,33,5.0,3,23,8
ampalaya_bilog,66,25.6,63.5,6.5,6.2,loamy,5,organic,3,none,99.5,52,7.5,3,25,13
cucumber,21,31.3,61.7,6.4,6.8,loamy,2,organic,1,regular,119.9,14,22.9,1,6,2
upo_smooth,58,28.8,71.0,7.5,6.7,loamy,6,organic,1,regular,242.4,55,19.7,3,47,20
patola,58,25.8,67.6,6.5,6.7,loamy,4,organic,3,as-needed,351.0,31,24.6,3,24,9
patola,61,29.1,47.4,12.0,6.5,loamy,3,chemical,1,as-needed,254.6,16,20.6,5,15,9
cucumber,45,22.4,68.5,7.3,7.6,silty,3,none,4,as-needed,100.4,74,22.7,2,19,6
cucumber,61,18.5,74.5,10.3,6.6,loamy,5,none,2,regular,230.9,32,24.2,3,16,6
patola,56,30.6,69.3,7.8,6.5,silty,4,chemical,0,regular,145.9,46,9.9,3,19,12
patola,61,31.7,78.6,5.2,6.5,silty,3,chemical,3,as-needed,302.7,68,5.2,4,30,12
patola,37,18.2,40.8,6.8,6.1,loamy,7,none,4,regular,164.2,59,6.8,2,1,1
ampalaya_bilog,47,22.2,90.6,6.3,6.7,sandy,6,chemical,2,as-needed,257.5,12,20.3,1,3,3
ampalaya_bilog,75,29.4,71.8,7.3,6.1,silty,6,mixed,1,none,162.8,47,11.5,4,31,12
ampalaya_bilog,81,27.3,70.8,9.0,6.5,sandy,4,organic,2,intensive,205.3,10,13.8,4,28,18
ampalaya_bilog,29,29.4,62.7,5.8,6.3,clay,5,mixed,2,as-needed,329.1,34,13.6,4,27,11
patola,44,19.2,78.2,11.9,6.2,clay,4,chemical,2,regular,117.8,34,18.1,3,14,7
ampalaya_bilog,71,26.7,66.3,7.7,6.8,loamy,6,chemical,2,regular,115.0,65,15.6,3,30,16
cucumber,51,27.1,84.3,6.6,6.4,silty,4,chemical,2,regular,163.0,64,20.4,5,48,25
ampalaya_bilog,35,25.4,62.5,10.9,6.5,loamy,4,organic,2,as-needed,262.9,45,23.9,1,23,5
patola,93,30.9,63.6,7.7,6.6,sandy,6,organic,2,regular,148.1,74,14.4,3,20,9
cucumber,52,20.6,58.5,6.8,6.7,loamy,4,chemical,2,as-needed,145.9,71,8.7,2,21,13
ampalaya_bilog,40,35.1,61.2,6.3,6.4,loamy,5,mixed,1,regular,185.0,19,8.2,5,38,9
patola,82,30.7,79.0,8.6,6.7,silty,4,organic,3,regular,222.8,12,11.2,2,21,7
ampalaya_bilog,52,26.4,65.3,8.4,5.2,loamy,5,chemical,2,regular,177.7,75,6.1,4,34,17
patola,42,26.8,86.6,11.0,6.5,clay,4,none,2,none,336.4,55,16.8,1,5,1
upo_smooth,57,37.3,65.6,7.6,6.0,clay,6,chemical,3,regular,282.1,66,20.8,5,36,17
patola,58,18.6,76.2,5.6,5.9,loamy,4,chemical,2,as-needed,116.5,61,23.6,5,18,4
ampalaya_bilog,35,35.5,70.6,6.2,6.7,clay,3,organic,3,none,183.0,69,13.1,2,18,5
cucumber,41,20.6,74.5,8.5,6.3,loamy,4,chemical,3,as-needed,272.8,29,8.0,5,46,25
cucumber,41,24.5,79.9,6.4,6.4,clay,4,mixed,1,as-needed,171.6,11,20.2,4,45,24
upo_smooth,47,28.1,68.6,6.2,6.8,silty,5,organic,3,regular,402.1,61,24.0,5,56,33
upo_smooth,59,26.2,73.2,6.5,6.7,loamy,2,mixed,4,none,121.6,67,11.0,5,51,19
cucumber,64,20.2,74.4,7.1,6.1,loamy,3,organic,1,as-needed,273.2,30,16.3,1,17,11
patola,49,26.8,91.1,7.4,5.6,loamy,5,organic,0,regular,322.3,76,13.2,3,23,11
ampalaya_bilog,24,27.1,74.4,7.2,5.3,sandy,5,organic,3,regular,166.3,22,7.0,4,19,13
upo_smooth,75,33.1,82.1,10.2,6.2,silty,6,mixed,2,regular,315.7,58,5.8,3,28,16
upo_smooth,48,30.2,85.7,5.3,6.2,loamy,5,organic,1,as-needed,213.2,25,12.0,4,34,23
patola,60,19.9,61.1,11.0,5.7,sandy,5,organic,2,none,217.4,36,15.7,3,8,9
patola,46,28.1,86.9,8.0,6.7,clay,6,chemical,2,as-needed,183.4,49,22.6,3,28,12
cucumber,45,20.7,62.1,9.0,7.7,loamy,5,mixed,0,none,87.0,35,18.4,3,32,11
upo_smooth,58,36.8,69.5,9.9,5.7,loamy,7,chemical,1,none,389.7,66,18.4,2,29,3
ampalaya_bilog,90,28.6,62.0,7.1,5.6,sandy,4,organic,2,none,247.6,64,16.0,4,24,13
cucumber,49,17.8,79.8,7.1,5.4,loamy,2,organic,3,as-needed,238.5,56,8.9,3,26,3
ampalaya_bilog,57,16.3,83.8,6.3,7.8,silty,5,organic,2,intensive,321.8,25,21.2,2,19,3
cucumber,39,22.0,76.3,10.8,6.6,sandy,2,none,2,none,161.5,66,12.2,1,8,4
cucumber,58,19.7,72.0,7.8,6.7,loamy,6,chemical,3,regular,108.3,70,19.2,2,13,14
upo_smooth,89,20.5,67.1,6.2,6.8,sandy,2,organic,2,as-needed,378.2,43,14.7,4,32,10
ampalaya_bilog,64,34.9,74.7,6.6,6.2,clay,5,chemical,2,as-needed,287.5,41,15.0,3,18,11
cucumber,42,25.0,62.1,3.3,6.8,silty,4,organic,3,as-needed,67.5,46,11.4,1,10,9
ampalaya_bilog,59,27.4,70.5,10.8,7.9,sandy,5,none,4,as-needed,123.0,33,8.3,2,11,7
patola,48,25.9,88.8,6.4,6.9,silty,4,chemical,3,regular,354.9,29,18.8,2,9,11
ampalaya_bilog,49,18.6,63.4,6.1,6.6,loamy,2,chemical,2,regular,179.6,49,14.0,4,29,16
upo_smooth,45,15.6,66.3,7.0,7.8,clay,4,mixed,3,none,329.7,49,8.9,3,13,12
patola,65,30.5,72.1,6.9,6.8,clay,7,none,1,regular,322.7,24,8.7,3,16,6
ampalaya_bilog,30,36.0,70.0,6.5,6.6,loamy,3,chemical,0,as-needed,97.0,21,8.6,3,21,6
patola,55,25.4,63.3,6.6,5.7,loamy,3,mixed,3,none,312.2,42,24.6,2,6,7
patola,50,22.9,86.3,7.5,6.0,loamy,3,chemical,1,as-needed,121.3,56,23.6,3,19,11
upo_smooth,45,27.2,76.5,7.2,6.2,loamy,4,none,3,none,353.6,38,5.1,3,23,9
patola,48,22.6,76.5,7.5,6.1,sandy,6,organic,3,as-needed,351.7,62,6.7,4,32,10
patola,53,25.1,77.0,6.9,6.6,loamy,6,none,3,as-needed,154.9,12,21.7,2,11,6
upo_smooth,36,15.7,72.5,7.3,6.6,loamy,5,chemical,2,none,213.6,29,19.5,5,28,12
patola,55,29.4,77.6,6.7,6.7,loamy,4,organic,1,intensive,366.1,61,24.8,1,7,4
upo_smooth,41,28.5,78.8,6.1,6.4,silty,6,chemical,3,intensive,392.2,56,15.8,3,36,18
upo_smooth,61,24.7,61.6,10.5,6.3,loamy,6,mixed,0,regular,203.6,68,11.9,4,54,28
cucumber,85,32.5,75.0,7.3,6.7,loamy,4,organic,2,regular,203.5,40,8.8,3,28,15
upo_smooth,54,29.2,77.4,8.9,7.5,clay,5,chemical,3,as-needed,409.9,40,22.8,4,46,17
ampalaya_bilog,55,25.5,67.6,6.9,6.5,loamy,2,mixed,2,as-needed,93.8,26,9.8,4,44,17
patola,52,19.6,57.4,6.5,6.3,silty,5,chemical,2,none,352.4,54,6.8,2,3,9
cucumber,50,21.6,78.0,6.3,6.7,silty,7,chemical,1,regular,121.0,66,8.4,3,34,13
upo_smooth,65,22.8,91.8,6.8,6.8,silty,2,chemical,3,as-needed,383.0,42,15.0,3,27,9
ampalaya_bilog,99,28.3,85.3,6.5,7.5,silty,4,organic,3,intensive,239.8,74,12.7,2,18,4
cucumber,79,38.6,61.4,9.3,6.2,clay,8,organic,0,none,108.0,79,6.5,4,13,4
patola,47,16.7,87.9,7.0,6.7,loamy,6,organic,2,none,270.9,75,8.5,1,13,1
cucumber,39,30.4,78.8,7.5,6.2,clay,3,none,3,intensive,66.9,69,19.0,4,16,9
ampalaya_bilog,48,27.2,88.1,6.4,7.0,loamy,8,chemical,1,regular,156.1,67,11.2,5,37,15
cucumber,23,37.2,67.1,7.3,7.1,loamy,5,organic,2,as-needed,100.8,63,12.6,3,14,6
ampalaya_bilog,60,26.3,76.0,11.9,6.3,loamy,3,chemical,4,as-needed,318.6,67,14.6,4,37,8
upo_smooth,67,24.9,60.2,7.5,6.1,loamy,5,mixed,4,regular,232.2,58,11.7,4,50,24
patola,84,15.6,56.5,6.9,6.7,loamy,5,organic,2,intensive,301.2,47,8.5,2,12,1
patola,45,30.4,72.8,7.3,6.5,silty,3,organic,2,as-needed,383.0,60,13.7,5,32,15
cucumber,32,20.6,64.9,6.3,5.6,sandy,7,none,2,as-needed,99.2,41,15.1,3,30,11
patola,62,26.9,65.8,7.7,6.5,clay,5,none,2,intensive,337.9,42,11.5,3,7,12
upo_smooth,45,29.8,85.0,7.6,6.1,loamy,4,mixed,1,as-needed,407.1,20,18.7,3,48,21
cucumber,33,27.5,58.1,3.7,6.8,sandy,7,chemical,3,regular,187.2,18,16.5,3,16,8
ampalaya_bilog,84,26.6,50.0,6.9,6.6,loamy,3,organic,2,regular,185.6,10,15.5,5,34,17
ampalaya_bilog,55,20.1,68.1,8.3,5.3,loamy,5,none,2,regular,263.4,19,16.8,4,25,11
upo_smooth,44,35.3,71.6,6.6,6.4,silty,6,organic,0,regular,387.0,56,13.5,2,18,9
cucumber,28,39.0,74.4,8.9,6.5,loamy,4,mixed,2,intensive,150.0,28,17.2,5,18,12
upo_smooth,105,27.5,73.8,6.6,6.1,loamy,4,none,2,regular,264.7,55,15.6,4,12,11
patola,34,36.0,78.5,7.5,6.4,silty,5,mixed,0,regular,199.3,45,17.3,4,17,7
cucumber,42,25.8,65.3,6.7,6.8,loamy,3,mixed,0,as-needed,133.8,14,6.8,4,37,20
patola,39,37.0,71.0,7.5,6.8,loamy,6,chemical,3,as-needed,154.4,17,18.6,3,21,6
cucumber,93,25.3,94.4,7.5,6.2,loamy,2,chemical,2,none,224.9,66,19.7,3,18,11
upo_smooth,101,16.0,51.3,7.6,6.2,loamy,5,chemical,3,as-needed,336.7,65,10.8,5,35,10
ampalaya_bilog,52,26.1,62.9,10.8,5.2,loamy,4,chemical,3,none,229.4,45,7.9,4,24,7
cucumber,49,26.4,78.1,6.3,6.6,clay,3,none,2,regular,268.7,41,23.3,4,28,12
cucumber,21,32.9,46.5,9.3,6.8,loamy,5,mixed,3,regular,264.7,50,23.0,3,15,10
cucumber,85,26.2,53.2,7.1,6.2,loamy,5,chemical,4,regular,182.1,43,10.6,5,29,22
upo_smooth,92,27.4,68.3,8.0,6.3,loamy,2,chemical,0,intensive,378.3,12,6.0,4,44,8
upo_smooth,52,24.5,68.1,8.0,5.7,loamy,6,none,2,none,296.8,34,5.6,3,10,10
ampalaya_bilog,92,27.4,78.3,6.9,6.5,loamy,3,organic,1,intensive,170.5,76,15.7,4,22,14
ampalaya_bilog,32,25.5,65.1,5.8,6.4,loamy,5,chemical,1,as-needed,119.3,22,18.6,2,25,8
cucumber,38,33.6,77.1,4.7,6.8,silty,7,none,3,regular,167.2,32,20.1,2,21,9
ampalaya_bilog,91,16.3,61.7,6.6,6.0,loamy,5,chemical,3,regular,272.6,40,19.5,3,13,8
ampalaya_bilog,51,29.0,78.8,6.6,6.3,sandy,2,mixed,2,regular,312.5,56,18.8,4,38,14
ampalaya_bilog,62,26.3,90.0,6.2,5.5,loamy,5,mixed,4,as-needed,164.3,26,12.2,5,41,16
upo_smooth,56,27.0,93.8,7.6,6.6,clay,3,chemical,1,regular,426.2,73,7.3,3,28,13
cucumber,65,35.1,70.5,3.8,6.6,loamy,5,none,2,none,140.1,50,21.1,3,11,3
cucumber,41,25.2,63.4,7.4,6.1,loamy,3,organic,1,as-needed,140.4,17,22.9,3,28,20
patola,59,25.1,52.4,8.0,6.1,loamy,4,chemical,2,none,362.7,48,19.0,3,21,7
ampalaya_bilog,22,27.6,67.2,6.3,6.8,sandy,6,chemical,2,as-needed,197.4,76,9.2,2,14,1
cucumber,43,15.9,63.4,6.8,6.8,sandy,3,mixed,2,regular,139.8,47,10.3,4,40,13
patola,55,26.1,80.0,5.0,6.7,clay,7,mixed,3,as-needed,149.4,46,10.8,2,13,1
cucumber,26,23.7,56.2,6.4,6.2,loamy,4,mixed,2,intensive,189.2,11,21.3,4,30,16
cucumber,38,21.9,77.2,6.1,7.6,clay,2,chemical,1,intensive,86.3,15,17.9,4,36,16
patola,84,29.1,74.6,7.8,6.6,clay,4,organic,2,none,341.5,73,8.3,4,21,6
upo_smooth,64,17.6,71.8,7.3,6.0,clay,2,chemical,2,regular,219.1,21,19.5,5,41,10
upo_smooth,70,24.1,77.2,7.1,6.4,sandy,6,organic,0,regular,385.6,74,18.5,2,34,15
upo_smooth,61,15.5,81.3,7.2,5.7,loamy,4,organic,3,as-needed,222.9,14,19.0,3,24,7
cucumber,50,24.0,83.1,7.4,7.5,loamy,2,chemical,1,as-needed,212.2,17,7.6,4,30,17
upo_smooth,62,22.4,60.2,6.3,6.7,sandy,7,mixed,2,regular,437.1,48,6.9,5,50,21
patola,36,27.0,66.3,6.1,6.2,loamy,5,organic,1,as-needed,168.8,30,16.4,5,22,11
patola,65,26.2,55.9,6.8,6.6,loamy,6,organic,0,regular,358.8,36,5.1,4,34,9
ampalaya_bilog,60,27.2,71.9,6.4,6.3,clay,2,organic,3,intensive,166.8,12,12.2,1,17,3
cucumber,39,33.4,63.7,7.6,7.2,sandy,3,organic,3,intensive,268.8,58,20.7,3,37,17
patola,61,38.8,62.2,6.1,6.4,clay,2,mixed,2,none,152.3,12,20.3,2,10,12
ampalaya_bilog,45,24.3,61.3,11.7,6.2,sandy,5,chemical,2,intensive,95.3,31,23.4,3,24,5
upo_smooth,74,38.7,80.4,5.7,7.5,loamy,4,mixed,2,as-needed,436.8,35,12.3,4,25,9
cucumber,54,20.9,84.5,6.4,6.3,clay,6,mixed,2,regular,217.7,46,20.5,3,35,22
upo_smooth,45,28.1,77.5,7.6,7.3,clay,7,organic,1,intensive,405.0,26,10.5,3,45,17
cucumber,40,15.1,68.8,6.5,7.0,silty,7,mixed,2,as-needed,224.7,47,21.3,4,24,13
ampalaya_bilog,41,21.9,64.5,6.5,6.4,loamy,3,organic,4,regular,207.2,33,16.0,4,36,20
upo_smooth,56,26.9,71.7,5.7,6.4,silty,4,chemical,1,intensive,254.2,34,18.9,3,33,17
upo_smooth,67,26.2,65.0,7.8,6.5,loamy,3,mixed,2,regular,327.2,23,9.4,2,25,14
cucumber,49,24.3,63.5,7.3,5.1,clay,7,chemical,4,as-needed,247.1,73,10.8,4,33,19
upo_smooth,109,26.7,43.6,7.6,6.2,loamy,3,mixed,2,as-needed,253.9,18,8.9,3,26,11
ampalaya_bilog,35,26.6,60.8,6.7,6.5,loamy,5,organic,1,regular,210.6,59,16.4,1,9,6
ampalaya_bilog,58,27.7,65.5,6.5,6.1,clay,5,chemical,3,as-needed,136.5,23,19.7,4,33,16
ampalaya_bilog,45,33.5,66.0,7.2,6.6,silty,2,organic,1,none,308.8,79,8.6,1,15,2
cucumber,29,15.7,55.4,7.5,6.7,loamy,6,chemical,1,regular,237.7,12,8.2,3,16,7
cucumber,73,20.9,87.7,8.7,6.5,sandy,5,mixed,1,as-needed,106.9,19,6.4,4,28,11
upo_smooth,85,32.1,71.6,6.3,6.5,silty,4,none,4,none,168.8,39,14.9,4,35,1
ampalaya_bilog,43,34.9,75.5,6.1,6.7,loamy,5,mixed,4,as-needed,224.8,39,6.4,3,33,15
patola,57,30.8,63.5,7.2,6.5,sandy,4,none,4,intensive,164.5,59,21.3,3,16,11
cucumber,49,24.1,73.7,8.0,6.4,loamy,4,organic,3,regular,218.2,67,22.9,2,29,17
cucumber,38,16.5,89.5,6.0,6.3,loamy,3,chemical,2,regular,76.2,77,10.1,3,29,6
upo_smooth,47,37.3,70.1,7.1,6.4,loamy,4,chemical,1,regular,348.1,72,11.6,5,38,17
upo_smooth,63,27.6,78.1,7.0,6.6,loamy,3,mixed,2,none,388.1,51,8.4,1,18,7
ampalaya_bilog,41,33.6,68.5,7.3,6.1,loamy,5,organic,1,regular,130.8,66,14.7,4,37,15
ampalaya_bilog,55,20.6,64.9,7.9,6.6,clay,5,chemical,4,regular,242.7,69,18.4,4,32,12
cucumber,77,29.3,83.4,7.1,6.4,loamy,3,organic,1,regular,220.0,54,23.4,3,24,15
upo_smooth,101,20.8,90.6,7.0,6.6,loamy,4,chemical,1,as-needed,436.5,77,13.4,3,24,11
cucumber,54,35.8,67.0,7.2,6.6,loamy,4,organic,0,none,90.4,59,7.3,3,11,8
upo_smooth,69,25.6,83.2,7.0,6.1,loamy,5,none,2,regular,237.4,43,17.2,3,20,12
patola,49,28.7,73.2,6.0,6.8,loamy,3,organic,3,regular,248.9,16,24.2,3,24,9
cucumber,77,28.0,67.9,6.4,6.4,sandy,6,mixed,3,regular,259.6,53,20.8,3,34,12
cucumber,49,15.3,63.3,6.1,6.3,silty,6,mixed,3,intensive,101.1,67,18.5,4,37,11
patola,81,30.4,80.3,7.4,6.5,clay,5,chemical,2,regular,323.0,65,22.1,3,26,8
upo_smooth,59,37.5,70.7,4.6,6.7,sandy,8,mixed,2,as-needed,415.0,18,11.9,2,17,7
upo_smooth,57,15.4,48.9,6.9,6.6,loamy,5,organic,2,as-needed,428.8,64,5.4,5,29,13
cucumber,38,17.1,73.2,6.2,6.2,loamy,5,mixed,4,regular,74.1,34,13.8,3,17,13
cucumber,28,33.6,68.8,8.0,5.2,loamy,5,chemical,2,as-needed,177.8,20,24.2,4,44,16
ampalaya_bilog,20,16.0,69.2,7.3,6.5,loamy,2,chemical,1,regular,212.9,57,5.8,2,8,3
ampalaya_bilog,58,25.1,64.5,7.5,5.5,loamy,6,none,2,none,202.9,18,6.6,2,7,2
upo_smooth,31,26.9,68.7,8.0,6.6,loamy,4,mixed,2,intensive,276.3,70,5.7,3,37,17
ampalaya_bilog,44,28.6,79.4,7.7,6.7,loamy,3,organic,3,none,213.2,26,16.6,5,34,19
patola,35,36.4,65.4,7.8,6.7,loamy,4,chemical,1,regular,115.4,50,9.5,4,16,9
patola,34,21.5,76.7,6.8,6.7,loamy,3,mixed,3,as-needed,192.5,32,22.2,3,25,10
cucumber,54,24.3,41.2,10.2,6.7,loamy,4,chemical,2,as-needed,160.2,18,9.1,4,33,18
upo_smooth,55,17.2,78.6,6.7,6.1,loamy,3,mixed,2,intensive,134.9,18,13.9,5,52,18
patola,60,25.1,62.4,6.4,6.4,loamy,4,organic,2,as-needed,225.2,40,10.4,3,26,14
patola,56,26.8,72.1,4.6,6.0,loamy,4,chemical,2,regular,359.6,21,7.1,4,29,14
ampalaya_bilog,70,40.0,75.2,9.8,6.0,loamy,3,chemical,2,regular,222.2,77,16.0,4,18,3
upo_smooth,86,26.4,67.1,7.4,6.7,sandy,7,mixed,4,regular,401.1,24,11.4,3,36,15
patola,66,24.5,87.0,6.0,6.1,loamy,4,chemical,0,regular,369.1,76,6.8,5,38,15
cucumber,26,33.4,74.1,4.7,6.2,loamy,6,chemical,1,as-needed,71.2,10,13.5,4,26,15
cucumber,52,22.3,80.8,7.6,6.6,loamy,4,organic,1,intensive,60.8,53,22.5,2,34,16
ampalaya_bilog,42,23.1,83.1,7.6,6.6,loamy,6,chemical,1,as-needed,143.7,20,8.7,2,23,8
cucumber,35,26.1,72.0,7.3,7.6,clay,2,none,4,none,246.2,76,11.2,3,21,14
patola,57,16.2,65.3,6.9,6.0,loamy,4,chemical,1,intensive,139.5,21,5.9,4,19,7
ampalaya_bilog,23,20.9,63.7,7.7,7.1,loamy,6,organic,4,intensive,310.6,64,21.2,4,27,7
cucumber,48,22.8,75.9,11.6,6.2,silty,5,chemical,2,regular,195.4,10,18.7,4,35,18
patola,50,21.3,64.2,5.6,6.5,loamy,4,organic,0,intensive,172.1,35,5.4,5,28,13
cucumber,21,23.2,58.7,6.9,6.4,sandy,5,none,4,regular,267.1,27,14.6,2,4,4
patola,51,26.5,69.5,7.4,5.8,loamy,4,chemical,3,regular,316.2,32,15.4,3,25,18
cucumber,38,22.5,92.0,3.3,6.8,sandy,4,organic,2,regular,149.0,33,10.7,5,22,13
ampalaya_bilog,43,25.6,84.9,7.9,6.1,silty,4,chemical,0,intensive,244.0,55,23.0,3,33,13
cucumber,39,35.3,90.4,7.9,6.6,loamy,4,chemical,4,none,201.2,21,9.1,5,20,5
ampalaya_bilog,94,27.9,54.3,6.5,6.4,clay,7,organic,2,as-needed,126.3,66,20.2,3,15,9
upo_smooth,90,28.9,63.7,5.5,6.3,loamy,2,organic,0,regular,204.6,77,11.2,3,20,12
cucumber,36,27.3,81.1,7.2,6.2,silty,2,mixed,2,none,99.0,79,12.5,4,48,14
cucumber,50,26.7,41.2,7.4,5.6,sandy,2,mixed,3,regular,128.6,52,10.7,2,27,9
patola,53,30.9,63.3,3.8,6.2,sandy,4,chemical,2,as-needed,161.4,40,12.2,3,8,6
patola,60,28.0,78.3,6.3,7.7,clay,4,organic,2,regular,157.5,79,18.7,2,21,7
upo_smooth,67,18.1,66.4,12.0,5.6,loamy,5,mixed,3,regular,250.9,51,17.0,3,20,13
patola,54,27.8,79.4,6.5,6.1,loamy,7,mixed,2,intensive,356.4,35,16.0,3,24,11
cucumber,21,21.0,46.1,7.4,7.5,loamy,7,chemical,2,regular,131.7,70,24.9,2,21,1
ampalaya_bilog,51,32.5,67.2,6.8,6.5,sandy,2,none,2,regular,131.5,52,10.8,4,27,10
patola,87,34.7,69.8,7.3,6.6,loamy,6,chemical,4,regular,312.6,70,18.1,2,11,3
ampalaya_bilog,44,16.2,64.5,8.0,6.1,loamy,6,organic,3,intensive,249.0,32,23.5,5,23,15
patola,57,26.7,79.2,6.2,6.9,sandy,6,mixed,2,intensive,113.6,25,20.5,5,30,16
upo_smooth,56,36.0,65.8,7.3,6.2,loamy,4,organic,0,regular,238.2,59,10.6,4,31,12
ampalaya_bilog,29,28.9,62.3,5.1,5.3,clay,6,mixed,3,regular,106.5,65,20.7,2,13,14
cucumber,35,26.6,62.0,6.7,6.1,silty,6,organic,1,regular,85.5,16,18.6,3,27,23
cucumber,52,36.5,65.7,7.1,6.7,clay,6,organic,2,none,95.3,74,23.8,1,3,4
ampalaya_bilog,41,23.6,77.0,6.2,6.1,loamy,2,organic,2,regular,310.6,47,19.1,3,35,16
cucumber,41,34.3,73.2,6.2,6.4,clay,4,organic,2,as-needed,75.6,77,23.5,1,25,8
ampalaya_bilog,80,27.3,70.1,7.2,6.2,loamy,3,chemical,3,none,252.2,39,7.5,3,17,5
ampalaya_bilog,49,29.3,79.9,6.0,5.4,loamy,6,mixed,1,regular,310.2,42,7.1,3,36,9
patola,76,29.0,66.5,8.3,7.0,sandy,3,chemical,4,as-needed,305.8,47,21.9,3,20,10
upo_smooth,41,27.5,79.6,6.6,6.3,sandy,4,chemical,3,intensive,124.7,65,15.1,3,42,17
upo_smooth,36,25.7,68.8,5.6,6.4,loamy,7,mixed,3,regular,157.3,59,21.3,5,51,25
patola,30,25.8,46.2,6.2,6.1,silty,4,none,0,regular,293.6,73,6.8,3,11,5
ampalaya_bilog,58,29.9,86.8,7.9,6.5,clay,4,chemical,3,regular,305.3,72,24.5,4,29,17
ampalaya_bilog,95,25.4,71.2,7.8,6.5,sandy,4,none,1,none,245.8,62,16.7,5,9,4
patola,104,21.9,84.7,6.8,6.5,loamy,3,organic,0,regular,335.9,60,14.4,4,12,11
ampalaya_bilog,34,23.0,70.5,7.7,6.8,sandy,3,chemical,0,regular,142.8,31,7.6,3,28,15
upo_smooth,65,26.4,73.9,6.6,6.7,clay,2,mixed,3,regular,160.9,39,21.8,3,35,17
ampalaya_bilog,38,26.5,74.4,6.7,6.6,loamy,3,chemical,2,intensive,175.7,63,16.7,2,18,7
cucumber,21,26.8,56.6,6.7,6.0,clay,4,organic,3,regular,140.9,50,18.3,2,22,2
cucumber,79,21.6,64.1,6.3,5.5,silty,2,mixed,2,regular,258.5,35,19.1,4,36,16
upo_smooth,81,16.7,59.0,7.6,6.4,loamy,3,organic,4,as-needed,187.4,33,15.3,4,41,11
cucumber,47,20.9,51.4,6.3,6.5,clay,6,chemical,1,as-needed,141.6,58,17.5,3,25,15
patola,34,18.7,79.9,7.9,6.5,loamy,5,organic,1,regular,149.4,54,17.2,3,11,5
upo_smooth,91,38.6,47.9,6.1,6.6,loamy,3,organic,4,regular,350.9,33,8.8,3,9,8
ampalaya_bilog,34,38.8,56.2,8.0,6.1,loamy,5,organic,2,regular,139.3,30,11.9,4,22,13
cucumber,48,27.7,63.6,7.5,7.9,loamy,7,chemical,2,regular,205.1,61,22.2,3,35,17
patola,66,29.9,67.1,8.1,6.6,clay,3,chemical,3,as-needed,184.3,43,11.2,3,17,5
ampalaya_bilog,52,25.3,76.3,6.5,6.7,loamy,7,mixed,1,as-needed,133.3,23,23.2,5,39,17
ampalaya_bilog,30,27.8,93.1,6.6,6.4,loamy,4,chemical,0,none,233.8,33,24.1,5,26,11
ampalaya_bilog,46,28.9,58.9,7.1,6.4,clay,5,organic,2,regular,106.4,15,16.1,4,42,17
upo_smooth,49,25.6,72.1,10.0,6.8,sandy,3,chemical,2,regular,431.0,39,13.3,5,32,24
ampalaya_bilog,55,31.6,72.9,6.5,6.7,loamy,5,none,0,none,276.8,34,9.6,4,17,6
upo_smooth,43,27.9,71.1,11.5,6.5,sandy,4,chemical,2,as-needed,181.4,34,19.5,5,50,18
ampalaya_bilog,44,26.0,77.1,5.9,6.2,clay,6,organic,2,regular,171.0,54,6.0,4,35,15
upo_smooth,60,36.7,61.3,7.6,6.2,silty,4,chemical,2,as-needed,294.9,34,20.9,4,28,16
ampalaya_bilog,63,29.2,81.0,9.7,6.8,loamy,4,mixed,3,none,227.6,22,24.9,2,26,10
cucumber,41,22.0,70.3,6.9,6.5,silty,3,chemical,0,regular,197.7,58,14.5,2,22,13
patola,83,25.8,92.4,5.5,6.7,clay,6,mixed,0,as-needed,361.1,42,22.4,1,10,2
ampalaya_bilog,60,26.5,80.5,7.9,6.2,loamy,5,chemical,2,as-needed,290.6,63,11.4,2,16,10
patola,35,26.4,80.0,6.4,6.3,loamy,4,mixed,1,as-needed,231.1,68,18.5,4,30,18
patola,63,28.2,57.7,7.7,6.8,loamy,5,chemical,3,none,215.6,64,21.9,3,13,10
upo_smooth,60,29.7,60.2,10.1,6.5,loamy,4,chemical,3,as-needed,247.6,19,6.5,4,38,20
ampalaya_bilog,40,28.0,80.0,6.8,6.3,silty,5,organic,0,regular,326.1,46,8.6,1,18,6
ampalaya_bilog,87,31.4,46.4,6.4,5.9,silty,2,organic,2,regular,133.6,77,16.6,3,18,5
upo_smooth,62,29.0,65.6,6.7,6.6,clay,3,mixed,4,as-needed,225.4,75,24.7,3,43,18
patola,95,27.4,61.9,9.0,6.1,clay,3,chemical,2,as-needed,307.8,52,15.3,2,19,7
ampalaya_bilog,42,30.1,75.8,9.0,6.5,loamy,4,mixed,4,as-needed,217.7,45,24.1,3,30,13
cucumber,38,24.8,82.3,6.4,6.5,loamy,5,mixed,4,regular,220.6,52,16.3,2,24,11
cucumber,28,21.9,75.0,7.7,6.5,loamy,4,chemical,1,as-needed,270.4,50,15.0,5,34,24
patola,77,25.6,65.5,6.1,6.4,loamy,5,chemical,0,intensive,327.1,69,14.7,4,20,12
ampalaya_bilog,38,28.0,80.8,9.0,7.1,sandy,4,organic,3,as-needed,301.6,72,8.9,4,31,13
upo_smooth,75,27.7,51.6,6.2,6.1,clay,6,chemical,3,none,265.7,19,16.7,5,40,21
cucumber,44,36.7,78.9,8.4,6.6,loamy,4,mixed,2,as-needed,127.3,67,17.7,2,16,7
cucumber,54,35.6,83.0,6.0,6.2,loamy,3,organic,3,intensive,135.5,29,10.9,3,25,9
upo_smooth,42,28.6,68.5,6.1,6.5,clay,2,chemical,4,none,150.2,60,11.3,4,38,15
cucumber,22,20.0,61.6,6.6,6.1,loamy,5,organic,4,as-needed,156.3,23,10.1,4,28,21
upo_smooth,83,24.5,72.2,8.7,6.3,loamy,6,chemical,1,as-needed,335.7,50,17.4,4,31,21
ampalaya_bilog,20,25.9,78.9,6.0,6.0,sandy,5,chemical,3,as-needed,296.4,21,10.0,2,10,8
upo_smooth,59,25.6,42.1,5.3,6.5,silty,4,organic,3,regular,288.9,50,16.7,4,42,18
ampalaya_bilog,46,27.1,78.0,6.2,6.5,clay,6,mixed,2,regular,154.4,79,8.5,1,15,5
upo_smooth,58,28.7,79.1,6.3,6.3,loamy,7,none,2,as-needed,428.4,65,7.4,5,44,16
upo_smooth,37,24.2,60.4,3.0,6.2,sandy,6,chemical,1,intensive,201.1,25,22.9,2,13,7
ampalaya_bilog,58,27.6,86.1,6.3,5.1,loamy,5,organic,1,as-needed,142.3,37,16.2,4,45,19
patola,60,19.5,76.1,6.7,6.0,silty,5,organic,3,regular,257.4,54,7.5,3,19,6
upo_smooth,54,39.6,70.2,7.5,6.5,clay,6,organic,2,regular,213.7,79,20.7,3,37,8
upo_smooth,67,25.7,65.4,10.0,6.4,loamy,6,none,4,intensive,294.3,29,5.7,5,23,17
cucumber,20,22.3,75.3,7.1,6.5,loamy,6,mixed,2,none,259.1,64,22.2,1,8,8
upo_smooth,62,27.3,71.3,6.4,6.4,loamy,4,organic,2,regular,298.5,12,6.0,4,62,27
patola,45,25.1,64.4,7.5,7.6,clay,5,none,2,as-needed,312.1,12,16.5,3,20,1
ampalaya_bilog,42,36.3,54.9,5.4,6.0,sandy,4,organic,1,regular,225.2,10,13.6,3,22,6
patola,104,16.0,76.5,6.8,6.7,loamy,2,organic,1,intensive,364.0,31,5.1,3,9,6
ampalaya_bilog,40,26.0,77.3,4.7,6.5,loamy,2,none,3,as-needed,295.9,50,17.4,5,25,5
cucumber,45,19.0,73.5,10.6,6.4,loamy,5,chemical,2,none,190.5,53,8.6,3,16,10
cucumber,42,34.6,60.8,8.0,5.8,silty,4,mixed,1,as-needed,61.2,51,11.8,3,38,20
ampalaya_bilog,39,26.2,70.6,6.9,6.4,silty,7,organic,3,regular,140.6,53,6.5,4,43,12
cucumber,28,21.1,94.4,7.1,7.8,sandy,7,organic,4,as-needed,162.5,59,19.9,1,15,5
cucumber,27,38.7,62.4,8.5,6.5,silty,3,organic,4,regular,213.0,33,17.6,4,32,13
cucumber,42,24.1,43.0,7.0,5.7,clay,5,chemical,2,none,117.5,17,14.6,3,18,10
upo_smooth,61,27.3,66.5,7.6,6.7,silty,5,organic,2,intensive,314.8,48,24.1,1,19,8
cucumber,48,21.5,70.9,6.2,6.4,loamy,4,chemical,0,as-needed,254.0,12,17.2,3,42,25
ampalaya_bilog,30,33.8,74.3,7.0,6.0,loamy,6,chemical,2,as-needed,244.3,58,22.4,3,22,13
ampalaya_bilog,55,32.3,64.7,7.4,6.6,sandy,5,organic,2,as-needed,261.4,57,16.6,5,39,16
upo_smooth,61,28.0,75.3,6.3,6.5,loamy,6,none,3,regular,139.6,47,9.9,4,38,15
patola,55,25.4,66.4,6.3,6.8,clay,4,organic,2,regular,143.1,65,5.1,4,19,17
patola,62,28.2,58.0,6.6,6.4,loamy,5,chemical,2,none,200.5,61,20.9,4,26,10
cucumber,54,26.0,60.5,6.7,7.9,clay,2,chemical,3,as-needed,130.2,39,14.3,3,35,15
patola,58,28.7,88.5,6.9,7.4,loamy,3,chemical,3,as-needed,212.9,54,18.0,4,28,13
upo_smooth,73,25.7,62.8,6.6,5.3,clay,6,chemical,2,regular,168.6,64,13.5,4,48,20
patola,50,15.5,61.5,7.7,6.4,silty,5,organic,2,regular,113.4,14,22.2,1,2,6
patola,44,34.1,62.0,4.4,6.5,silty,6,chemical,0,regular,330.3,32,23.6,5,33,19
upo_smooth,32,28.4,67.9,6.3,6.6,loamy,4,chemical,2,as-needed,240.6,17,24.7,4,27,18
upo_smooth,64,39.1,71.2,11.6,7.4,clay,6,mixed,2,as-needed,369.4,69,18.7,4,16,15
patola,64,38.1,88.6,6.0,6.0,sandy,7,organic,2,intensive,368.4,22,15.3,1,1,2
upo_smooth,95,36.7,50.0,7.4,7.1,loamy,4,chemical,2,regular,285.6,10,10.4,3,20,4
patola,46,17.2,69.2,4.6,6.5,clay,4,organic,4,intensive,312.9,62,18.9,4,23,8
cucumber,46,23.1,51.1,7.3,6.2,loamy,6,mixed,1,regular,115.1,39,12.8,2,24,12
upo_smooth,61,24.0,74.3,6.9,6.4,loamy,3,mixed,2,none,327.6,39,21.2,5,58,27
cucumber,41,23.6,94.1,4.8,6.5,sandy,4,mixed,2,none,116.8,13,22.6,3,9,10
cucumber,36,22.0,66.3,7.1,6.3,loamy,2,chemical,1,regular,112.0,76,6.6,5,49,22
cucumber,89,25.3,63.4,8.4,6.0,silty,5,chemical,3,none,99.1,73,20.7,2,13,7
upo_smooth,68,34.7,61.9,7.1,6.2,loamy,5,mixed,1,as-needed,185.2,22,22.3,3,46,16
upo_smooth,52,26.1,67.5,7.9,6.4,sandy,6,none,0,intensive,251.0,58,22.2,3,21,9
cucumber,31,24.5,70.2,7.0,6.5,loamy,5,mixed,1,intensive,151.1,74,13.4,4,49,24
upo_smooth,60,25.2,74.7,3.5,6.7,loamy,4,mixed,1,regular,272.3,62,5.6,4,37,15
upo_smooth,52,35.5,73.8,6.7,6.7,sandy,4,none,3,as-needed,335.6,35,21.3,3,12,2
cucumber,55,22.5,78.2,5.4,6.4,loamy,8,organic,2,intensive,207.6,46,11.5,5,33,17
upo_smooth,72,15.1,68.0,7.3,6.0,loamy,4,chemical,3,regular,396.6,54,23.1,4,39,18
upo_smooth,108,24.7,84.2,7.1,6.6,clay,6,mixed,2,regular,245.1,42,11.9,3,20,11
cucumber,47,19.9,68.2,7.6,6.4,clay,4,organic,2,as-needed,183.1,23,19.3,5,39,24
upo_smooth,46,17.9,60.8,6.3,6.7,loamy,4,chemical,3,regular,120.4,65,7.9,3,30,10
cucumber,21,22.8,75.5,6.2,7.2,clay,4,mixed,2,intensive,173.9,10,7.0,2,22,12
patola,74,21.8,72.3,6.7,5.7,loamy,4,none,2,as-needed,137.5,42,6.6,5,23,5
ampalaya_bilog,44,39.6,43.7,6.6,6.5,silty,4,mixed,0,none,211.0,14,12.8,5,24,4
cucumber,53,20.5,73.8,7.8,6.4,loamy,8,mixed,1,none,182.4,68,20.1,4,30,15
ampalaya_bilog,65,16.3,89.2,6.2,6.7,sandy,4,chemical,4,regular,276.6,33,18.2,2,14,6
ampalaya_bilog,56,27.3,62.3,7.8,7.4,loamy,5,organic,2,none,215.7,46,14.4,4,35,18
patola,51,32.5,77.9,6.3,6.7,silty,5,chemical,3,regular,197.0,28,15.8,3,15,11
upo_smooth,50,17.1,77.2,6.7,6.7,loamy,2,mixed,1,none,251.4,18,24.6,3,23,10
patola,27,16.1,76.1,7.1,6.4,clay,5,organic,2,regular,224.0,26,7.5,2,6,1
ampalaya_bilog,25,24.5,72.1,7.1,6.3,clay,2,chemical,2,regular,233.8,67,24.2,3,19,3
ampalaya_bilog,28,38.7,64.3,7.5,6.1,clay,4,organic,2,regular,201.6,47,24.9,3,11,11
ampalaya_bilog,55,27.9,69.9,6.3,6.3,loamy,5,organic,2,as-needed,91.0,44,10.1,2,21,13
cucumber,48,25.7,80.1,7.1,6.2,loamy,5,mixed,4,regular,75.9,76,13.4,2,21,15
ampalaya_bilog,40,28.8,55.9,7.2,6.3,loamy,2,mixed,1,regular,204.9,22,21.0,3,35,14
upo_smooth,64,25.1,79.1,10.9,7.8,loamy,4,organic,3,regular,273.5,46,5.6,3,41,10
upo_smooth,66,28.3,67.6,6.1,6.7,loamy,3,organic,2,regular,359.6,15,15.9,5,56,30
ampalaya_bilog,50,27.9,72.2,10.8,6.5,clay,7,chemical,1,regular,235.6,39,19.7,5,29,17
ampalaya_bilog,52,15.3,68.1,6.6,6.5,sandy,6,organic,2,regular,241.4,16,24.5,3,27,10
patola,61,37.8,71.7,11.5,6.3,loamy,2,chemical,0,intensive,351.9,29,19.8,3,1,5
ampalaya_bilog,48,25.5,55.1,8.0,6.1,silty,6,organic,2,none,261.0,78,15.7,3,25,8
cucumber,41,22.3,76.7,10.8,6.7,sandy,4,mixed,2,none,236.8,45,18.4,4,28,13
cucumber,36,29.2,63.3,7.1,6.6,sandy,4,organic,2,regular,223.3,39,8.5,2,19,14
upo_smooth,60,26.1,78.4,11.5,7.8,clay,5,mixed,1,as-needed,200.7,27,11.2,4,42,20
patola,51,22.9,76.8,6.6,6.5,loamy,4,organic,2,regular,369.3,45,20.5,4,36,16
upo_smooth,63,25.9,53.5,6.6,6.4,loamy,4,organic,0,regular,335.3,21,17.3,5,57,25
ampalaya_bilog,51,21.2,63.3,5.8,6.2,loamy,3,chemical,4,as-needed,223.8,70,15.7,2,13,4
upo_smooth,102,22.0,76.6,11.9,5.7,clay,3,chemical,3,intensive,271.8,77,13.2,3,35,10
cucumber,79,22.5,90.7,7.7,6.0,loamy,6,organic,3,regular,110.9,58,13.8,3,26,11
ampalaya_bilog,59,26.3,87.9,7.3,6.1,loamy,4,none,2,intensive,99.6,30,9.2,3,19,11
upo_smooth,70,35.3,60.6,6.8,6.8,sandy,4,organic,2,as-needed,234.9,48,9.8,4,35,17
patola,48,26.1,87.9,6.5,7.6,sandy,2,mixed,3,as-needed,118.6,14,14.1,3,31,11
patola,51,29.1,66.8,8.1,6.1,silty,4,chemical,3,as-needed,120.5,18,11.8,5,24,14
cucumber,46,17.2,64.1,6.7,6.5,silty,6,none,1,intensive,219.8,20,16.8,4,20,9
cucumber,23,20.1,74.2,5.4,6.6,sandy,8,mixed,1,intensive,178.2,75,24.4,4,27,12
patola,40,27.9,62.9,6.1,7.6,clay,6,organic,2,as-needed,290.3,47,16.0,2,22,7
cucumber,46,27.8,73.2,3.0,6.6,silty,6,organic,2,none,233.6,53,10.1,5,22,12
cucumber,49,24.7,68.1,6.1,6.3,silty,7,chemical,2,as-needed,178.6,42,20.8,4,43,17
upo_smooth,53,27.3,94.1,8.0,6.7,loamy,7,organic,1,regular,330.6,45,19.7,3,39,13
upo_smooth,53,36.5,80.0,6.3,6.2,loamy,7,chemical,1,as-needed,142.2,30,6.9,3,31,13
upo_smooth,69,25.9,52.0,10.8,6.5,loamy,5,organic,0,as-needed,278.6,14,6.8,3,26,10
upo_smooth,61,24.0,61.5,6.8,6.5,sandy,6,none,4,as-needed,276.1,15,16.2,3,22,11
ampalaya_bilog,53,25.1,72.5,3.0,6.2,loamy,5,none,2,none,229.2,56,19.4,3,12,3
cucumber,43,37.4,61.0,7.6,6.4,sandy,2,organic,4,regular,144.3,41,11.0,5,37,11
patola,50,20.4,71.6,7.4,6.7,silty,5,organic,2,as-needed,116.8,23,20.2,4,25,14
upo_smooth,53,28.9,73.9,9.0,6.2,loamy,3,chemical,3,none,364.9,11,15.3,4,42,21
ampalaya_bilog,33,33.0,65.2,7.1,6.1,silty,5,mixed,2,as-needed,171.0,36,24.5,1,11,5
cucumber,65,26.9,92.7,8.5,6.2,loamy,4,chemical,2,as-needed,251.9,35,12.7,4,18,13
ampalaya_bilog,46,16.8,71.2,7.1,6.6,loamy,4,chemical,4,intensive,273.2,50,20.1,3,25,4
ampalaya_bilog,59,36.2,60.3,5.8,5.1,silty,5,organic,1,regular,91.3,75,13.3,3,18,8
ampalaya_bilog,56,28.3,68.6,6.4,6.6,silty,6,chemical,4,none,137.0,13,11.5,3,26,9
upo_smooth,53,20.8,79.6,7.3,6.6,loamy,3,chemical,3,as-needed,333.0,12,8.9,4,47,20
patola,25,28.2,72.8,7.3,6.3,loamy,5,chemical,4,regular,225.6,69,14.8,3,8,11
upo_smooth,50,28.4,66.2,9.7,6.1,loamy,3,mixed,1,regular,329.9,58,13.6,2,26,16
ampalaya_bilog,24,23.0,86.2,7.4,6.8,loamy,8,mixed,2,regular,245.7,14,9.4,5,12,11
patola,65,17.1,58.3,7.4,6.3,silty,4,mixed,2,as-needed,201.3,23,7.6,3,17,3
upo_smooth,67,22.6,78.4,7.7,5.3,loamy,6,organic,2,none,435.7,63,12.2,5,42,15
patola,59,29.3,81.0,7.3,5.5,sandy,6,chemical,1,regular,338.9,19,19.3,3,9,7
upo_smooth,77,24.6,56.1,7.6,6.6,loamy,3,none,2,regular,404.5,43,23.6,3,17,11
upo_smooth,41,28.1,71.4,9.3,6.3,loamy,5,mixed,1,regular,293.8,46,24.2,4,44,27
upo_smooth,61,27.4,75.2,7.3,6.7,silty,6,mixed,4,as-needed,178.8,41,24.9,2,33,16
ampalaya_bilog,90,37.3,68.9,6.8,6.3,clay,5,mixed,3,none,241.3,40,14.1,4,21,6
cucumber,50,21.1,73.6,11.8,6.7,loamy,6,organic,4,intensive,186.2,56,12.0,5,40,18
upo_smooth,79,25.6,75.3,6.1,6.8,clay,3,chemical,3,regular,145.2,12,23.8,3,45,16
patola,62,30.1,90.8,4.0,6.0,loamy,5,chemical,2,intensive,166.3,24,19.1,3,20,6
patola,55,30.9,74.1,7.2,6.7,loamy,4,organic,2,as-needed,157.6,61,8.5,3,25,17
cucumber,24,25.6,44.3,5.4,6.5,silty,4,none,3,none,170.8,66,16.3,5,11,10
ampalaya_bilog,25,17.7,79.8,10.9,6.7,loamy,5,chemical,3,regular,215.1,70,9.9,2,7,1
upo_smooth,105,22.8,61.3,6.7,7.2,loamy,2,chemical,2,as-needed,335.5,45,18.0,5,44,17
upo_smooth,67,26.0,73.9,9.3,5.9,clay,3,organic,0,as-needed,384.0,68,22.2,1,17,9
upo_smooth,70,21.8,74.5,6.2,6.1,loamy,5,organic,3,regular,163.3,53,6.0,4,48,29
patola,50,25.6,67.5,5.9,6.6,loamy,5,organic,3,intensive,296.0,51,20.6,3,24,11
patola,95,30.3,72.4,6.5,6.5,clay,5,organic,0,as-needed,141.8,15,11.1,4,25,15
cucumber,46,18.1,62.9,7.2,6.5,loamy,4,organic,1,intensive,140.1,13,20.9,4,25,10
cucumber,39,32.1,64.4,6.0,6.6,loamy,4,organic,4,intensive,200.5,67,19.4,4,45,22
ampalaya_bilog,56,31.6,65.5,6.3,6.8,loamy,4,chemical,2,none,310.8,40,9.1,4,25,11
cucumber,43,39.1,90.3,6.8,6.4,sandy,6,organic,2,regular,180.7,51,14.7,3,14,5
patola,57,29.9,62.9,7.5,7.8,silty,5,mixed,1,regular,150.2,58,23.4,3,24,14
patola,61,28.8,70.0,7.6,6.2,loamy,5,organic,2,as-needed,115.0,45,14.5,4,32,16
upo_smooth,68,28.9,79.7,11.7,5.1,sandy,4,none,2,as-needed,227.4,54,8.3,4,32,13
patola,30,24.0,54.5,4.5,6.7,clay,3,chemical,3,regular,360.5,73,12.0,5,18,17
cucumber,53,21.4,71.2,7.3,7.6,loamy,5,organic,4,as-needed,100.0,21,10.6,4,41,24
ampalaya_bilog,46,22.4,75.1,8.6,6.5,loamy,2,mixed,3,intensive,262.0,57,16.2,2,17,5
cucumber,35,25.3,77.3,8.9,6.2,silty,3,chemical,2,regular,120.5,38,15.1,3,41,21
upo_smooth,32,22.7,64.2,5.0,6.0,loamy,3,organic,0,regular,271.0,62,24.7,2,27,5
upo_smooth,69,26.4,69.5,4.0,6.8,loamy,6,chemical,1,as-needed,220.4,51,16.6,5,28,14
ampalaya_bilog,53,27.8,69.9,7.5,7.5,loamy,8,chemical,0,as-needed,214.1,68,19.6,3,28,16
patola,31,30.8,67.9,7.9,6.5,silty,6,mixed,3,regular,228.3,27,14.3,1,7,2
cucumber,45,20.5,69.9,6.7,6.1,loamy,2,organic,4,intensive,274.5,66,9.0,3,38,22
upo_smooth,65,27.4,72.4,6.4,6.7,loamy,4,chemical,1,as-needed,393.2,44,21.8,3,46,18
upo_smooth,55,24.5,63.3,7.7,6.7,clay,4,organic,4,regular,259.9,47,17.5,3,34,18
ampalaya_bilog,60,29.7,93.7,6.7,6.7,loamy,6,mixed,1,none,139.0,24,6.3,4,28,10
ampalaya_bilog,42,20.6,64.7,9.7,6.7,clay,5,none,2,as-needed,148.6,78,12.9,5,29,11
patola,60,23.9,74.9,7.9,6.0,silty,7,mixed,2,as-needed,162.2,43,18.5,3,25,9
upo_smooth,65,35.7,66.0,3.7,6.2,loamy,2,organic,1,as-needed,137.4,60,7.3,1,18,12
patola,53,38.2,69.2,4.6,7.5,loamy,2,chemical,2,intensive,232.0,17,17.8,4,26,7
upo_smooth,54,23.0,74.9,4.2,6.7,sandy,5,organic,1,as-needed,180.2,60,15.7,5,43,22
ampalaya_bilog,48,16.8,70.9,10.8,6.2,clay,6,chemical,4,as-needed,251.8,67,14.6,3,20,4
cucumber,48,36.0,59.0,9.8,6.6,silty,2,organic,1,none,263.1,61,14.1,3,18,13
cucumber,52,28.1,76.4,7.2,6.2,loamy,3,chemical,3,regular,256.1,70,13.5,4,46,22
cucumber,35,25.7,66.5,3.6,7.5,clay,4,none,1,as-needed,92.9,63,20.8,2,9,9
upo_smooth,69,28.4,75.3,7.4,6.6,loamy,5,organic,3,as-needed,291.4,27,18.9,5,60,33
cucumber,43,21.1,90.1,11.7,6.2,sandy,4,chemical,2,none,258.8,51,14.7,3,20,15
cucumber,20,21.3,79.2,7.9,6.3,sandy,3,organic,0,none,269.6,18,8.3,4,24,15
upo_smooth,57,27.7,78.1,6.5,6.8,loamy,6,chemical,2,regular,398.5,29,20.9,1,12,7
patola,60,25.8,68.0,11.8,6.9,clay,2,organic,2,as-needed,128.2,41,7.1,3,17,10
ampalaya_bilog,43,27.8,66.1,6.6,6.8,silty,5,mixed,3,as-needed,187.3,33,11.9,4,36,19
patola,26,25.3,76.3,7.0,5.3,silty,4,chemical,2,regular,161.5,43,12.5,3,22,15
cucumber,43,31.3,59.3,6.7,6.1,sandy,4,chemical,0,regular,136.2,79,20.7,3,28,19
ampalaya_bilog,30,28.3,51.9,5.8,5.1,clay,3,chemical,3,regular,164.3,20,19.7,4,20,8
patola,55,30.4,67.3,7.6,6.3,clay,5,chemical,1,intensive,271.9,66,11.9,3,25,13
cucumber,30,25.0,75.7,7.0,5.8,loamy,5,mixed,1,none,170.0,72,24.2,3,31,13
patola,97,39.5,66.4,7.8,5.2,loamy,4,chemical,1,as-needed,181.1,30,5.2,3,1,3
ampalaya_bilog,44,25.4,78.2,6.8,7.4,silty,4,organic,2,regular,166.1,52,24.3,4,43,19
ampalaya_bilog,44,35.0,62.0,7.5,6.4,clay,3,organic,3,as-needed,174.3,28,12.0,4,32,4
ampalaya_bilog,59,22.3,74.0,3.2,6.0,loamy,3,chemical,2,none,177.1,52,22.0,5,26,7
cucumber,40,23.0,77.2,6.2,6.1,loamy,5,organic,3,regular,204.3,46,11.2,4,51,29
ampalaya_bilog,40,26.4,43.4,7.5,6.5,sandy,7,mixed,3,regular,313.9,48,9.0,4,34,16
cucumber,20,30.5,53.3,6.6,6.6,clay,4,organic,2,as-needed,223.0,14,21.0,3,26,10
upo_smooth,107,28.8,60.0,5.8,6.2,clay,3,organic,1,as-needed,235.4,27,23.9,3,27,9
cucumber,94,17.0,71.1,4.6,6.5,clay,3,organic,1,as-needed,273.5,47,21.6,3,16,8
ampalaya_bilog,46,37.1,76.2,7.4,6.4,clay,4,organic,2,regular,264.5,34,16.4,5,34,9
patola,45,29.2,68.2,6.1,6.2,clay,3,chemical,3,regular,115.8,75,19.3,4,32,21
upo_smooth,58,31.6,74.9,11.6,5.4,silty,6,chemical,1,regular,314.9,61,24.6,2,31,9
patola,41,34.9,40.7,7.2,7.9,loamy,5,mixed,2,regular,267.6,77,7.6,4,30,10
cucumber,86,24.8,56.8,6.8,7.3,loamy,5,none,2,as-needed,269.2,16,20.0,5,16,8
ampalaya_bilog,33,29.4,90.3,6.6,6.0,silty,5,organic,2,none,327.4,12,18.1,3,11,17
cucumber,83,27.0,68.4,7.6,6.3,loamy,4,chemical,3,as-needed,237.5,35,7.6,1,23,3
cucumber,70,25.3,71.6,6.1,6.5,loamy,2,organic,1,regular,165.4,77,24.1,5,49,25
patola,51,29.8,77.5,7.3,6.2,silty,5,chemical,2,as-needed,235.7,68,7.8,3,24,13
ampalaya_bilog,52,25.9,45.1,3.9,6.6,sandy,3,chemical,1,none,130.0,74,21.4,3,13,11
upo_smooth,70,24.5,65.4,8.3,6.4,clay,4,mixed,1,regular,434.7,66,24.8,3,40,19
upo_smooth,58,26.0,81.2,6.7,6.8,clay,4,none,1,regular,436.5,10,11.1,2,15,2
upo_smooth,52,30.4,70.0,3.7,6.4,loamy,5,none,4,as-needed,143.0,21,6.9,2,19,2
patola,62,36.3,66.0,10.0,6.3,loamy,5,organic,2,regular,305.5,30,22.9,4,31,4
ampalaya_bilog,23,25.1,64.7,9.6,6.4,loamy,7,mixed,3,as-needed,273.0,20,5.2,1,2,10
ampalaya_bilog,29,26.8,67.7,9.1,6.2,loamy,3,mixed,1,intensive,227.3,70,14.5,5,33,11
ampalaya_bilog,52,26.0,72.0,6.8,6.7,loamy,8,organic,2,none,246.8,69,23.8,5,32,8
ampalaya_bilog,43,20.1,71.2,11.7,6.2,loamy,6,organic,1,none,161.5,64,14.4,3,16,5
ampalaya_bilog,55,24.7,91.4,6.5,7.0,loamy,5,chemical,3,regular,213.5,33,21.7,3,10,10
ampalaya_bilog,52,35.6,65.9,5.8,6.3,loamy,8,none,4,as-needed,239.7,68,12.2,3,1,1
upo_smooth,69,38.8,76.9,6.8,6.6,loamy,2,organic,2,regular,143.6,43,18.1,5,39,10
ampalaya_bilog,45,22.2,59.3,6.2,6.1,loamy,7,organic,0,as-needed,228.6,30,15.8,5,29,12
cucumber,33,27.0,73.7,6.6,6.0,silty,2,chemical,0,none,102.9,57,22.0,2,22,5
ampalaya_bilog,48,33.3,77.4,11.4,6.7,loamy,6,organic,2,regular,97.1,35,21.3,4,27,13
cucumber,41,24.6,88.7,7.9,6.7,loamy,6,organic,4,as-needed,207.1,48,14.6,3,23,14
upo_smooth,84,24.0,86.9,7.4,7.5,loamy,4,mixed,2,regular,269.1,51,5.8,3,35,30
cucumber,41,20.5,77.0,7.4,5.6,sandy,6,mixed,2,regular,254.8,20,12.7,2,21,6
patola,59,33.9,40.8,6.9,6.1,sandy,5,organic,4,none,208.7,43,9.4,3,21,8
upo_smooth,66,28.0,77.4,7.0,6.9,silty,7,chemical,1,intensive,404.4,35,8.7,5,49,26
cucumber,42,20.4,47.0,5.1,6.7,clay,4,chemical,2,as-needed,205.3,36,16.0,2,25,9
upo_smooth,59,27.5,62.2,4.5,6.5,sandy,2,organic,3,none,185.5,73,15.9,4,29,15
ampalaya_bilog,90,26.9,46.8,6.6,6.3,loamy,5,none,2,as-needed,298.3,47,12.3,3,6,5
ampalaya_bilog,48,29.8,65.0,11.1,6.4,loamy,5,chemical,1,regular,102.4,13,12.7,3,24,6
upo_smooth,59,28.5,70.5,8.0,5.4,loamy,7,organic,3,as-needed,278.0,18,13.3,3,48,20
ampalaya_bilog,48,35.3,78.2,7.4,6.7,loamy,4,chemical,1,none,92.5,11,5.2,2,8,2
patola,28,25.4,69.8,7.3,6.2,loamy,4,organic,2,regular,123.9,66,9.6,3,21,10
ampalaya_bilog,54,26.0,64.4,6.5,6.5,loamy,5,organic,0,as-needed,310.7,30,11.5,2,28,12
ampalaya_bilog,41,31.4,87.5,9.2,6.1,loamy,5,none,3,as-needed,252.5,66,16.2,4,14,12
cucumber,49,16.8,67.8,10.9,6.4,sandy,6,organic,2,regular,261.6,21,6.4,2,10,8
patola,49,25.2,44.2,7.7,6.3,clay,4,organic,2,intensive,332.6,38,12.5,1,3,6
ampalaya_bilog,40,26.3,46.9,4.6,6.4,sandy,3,organic,3,as-needed,128.4,38,16.1,1,3,9
upo_smooth,51,28.6,83.3,5.0,6.7,loamy,7,none,0,regular,181.0,32,7.7,3,28,6
cucumber,78,19.1,69.2,10.4,6.0,sandy,4,chemical,2,regular,89.3,60,12.2,3,22,8
ampalaya_bilog,52,29.8,71.1,6.8,6.1,clay,2,organic,0,none,295.3,59,14.5,2,3,5
patola,76,29.7,62.5,7.5,6.6,clay,4,organic,4,intensive,371.4,13,21.3,5,36,15
patola,64,27.4,74.8,6.9,6.0,clay,5,organic,1,intensive,324.3,19,12.3,3,15,10
patola,55,26.6,76.9,7.9,6.1,silty,5,organic,3,as-needed,353.9,27,21.0,4,32,15
ampalaya_bilog,60,26.1,47.2,3.8,6.3,clay,6,chemical,2,none,260.3,35,6.7,4,6,3
patola,63,30.7,72.1,3.4,6.7,loamy,4,mixed,1,as-needed,248.6,13,18.8,2,5,1
upo_smooth,60,24.7,84.0,6.3,6.8,loamy,2,none,3,regular,415.3,48,6.2,3,20,16
patola,64,29.3,75.4,3.5,7.5,loamy,5,organic,0,regular,337.5,27,21.5,3,20,5
patola,51,16.6,40.4,9.9,6.5,loamy,2,organic,4,as-needed,224.0,62,5.9,4,11,6
patola,37,30.0,78.8,10.9,6.3,clay,5,chemical,2,regular,123.0,76,14.1,3,15,11
ampalaya_bilog,60,25.9,66.6,5.0,6.3,clay,3,chemical,2,none,189.5,70,23.5,3,26,11
ampalaya_bilog,59,26.0,63.2,7.2,6.3,silty,5,organic,0,as-needed,287.0,53,21.6,3,37,12
cucumber,20,20.4,67.4,7.2,6.3,loamy,2,organic,3,as-needed,196.7,29,22.1,4,29,15
ampalaya_bilog,48,27.9,42.2,3.1,6.8,loamy,5,organic,2,regular,317.2,38,20.7,3,22,9
patola,47,27.0,67.3,7.2,6.5,sandy,4,organic,3,as-needed,290.6,68,7.1,4,35,17
patola,60,28.7,79.7,11.1,6.8,loamy,3,organic,3,as-needed,371.6,26,9.4,4,22,11
ampalaya_bilog,46,20.1,70.0,9.0,6.3,clay,4,organic,3,regular,209.4,46,18.9,3,30,9
patola,50,31.3,92.2,4.6,6.3,sandy,7,none,1,intensive,184.3,67,8.4,1,8,1
cucumber,53,21.0,73.0,6.8,6.5,sandy,5,organic,2,as-needed,199.3,76,21.4,5,51,27
ampalaya_bilog,37,34.4,66.0,7.0,7.0,clay,4,none,1,as-needed,130.2,23,12.8,5,21,13
upo_smooth,55,33.6,65.3,6.6,7.1,loamy,4,organic,1,none,228.1,15,15.8,1,9,3
patola,36,17.5,76.3,7.4,6.0,silty,6,organic,2,as-needed,230.9,42,17.9,5,22,1
patola,68,27.2,75.0,4.9,7.6,clay,5,chemical,4,regular,224.5,22,19.3,3,18,14
patola,25,28.3,72.6,7.5,6.1,sandy,4,organic,2,regular,174.5,44,9.7,5,31,15
ampalaya_bilog,58,30.9,73.1,6.3,5.8,silty,6,chemical,1,none,305.7,72,7.2,4,16,10
cucumber,85,25.9,76.1,4.9,7.5,silty,3,chemical,0,intensive,244.2,64,21.5,4,24,13
cucumber,52,30.0,63.6,7.1,6.6,silty,5,mixed,2,as-needed,201.6,78,19.2,5,43,18
ampalaya_bilog,32,27.2,76.0,6.0,6.6,loamy,7,mixed,2,none,246.6,73,12.6,4,29,7
cucumber,44,27.0,67.2,11.9,6.4,loamy,2,organic,1,intensive,231.2,39,11.4,2,26,10
upo_smooth,70,24.4,45.6,8.0,6.4,loamy,4,organic,3,none,368.0,27,12.7,3,26,12
ampalaya_bilog,44,29.7,73.0,7.9,6.1,loamy,4,mixed,2,intensive,206.4,78,5.2,5,42,21
patola,26,36.4,70.5,6.6,6.6,loamy,8,organic,0,as-needed,135.5,33,7.6,3,7,4
ampalaya_bilog,78,27.4,87.7,10.0,6.5,loamy,3,none,1,as-needed,290.0,35,20.1,3,15,4
upo_smooth,65,26.4,82.1,6.6,6.6,sandy,7,chemical,2,regular,387.6,44,13.8,4,42,23
cucumber,32,25.5,55.0,6.3,6.7,loamy,6,mixed,2,intensive,130.1,75,8.6,4,44,19
cucumber,41,21.5,50.8,6.1,5.5,loamy,4,mixed,2,as-needed,74.1,59,20.8,3,29,21
patola,54,26.2,65.9,6.6,7.1,loamy,5,none,2,none,364.3,45,7.0,3,14,4
cucumber,54,38.6,60.1,7.2,6.2,loamy,6,organic,2,regular,229.0,53,13.4,2,23,9
ampalaya_bilog,58,27.3,64.7,10.1,6.4,sandy,5,organic,4,regular,259.7,26,22.6,3,25,15
ampalaya_bilog,38,25.4,68.3,6.1,6.8,loamy,5,chemical,1,as-needed,207.9,39,10.8,4,44,16
upo_smooth,55,23.4,67.7,7.3,6.6,loamy,3,organic,1,none,347.6,35,6.9,4,40,27
cucumber,43,16.5,84.5,7.6,5.8,loamy,6,mixed,0,intensive,210.1,43,9.9,3,17,16
patola,58,27.6,65.2,9.9,6.7,sandy,3,organic,2,none,172.0,60,9.9,5,22,12
ampalaya_bilog,73,26.7,68.1,9.9,6.1,loamy,4,chemical,0,as-needed,214.2,28,17.6,3,25,11
patola,49,29.7,67.8,4.4,6.1,loamy,5,organic,3,as-needed,212.4,22,9.4,3,30,8
ampalaya_bilog,25,21.1,91.7,4.8,6.4,sandy,3,organic,2,as-needed,191.5,49,22.8,3,16,3
ampalaya_bilog,37,19.4,70.8,9.9,6.8,loamy,3,chemical,1,intensive,134.1,27,13.1,3,17,11
ampalaya_bilog,46,36.3,61.3,7.7,6.8,clay,6,mixed,3,as-needed,129.8,62,12.6,3,24,9
cucumber,52,21.2,73.3,7.6,6.8,loamy,5,chemical,2,as-needed,242.5,65,21.4,5,38,21
cucumber,50,25.6,76.5,6.8,7.0,loamy,4,chemical,4,none,267.4,49,21.6,5,36,23
cucumber,38,22.2,53.7,7.3,6.0,loamy,6,organic,1,none,107.0,30,14.1,4,22,15
upo_smooth,59,24.4,62.8,9.4,6.7,loamy,4,mixed,2,regular,258.9,36,14.6,3,34,17
ampalaya_bilog,41,23.6,63.7,6.5,6.4,silty,6,chemical,4,regular,302.9,35,12.6,3,37,17
ampalaya_bilog,76,26.3,62.1,8.6,6.4,sandy,5,mixed,3,regular,138.1,72,11.4,1,5,7
ampalaya_bilog,63,17.3,47.5,6.3,6.9,sandy,3,mixed,2,as-needed,100.9,51,9.5,5,23,12
cucumber,35,22.8,43.4,5.7,6.7,loamy,5,mixed,2,regular,269.8,21,6.4,4,24,17
patola,90,25.5,73.8,7.3,6.1,clay,3,mixed,1,none,212.0,32,24.5,3,12,7
ampalaya_bilog,28,17.7,80.1,7.4,6.2,clay,6,chemical,1,regular,176.6,16,23.3,2,10,6
upo_smooth,39,28.0,76.1,6.5,5.7,clay,3,organic,2,regular,293.8,78,5.2,3,27,19
cucumber,47,16.2,55.4,7.9,7.5,loamy,4,chemical,3,as-needed,257.7,48,8.1,3,23,14
patola,55,19.8,69.0,7.2,6.7,loamy,6,chemical,0,none,193.2,69,10.3,3,16,2
patola,56,26.0,55.3,7.2,6.5,loamy,7,mixed,1,as-needed,187.7,62,11.9,4,23,12
cucumber,47,22.4,61.7,6.3,6.6,clay,4,organic,1,as-needed,265.4,31,6.0,3,36,19
ampalaya_bilog,87,26.0,67.9,4.1,6.6,sandy,4,organic,4,regular,146.0,24,22.2,2,17,6
patola,45,30.6,45.9,7.7,6.6,loamy,4,mixed,3,intensive,265.1,64,11.7,3,22,12
patola,58,28.9,61.4,7.0,6.6,sandy,4,chemical,3,as-needed,344.8,58,20.4,5,29,18
ampalaya_bilog,55,21.8,53.8,7.6,6.3,silty,3,organic,2,none,154.4,11,22.5,4,30,17
cucumber,65,25.8,71.9,6.4,6.9,sandy,5,chemical,3,regular,160.0,16,18.6,4,42,14
patola,32,35.8,75.1,6.9,6.7,clay,3,chemical,0,regular,326.4,68,5.5,5,24,9
upo_smooth,92,37.7,61.6,7.0,6.6,sandy,5,organic,0,as-needed,144.8,68,14.3,4,31,12
upo_smooth,62,25.3,66.5,7.9,6.4,loamy,5,none,0,intensive,190.4,50,17.5,2,23,10
upo_smooth,53,16.5,73.7,6.1,7.8,loamy,4,organic,1,as-needed,415.2,13,24.8,3,27,11
cucumber,45,20.9,68.4,7.8,6.1,silty,2,chemical,4,intensive,214.0,46,25.0,4,38,20
cucumber,43,16.7,65.8,7.1,7.5,silty,5,chemical,3,none,251.1,27,16.8,3,10,3
upo_smooth,68,27.6,55.9,6.3,6.7,loamy,4,chemical,1,intensive,208.0,64,10.8,3,54,22
ampalaya_bilog,52,30.2,61.1,8.6,6.5,loamy,4,mixed,3,regular,108.7,17,14.9,2,9,8
ampalaya_bilog,36,20.8,56.8,4.6,6.3,sandy,5,organic,4,intensive,159.5,64,21.1,5,29,15
patola,30,27.6,78.0,5.7,7.6,silty,4,organic,2,as-needed,216.8,43,8.1,2,16,7
upo_smooth,38,24.5,40.4,7.7,6.5,sandy,6,organic,4,none,422.3,54,6.0,5,34,5
ampalaya_bilog,54,26.0,65.6,8.8,7.8,silty,7,organic,0,intensive,192.8,77,24.3,5,31,13
upo_smooth,56,25.7,62.1,7.6,6.8,sandy,4,mixed,2,none,170.5,40,18.4,2,24,13
patola,52,35.7,68.2,8.8,6.0,clay,4,organic,0,regular,268.3,43,18.5,3,8,8
cucumber,36,31.6,60.1,7.9,5.1,sandy,3,mixed,1,as-needed,206.8,57,22.5,4,38,18
cucumber,81,26.8,70.0,6.8,5.4,clay,3,organic,2,as-needed,173.7,35,20.2,4,45,16
patola,44,30.7,70.9,11.2,6.0,loamy,5,none,0,as-needed,108.5,13,8.3,5,16,12
patola,100,27.5,78.3,3.6,6.5,clay,5,none,3,regular,220.9,49,20.4,3,8,4
patola,67,23.1,57.6,6.9,6.7,loamy,2,none,0,intensive,383.8,13,12.2,4,20,2
cucumber,43,33.2,67.5,7.9,6.0,silty,3,mixed,3,regular,241.9,28,22.1,4,44,19
upo_smooth,54,27.4,58.7,8.6,6.3,clay,5,organic,3,as-needed,191.0,60,19.6,5,40,25
patola,65,37.9,60.5,9.3,6.3,clay,4,mixed,2,regular,380.1,64,15.6,5,14,15
patola,40,30.1,70.9,11.6,6.1,loamy,4,organic,2,regular,111.1,20,23.1,3,26,10
ampalaya_bilog,81,35.2,65.1,9.7,5.9,sandy,5,organic,2,intensive,107.4,15,11.8,5,19,5
patola,61,25.5,68.8,11.5,7.5,loamy,3,organic,4,regular,112.4,20,18.5,3,21,12
upo_smooth,78,36.4,70.9,7.1,6.7,clay,5,organic,0,none,129.7,78,7.3,2,1,1
ampalaya_bilog,60,33.8,58.5,7.5,6.2,silty,5,chemical,1,none,226.4,55,9.2,4,28,13
ampalaya_bilog,35,26.0,60.1,5.0,5.3,loamy,6,chemical,2,as-needed,313.6,37,6.7,4,25,11
cucumber,52,29.3,42.0,6.4,7.2,clay,4,mixed,3,as-needed,261.8,69,5.6,5,28,24
patola,35,26.8,63.7,7.8,6.8,silty,3,organic,4,regular,145.5,36,20.1,4,32,18
cucumber,25,35.4,66.3,7.0,6.8,loamy,4,organic,1,regular,220.9,44,20.1,3,18,9
cucumber,32,20.5,70.0,7.5,5.4,sandy,8,mixed,3,as-needed,246.8,72,6.6,3,28,11
cucumber,37,37.2,79.3,7.3,6.1,loamy,8,organic,0,regular,152.6,57,11.1,2,12,4
cucumber,52,22.0,65.4,7.9,6.7,loamy,6,organic,3,as-needed,195.6,50,6.2,4,37,25
cucumber,56,20.1,63.3,7.4,6.7,sandy,4,chemical,3,none,175.0,41,13.3,3,24,19
cucumber,30,22.9,66.9,6.6,6.4,loamy,4,chemical,2,none,188.4,29,5.8,1,13,6
ampalaya_bilog,69,38.5,69.4,6.2,6.3,loamy,8,organic,2,regular,99.9,56,24.0,2,13,7
ampalaya_bilog,56,21.9,68.5,7.6,7.5,sandy,4,organic,3,none,224.2,54,11.3,3,19,11
cucumber,39,30.0,64.4,7.1,6.6,loamy,5,organic,3,intensive,208.0,64,6.1,5,46,24
ampalaya_bilog,90,28.4,83.8,9.0,6.8,clay,6,mixed,2,as-needed,298.7,62,13.5,4,20,11
cucumber,84,24.5,85.3,7.9,5.5,sandy,2,organic,1,none,108.5,61,19.7,2,16,4
patola,48,26.6,66.3,7.3,6.1,loamy,2,none,2,none,362.6,23,6.3,3,15,10
upo_smooth,57,27.6,83.1,6.2,5.9,loamy,6,none,2,as-needed,242.4,10,10.8,2,10,7
upo_smooth,63,24.0,58.5,10.0,6.4,clay,4,organic,3,as-needed,182.7,62,11.7,3,30,18
patola,39,25.8,77.6,6.5,7.5,sandy,5,organic,2,regular,118.1,22,17.9,5,29,15
ampalaya_bilog,50,26.9,78.0,3.6,6.3,loamy,7,none,2,none,180.1,66,13.7,5,2,7
upo_smooth,53,27.2,70.4,7.7,6.4,clay,5,chemical,1,as-needed,209.3,40,21.2,4,49,19
ampalaya_bilog,45,18.1,71.1,4.2,6.5,sandy,3,chemical,0,intensive,248.0,40,11.9,1,7,4
cucumber,38,40.0,61.3,3.3,5.6,sandy,5,mixed,3,as-needed,228.3,78,21.7,3,18,3
cucumber,39,21.6,67.4,10.2,6.6,sandy,5,organic,2,none,263.4,75,13.2,5,36,13
patola,82,23.2,70.5,7.4,5.4,loamy,4,chemical,2,intensive,117.6,34,6.7,3,24,8
cucumber,46,27.1,94.8,4.0,6.2,silty,3,chemical,2,none,212.2,65,21.5,3,16,9
patola,51,25.1,72.7,6.1,6.5,silty,7,mixed,3,none,207.4,53,5.3,3,24,7
patola,64,26.8,45.9,5.8,7.1,sandy,4,organic,3,as-needed,269.3,10,23.3,4,24,14
upo_smooth,68,30.0,47.2,7.7,6.9,silty,7,mixed,3,none,398.9,71,16.1,2,9,7
patola,32,20.7,48.8,7.5,6.3,loamy,4,mixed,3,regular,310.3,28,23.6,2,15,3
cucumber,36,24.1,76.1,7.7,6.8,loamy,5,organic,2,regular,168.4,66,11.6,3,35,20
ampalaya_bilog,84,16.1,62.9,6.2,6.1,sandy,5,organic,3,regular,116.1,75,14.0,4,34,8
patola,96,20.2,65.7,7.9,6.6,loamy,6,mixed,2,as-needed,324.0,50,24.2,5,24,9
upo_smooth,62,27.7,66.4,7.5,6.7,clay,4,chemical,0,regular,374.8,41,7.4,4,55,25
cucumber,43,29.5,46.1,9.9,6.6,loamy,7,organic,3,regular,230.6,12,13.7,4,35,11
patola,45,27.6,78.8,7.3,6.1,silty,3,mixed,4,none,355.3,54,21.4,2,18,11
cucumber,43,16.1,63.8,7.4,6.2,loamy,4,mixed,3,as-needed,114.9,73,17.3,3,28,9
ampalaya_bilog,59,29.9,44.4,8.3,6.3,loamy,2,chemical,2,none,114.9,18,7.0,4,18,6
ampalaya_bilog,59,26.7,92.0,6.4,7.3,silty,3,organic,1,as-needed,122.0,46,19.7,4,27,10
patola,100,29.8,70.8,8.0,6.3,loamy,3,chemical,3,regular,206.3,67,8.2,3,21,9
patola,39,27.4,87.0,7.4,6.6,loamy,6,chemical,3,regular,335.8,60,20.6,4,20,16
cucumber,40,28.1,66.8,7.9,5.1,silty,2,mixed,3,as-needed,211.6,17,20.3,4,41,15
ampalaya_bilog,47,37.0,64.8,8.0,6.0,sandy,4,mixed,2,as-needed,115.3,55,21.4,3,23,4
upo_smooth,51,25.7,64.3,7.9,7.0,sandy,3,organic,1,as-needed,300.1,63,7.5,5,60,31
cucumber,43,22.7,65.0,7.4,6.0,clay,5,organic,3,as-needed,151.5,36,20.7,2,30,18
patola,36,22.7,83.6,8.6,7.2,clay,8,mixed,3,as-needed,120.1,48,20.3,1,11,2
patola,94,26.5,64.6,7.9,7.8,loamy,6,organic,2,as-needed,370.3,48,9.3,4,19,11
ampalaya_bilog,43,28.8,51.5,11.2,6.6,loamy,4,organic,1,regular,230.4,33,21.1,3,19,9
cucumber,67,27.0,86.1,6.7,5.5,sandy,5,organic,3,as-needed,269.2,78,21.0,3,33,16
patola,68,32.8,44.5,6.5,6.2,silty,6,mixed,1,intensive,270.8,15,23.6,2,16,2
patola,59,31.1,75.8,6.0,6.2,sandy,7,chemical,1,intensive,344.9,41,24.1,2,15,9
upo_smooth,91,27.1,69.4,6.5,6.1,clay,4,chemical,2,regular,358.1,32,15.4,4,38,20
upo_smooth,33,24.7,92.1,7.2,6.2,loamy,5,chemical,4,as-needed,186.0,38,13.8,1,5,6
ampalaya_bilog,43,26.5,68.3,6.7,6.7,clay,4,mixed,4,as-needed,175.1,45,23.8,5,41,18
ampalaya_bilog,44,26.7,70.2,6.7,6.1,loamy,4,none,2,regular,212.8,20,12.5,1,10,4
cucumber,48,33.4,90.9,6.2,6.2,loamy,4,chemical,3,intensive,229.0,67,15.2,5,29,14
cucumber,51,28.9,69.6,3.2,6.4,clay,5,mixed,2,none,124.7,63,9.9,4,19,14
patola,69,15.4,69.4,6.9,6.7,sandy,5,mixed,2,regular,211.4,36,11.5,1,7,5
ampalaya_bilog,60,27.8,76.8,5.8,6.4,loamy,4,chemical,1,regular,329.3,49,5.9,4,28,15
patola,46,30.8,67.4,5.5,6.3,clay,7,organic,4,as-needed,180.0,17,9.9,4,20,12
cucumber,44,25.9,70.7,3.3,6.7,loamy,6,organic,3,regular,67.2,26,17.6,3,27,12
upo_smooth,34,17.5,63.3,6.5,6.3,loamy,3,chemical,1,regular,191.4,37,22.1,4,30,6
upo_smooth,63,39.3,63.3,8.0,6.7,sandy,6,mixed,2,regular,331.5,30,16.8,5,55,15
cucumber,35,33.5,78.5,7.1,6.3,clay,7,organic,2,as-needed,243.7,76,23.0,1,3,8
ampalaya_bilog,60,30.5,75.2,6.4,6.4,silty,4,mixed,2,none,328.8,46,12.8,4,33,11
upo_smooth,40,26.6,64.6,6.8,6.5,silty,3,mixed,2,regular,175.8,63,24.6,4,42,32
patola,50,27.4,68.2,7.5,6.5,loamy,5,organic,1,regular,137.5,47,11.2,5,31,14
cucumber,22,21.4,76.0,6.1,6.7,sandy,2,none,4,as-needed,73.0,79,24.1,3,18,5
ampalaya_bilog,75,28.8,71.2,5.5,6.2,loamy,2,organic,3,regular,101.0,24,16.2,3,28,12
cucumber,53,21.2,61.3,10.0,6.6,loamy,4,organic,2,regular,75.7,49,19.3,5,52,28
patola,55,25.3,78.9,4.6,7.4,clay,4,mixed,1,regular,384.0,67,14.7,2,18,11
patola,89,36.6,78.7,5.0,6.1,loamy,6,chemical,2,intensive,292.9,40,10.6,3,14,2
cucumber,46,24.2,94.5,7.3,7.6,loamy,3,mixed,2,regular,90.1,27,18.8,3,25,13
upo_smooth,69,16.2,70.6,6.7,6.1,loamy,5,none,3,as-needed,290.1,27,18.2,4,23,11
patola,45,31.2,40.9,6.2,6.3,loamy,3,organic,2,regular,151.1,29,9.1,5,26,17
ampalaya_bilog,59,28.6,61.8,7.5,5.8,loamy,2,organic,2,regular,312.2,55,13.3,5,40,20
patola,57,25.5,92.3,7.5,6.5,sandy,5,mixed,0,as-needed,138.5,28,20.5,3,26,11
upo_smooth,69,28.9,61.4,6.1,6.1,sandy,2,chemical,2,none,394.0,24,11.5,2,24,10
upo_smooth,69,16.1,73.6,8.7,5.5,loamy,3,mixed,3,intensive,290.9,16,12.4,4,29,5
upo_smooth,42,24.9,78.6,7.0,6.3,loamy,4,organic,2,as-needed,124.5,11,10.5,3,37,19
ampalaya_bilog,52,31.5,74.5,6.6,6.5,loamy,7,organic,2,regular,298.3,75,11.7,2,11,5
ampalaya_bilog,58,17.9,62.5,6.8,6.7,silty,6,chemical,3,regular,298.7,38,24.4,5,21,13
ampalaya_bilog,59,32.3,73.8,7.4,6.9,loamy,6,organic,2,none,257.1,77,8.5,3,31,12
cucumber,51,33.4,74.2,7.1,6.3,clay,2,mixed,1,none,215.6,46,10.7,4,46,11
patola,49,17.3,80.3,8.9,7.9,loamy,6,chemical,4,regular,192.9,52,24.9,4,23,6
upo_smooth,56,23.6,71.4,9.3,6.5,silty,3,chemical,2,as-needed,341.9,56,22.1,5,35,23
cucumber,48,33.4,64.3,7.5,6.5,loamy,3,organic,2,as-needed,140.6,67,10.8,3,37,22
patola,50,27.7,75.7,10.1,6.6,silty,4,none,2,regular,197.4,54,5.9,2,14,2
upo_smooth,36,16.3,69.6,7.6,6.2,sandy,3,mixed,1,as-needed,227.0,70,14.6,5,37,15
ampalaya_bilog,54,29.2,62.7,6.5,6.6,sandy,6,organic,3,as-needed,168.8,21,8.4,4,30,18
upo_smooth,53,25.9,63.6,7.8,6.0,loamy,2,organic,3,none,144.6,35,25.0,3,37,10
patola,62,24.6,73.9,7.5,6.2,silty,5,organic,2,regular,123.4,16,5.5,2,18,5
patola,51,26.5,53.8,11.2,7.3,clay,4,mixed,2,none,164.5,38,24.3,3,25,2
upo_smooth,44,25.2,53.8,8.9,5.6,clay,5,none,2,intensive,143.8,39,19.6,4,24,10
patola,57,17.1,77.4,6.4,6.3,loamy,2,mixed,2,none,285.9,10,5.1,2,6,1
cucumber,69,21.0,64.8,7.1,5.6,silty,5,organic,3,regular,84.6,68,23.9,2,18,11
patola,65,19.4,65.8,4.7,6.8,silty,4,chemical,3,as-needed,157.8,40,11.4,5,27,11
ampalaya_bilog,58,29.5,50.5,7.2,6.1,clay,4,chemical,2,as-needed,224.3,20,8.6,5,36,20
upo_smooth,67,24.4,92.6,4.4,6.7,loamy,4,organic,2,none,334.1,67,18.3,3,22,5
upo_smooth,92,28.5,68.7,6.4,6.3,silty,4,organic,3,regular,331.6,29,11.6,3,33,16
upo_smooth,82,27.5,45.1,6.4,6.4,loamy,6,mixed,2,as-needed,267.7,59,6.4,3,25,17
patola,38,34.9,50.5,7.7,6.9,loamy,2,mixed,4,intensive,214.4,65,15.0,5,33,10
patola,52,19.9,62.6,3.2,6.8,clay,7,chemical,2,intensive,131.9,51,16.5,1,4,1
ampalaya_bilog,41,28.0,68.9,7.4,6.0,clay,5,organic,4,regular,153.6,55,16.9,3,26,13
cucumber,50,24.0,79.6,8.1,6.3,sandy,6,chemical,1,as-needed,231.9,54,19.7,4,36,20
cucumber,82,20.8,54.1,8.4,6.4,clay,2,chemical,1,regular,129.4,21,20.8,4,19,12
patola,62,27.1,64.7,7.8,6.3,loamy,2,organic,1,as-needed,214.0,44,6.9,2,13,12
patola,103,22.3,74.1,6.7,6.6,clay,3,chemical,2,intensive,281.1,20,11.4,4,15,11
upo_smooth,70,28.5,68.1,6.3,6.0,sandy,4,chemical,3,regular,341.2,68,20.5,3,31,22
ampalaya_bilog,57,27.9,92.7,5.7,6.2,loamy,5,organic,1,as-needed,207.8,77,21.6,3,20,3
cucumber,40,18.0,61.4,6.5,6.2,loamy,4,chemical,2,as-needed,257.9,68,21.6,3,24,14
upo_smooth,59,35.4,80.0,7.3,7.4,loamy,5,chemical,2,regular,306.7,46,7.7,3,42,14
patola,47,27.1,43.6,5.2,5.5,clay,3,chemical,2,regular,152.1,11,6.8,5,35,13
patola,55,18.4,71.2,6.7,6.4,loamy,4,organic,1,regular,227.4,31,7.6,2,13,8
upo_smooth,38,27.4,71.3,5.4,6.5,clay,4,mixed,3,as-needed,311.9,40,5.1,4,40,15
upo_smooth,31,27.8,72.4,3.7,6.3,sandy,4,organic,4,as-needed,166.0,53,15.4,4,13,1
cucumber,47,23.1,77.8,7.9,5.8,loamy,5,chemical,1,as-needed,135.6,63,12.4,4,43,22
patola,99,27.9,72.0,11.5,6.7,clay,4,organic,3,as-needed,296.2,66,23.2,3,19,2
upo_smooth,77,26.1,78.1,4.8,6.6,loamy,5,chemical,0,as-needed,437.5,16,15.4,3,47,21
ampalaya_bilog,49,34.2,71.7,3.3,7.5,sandy,2,organic,3,as-needed,191.2,12,14.0,4,10,10
patola,35,28.7,66.3,6.1,7.9,loamy,4,mixed,4,none,208.4,73,8.6,4,28,8
ampalaya_bilog,56,28.3,68.8,6.6,6.7,loamy,4,chemical,4,as-needed,195.6,65,17.2,2,15,11
patola,52,18.9,85.5,8.7,6.2,loamy,5,chemical,2,none,205.2,33,21.2,3,11,7
patola,78,30.9,71.4,3.4,6.2,loamy,5,none,0,none,311.7,23,15.3,2,1,1
patola,49,33.9,69.7,7.3,6.0,sandy,5,organic,4,as-needed,138.0,32,18.7,3,20,11
patola,40,26.2,73.2,7.4,6.6,clay,4,mixed,2,regular,342.7,39,6.9,3,28,15
ampalaya_bilog,57,27.7,47.6,6.7,6.4,sandy,2,chemical,1,as-needed,319.7,42,5.6,3,14,11
cucumber,33,20.7,52.1,7.8,5.7,clay,3,organic,2,as-needed,223.1,11,13.6,3,34,16
cucumber,20,34.1,87.1,7.5,6.7,clay,5,none,2,regular,115.1,55,11.3,5,19,8
upo_smooth,65,24.7,65.8,7.5,6.2,loamy,6,chemical,2,none,199.6,76,20.4,2,22,13
patola,47,20.9,71.2,9.6,6.7,sandy,3,chemical,3,regular,296.2,50,17.6,3,21,17
patola,60,23.3,76.5,5.1,6.2,silty,3,chemical,3,regular,180.9,12,21.6,3,20,9
patola,61,25.2,71.4,6.5,6.2,clay,5,chemical,2,as-needed,161.2,66,12.7,5,23,6
ampalaya_bilog,52,34.1,72.6,6.2,6.6,loamy,3,organic,2,intensive,132.9,78,12.5,3,40,9
upo_smooth,48,33.4,70.4,6.7,7.3,silty,3,none,1,intensive,214.6,26,5.3,3,20,7
upo_smooth,30,35.7,79.0,6.7,6.1,loamy,5,mixed,4,none,312.3,56,8.4,3,15,6
cucumber,83,19.8,41.7,8.3,6.5,silty,5,chemical,1,regular,125.1,32,7.1,2,3,3
cucumber,48,39.0,81.4,7.0,6.5,sandy,6,organic,2,regular,253.0,74,23.5,4,27,10
cucumber,37,25.7,66.8,10.9,6.6,silty,2,chemical,1,none,193.7,17,14.8,2,16,3
upo_smooth,33,28.5,73.6,7.6,7.4,clay,3,organic,3,as-needed,186.6,59,22.6,2,36,7
patola,27,26.6,77.2,7.1,7.4,silty,4,organic,0,regular,245.8,74,5.7,2,15,2
cucumber,50,38.1,66.7,7.4,6.4,loamy,4,mixed,2,as-needed,61.4,49,19.9,2,20,8
patola,58,26.5,50.2,7.8,6.1,sandy,7,chemical,2,intensive,248.5,43,23.5,3,27,5
ampalaya_bilog,30,24.9,77.8,7.0,5.4,loamy,5,mixed,3,as-needed,262.7,30,18.7,4,26,11
cucumber,40,23.7,72.9,6.8,6.3,sandy,6,chemical,1,none,273.3,55,14.3,3,26,12
upo_smooth,40,16.2,85.8,6.7,6.6,loamy,3,organic,2,none,273.2,61,15.3,2,26,4
ampalaya_bilog,27,29.7,78.2,7.0,5.6,loamy,5,none,0,regular,244.1,56,12.4,4,15,9
cucumber,30,35.6,75.4,7.6,6.0,sandy,2,chemical,4,regular,182.1,68,24.8,5,33,14
upo_smooth,77,26.1,69.4,9.7,6.3,loamy,3,organic,2,as-needed,359.7,46,22.2,4,36,22
upo_smooth,31,24.2,66.9,7.5,6.4,loamy,4,organic,2,intensive,160.3,49,23.0,2,30,11
cucumber,39,23.0,88.1,7.4,6.1,loamy,8,chemical,4,as-needed,157.2,28,23.1,4,36,20
patola,25,26.7,73.7,7.2,6.7,silty,6,none,4,regular,300.1,11,14.6,4,11,5
cucumber,48,39.5,73.6,10.9,6.2,clay,7,organic,2,intensive,115.4,24,22.6,4,26,7
ampalaya_bilog,90,27.0,61.7,6.8,6.8,loamy,5,organic,3,regular,148.0,58,6.3,5,36,14
cucumber,42,19.2,46.0,6.6,6.0,loamy,6,mixed,3,intensive,63.5,64,14.2,4,31,4
patola,67,30.9,84.4,6.3,7.8,loamy,5,none,2,as-needed,146.7,64,21.2,4,26,5
ampalaya_bilog,39,38.4,56.3,10.5,6.2,loamy,5,chemical,3,as-needed,308.0,40,19.9,5,20,4
patola,62,35.2,70.8,6.1,7.6,loamy,3,organic,2,as-needed,162.8,12,20.4,5,18,12
upo_smooth,38,27.8,71.3,7.8,5.8,silty,3,mixed,2,none,227.4,43,21.7,3,33,14
cucumber,54,20.9,62.0,6.9,7.0,loamy,4,organic,2,regular,221.1,78,15.0,4,50,23
patola,93,39.7,77.0,11.1,7.6,loamy,5,organic,1,as-needed,239.0,74,12.8,2,7,1
cucumber,53,26.9,60.6,10.2,5.9,sandy,5,chemical,2,regular,113.4,31,21.1,4,32,20
ampalaya_bilog,56,29.6,42.5,7.8,6.2,sandy,6,mixed,2,as-needed,238.3,60,12.8,5,22,20
ampalaya_bilog,98,34.8,73.1,7.7,6.1,loamy,7,organic,1,as-needed,279.7,50,18.6,2,6,9
cucumber,44,24.5,64.9,7.4,6.5,loamy,7,none,1,as-needed,265.0,30,23.6,3,16,13
upo_smooth,70,23.7,65.8,7.7,5.7,clay,3,chemical,0,regular,284.3,17,18.0,3,36,13
cucumber,78,29.7,73.5,10.2,6.4,clay,3,mixed,1,regular,145.7,21,22.4,4,31,10
ampalaya_bilog,53,32.8,67.8,6.6,6.1,loamy,4,none,2,regular,192.4,15,22.9,4,25,7
patola,102,26.2,69.1,7.1,6.4,silty,6,organic,0,regular,206.7,65,11.2,3,15,8
patola,65,21.4,59.2,7.3,6.3,silty,5,mixed,1,intensive,302.7,78,17.1,2,15,7
cucumber,48,24.8,73.6,6.0,6.0,silty,4,mixed,4,as-needed,114.2,69,7.8,1,9,11
patola,37,28.6,40.2,6.6,6.7,silty,4,mixed,3,none,272.9,35,5.7,3,8,8
upo_smooth,85,26.4,79.7,7.7,6.9,clay,2,none,2,regular,245.7,12,13.0,4,29,19
cucumber,36,27.2,61.9,6.9,7.4,clay,7,organic,2,as-needed,73.5,13,20.2,3,34,18
ampalaya_bilog,72,29.0,79.9,3.8,7.5,loamy,2,mixed,3,regular,149.6,36,19.9,3,13,4
ampalaya_bilog,50,22.7,45.0,7.4,6.1,loamy,6,none,1,intensive,92.2,24,24.2,4,17,6
upo_smooth,46,24.8,43.5,6.3,6.5,loamy,8,organic,4,intensive,423.7,62,10.1,2,8,11
upo_smooth,58,37.2,69.0,10.4,6.2,silty,5,none,3,regular,248.4,18,14.9,4,27,15
ampalaya_bilog,53,35.6,52.3,7.0,6.2,silty,6,organic,2,none,176.7,56,11.6,4,24,5
ampalaya_bilog,57,27.6,67.0,7.1,6.6,silty,3,organic,2,intensive,137.4,77,7.6,2,24,8
cucumber,62,25.9,72.3,6.8,6.1,sandy,2,none,2,as-needed,229.0,10,18.4,3,15,8
ampalaya_bilog,76,25.9,77.4,7.3,6.2,loamy,5,chemical,0,intensive,292.8,28,17.3,5,33,13
patola,31,20.4,66.3,7.6,6.1,loamy,6,chemical,2,regular,375.2,48,16.1,3,26,10
ampalaya_bilog,51,30.9,68.1,7.1,6.3,clay,6,organic,3,regular,292.7,40,12.6,5,42,16
ampalaya_bilog,41,26.1,65.8,3.9,5.4,silty,6,mixed,2,as-needed,281.6,32,11.0,3,13,6
upo_smooth,106,28.1,64.6,7.6,6.5,sandy,5,chemical,3,regular,257.9,79,20.4,4,37,23
ampalaya_bilog,50,18.3,75.6,4.5,6.4,loamy,3,organic,1,regular,165.3,68,13.6,4,38,11
patola,48,34.8,40.8,6.5,6.4,loamy,6,chemical,3,regular,250.8,74,22.8,3,18,7
cucumber,41,40.0,47.4,7.6,6.3,clay,6,mixed,2,as-needed,179.3,70,5.6,5,21,6
cucumber,39,25.8,68.8,6.8,6.6,loamy,6,chemical,2,intensive,149.5,76,22.7,3,35,16
upo_smooth,59,25.7,86.0,7.0,5.4,loamy,5,chemical,2,as-needed,126.8,52,13.5,5,43,31
patola,46,26.5,66.3,7.1,5.8,loamy,5,organic,2,regular,127.0,65,10.7,3,33,11
ampalaya_bilog,32,37.7,66.7,6.9,6.5,clay,2,chemical,2,as-needed,282.3,16,9.6,3,8,3
cucumber,58,22.1,77.4,6.7,6.6,sandy,5,mixed,2,regular,92.4,17,17.6,3,27,19
cucumber,94,26.4,77.6,8.3,6.1,loamy,3,chemical,2,as-needed,97.4,18,7.1,2,14,6
patola,46,35.7,59.1,7.0,6.5,clay,5,organic,0,none,307.4,41,23.1,3,19,5
upo_smooth,50,24.1,75.4,7.6,6.6,loamy,2,chemical,2,regular,317.2,20,22.1,4,53,24
cucumber,36,26.4,69.2,6.8,6.6,loamy,3,chemical,2,none,81.4,49,12.5,3,35,15
cucumber,38,27.7,75.6,7.0,6.6,silty,3,organic,1,regular,104.0,26,7.4,4,44,26
patola,52,25.4,77.3,11.3,6.3,sandy,6,chemical,4,regular,356.7,76,22.7,3,19,7
cucumber,37,27.5,62.9,7.3,6.2,loamy,6,chemical,1,intensive,132.8,39,18.8,3,27,24
cucumber,47,22.1,75.0,8.4,6.3,loamy,6,organic,2,as-needed,187.4,23,7.4,4,29,20
patola,63,33.3,75.7,7.8,6.1,clay,4,none,2,regular,234.8,45,16.0,3,22,5
patola,35,26.5,77.7,3.8,6.7,sandy,5,chemical,2,as-needed,241.4,63,14.7,3,9,1
cucumber,47,33.2,60.2,7.7,7.9,loamy,5,none,2,as-needed,126.9,35,9.7,5,30,9
patola,63,39.8,77.9,9.5,5.3,silty,4,organic,1,as-needed,164.4,47,18.2,4,27,5
ampalaya_bilog,57,24.6,60.4,7.4,6.4,silty,4,organic,1,regular,149.3,72,23.2,5,53,19
upo_smooth,61,26.0,74.8,5.3,7.5,clay,4,mixed,3,intensive,144.6,45,19.1,3,35,13
upo_smooth,65,25.8,40.0,7.5,6.1,sandy,3,none,2,regular,263.1,18,21.3,3,15,11
upo_smooth,47,25.7,80.5,7.1,6.5,silty,5,organic,0,regular,239.6,51,22.5,1,16,15
upo_smooth,53,28.7,61.4,7.9,6.7,loamy,6,chemical,1,as-needed,335.0,78,12.5,3,34,19
upo_smooth,83,27.2,74.6,6.5,7.2,clay,3,organic,2,as-needed,300.3,53,20.5,4,48,16
cucumber,46,22.8,67.4,4.8,6.8,loamy,3,organic,2,as-needed,239.0,14,9.7,4,46,25
ampalaya_bilog,96,27.9,60.3,7.7,6.0,sandy,4,organic,2,regular,132.7,72,13.8,2,20,10
ampalaya_bilog,88,32.3,72.9,6.9,6.7,loamy,4,mixed,2,as-needed,249.3,79,21.5,4,28,11
patola,57,36.6,60.1,6.9,6.2,silty,3,none,4,as-needed,236.5,32,8.0,4,15,6
cucumber,24,22.7,82.8,4.9,6.0,loamy,5,organic,2,as-needed,129.2,28,11.8,3,22,12
patola,65,25.8,80.0,5.5,6.7,loamy,4,chemical,1,as-needed,147.2,31,10.9,4,29,12
ampalaya_bilog,45,39.4,68.1,7.4,7.8,loamy,3,organic,2,regular,228.0,27,17.7,5,39,8
cucumber,55,21.9,41.0,7.0,7.1,sandy,4,organic,3,regular,236.8,79,8.5,2,25,14
patola,33,29.2,63.2,6.0,6.1,silty,5,none,3,regular,319.4,47,9.4,4,17,11
cucumber,53,39.7,67.4,7.0,6.9,clay,8,none,2,regular,198.9,46,8.8,3,10,9
upo_smooth,32,27.5,57.2,3.4,6.1,loamy,6,organic,2,intensive,396.8,71,16.4,5,18,15
patola,64,26.9,91.1,7.5,7.0,clay,4,organic,2,regular,267.4,22,10.2,4,32,18
upo_smooth,56,28.1,45.7,7.0,6.4,loamy,6,none,2,as-needed,218.7,17,13.5,4,31,12
upo_smooth,59,26.4,55.8,4.0,6.2,loamy,5,chemical,3,as-needed,204.2,61,16.1,4,27,14
upo_smooth,64,38.8,79.4,6.8,6.2,loamy,5,organic,1,none,372.1,57,13.2,5,44,11
ampalaya_bilog,57,16.7,69.8,7.7,6.1,loamy,7,chemical,3,regular,214.4,55,13.1,3,29,8
ampalaya_bilog,53,25.9,74.3,6.9,5.8,loamy,4,organic,2,as-needed,326.9,30,17.3,3,24,15
patola,54,22.2,75.8,6.4,6.3,loamy,6,chemical,1,regular,142.9,23,12.9,3,24,6
cucumber,39,26.9,66.8,7.1,6.5,loamy,4,chemical,2,intensive,148.1,38,24.6,3,33,19
ampalaya_bilog,60,30.5,63.2,7.7,7.5,sandy,4,chemical,1,regular,289.7,45,5.1,3,30,13
patola,30,16.2,66.7,6.2,6.7,loamy,2,none,2,none,127.7,39,9.2,3,1,1
patola,67,27.6,90.5,6.5,6.6,loamy,5,organic,3,regular,336.7,60,13.6,4,25,9
upo_smooth,57,23.2,74.0,7.0,5.1,loamy,4,chemical,3,as-needed,374.8,79,19.3,4,45,23
patola,63,35.3,68.4,7.6,6.6,loamy,8,organic,3,none,142.8,60,20.2,1,1,1
cucumber,89,29.8,76.2,6.8,6.0,loamy,5,chemical,1,intensive,205.4,35,12.0,3,23,9
ampalaya_bilog,44,27.2,62.6,3.6,6.1,loamy,6,organic,1,as-needed,117.8,24,6.0,3,17,11
upo_smooth,106,30.1,73.8,6.3,6.2,sandy,5,organic,0,intensive,333.3,73,25.0,3,25,11
patola,54,35.1,78.7,4.1,6.9,loamy,4,organic,3,intensive,343.6,11,11.3,4,11,7
upo_smooth,58,25.0,60.4,6.7,6.4,loamy,3,chemical,0,none,273.1,47,10.5,4,28,21
ampalaya_bilog,44,39.2,73.7,4.4,6.3,loamy,6,mixed,4,regular,205.1,19,20.9,5,27,11
ampalaya_bilog,45,26.1,66.6,7.1,6.6,sandy,2,chemical,3,as-needed,149.5,62,17.0,4,33,13
patola,87,25.7,90.2,7.0,6.2,loamy,5,none,2,as-needed,276.5,62,5.3,3,11,1
ampalaya_bilog,33,25.0,67.1,3.1,6.7,silty,5,chemical,0,regular,181.2,52,12.8,3,13,5
patola,53,28.7,44.6,6.6,5.6,loamy,3,none,4,none,212.2,19,23.8,3,12,3
patola,50,37.8,65.1,7.7,6.4,loamy,3,chemical,1,as-needed,177.3,16,6.4,4,21,9
upo_smooth,31,38.1,77.3,6.6,6.6,loamy,6,none,2,none,213.9,28,21.8,2,11,5
patola,76,25.2,59.1,8.0,6.4,loamy,2,mixed,2,regular,332.1,74,12.8,3,20,11
ampalaya_bilog,50,29.4,68.3,6.5,6.2,loamy,5,chemical,1,regular,151.4,20,12.0,4,39,15
cucumber,43,27.6,77.6,5.9,5.5,silty,4,chemical,2,as-needed,199.7,40,5.4,4,41,16
patola,56,20.2,69.7,5.7,6.8,loamy,7,organic,2,none,190.6,27,13.0,3,12,9
patola,91,34.5,78.2,6.6,6.0,loamy,3,organic,2,regular,358.1,21,16.6,4,33,9
patola,38,33.5,65.0,7.8,6.3,loamy,5,organic,2,regular,288.7,58,16.7,1,10,3
ampalaya_bilog,57,27.0,63.5,6.3,6.4,clay,3,chemical,4,regular,208.4,74,5.3,4,30,17
cucumber,54,18.9,40.7,6.2,6.3,loamy,4,none,2,regular,190.6,48,14.1,4,14,4
ampalaya_bilog,42,29.6,74.7,3.2,6.5,clay,4,chemical,2,regular,208.2,74,14.8,3,13,5
cucumber,53,35.4,80.7,7.7,7.1,loamy,3,chemical,3,regular,160.1,67,5.5,4,23,17
upo_smooth,87,27.2,65.6,3.3,6.5,clay,5,organic,2,regular,361.7,16,21.1,2,13,11
patola,46,18.8,70.4,6.8,6.1,loamy,4,organic,2,regular,320.5,44,8.3,5,27,6
upo_smooth,55,28.9,79.0,7.4,6.8,loamy,6,chemical,2,regular,280.1,28,17.4,5,60,30
patola,45,18.1,61.1,3.6,7.7,clay,6,none,2,regular,299.6,45,7.4,4,5,4
ampalaya_bilog,96,28.6,74.4,6.7,6.1,loamy,3,mixed,1,regular,129.7,38,23.0,2,11,10
ampalaya_bilog,82,26.5,62.7,6.1,6.4,loamy,5,none,2,as-needed,200.3,78,7.8,4,21,1
cucumber,46,38.0,76.5,10.5,6.4,loamy,3,chemical,3,as-needed,119.9,76,5.5,3,29,9
cucumber,54,17.2,50.0,7.4,6.5,clay,5,organic,0,regular,126.5,27,18.8,3,27,10
upo_smooth,71,36.7,67.3,7.7,6.9,loamy,4,mixed,3,regular,378.8,20,8.9,3,34,13
ampalaya_bilog,98,28.9,77.2,6.6,6.0,loamy,2,organic,1,intensive,215.5,73,5.4,4,24,6
patola,103,25.8,60.7,10.7,6.7,loamy,5,mixed,2,none,238.3,48,16.0,2,12,7
upo_smooth,58,33.6,71.0,7.1,6.4,sandy,5,mixed,3,regular,325.9,34,8.4,3,40,22
cucumber,57,22.3,69.3,7.5,6.3,loamy,4,organic,2,none,66.2,11,24.3,3,34,19
ampalaya_bilog,68,25.0,80.3,6.0,7.4,loamy,5,organic,3,intensive,329.2,20,22.3,3,29,22
patola,61,34.4,56.6,9.7,6.5,loamy,2,chemical,2,none,324.7,29,19.5,3,20,2
upo_smooth,46,25.7,63.6,11.7,6.8,sandy,3,chemical,2,regular,401.6,67,22.8,4,20,16
upo_smooth,85,28.2,62.4,7.9,6.4,loamy,6,mixed,3,regular,181.6,68,5.8,4,42,15
ampalaya_bilog,57,36.9,67.5,6.6,6.3,clay,2,chemical,2,intensive,158.8,29,13.8,3,24,11
patola,49,33.3,65.8,11.7,6.6,silty,3,mixed,2,intensive,291.0,61,9.4,3,26,6
ampalaya_bilog,45,28.5,66.6,7.5,6.1,clay,8,mixed,1,intensive,259.1,41,15.8,4,20,13
patola,44,25.5,67.8,11.3,6.7,loamy,3,chemical,1,as-needed,285.6,62,15.5,3,31,10
ampalaya_bilog,50,20.0,68.2,6.1,5.8,clay,2,organic,4,none,213.9,65,23.9,4,35,13
ampalaya_bilog,35,27.0,78.4,3.6,6.2,clay,2,organic,2,as-needed,222.2,18,23.9,3,14,8
patola,62,24.8,78.5,7.4,6.7,loamy,4,organic,2,regular,210.9,72,13.0,4,29,10
ampalaya_bilog,58,16.3,85.8,6.9,6.6,clay,6,organic,0,as-needed,295.2,15,16.5,4,15,9
ampalaya_bilog,86,25.2,83.9,6.9,5.2,loamy,4,chemical,2,intensive,114.1,33,14.6,4,29,12
ampalaya_bilog,38,29.2,63.5,6.5,7.4,sandy,3,chemical,3,none,221.4,59,22.2,5,34,19
cucumber,39,25.1,75.6,6.7,6.2,loamy,5,none,3,intensive,247.5,10,21.1,5,36,16
upo_smooth,55,24.4,61.1,7.9,6.6,clay,4,chemical,2,as-needed,361.5,59,23.0,4,57,21
cucumber,49,21.4,74.6,6.6,6.1,sandy,4,organic,4,regular,100.8,21,11.9,5,50,32
upo_smooth,36,16.4,68.2,9.5,6.2,sandy,5,organic,4,regular,211.2,47,15.8,4,31,18
patola,79,28.6,67.9,7.3,6.2,sandy,3,mixed,1,regular,187.6,56,24.7,2,10,11
ampalaya_bilog,68,26.0,74.4,3.4,6.1,sandy,2,chemical,2,intensive,302.9,38,12.4,3,10,3
ampalaya_bilog,40,17.6,67.2,6.6,6.7,silty,3,mixed,2,regular,142.2,59,23.3,3,22,8
ampalaya_bilog,27,25.8,48.9,8.9,6.4,loamy,2,organic,1,as-needed,138.9,68,8.5,5,29,8
ampalaya_bilog,98,22.5,55.7,9.8,6.1,sandy,3,organic,4,regular,282.4,42,12.2,2,15,7
upo_smooth,55,24.7,63.8,8.0,6.7,loamy,4,organic,2,as-needed,390.1,52,22.2,4,48,30
cucumber,51,27.4,72.9,7.4,6.1,loamy,6,chemical,3,intensive,173.4,40,13.6,3,28,13
upo_smooth,109,25.7,89.9,7.0,6.4,silty,7,organic,2,as-needed,437.0,29,20.7,3,22,11
patola,35,30.2,67.7,6.5,6.8,loamy,3,organic,3,intensive,141.8,63,7.8,5,34,14
cucumber,39,26.5,63.5,6.1,6.6,loamy,6,mixed,3,regular,91.2,40,24.4,2,27,13
ampalaya_bilog,57,39.0,65.9,11.9,7.5,loamy,4,mixed,0,as-needed,318.5,58,20.1,4,11,8
upo_smooth,55,35.9,76.9,7.2,6.0,silty,5,mixed,3,as-needed,172.9,34,10.3,3,23,20
ampalaya_bilog,57,19.1,75.6,8.0,6.6,loamy,6,chemical,0,none,122.1,10,6.5,4,27,8
cucumber,37,27.2,63.7,8.8,5.1,clay,4,mixed,4,as-needed,125.2,35,22.9,5,45,24
cucumber,25,36.0,76.3,4.9,6.3,clay,2,organic,0,as-needed,258.9,38,17.7,3,22,9
cucumber,66,36.2,43.6,7.2,6.6,clay,5,chemical,1,as-needed,147.2,65,15.9,4,21,10
ampalaya_bilog,45,28.9,63.7,8.8,6.4,silty,4,none,1,as-needed,165.9,16,13.7,3,16,6
ampalaya_bilog,31,28.9,75.3,7.8,6.1,loamy,2,chemical,4,as-needed,243.5,55,8.2,3,17,9
cucumber,46,37.5,63.8,3.8,6.4,silty,6,chemical,2,as-needed,119.3,79,9.6,2,17,1
ampalaya_bilog,84,27.1,75.4,7.0,6.3,loamy,5,chemical,3,none,292.5,30,18.1,1,15,6
patola,32,29.2,95.0,7.1,6.1,silty,4,chemical,3,none,244.9,53,8.2,2,21,9
patola,46,28.4,91.5,9.7,6.5,sandy,5,chemical,2,regular,199.5,26,14.1,3,12,10
upo_smooth,51,16.6,60.3,6.8,6.1,loamy,6,mixed,2,none,352.8,65,8.9,4,30,13
cucumber,41,27.7,80.3,10.7,6.2,loamy,7,organic,2,as-needed,210.0,22,16.9,5,27,18
cucumber,31,32.4,84.3,6.7,6.3,sandy,6,organic,2,intensive,114.1,77,5.6,4,36,20
cucumber,65,26.5,63.7,7.7,6.3,silty,3,organic,1,as-needed,62.6,36,17.5,2,20,15
cucumber,41,21.0,73.8,4.3,6.5,loamy,7,organic,4,intensive,254.7,37,7.4,4,37,20
ampalaya_bilog,49,28.5,42.2,4.6,6.3,loamy,4,organic,0,regular,185.0,30,22.3,4,29,16
cucumber,44,25.2,67.6,8.7,7.4,loamy,6,mixed,4,as-needed,73.7,57,10.7,2,28,12
cucumber,43,28.9,89.6,9.8,6.5,silty,6,chemical,2,regular,85.7,39,18.2,4,28,17
cucumber,28,39.8,77.6,7.9,6.5,clay,8,organic,1,regular,153.3,16,13.9,4,34,5
ampalaya_bilog,79,29.2,65.1,6.9,6.2,sandy,4,organic,3,as-needed,196.5,16,10.7,4,33,12
upo_smooth,61,17.3,69.9,6.5,6.4,sandy,6,mixed,2,as-needed,310.1,58,22.4,3,23,14
cucumber,28,25.9,67.3,7.1,6.1,loamy,2,chemical,3,intensive,77.4,55,15.5,3,24,14
cucumber,31,20.1,77.7,7.0,6.6,loamy,3,organic,2,regular,79.2,51,6.1,4,48,27
ampalaya_bilog,60,27.6,84.4,10.5,6.7,loamy,4,chemical,0,intensive,227.7,45,21.8,5,34,15
patola,99,30.2,73.8,11.0,6.1,clay,4,chemical,3,none,155.0,77,19.3,3,5,6
cucumber,82,29.4,73.9,8.0,6.9,silty,7,organic,2,none,254.4,75,22.7,3,20,9
upo_smooth,66,32.7,68.0,7.9,6.0,silty,5,organic,1,as-needed,195.7,68,24.7,3,42,17
patola,36,22.0,65.5,3.7,7.6,loamy,3,organic,3,as-needed,193.7,44,5.4,3,12,3
ampalaya_bilog,44,29.5,83.2,6.7,6.0,loamy,5,organic,2,none,118.0,18,8.8,3,27,13
patola,71,35.2,67.1,7.9,5.1,sandy,3,mixed,1,regular,348.2,71,13.3,3,12,6
upo_smooth,62,24.7,60.9,6.9,6.6,clay,7,organic,2,intensive,438.0,77,19.4,2,31,17
patola,68,29.5,64.5,6.4,6.6,clay,4,mixed,2,regular,351.1,20,18.1,5,31,14
patola,29,26.4,70.3,4.4,5.7,silty,6,organic,3,as-needed,327.4,22,8.1,2,8,4
patola,65,30.8,77.0,11.0,5.1,clay,3,mixed,2,as-needed,184.8,15,18.7,5,31,18
cucumber,35,39.5,79.0,6.4,6.5,loamy,4,chemical,2,intensive,147.5,25,9.2,4,22,11
upo_smooth,64,32.1,63.5,4.8,6.5,loamy,4,organic,3,none,330.0,11,8.9,3,27,21
cucumber,51,25.3,73.7,6.5,5.0,loamy,3,none,0,none,177.8,14,24.9,3,19,12
patola,56,34.9,46.1,9.1,6.8,sandy,6,none,2,intensive,290.4,50,11.3,5,11,2
patola,34,25.0,64.7,10.2,7.7,clay,3,organic,4,regular,276.6,55,14.3,2,15,4
ampalaya_bilog,57,28.8,77.4,3.5,6.3,clay,6,chemical,1,none,150.6,45,24.6,2,11,1
upo_smooth,55,38.8,56.8,5.4,6.7,loamy,3,organic,1,intensive,399.2,31,9.9,5,36,18
patola,53,30.4,58.5,6.7,6.1,loamy,6,organic,0,regular,244.9,32,24.9,5,32,14
patola,58,30.5,75.3,6.6,6.4,loamy,4,organic,2,none,373.0,17,11.8,1,7,1
patola,38,27.9,41.8,6.2,6.6,sandy,5,mixed,2,intensive,138.8,32,9.6,5,21,6
upo_smooth,39,34.6,78.1,7.0,6.7,sandy,4,chemical,2,regular,281.9,27,22.1,4,41,20
cucumber,81,17.6,50.6,5.3,6.6,loamy,4,chemical,2,regular,105.5,77,11.6,3,11,7
patola,46,39.9,66.6,6.2,6.7,loamy,5,organic,4,as-needed,152.0,64,21.8,3,6,10
patola,94,30.0,79.8,4.3,6.6,loamy,4,organic,4,regular,152.2,50,8.2,3,22,11
patola,44,29.6,60.1,10.0,7.9,silty,4,organic,2,regular,132.7,25,17.7,4,32,12
patola,37,30.2,65.0,7.8,6.3,loamy,3,organic,0,regular,163.5,71,17.1,4,21,14
ampalaya_bilog,48,36.0,72.9,8.0,6.4,silty,4,mixed,2,none,230.8,29,5.6,4,25,6
patola,63,29.5,91.5,9.9,7.6,loamy,6,organic,2,regular,215.5,45,13.6,2,4,3
cucumber,50,38.7,45.1,6.5,7.8,clay,5,mixed,0,regular,164.8,31,16.7,4,20,11
ampalaya_bilog,56,39.4,40.9,7.6,5.8,sandy,4,chemical,2,as-needed,179.2,10,11.0,4,23,9
cucumber,49,22.3,73.2,6.0,6.6,loamy,6,chemical,2,regular,94.7,36,16.8,2,26,12
patola,55,30.5,61.1,3.0,6.1,sandy,3,mixed,2,regular,325.3,58,19.9,2,18,6
patola,50,30.5,77.8,6.9,6.1,clay,4,organic,0,regular,241.6,10,21.5,4,32,17
patola,66,30.9,53.9,7.3,6.3,loamy,7,mixed,2,regular,308.0,55,7.3,3,19,13
ampalaya_bilog,55,29.6,66.5,8.5,6.6,silty,5,mixed,2,regular,304.5,51,17.3,4,31,13
upo_smooth,69,34.7,73.6,9.7,6.2,clay,6,mixed,2,regular,409.9,32,20.9,5,43,20
ampalaya_bilog,60,27.4,60.0,10.2,5.0,loamy,6,chemical,3,as-needed,301.9,10,11.2,3,19,7
patola,56,30.8,78.4,7.3,6.3,sandy,5,mixed,2,none,148.1,17,18.2,4,38,8
cucumber,70,22.8,77.6,4.9,6.4,silty,4,organic,0,as-needed,185.7,27,16.5,2,19,11
upo_smooth,53,31.6,81.2,6.6,6.6,clay,7,chemical,0,as-needed,280.0,10,17.5,4,43,25
cucumber,48,18.8,54.0,11.7,6.0,clay,5,mixed,2,intensive,66.0,46,14.8,1,7,3
upo_smooth,38,24.1,77.6,6.2,6.5,loamy,5,organic,0,as-needed,408.5,45,21.0,3,30,20
ampalaya_bilog,37,25.1,43.1,6.9,6.5,loamy,7,mixed,2,as-needed,181.5,38,19.6,3,25,4
upo_smooth,62,23.6,79.2,6.4,5.8,clay,5,mixed,0,none,336.4,28,18.6,4,44,19
ampalaya_bilog,51,28.0,60.1,11.2,6.4,clay,7,chemical,3,regular,130.4,68,8.9,5,40,13
ampalaya_bilog,37,27.0,66.1,6.9,6.1,clay,4,chemical,2,as-needed,225.3,76,7.2,1,14,6
patola,76,17.2,69.7,8.4,6.5,loamy,5,organic,1,regular,133.7,31,21.6,2,21,3
cucumber,52,29.8,62.3,6.7,5.3,loamy,7,chemical,0,as-needed,219.3,62,12.5,2,29,11
cucumber,36,24.5,46.3,7.7,6.7,silty,7,chemical,1,regular,190.9,17,19.1,3,24,12
patola,59,27.1,70.9,10.6,6.7,loamy,4,chemical,0,as-needed,333.1,48,10.2,3,26,8
cucumber,60,25.2,89.8,7.4,8.0,silty,4,none,2,as-needed,187.4,79,20.1,3,24,10
upo_smooth,42,26.9,53.6,10.9,7.2,loamy,3,organic,3,none,147.9,10,12.3,5,39,14
upo_smooth,30,34.9,78.6,4.5,7.9,silty,3,organic,2,regular,397.5,77,20.0,4,42,24
ampalaya_bilog,58,30.0,75.7,10.5,6.6,loamy,5,chemical,2,intensive,305.6,77,18.3,5,29,18
cucumber,55,20.3,62.4,3.2,5.2,sandy,4,organic,4,none,210.6,28,15.0,3,24,9
patola,64,20.4,71.2,7.8,6.3,clay,2,none,2,none,368.1,55,20.1,3,7,4
ampalaya_bilog,59,29.0,57.3,6.2,7.2,loamy,3,mixed,2,regular,279.1,53,14.9,5,44,19
cucumber,28,21.4,64.8,6.2,6.0,silty,3,chemical,4,none,170.2,46,12.0,4,21,17
patola,34,30.0,68.7,6.8,6.7,sandy,6,mixed,2,regular,346.6,40,22.6,3,11,9
upo_smooth,65,38.1,62.1,11.7,6.7,loamy,8,organic,0,regular,224.6,56,7.1,3,25,1
cucumber,53,39.2,61.0,7.6,5.1,clay,6,organic,2,none,224.6,31,9.6,4,22,9
cucumber,20,26.4,79.5,8.8,6.1,loamy,7,none,2,as-needed,106.5,58,5.5,4,11,8
patola,32,36.1,68.8,6.1,6.3,silty,3,chemical,2,as-needed,124.5,59,8.5,3,15,2
patola,27,25.3,70.7,6.9,6.3,clay,7,organic,0,as-needed,307.6,32,20.7,4,25,12
patola,49,27.9,43.4,7.4,6.7,loamy,4,mixed,4,as-needed,255.2,67,21.4,4,13,9
upo_smooth,94,27.1,60.8,7.7,6.6,clay,8,chemical,2,regular,227.8,77,23.0,4,32,14
upo_smooth,83,36.7,63.4,3.8,6.5,sandy,3,organic,0,as-needed,345.1,74,23.6,3,17,4
patola,25,34.8,51.6,6.3,6.5,loamy,6,chemical,1,as-needed,197.0,66,19.4,3,11,9
upo_smooth,104,37.0,77.8,7.3,5.2,loamy,4,chemical,1,none,416.8,58,14.5,2,21,9
upo_smooth,50,34.9,56.6,6.5,6.5,loamy,2,organic,3,regular,141.6,66,8.6,5,62,23
ampalaya_bilog,58,15.6,75.5,6.1,6.7,loamy,4,none,2,as-needed,275.5,38,18.7,2,10,1
patola,83,29.8,46.1,5.7,7.4,loamy,4,chemical,0,regular,246.9,10,11.4,4,19,9
ampalaya_bilog,41,16.4,75.9,11.8,6.4,loamy,3,chemical,0,regular,222.6,71,19.5,3,18,10
patola,60,30.3,65.4,3.2,6.2,loamy,5,mixed,3,none,303.1,17,11.5,4,24,7
upo_smooth,64,35.7,67.1,8.1,6.2,loamy,4,mixed,2,intensive,285.8,72,15.4,4,27,7
ampalaya_bilog,52,39.6,63.6,6.8,6.4,loamy,4,mixed,4,as-needed,116.8,68,24.9,3,25,8
ampalaya_bilog,45,35.6,70.7,4.5,6.4,loamy,7,chemical,2,none,329.2,64,22.5,3,32,6
upo_smooth,62,36.9,67.9,5.2,6.1,loamy,7,mixed,3,intensive,359.9,18,15.3,3,31,8
ampalaya_bilog,72,32.8,92.6,6.1,6.7,loamy,4,mixed,3,regular,127.0,27,19.8,4,23,7
upo_smooth,67,28.2,86.4,6.8,6.6,sandy,6,organic,2,regular,326.6,28,23.9,5,68,30
ampalaya_bilog,54,37.1,66.9,11.4,7.2,loamy,7,organic,3,as-needed,161.8,51,25.0,3,15,10
patola,65,29.7,61.1,6.8,5.5,loamy,5,organic,0,intensive,118.9,56,23.7,1,11,7
cucumber,47,35.1,64.4,6.8,6.2,loamy,7,organic,3,regular,259.3,11,9.4,3,22,9
upo_smooth,55,27.4,73.2,7.0,6.3,loamy,4,chemical,4,regular,171.7,29,6.6,2,25,12
patola,53,25.7,75.5,6.9,6.9,loamy,5,organic,3,regular,257.9,12,10.6,2,15,10
cucumber,51,24.3,88.5,6.2,6.6,silty,4,mixed,1,regular,75.4,59,8.0,4,38,24
upo_smooth,30,28.9,68.1,3.8,6.6,loamy,4,chemical,2,regular,336.4,36,20.7,4,14,11
patola,47,25.5,85.9,7.8,6.7,clay,4,organic,3,regular,354.6,13,12.1,1,9,1
upo_smooth,63,28.7,94.6,3.1,6.5,loamy,2,chemical,2,as-needed,321.7,54,24.2,4,13,3
cucumber,40,23.6,60.4,7.0,5.6,sandy,3,mixed,3,intensive,93.4,48,23.6,4,35,21
patola,60,29.8,44.3,6.1,6.5,loamy,7,mixed,0,intensive,292.8,32,22.1,1,10,7
ampalaya_bilog,60,25.2,40.0,7.1,5.7,clay,5,chemical,2,as-needed,322.9,49,7.6,3,17,8
upo_smooth,97,27.2,77.9,5.1,6.2,loamy,3,organic,3,none,155.8,25,5.4,2,14,7
patola,25,26.9,78.2,5.9,6.8,silty,5,none,1,as-needed,373.7,16,20.8,2,15,3
ampalaya_bilog,44,27.4,89.8,10.8,6.7,clay,3,mixed,2,none,122.1,54,18.3,4,30,16
upo_smooth,47,24.4,68.3,6.9,6.1,loamy,4,organic,4,regular,123.6,50,20.6,2,20,20
cucumber,38,20.5,65.8,6.5,6.3,silty,7,organic,3,regular,207.5,64,7.5,4,47,20
patola,59,18.9,78.5,7.8,6.3,clay,4,organic,3,as-needed,138.4,59,10.8,3,15,11
upo_smooth,42,25.5,68.2,7.2,6.4,silty,4,chemical,1,as-needed,357.1,25,16.8,2,25,8
upo_smooth,31,17.1,68.7,6.7,6.8,sandy,6,organic,2,regular,411.2,10,18.2,2,25,6
upo_smooth,40,28.1,66.5,7.4,5.3,silty,4,organic,3,as-needed,386.5,38,20.2,3,36,20
upo_smooth,67,28.1,68.3,6.4,8.0,loamy,3,organic,3,regular,156.8,72,13.9,5,62,23
upo_smooth,45,27.7,60.4,7.2,6.2,loamy,7,mixed,2,regular,197.2,35,20.8,3,40,23
ampalaya_bilog,50,26.2,91.8,7.4,6.6,clay,5,none,2,as-needed,178.6,34,20.7,4,15,8
cucumber,41,23.2,65.1,6.0,6.7,loamy,2,chemical,1,none,64.3,44,20.0,4,34,19
patola,33,28.7,68.8,7.7,6.4,loamy,4,mixed,3,none,324.9,21,16.4,4,11,14
ampalaya_bilog,93,25.6,58.8,6.1,6.5,clay,4,mixed,3,as-needed,278.7,50,16.3,3,8,10
patola,49,18.2,88.9,7.8,6.2,silty,6,mixed,2,regular,315.9,50,17.0,4,16,10
upo_smooth,100,24.4,70.6,6.3,6.3,loamy,4,organic,2,as-needed,412.9,12,9.7,4,35,11
cucumber,54,25.2,76.8,11.9,6.1,sandy,5,chemical,2,as-needed,197.4,54,8.0,4,31,19
ampalaya_bilog,50,27.2,59.1,6.2,6.7,sandy,8,organic,0,none,188.0,54,11.6,4,21,15
cucumber,39,24.4,69.1,11.5,5.3,silty,6,organic,2,as-needed,250.1,42,16.3,2,27,13
cucumber,31,25.6,50.0,6.3,6.5,loamy,4,chemical,1,as-needed,64.1,58,21.0,4,33,16
patola,59,29.6,74.5,3.2,7.2,loamy,6,organic,2,regular,245.6,79,19.9,4,19,10
patola,60,33.5,67.8,7.7,8.0,loamy,4,none,1,regular,287.8,27,23.5,4,16,4
patola,39,28.6,42.1,7.2,7.0,loamy,2,organic,2,regular,347.5,14,24.1,3,16,3
cucumber,89,27.1,60.6,10.4,6.6,loamy,3,chemical,2,regular,203.8,69,16.6,2,17,11
patola,48,28.0,76.8,7.9,6.2,clay,3,mixed,2,regular,265.9,13,19.2,4,33,17
patola,100,28.0,74.9,7.0,6.2,loamy,5,organic,2,regular,281.7,43,10.4,4,19,18
ampalaya_bilog,52,27.9,70.6,6.2,6.3,loamy,6,mixed,2,none,282.3,52,9.0,3,28,14
upo_smooth,76,34.1,82.4,6.2,6.1,loamy,6,organic,2,regular,421.0,61,7.8,5,36,18
cucumber,51,26.9,49.5,7.9,6.7,loamy,4,chemical,0,regular,176.6,75,15.9,5,36,19
cucumber,21,37.2,66.3,6.3,6.3,loamy,8,chemical,3,as-needed,222.8,65,18.7,5,21,3
cucumber,35,34.2,68.3,6.0,6.7,loamy,2,organic,2,regular,67.4,45,14.2,3,40,9
upo_smooth,69,25.4,71.9,6.5,7.2,loamy,4,organic,2,regular,306.1,16,11.6,5,50,31
ampalaya_bilog,40,27.9,91.4,12.0,6.6,sandy,5,none,3,regular,323.4,52,15.4,3,11,1
patola,49,26.0,54.9,5.0,6.3,loamy,6,chemical,2,none,205.1,65,16.7,3,11,7
patola,46,29.5,71.0,11.9,6.4,sandy,5,chemical,2,regular,150.9,33,5.4,5,27,11
cucumber,34,27.0,94.1,7.4,6.7,silty,4,chemical,1,as-needed,256.7,31,13.6,3,32,13
patola,62,26.2,74.0,7.8,6.4,loamy,6,organic,0,as-needed,306.4,18,20.7,4,26,11
upo_smooth,66,17.8,70.7,6.9,6.7,silty,4,organic,4,none,285.0,28,15.2,3,22,9
cucumber,30,32.4,62.2,4.5,6.4,loamy,4,mixed,3,none,103.1,48,8.8,2,15,4
cucumber,79,16.0,73.1,6.9,6.8,sandy,4,organic,1,regular,208.4,66,14.2,3,21,5
upo_smooth,84,34.7,73.1,7.4,6.7,loamy,7,organic,4,regular,320.8,32,7.7,2,25,14
upo_smooth,100,19.8,70.7,4.3,6.3,loamy,5,chemical,1,intensive,340.2,34,13.5,4,20,3
ampalaya_bilog,59,27.5,76.1,5.9,6.2,loamy,2,chemical,1,none,145.4,66,22.0,3,23,9
upo_smooth,65,16.2,91.8,7.6,6.7,loamy,6,none,1,as-needed,170.4,58,21.4,4,23,5
patola,55,30.3,76.8,4.2,5.8,sandy,8,mixed,0,none,180.7,64,19.3,4,18,7
upo_smooth,83,31.3,66.5,7.8,5.4,loamy,5,organic,1,as-needed,315.7,78,20.7,4,44,17
upo_smooth,66,31.5,59.7,6.1,6.2,clay,6,mixed,1,regular,146.8,66,14.7,2,21,17
upo_smooth,53,27.4,90.6,6.7,6.2,silty,7,none,3,as-needed,241.4,48,24.9,3,22,4
ampalaya_bilog,30,28.4,64.9,7.7,6.2,loamy,3,organic,4,regular,272.4,13,21.9,3,30,7
cucumber,56,27.0,62.2,11.3,6.3,clay,6,mixed,3,as-needed,152.1,56,23.0,3,28,15
upo_smooth,33,36.8,71.7,9.9,6.4,loamy,5,organic,4,regular,156.2,76,23.9,3,17,10
ampalaya_bilog,60,27.0,89.0,6.8,6.1,loamy,5,organic,2,none,283.0,72,24.4,4,23,16
patola,100,30.9,94.4,7.8,7.3,sandy,7,organic,2,regular,209.5,26,20.9,4,7,7
upo_smooth,62,18.9,67.1,6.4,6.6,silty,4,chemical,3,regular,126.8,79,23.6,2,9,10
upo_smooth,54,29.9,74.8,4.1,6.7,loamy,2,chemical,3,as-needed,333.8,29,10.2,3,42,13
upo_smooth,60,26.5,61.6,6.2,6.0,clay,5,organic,1,intensive,337.5,30,5.3,5,51,28
upo_smooth,38,28.8,71.0,6.0,6.5,silty,5,mixed,3,intensive,224.9,20,20.9,4,49,19
cucumber,55,26.2,62.4,7.0,6.2,loamy,5,mixed,0,regular,75.6,24,15.9,4,51,25
cucumber,56,32.5,74.5,6.2,7.9,loamy,3,organic,3,none,202.1,50,7.9,2,19,8
ampalaya_bilog,41,27.0,63.2,6.3,6.4,clay,5,chemical,1,regular,111.0,36,13.3,1,12,8
ampalaya_bilog,56,35.2,63.9,3.2,7.3,loamy,5,organic,2,intensive,148.8,36,11.0,2,1,3
cucumber,24,24.5,66.7,6.6,6.7,loamy,7,mixed,0,intensive,146.5,79,11.9,4,27,20
ampalaya_bilog,93,30.0,61.9,8.3,6.5,silty,4,organic,2,regular,178.2,70,5.6,3,33,11
patola,95,25.2,73.8,6.8,6.2,loamy,7,none,3,regular,357.8,16,24.4,1,1,1
ampalaya_bilog,38,26.2,69.4,7.0,6.2,loamy,4,organic,2,regular,184.8,55,20.2,3,29,19
patola,54,28.2,59.3,7.7,6.6,clay,3,chemical,2,regular,132.6,50,8.1,4,28,16
patola,45,29.6,77.9,6.0,6.6,loamy,4,organic,2,as-needed,124.7,11,10.4,1,7,2
ampalaya_bilog,36,26.2,54.1,11.7,7.2,clay,7,none,3,regular,241.8,55,21.4,3,15,11
ampalaya_bilog,50,38.3,82.3,7.9,6.6,loamy,3,chemical,3,intensive,279.5,23,17.0,3,15,5
ampalaya_bilog,52,29.0,94.3,6.4,7.4,clay,5,chemical,0,as-needed,117.8,70,17.5,3,22,9
cucumber,47,38.4,79.6,7.1,6.0,loamy,7,organic,3,regular,96.9,28,10.7,2,14,11
ampalaya_bilog,54,39.8,44.8,4.2,6.5,loamy,4,mixed,0,as-needed,262.6,63,13.3,1,4,3
ampalaya_bilog,88,25.4,48.9,7.6,6.7,clay,3,mixed,2,regular,305.1,32,7.2,3,25,7
ampalaya_bilog,57,32.9,48.9,7.8,7.5,loamy,4,mixed,0,regular,100.4,66,21.6,5,33,13
patola,45,25.0,79.7,6.2,6.6,sandy,6,mixed,4,regular,197.8,45,19.6,3,21,11
ampalaya_bilog,65,26.9,61.4,7.3,6.0,silty,2,chemical,3,as-needed,141.5,74,20.3,2,22,4
patola,57,35.1,70.9,7.4,6.1,clay,4,organic,0,regular,133.9,73,17.4,5,28,7
ampalaya_bilog,28,26.2,90.8,5.6,6.5,sandy,7,mixed,2,regular,94.0,33,20.9,2,15,1
ampalaya_bilog,69,26.7,76.8,7.8,6.0,sandy,5,mixed,1,as-needed,139.5,75,5.2,4,34,18
patola,64,27.2,64.6,7.4,6.7,sandy,6,organic,1,as-needed,291.1,54,13.9,3,18,12
patola,37,28.4,74.6,11.5,6.0,loamy,5,organic,2,regular,168.2,24,20.0,4,25,10
upo_smooth,69,32.8,66.8,7.7,6.3,loamy,6,mixed,0,none,121.4,44,13.7,3,26,20
patola,58,22.3,69.7,10.2,6.7,loamy,6,chemical,4,none,247.5,78,23.9,3,16,7
patola,37,25.2,66.9,4.0,5.7,clay,6,organic,2,intensive,359.5,68,12.5,3,14,7
patola,43,15.8,73.0,6.1,6.0,clay,2,chemical,2,regular,146.4,18,9.9,3,15,5
upo_smooth,44,28.0,67.7,7.1,6.0,sandy,5,organic,2,intensive,226.4,47,16.4,3,28,19
cucumber,86,27.5,85.6,6.7,6.3,loamy,4,organic,0,intensive,156.3,66,7.3,4,33,16
upo_smooth,58,36.7,70.6,7.0,5.4,loamy,5,none,2,intensive,371.4,50,6.2,1,7,1
patola,56,30.1,73.3,6.8,6.4,loamy,4,none,2,regular,218.9,77,19.2,3,21,4
cucumber,49,36.9,79.7,6.5,6.4,loamy,6,chemical,2,intensive,75.8,56,20.7,2,12,4
upo_smooth,54,27.0,64.7,6.8,6.2,silty,5,organic,1,none,341.6,64,5.6,4,41,27
patola,59,26.4,69.8,4.2,6.3,silty,7,mixed,2,regular,341.0,13,15.7,3,14,7
cucumber,24,26.8,69.9,7.9,6.4,loamy,4,none,3,none,112.9,60,17.8,4,22,9
cucumber,26,20.3,85.1,6.2,6.8,clay,6,none,1,as-needed,185.0,55,23.0,3,13,8
upo_smooth,40,39.6,64.8,6.2,6.6,silty,2,mixed,3,intensive,240.8,44,13.1,5,30,12
upo_smooth,64,16.8,69.6,10.4,6.6,loamy,7,organic,2,intensive,146.6,17,24.9,5,30,18
patola,47,32.2,78.6,6.2,6.7,loamy,5,none,2,regular,343.4,41,13.6,5,16,8
upo_smooth,58,17.5,69.5,3.9,6.5,clay,3,chemical,1,none,163.2,25,18.6,3,4,7
patola,54,15.6,77.8,7.3,6.3,sandy,3,none,3,regular,325.6,30,21.1,3,12,1
cucumber,20,25.3,89.0,6.2,6.4,clay,5,mixed,4,regular,96.3,31,18.2,4,35,22
upo_smooth,47,28.2,68.2,10.4,5.4,silty,6,chemical,2,as-needed,419.1,44,10.6,3,26,13
cucumber,42,37.6,45.9,4.7,6.7,loamy,8,organic,1,intensive,119.4,17,18.2,3,13,11
upo_smooth,81,32.2,71.4,8.0,6.6,loamy,6,mixed,4,none,215.4,19,14.1,3,33,9
cucumber,49,26.4,61.8,4.4,5.9,clay,3,mixed,0,regular,180.1,29,16.9,4,45,24
upo_smooth,99,28.4,67.9,7.9,6.5,loamy,7,chemical,2,regular,169.9,33,19.7,4,26,10
ampalaya_bilog,51,26.3,74.1,8.1,5.4,loamy,4,organic,2,regular,202.8,77,12.0,4,37,13
cucumber,65,20.6,90.8,9.8,6.4,silty,5,chemical,3,as-needed,123.1,62,21.6,4,23,15
ampalaya_bilog,99,29.3,87.8,10.0,6.1,loamy,3,chemical,2,regular,137.2,24,5.8,3,24,9
ampalaya_bilog,53,27.7,60.8,7.1,6.3,loamy,2,organic,4,intensive,91.2,76,17.8,5,47,9
upo_smooth,106,27.9,45.4,6.2,5.4,loamy,4,mixed,3,as-needed,159.7,54,21.1,5,37,16
patola,52,26.3,64.9,9.8,6.4,sandy,2,organic,2,regular,375.5,38,17.1,2,18,8
patola,33,24.7,64.0,7.8,6.0,clay,5,organic,1,regular,241.6,14,13.0,5,20,7
ampalaya_bilog,49,17.5,64.8,7.7,6.8,sandy,5,organic,4,as-needed,264.0,71,5.8,3,21,13
upo_smooth,67,23.6,68.1,6.6,6.1,clay,5,mixed,3,as-needed,265.7,62,23.3,3,47,18
upo_smooth,51,26.2,64.9,7.3,6.7,loamy,4,chemical,1,as-needed,339.6,38,23.1,4,48,19
cucumber,42,25.9,72.4,6.0,6.0,clay,4,mixed,1,none,84.6,25,9.7,3,22,18
cucumber,38,21.9,72.1,4.0,6.0,loamy,5,mixed,1,as-needed,115.2,25,15.4,2,25,16
upo_smooth,65,26.8,71.8,6.6,6.5,loamy,2,organic,1,regular,397.2,29,7.0,3,41,16
patola,97,20.1,46.5,6.6,6.4,loamy,2,chemical,2,regular,191.7,19,12.2,4,12,3
cucumber,52,27.7,66.3,7.1,6.1,silty,3,mixed,4,as-needed,217.1,15,19.8,3,31,21
patola,52,25.9,58.1,7.0,6.3,loamy,8,organic,1,regular,221.7,69,13.5,1,16,1
cucumber,90,26.5,70.7,6.5,6.4,silty,4,organic,2,regular,242.0,69,10.2,1,14,10
patola,57,18.7,63.5,6.2,6.0,loamy,5,organic,2,as-needed,200.8,56,24.9,5,26,9
ampalaya_bilog,54,32.9,78.7,12.0,6.6,loamy,5,chemical,2,regular,109.8,34,13.7,3,22,10
upo_smooth,55,38.6,54.4,6.1,6.8,clay,2,chemical,2,intensive,211.6,43,19.9,3,31,9
ampalaya_bilog,30,27.9,73.2,6.8,5.0,loamy,4,organic,1,as-needed,326.3,30,17.0,4,28,19
patola,59,29.0,70.7,3.1,6.5,loamy,5,chemical,3,as-needed,283.4,72,8.0,4,17,9
upo_smooth,61,28.2,60.2,6.6,6.4,silty,3,organic,1,regular,413.7,35,6.2,2,34,12
cucumber,61,26.1,62.9,6.4,6.3,silty,5,organic,2,regular,102.0,24,8.6,4,44,23
ampalaya_bilog,44,28.5,63.0,6.1,6.2,clay,7,organic,2,as-needed,127.8,51,19.9,5,38,22
ampalaya_bilog,32,17.7,70.8,6.7,6.7,sandy,7,chemical,0,as-needed,260.0,14,16.6,3,13,6
ampalaya_bilog,49,29.5,68.5,6.6,6.1,loamy,7,mixed,2,regular,316.3,24,6.2,3,28,14
ampalaya_bilog,51,22.2,65.6,11.3,7.6,sandy,2,mixed,2,regular,140.3,47,19.7,4,34,11
patola,45,29.2,67.9,6.5,6.4,loamy,4,organic,1,as-needed,340.3,26,18.2,3,22,13
upo_smooth,59,15.9,64.8,6.4,6.3,loamy,2,mixed,3,as-needed,418.6,32,18.8,4,39,13
upo_smooth,96,15.2,64.6,9.6,6.2,loamy,2,mixed,2,as-needed,247.9,13,19.4,3,19,10
patola,59,34.4,73.5,4.9,7.5,loamy,4,mixed,3,regular,234.1,59,16.3,2,10,14
cucumber,45,38.4,77.6,11.0,6.6,silty,5,organic,2,none,134.3,72,19.7,2,5,7
patola,55,38.0,75.5,6.3,6.7,loamy,5,chemical,2,intensive,148.1,69,17.2,5,12,10
cucumber,24,21.3,64.3,6.0,6.6,loamy,5,mixed,1,as-needed,167.4,73,17.7,3,37,17
upo_smooth,96,25.7,84.3,7.1,6.7,sandy,4,chemical,3,intensive,120.2,53,5.1,4,37,15
upo_smooth,50,31.3,69.3,9.3,6.0,loamy,4,mixed,2,none,307.7,54,22.7,5,46,23
upo_smooth,70,25.9,64.3,6.0,6.0,clay,3,organic,1,as-needed,281.0,32,9.2,3,39,23
upo_smooth,66,28.9,63.1,7.0,5.4,loamy,5,mixed,1,as-needed,192.3,49,23.2,4,63,26
upo_smooth,55,39.4,40.0,7.7,6.7,loamy,5,chemical,2,as-needed,270.4,68,7.0,4,31,17
cucumber,55,26.1,74.3,6.3,6.7,loamy,5,mixed,2,as-needed,64.4,74,6.1,3,30,22
patola,31,25.4,69.2,9.7,6.8,sandy,5,organic,2,as-needed,207.2,40,5.4,4,24,14
upo_smooth,56,27.4,87.4,7.4,5.5,loamy,4,organic,2,as-needed,211.5,66,16.2,2,19,11
ampalaya_bilog,79,30.8,42.9,6.1,6.2,silty,4,organic,3,as-needed,163.6,68,11.2,3,15,7
cucumber,41,25.7,74.2,10.9,6.5,loamy,4,organic,2,as-needed,141.5,44,18.5,4,31,19
patola,57,28.6,66.2,9.5,5.5,loamy,7,none,2,as-needed,293.4,76,10.4,5,19,11
cucumber,54,23.7,63.4,7.0,6.0,sandy,4,mixed,1,none,153.7,11,11.7,3,21,17
upo_smooth,83,26.7,59.1,7.9,6.7,loamy,5,mixed,2,regular,151.4,67,17.8,2,28,7
ampalaya_bilog,52,28.5,68.8,8.8,6.5,loamy,3,chemical,2,intensive,246.9,29,14.5,4,34,10
cucumber,45,23.4,71.1,6.3,6.3,loamy,5,organic,1,regular,209.0,70,9.9,2,26,7
ampalaya_bilog,53,27.5,63.7,6.1,6.1,loamy,4,organic,2,regular,100.3,21,13.7,3,39,15
cucumber,31,38.0,60.1,6.5,6.4,loamy,7,organic,2,intensive,273.1,54,20.7,4,16,10
upo_smooth,58,38.8,65.3,6.4,6.4,loamy,5,organic,3,intensive,308.4,31,20.5,2,23,5
patola,84,25.4,65.2,6.7,6.6,clay,6,chemical,2,regular,251.3,78,15.5,3,15,1
ampalaya_bilog,44,27.1,78.5,6.2,6.7,silty,5,mixed,2,as-needed,293.6,44,14.4,3,33,16
upo_smooth,70,26.3,77.5,11.0,6.7,loamy,6,chemical,2,as-needed,430.1,66,12.6,2,23,9
patola,65,22.9,70.3,6.9,6.3,clay,5,mixed,0,intensive,335.0,67,7.8,3,23,7
ampalaya_bilog,41,28.1,67.8,6.5,5.1,loamy,2,organic,3,regular,236.6,69,10.6,5,36,13
cucumber,51,25.0,79.4,6.8,6.7,clay,4,chemical,2,regular,178.4,45,9.4,4,51,23
ampalaya_bilog,32,32.4,73.7,6.6,5.5,clay,2,mixed,3,intensive,307.6,38,21.9,2,24,9
upo_smooth,104,16.9,79.5,7.4,6.6,silty,5,chemical,3,as-needed,377.9,77,17.2,1,1,2
cucumber,76,34.3,73.9,10.5,6.7,loamy,3,organic,3,as-needed,99.2,11,18.8,3,25,7
cucumber,65,21.7,64.5,6.5,6.3,silty,4,none,1,none,126.7,57,15.3,3,23,10
cucumber,47,24.6,72.2,6.4,6.2,loamy,6,none,1,regular,242.0,24,8.3,4,29,18
cucumber,35,22.7,68.4,6.7,6.4,silty,4,organic,2,none,78.1,69,10.3,4,33,17
cucumber,34,22.8,91.6,8.1,6.7,loamy,2,chemical,0,as-needed,136.3,19,15.6,2,22,9
patola,93,28.6,93.7,5.8,6.6,silty,2,organic,2,none,243.5,66,6.0,3,19,2
cucumber,54,25.2,69.9,9.0,7.4,clay,4,none,0,as-needed,99.5,40,6.1,3,22,12
patola,41,31.0,78.5,7.8,6.6,loamy,4,mixed,1,as-needed,288.4,37,5.4,4,24,12
patola,52,32.7,69.4,3.1,6.6,loamy,3,chemical,2,as-needed,317.2,68,9.7,4,12,6
patola,46,29.3,40.6,7.4,6.1,loamy,3,mixed,2,intensive,205.3,48,8.8,4,26,11
patola,59,29.8,76.6,6.7,6.7,loamy,4,none,4,as-needed,324.1,79,24.4,4,11,10
ampalaya_bilog,24,27.6,67.4,7.7,6.6,loamy,7,chemical,3,intensive,155.8,66,8.9,3,21,12
upo_smooth,75,21.9,77.3,6.0,6.2,clay,5,organic,2,regular,271.8,62,13.1,5,60,22
upo_smooth,33,36.9,61.4,7.1,5.6,clay,5,organic,4,none,415.1,11,16.3,4,22,10
patola,68,27.3,64.3,7.5,5.8,loamy,4,organic,3,as-needed,303.4,75,7.5,2,13,5
cucumber,80,15.6,63.5,7.9,6.1,loamy,4,mixed,2,as-needed,183.3,12,17.2,3,12,9
cucumber,52,25.1,76.7,11.6,5.6,sandy,3,chemical,1,intensive,244.4,18,15.6,4,30,19
cucumber,46,15.5,50.6,7.1,6.7,clay,6,organic,2,as-needed,156.8,38,9.3,3,24,8
upo_smooth,66,33.5,75.9,6.3,6.8,loamy,3,chemical,2,as-needed,348.8,23,17.7,3,40,16
upo_smooth,62,28.2,64.4,7.9,6.7,loamy,5,chemical,0,regular,191.5,77,23.1,2,21,18
upo_smooth,68,27.5,64.2,4.1,5.3,loamy,5,chemical,0,regular,236.2,25,5.6,3,38,24
upo_smooth,99,15.2,70.3,7.0,6.4,loamy,3,mixed,2,regular,126.4,14,16.9,5,23,12
upo_smooth,88,39.4,61.6,6.0,6.3,loamy,5,organic,1,as-needed,435.8,40,20.0,2,25,1
upo_smooth,50,24.5,75.8,7.7,7.2,loamy,6,organic,3,intensive,295.7,38,24.0,2,35,17
upo_smooth,63,22.1,78.3,7.3,6.2,loamy,3,mixed,3,none,295.8,34,21.3,3,29,17
cucumber,47,28.3,66.4,6.6,6.5,loamy,6,organic,2,regular,149.7,34,8.1,4,51,17
upo_smooth,37,26.8,48.5,11.8,6.5,silty,7,organic,2,as-needed,131.4,29,12.1,1,14,1
patola,32,31.9,77.2,7.9,6.7,loamy,6,none,1,regular,196.2,59,24.8,2,2,2
patola,72,20.8,64.6,6.9,6.6,silty,4,chemical,4,as-needed,188.3,63,13.9,3,24,9
patola,47,26.7,60.9,7.9,7.8,clay,5,organic,3,regular,245.8,72,18.3,3,23,10
upo_smooth,104,27.8,77.8,5.4,6.2,sandy,6,organic,3,none,273.8,36,17.0,3,21,6
patola,85,29.3,82.2,6.9,6.9,silty,5,organic,4,regular,117.5,45,13.9,3,23,9
ampalaya_bilog,45,32.6,79.4,6.9,6.4,clay,5,chemical,2,as-needed,156.6,45,8.2,3,32,7
ampalaya_bilog,45,36.6,86.9,3.4,6.1,loamy,5,organic,1,as-needed,199.8,43,20.7,4,20,5
ampalaya_bilog,47,20.1,73.6,8.8,6.8,loamy,3,chemical,2,regular,268.0,52,7.2,4,34,19
upo_smooth,78,18.6,74.9,7.1,5.5,loamy,2,mixed,2,as-needed,202.7,71,17.9,3,17,14
cucumber,92,22.5,40.9,7.9,6.1,silty,3,chemical,2,regular,153.7,12,17.7,5,24,15
cucumber,47,25.1,83.4,6.2,7.9,silty,7,mixed,2,intensive,251.8,16,21.3,4,41,20
ampalaya_bilog,54,29.7,70.2,6.0,5.1,clay,3,mixed,2,as-needed,127.9,53,23.0,4,44,14
upo_smooth,61,26.8,42.8,7.3,6.5,silty,3,organic,4,intensive,195.3,53,12.3,3,38,18
ampalaya_bilog,55,36.3,58.4,7.0,5.7,loamy,2,organic,2,regular,175.2,78,8.6,4,28,8
ampalaya_bilog,39,26.1,65.2,8.8,6.4,silty,5,mixed,1,regular,298.3,50,19.4,3,29,12
upo_smooth,52,26.1,61.6,7.4,7.3,loamy,3,chemical,2,intensive,336.3,39,18.0,4,50,26
patola,58,34.3,69.6,7.9,6.2,loamy,6,chemical,2,as-needed,220.6,49,15.4,2,27,5
upo_smooth,32,25.6,82.6,7.3,6.6,sandy,2,chemical,2,regular,170.2,71,20.5,5,31,13
upo_smooth,34,26.7,42.5,11.8,6.7,clay,5,mixed,1,as-needed,396.7,48,9.9,3,30,16
ampalaya_bilog,54,25.1,87.1,7.4,6.8,clay,6,chemical,2,as-needed,134.7,30,20.6,5,32,22
cucumber,26,21.8,81.3,6.7,6.6,clay,7,chemical,0,none,239.3,29,6.6,5,19,10
upo_smooth,70,28.9,69.0,7.7,6.3,sandy,7,mixed,2,regular,364.1,25,17.3,3,38,22
cucumber,49,19.1,70.9,6.7,5.6,loamy,4,chemical,1,as-needed,228.6,13,19.9,5,30,9
patola,48,34.4,82.1,7.4,6.2,loamy,2,organic,2,none,345.2,57,13.9,5,32,11
cucumber,55,22.2,68.2,7.4,6.4,clay,5,chemical,2,as-needed,87.0,66,6.5,4,54,22
upo_smooth,55,17.3,45.0,7.7,6.6,clay,4,chemical,4,as-needed,200.8,46,10.9,3,24,9
upo_smooth,65,24.9,71.3,6.7,5.3,sandy,7,mixed,4,as-needed,181.3,78,24.8,2,23,18
patola,76,38.8,77.9,7.1,6.7,clay,3,organic,0,regular,230.0,71,24.8,5,22,6
upo_smooth,66,24.3,83.2,7.6,6.4,clay,6,chemical,2,regular,171.6,76,9.1,3,29,18
ampalaya_bilog,55,29.4,70.5,7.8,6.3,clay,3,organic,3,regular,186.9,25,12.1,3,36,14
ampalaya_bilog,52,25.1,76.2,6.3,6.5,silty,4,organic,3,none,215.0,68,21.6,5,31,20
cucumber,53,26.5,53.7,7.8,7.5,sandy,3,organic,2,as-needed,245.6,44,21.8,3,35,21
upo_smooth,66,36.3,73.1,7.6,6.6,loamy,5,chemical,2,as-needed,226.1,10,8.4,2,22,9
upo_smooth,90,25.0,74.0,6.2,5.3,silty,3,chemical,2,regular,182.5,54,5.9,5,50,20
cucumber,49,24.8,78.8,7.2,6.0,loamy,4,mixed,2,regular,256.7,23,12.5,3,41,19
cucumber,83,34.2,40.1,7.3,6.0,sandy,7,organic,2,none,253.7,62,6.1,3,15,5
cucumber,36,17.5,54.2,7.4,6.0,clay,2,chemical,2,as-needed,221.0,39,17.7,4,27,13
ampalaya_bilog,51,28.8,87.6,4.5,6.6,sandy,4,organic,1,none,290.7,45,5.3,4,28,15
upo_smooth,44,17.5,42.7,7.3,6.4,loamy,6,organic,4,as-needed,204.2,72,16.3,4,30,8
patola,82,25.1,67.9,7.5,7.5,loamy,6,organic,2,none,213.1,77,23.5,5,28,11
upo_smooth,67,28.3,60.6,9.7,6.7,loamy,5,chemical,1,regular,216.0,39,5.3,4,48,23
cucumber,52,23.6,68.2,7.5,5.5,sandy,2,chemical,0,none,112.5,48,9.6,3,21,8
ampalaya_bilog,92,31.6,62.2,7.9,6.6,loamy,3,chemical,2,none,277.2,67,24.3,2,4,11
patola,33,26.2,53.6,5.4,7.7,loamy,4,organic,4,regular,277.1,61,11.7,5,24,9
ampalaya_bilog,51,37.1,55.3,7.7,6.3,silty,6,mixed,3,regular,229.4,36,23.8,5,22,7
upo_smooth,57,24.7,71.2,5.2,6.6,loamy,2,chemical,1,regular,159.5,79,6.6,4,40,19
upo_smooth,67,26.4,79.3,6.8,6.7,silty,5,organic,0,intensive,137.8,30,14.7,1,18,11
ampalaya_bilog,46,29.6,75.9,7.0,6.2,loamy,3,organic,2,as-needed,305.9,53,13.8,1,22,7
cucumber,39,21.9,63.1,10.7,6.0,loamy,4,organic,4,as-needed,145.1,78,16.0,2,31,9
upo_smooth,63,24.2,79.1,7.5,5.2,clay,5,chemical,3,as-needed,166.3,65,14.1,4,39,22
patola,47,30.6,78.6,7.1,5.7,clay,4,organic,2,as-needed,331.3,62,11.3,4,43,16
ampalaya_bilog,41,29.5,75.8,11.5,6.6,sandy,4,mixed,3,none,162.9,41,8.4,4,24,10
cucumber,48,26.5,53.6,7.2,6.2,clay,6,organic,0,regular,184.0,12,13.2,4,39,22
patola,84,32.8,63.9,6.2,6.7,loamy,5,organic,3,as-needed,263.1,10,23.8,5,24,17
cucumber,69,20.9,76.8,6.5,6.5,loamy,5,organic,1,regular,269.9,76,20.8,2,27,9
cucumber,55,16.8,89.8,7.3,6.7,loamy,2,mixed,2,regular,165.0,20,13.4,3,24,9
patola,57,26.5,79.4,6.3,6.5,loamy,3,mixed,2,regular,170.5,51,6.1,4,36,13
ampalaya_bilog,43,30.0,69.2,7.2,6.5,loamy,2,organic,2,none,295.5,58,20.4,4,31,11
patola,62,15.9,70.2,3.4,6.8,sandy,6,organic,2,as-needed,204.7,70,24.5,3,13,9
cucumber,45,20.3,52.6,7.8,6.2,silty,7,organic,2,none,64.5,20,15.5,3,33,13
cucumber,33,16.1,65.9,7.7,6.2,sandy,4,organic,2,regular,129.6,66,24.4,4,31,15
ampalaya_bilog,56,26.4,69.2,6.8,6.2,loamy,7,chemical,2,regular,321.8,15,10.3,3,26,14
ampalaya_bilog,29,27.0,69.9,7.9,6.1,loamy,8,organic,2,as-needed,117.4,61,20.4,5,24,14
patola,51,25.6,83.8,6.2,6.4,sandy,3,chemical,3,as-needed,118.5,30,20.9,5,25,15
ampalaya_bilog,85,21.6,62.0,8.0,6.6,loamy,2,organic,0,none,168.4,40,10.6,4,17,9
patola,56,18.1,62.1,7.7,7.4,clay,3,mixed,4,as-needed,149.2,77,5.5,5,23,5
patola,46,20.6,84.8,3.4,6.7,loamy,6,mixed,3,regular,301.8,28,7.0,3,12,4
upo_smooth,43,24.3,60.7,11.5,6.0,clay,3,chemical,3,none,196.4,11,5.9,1,7,9
ampalaya_bilog,43,27.4,76.5,6.1,6.2,silty,6,organic,0,intensive,303.2,69,21.9,3,29,10
patola,92,24.1,82.3,9.3,6.5,silty,3,mixed,1,as-needed,351.7,48,21.0,4,13,10
patola,65,27.8,79.5,6.9,5.9,loamy,4,chemical,3,regular,188.3,34,8.0,5,30,17
patola,65,25.5,50.3,11.1,6.6,loamy,4,organic,1,regular,124.4,56,15.3,4,23,18
upo_smooth,73,24.9,49.9,7.0,6.6,loamy,4,chemical,2,regular,429.6,71,14.1,4,34,23
patola,60,27.0,52.3,4.2,6.5,loamy,4,chemical,2,as-needed,204.2,30,6.8,3,31,11
cucumber,27,31.0,60.8,6.6,7.0,clay,5,organic,1,regular,70.2,63,24.1,5,36,19
patola,26,28.2,66.6,6.5,6.6,loamy,6,chemical,4,regular,231.8,30,7.1,3,23,2
upo_smooth,67,25.1,74.3,4.2,6.9,clay,5,organic,1,as-needed,323.6,27,9.7,3,38,30
patola,51,25.8,84.7,6.6,6.8,loamy,3,mixed,1,regular,315.1,39,15.4,3,23,11
upo_smooth,34,24.5,66.4,6.5,7.6,sandy,7,organic,2,none,408.7,62,23.5,4,28,12
cucumber,48,37.7,61.5,7.1,6.2,silty,5,organic,3,as-needed,73.7,34,21.3,3,19,8
cucumber,66,27.3,63.0,6.0,6.1,loamy,5,mixed,0,regular,195.1,77,21.6,3,25,18
patola,53,26.8,69.8,6.3,7.1,loamy,4,organic,1,none,378.7,62,23.6,3,20,12
patola,63,39.0,71.1,7.9,6.7,loamy,5,organic,2,as-needed,355.6,41,15.6,3,19,8
cucumber,46,39.5,86.5,6.4,6.5,clay,7,mixed,2,none,82.4,77,24.1,4,23,14
upo_smooth,64,27.9,79.3,11.6,6.1,loamy,5,mixed,1,none,271.2,77,24.4,3,33,13
cucumber,86,39.6,62.4,7.2,6.5,silty,2,organic,1,regular,202.1,16,7.7,5,26,17
upo_smooth,89,28.5,77.6,7.5,6.4,loamy,4,chemical,2,regular,328.8,64,20.0,2,16,9
ampalaya_bilog,40,29.3,92.3,6.9,6.4,clay,4,organic,3,intensive,304.2,39,20.6,3,18,11
ampalaya_bilog,50,25.8,73.8,7.0,6.2,clay,4,chemical,2,as-needed,281.1,15,15.5,3,29,12
ampalaya_bilog,29,38.6,52.4,6.9,7.1,loamy,4,mixed,1,none,154.6,52,7.5,3,19,7
cucumber,49,26.0,46.3,11.9,6.7,silty,5,chemical,4,intensive,214.0,67,19.8,3,24,9
upo_smooth,67,17.4,76.3,7.7,6.2,loamy,2,organic,1,intensive,249.7,55,19.6,4,32,16
ampalaya_bilog,86,27.9,73.2,6.1,6.5,clay,5,chemical,0,intensive,218.8,12,17.9,3,25,8
ampalaya_bilog,53,24.4,61.3,7.0,6.0,loamy,6,none,3,none,290.3,35,17.2,2,9,2
cucumber,35,28.7,73.5,6.5,6.1,sandy,3,organic,2,as-needed,218.1,61,19.1,3,39,20
upo_smooth,102,25.2,54.2,7.9,5.0,clay,4,organic,1,as-needed,430.9,78,11.6,5,43,17
patola,56,29.0,71.7,8.1,6.6,sandy,4,organic,3,regular,332.4,22,23.2,2,18,10
upo_smooth,61,25.4,64.9,11.1,6.1,loamy,5,organic,2,regular,273.8,79,23.3,2,21,9
upo_smooth,92,25.8,53.2,6.0,6.6,loamy,3,none,2,regular,266.2,37,14.1,4,19,14
ampalaya_bilog,41,22.1,72.5,7.7,7.3,loamy,4,mixed,4,as-needed,105.4,30,16.6,5,39,15
ampalaya_bilog,53,27.1,54.1,6.0,7.0,sandy,2,organic,3,regular,95.3,45,10.5,4,41,17
cucumber,23,37.0,60.2,4.6,6.7,loamy,2,organic,4,regular,217.6,59,22.1,5,24,10
patola,35,30.1,74.5,7.3,6.7,loamy,4,chemical,1,as-needed,356.8,79,12.7,3,11,7
cucumber,75,31.1,64.0,7.2,6.6,loamy,3,organic,3,regular,137.0,78,22.8,4,28,14
cucumber,78,27.5,74.2,7.1,6.0,sandy,3,organic,0,as-needed,169.4,51,20.7,5,41,24
patola,101,15.3,76.8,7.8,6.8,loamy,2,organic,2,as-needed,120.2,45,9.0,4,18,8
cucumber,39,28.0,78.8,7.1,6.4,silty,6,organic,4,regular,156.9,65,9.6,5,43,23
patola,63,30.2,43.5,11.3,6.2,loamy,4,mixed,3,as-needed,301.3,37,12.3,3,20,14
ampalaya_bilog,36,29.4,87.7,6.3,6.8,silty,4,chemical,2,regular,289.0,12,11.5,5,49,17
cucumber,45,23.3,64.7,6.6,6.7,loamy,3,organic,2,as-needed,191.7,33,19.2,3,47,20
upo_smooth,55,30.3,68.3,10.8,6.5,loamy,2,none,0,as-needed,180.3,28,19.0,5,27,4
patola,63,25.5,91.5,6.5,6.6,loamy,5,mixed,2,intensive,166.2,73,21.1,4,34,7
upo_smooth,33,27.3,68.4,3.6,5.9,silty,7,mixed,1,as-needed,260.7,37,5.9,3,10,13
patola,85,18.1,49.4,6.1,6.4,clay,6,organic,1,regular,384.3,61,20.9,4,21,1
patola,64,28.0,68.8,3.4,5.5,loamy,4,organic,3,regular,203.1,65,24.8,3,1,12
upo_smooth,36,35.8,66.3,7.9,7.4,loamy,3,organic,0,intensive,398.4,46,19.3,4,33,13
ampalaya_bilog,35,38.2,75.6,6.1,5.4,loamy,2,mixed,2,as-needed,188.3,42,6.5,3,22,8
upo_smooth,63,28.2,75.9,7.0,6.3,clay,3,chemical,3,intensive,191.8,52,13.7,3,43,22
cucumber,35,27.5,51.2,4.0,6.5,silty,6,organic,2,as-needed,248.4,61,7.5,3,22,18
ampalaya_bilog,49,36.9,67.1,7.4,6.2,silty,7,chemical,4,as-needed,318.7,59,5.8,5,10,6
upo_smooth,64,24.8,75.2,6.4,6.3,sandy,4,mixed,4,regular,218.0,42,9.7,2,43,16
ampalaya_bilog,60,29.7,95.0,7.5,7.7,loamy,5,mixed,1,as-needed,208.5,31,14.6,3,32,8
cucumber,37,23.8,71.8,7.8,6.2,loamy,3,mixed,2,intensive,68.1,69,10.2,5,42,28
upo_smooth,52,28.1,48.2,8.0,6.6,loamy,7,organic,2,as-needed,293.3,28,15.0,4,40,16
upo_smooth,69,26.2,79.0,6.7,6.0,sandy,5,organic,4,as-needed,257.4,57,20.4,3,47,18
patola,57,34.9,78.5,10.7,6.5,loamy,5,mixed,0,as-needed,286.4,57,8.3,4,24,10
upo_smooth,53,25.5,78.1,7.1,6.6,loamy,5,none,3,intensive,425.5,35,15.6,3,26,5
patola,59,25.9,69.5,6.7,7.4,loamy,6,mixed,3,none,344.8,46,9.8,2,11,6
upo_smooth,33,24.7,79.7,6.7,6.4,clay,5,chemical,0,intensive,142.4,43,23.4,3,25,16
ampalaya_bilog,70,23.3,64.8,7.5,7.0,clay,5,chemical,2,none,250.9,42,13.8,5,32,9
patola,51,23.7,58.0,7.5,6.6,loamy,7,organic,1,as-needed,377.3,14,20.5,2,11,9
patola,37,26.0,75.1,7.3,6.5,clay,6,organic,1,as-needed,292.3,37,9.8,1,7,8
ampalaya_bilog,52,25.9,76.0,6.9,6.4,loamy,7,none,2,regular,277.9,67,5.9,4,19,12
upo_smooth,64,33.8,54.2,7.8,6.7,loamy,3,organic,0,intensive,305.2,28,22.0,4,51,19
patola,61,29.4,91.8,6.3,6.1,loamy,5,mixed,2,regular,162.5,12,5.6,4,38,9
patola,54,27.4,65.4,9.3,6.3,loamy,6,chemical,3,regular,128.8,14,13.6,5,32,13
patola,78,39.3,70.5,7.4,6.6,silty,4,mixed,2,intensive,282.8,75,13.5,2,17,6
ampalaya_bilog,45,24.1,78.1,6.8,5.9,silty,4,organic,2,intensive,234.9,58,12.8,1,16,9
cucumber,49,36.5,73.4,6.2,6.6,loamy,3,mixed,3,as-needed,247.3,14,7.0,5,39,17
ampalaya_bilog,47,37.3,66.9,7.5,5.7,loamy,5,organic,1,none,97.8,29,15.6,4,10,8
ampalaya_bilog,56,27.6,85.5,6.8,6.7,loamy,3,mixed,1,none,168.6,60,23.5,4,32,13
patola,35,29.0,89.0,7.5,6.4,loamy,4,chemical,3,intensive,141.6,63,9.0,1,3,1
patola,53,28.8,73.0,6.6,6.6,clay,5,organic,2,intensive,223.7,76,6.0,1,17,5
upo_smooth,80,25.7,60.9,11.2,6.8,loamy,2,organic,2,intensive,433.9,67,9.8,4,46,18
ampalaya_bilog,58,29.7,60.9,10.3,6.2,loamy,5,mixed,0,regular,262.1,78,21.1,3,32,16
patola,88,29.2,74.3,4.8,6.2,clay,7,organic,2,as-needed,216.1,49,12.5,4,16,10
ampalaya_bilog,49,28.8,74.8,5.9,6.2,clay,4,organic,1,as-needed,275.3,68,21.1,4,40,14
patola,39,29.3,67.8,6.3,7.0,clay,4,chemical,0,none,221.0,43,5.4,4,20,14
patola,51,30.0,68.3,6.2,6.7,loamy,5,chemical,3,regular,246.8,58,23.9,3,20,15
patola,47,25.1,42.0,6.8,5.6,loamy,2,organic,2,none,340.9,57,12.7,2,11,4
cucumber,35,30.6,64.3,4.2,6.7,loamy,2,chemical,3,regular,192.6,12,12.7,3,34,12
patola,48,29.9,70.7,5.9,6.3,silty,3,organic,2,intensive,247.4,77,8.8,1,15,1
ampalaya_bilog,41,38.7,48.5,7.5,6.2,loamy,5,chemical,2,none,229.9,27,14.0,5,24,5
patola,50,29.6,68.6,11.5,6.6,loamy,6,organic,1,as-needed,132.5,41,14.7,2,7,6
patola,43,30.6,79.1,6.1,5.9,loamy,5,chemical,4,intensive,159.6,70,21.9,4,23,12
ampalaya_bilog,47,29.1,94.5,7.4,7.7,clay,3,organic,1,intensive,295.0,75,20.8,3,23,9
upo_smooth,88,28.9,70.3,6.8,6.6,silty,4,mixed,2,as-needed,217.8,48,16.5,5,52,25
patola,49,31.4,68.9,9.9,6.7,loamy,2,none,2,regular,245.8,53,21.9,1,5,3
cucumber,25,21.8,85.4,6.7,6.1,silty,7,organic,3,as-needed,206.4,43,6.6,4,29,15
cucumber,52,23.6,61.4,7.3,6.0,loamy,6,organic,2,none,189.4,53,13.6,4,35,20
ampalaya_bilog,70,32.2,53.9,7.8,6.7,loamy,4,organic,2,regular,95.4,41,20.6,4,37,15
cucumber,36,24.1,87.1,6.4,6.3,clay,4,organic,1,regular,71.7,50,19.7,2,30,11
cucumber,72,39.4,70.4,10.7,5.3,loamy,3,organic,2,regular,208.8,61,16.8,2,15,8
upo_smooth,53,25.4,78.5,7.7,5.8,silty,4,chemical,2,as-needed,167.4,69,6.6,3,40,28
cucumber,38,21.0,63.6,7.0,7.9,loamy,6,organic,1,none,169.8,35,23.4,3,23,17
ampalaya_bilog,30,35.7,61.2,6.3,6.4,loamy,7,chemical,2,as-needed,210.4,70,20.9,5,19,7
cucumber,71,28.2,77.4,6.8,5.3,loamy,5,organic,3,as-needed,125.6,14,16.0,3,31,16
patola,48,33.5,73.3,7.1,6.2,loamy,6,organic,4,regular,333.7,44,18.1,5,23,14
upo_smooth,33,30.0,73.1,8.0,6.6,loamy,5,mixed,3,as-needed,234.3,69,10.7,5,39,20
cucumber,60,18.1,62.3,7.9,6.8,clay,5,chemical,2,intensive,102.4,66,12.3,4,24,10
patola,50,27.1,44.1,6.7,6.0,clay,4,organic,1,intensive,218.4,68,9.7,2,21,11
cucumber,44,27.2,76.6,6.9,6.6,loamy,2,organic,3,regular,119.5,32,16.0,3,29,20
cucumber,51,36.2,82.3,7.4,6.6,silty,6,chemical,2,as-needed,120.9,15,10.2,3,28,8
cucumber,35,23.7,84.9,6.7,6.3,loamy,4,organic,0,regular,143.7,19,17.7,4,52,21
upo_smooth,66,21.0,40.5,6.1,6.2,sandy,5,organic,2,as-needed,316.2,72,16.1,4,36,15
upo_smooth,33,34.6,70.7,7.6,6.6,clay,3,chemical,1,none,303.9,73,5.7,4,38,12
cucumber,25,18.4,48.0,5.4,6.2,loamy,5,chemical,3,as-needed,198.5,17,9.7,4,16,8
ampalaya_bilog,68,33.1,91.4,6.6,6.3,loamy,7,organic,3,as-needed,154.6,23,15.1,4,26,12
patola,49,26.4,63.6,7.4,6.2,clay,5,mixed,2,as-needed,283.8,20,24.3,4,35,19
patola,58,27.1,81.8,7.5,6.6,silty,6,chemical,4,none,365.7,20,9.2,4,14,5
patola,46,27.5,72.0,9.9,6.6,loamy,5,chemical,2,as-needed,176.1,36,22.1,3,19,9
patola,57,29.8,68.0,6.2,6.6,loamy,4,chemical,1,as-needed,224.7,57,8.7,2,25,11
ampalaya_bilog,39,21.3,82.8,7.8,6.3,silty,4,chemical,2,as-needed,247.4,18,22.6,4,35,11
patola,28,29.1,55.1,6.6,7.2,silty,3,organic,1,as-needed,194.3,29,12.7,3,21,10
patola,69,29.4,77.6,7.7,6.4,loamy,3,chemical,0,intensive,148.5,53,20.1,2,15,10
ampalaya_bilog,56,29.1,61.1,7.7,6.2,sandy,2,organic,1,regular,105.4,19,8.6,4,45,23
ampalaya_bilog,45,22.8,55.0,8.0,6.0,sandy,4,chemical,0,intensive,177.6,73,20.6,4,41,18
patola,35,29.0,82.9,6.8,7.0,clay,4,none,3,regular,323.2,47,14.2,3,13,3
upo_smooth,59,29.6,75.8,6.4,6.2,loamy,2,organic,2,regular,178.4,34,6.3,4,58,21
ampalaya_bilog,57,39.9,60.2,8.5,6.7,loamy,3,organic,3,intensive,146.9,47,8.2,3,25,9
patola,56,29.5,68.0,8.0,6.6,loamy,7,mixed,4,as-needed,358.1,70,17.5,5,29,13
cucumber,50,32.5,89.5,4.9,6.7,silty,5,mixed,2,none,119.3,31,20.7,2,20,5
ampalaya_bilog,42,28.3,69.2,7.3,5.6,silty,7,chemical,4,as-needed,149.5,36,6.1,4,23,17
ampalaya_bilog,41,26.0,58.8,11.7,6.3,loamy,3,organic,2,as-needed,186.4,79,22.6,4,40,18
ampalaya_bilog,32,17.7,78.3,7.4,6.5,loamy,4,chemical,2,regular,158.8,35,6.7,2,12,5
patola,56,25.9,79.3,10.9,5.2,loamy,5,organic,2,regular,322.2,10,6.6,1,11,3
upo_smooth,61,34.2,50.3,6.2,6.6,loamy,5,none,2,as-needed,326.6,72,7.5,3,16,6
cucumber,65,22.3,60.8,4.3,6.3,loamy,5,organic,0,none,152.8,10,6.1,3,25,14
cucumber,42,26.9,54.3,6.7,6.3,silty,4,none,0,as-needed,147.6,12,22.0,3,32,13
patola,60,27.1,76.1,6.8,6.8,sandy,6,organic,0,regular,326.4,31,20.6,4,29,15
cucumber,54,24.6,68.0,8.9,6.4,sandy,4,organic,3,as-needed,232.2,32,18.3,5,42,25
upo_smooth,62,28.7,64.5,7.8,6.7,sandy,2,chemical,3,regular,353.7,70,15.9,5,53,30
ampalaya_bilog,93,32.7,84.9,7.5,7.7,sandy,4,chemical,2,as-needed,258.4,37,5.0,2,12,7
patola,93,25.5,63.3,6.2,6.2,loamy,4,mixed,3,as-needed,257.1,78,11.6,2,13,12
cucumber,66,24.5,67.9,6.4,8.0,silty,5,chemical,1,regular,159.9,67,15.3,4,43,18
patola,91,19.8,61.7,7.3,6.5,sandy,6,organic,1,none,124.8,57,19.4,2,5,10
cucumber,46,23.3,67.9,7.0,6.1,loamy,8,organic,0,as-needed,140.5,18,16.4,3,28,18
upo_smooth,77,26.3,70.1,7.8,6.0,clay,3,organic,4,as-needed,185.2,23,13.2,3,35,21
cucumber,73,32.7,90.6,6.8,6.0,clay,5,chemical,2,none,116.1,42,23.4,2,5,9
ampalaya_bilog,52,27.6,78.6,6.5,6.6,sandy,4,mixed,2,as-needed,119.5,46,16.0,3,28,16
cucumber,42,23.1,64.8,6.6,6.1,loamy,4,organic,3,as-needed,65.2,28,5.5,5,52,22
patola,95,22.5,55.3,10.7,7.1,sandy,5,organic,1,regular,188.6,22,15.7,2,14,6
patola,59,27.4,78.9,7.5,6.1,sandy,5,organic,1,none,366.0,52,11.5,3,28,9
cucumber,51,25.3,66.8,8.6,5.4,loamy,5,chemical,2,as-needed,200.8,24,14.9,4,35,21
upo_smooth,91,25.5,90.5,11.3,6.7,loamy,4,organic,2,as-needed,212.7,23,11.7,4,36,9
upo_smooth,36,23.0,80.4,6.1,5.5,loamy,2,organic,2,none,199.4,73,18.9,3,24,12
patola,64,34.2,74.5,11.5,7.7,loamy,6,chemical,1,as-needed,337.9,76,22.5,5,22,9
cucumber,36,37.3,67.3,6.2,6.2,sandy,5,none,4,intensive,184.9,53,23.2,4,17,4
upo_smooth,69,38.4,40.6,3.5,6.8,clay,5,organic,2,as-needed,285.7,62,16.2,3,10,8
ampalaya_bilog,55,29.8,84.2,7.5,5.1,loamy,3,chemical,3,regular,302.4,27,23.1,5,34,18
patola,60,25.4,68.8,11.7,6.5,clay,4,organic,3,regular,270.9,76,18.3,3,21,9
ampalaya_bilog,51,22.7,80.8,9.5,6.4,clay,5,organic,3,regular,93.1,73,15.9,5,36,19
cucumber,51,23.0,44.3,6.6,6.4,clay,2,chemical,2,intensive,93.2,41,14.5,4,29,13
ampalaya_bilog,55,29.3,62.1,3.9,6.6,silty,4,chemical,4,as-needed,296.0,48,16.4,3,12,8
patola,48,25.8,92.9,7.4,6.3,loamy,3,organic,2,as-needed,118.6,38,21.3,2,20,8
patola,56,31.5,82.2,7.5,6.3,silty,6,chemical,2,as-needed,289.5,48,11.5,3,21,9
upo_smooth,100,39.7,92.8,6.7,6.2,clay,5,organic,1,as-needed,242.0,36,12.1,1,15,2
ampalaya_bilog,30,29.6,52.5,7.2,6.3,loamy,4,chemical,2,none,123.2,36,23.5,3,18,7
patola,47,15.7,71.6,7.9,6.7,loamy,4,none,2,regular,378.6,46,19.7,5,10,6
upo_smooth,67,36.5,64.0,3.4,6.0,clay,5,none,4,regular,409.4,73,8.9,3,13,2
upo_smooth,60,27.1,62.3,6.1,7.1,silty,2,organic,1,regular,264.6,60,19.7,4,61,24
patola,63,26.7,42.9,6.6,6.7,silty,5,mixed,2,regular,367.7,13,11.3,4,24,13
patola,37,30.2,90.5,7.3,6.8,loamy,2,chemical,0,regular,203.6,37,9.7,4,24,8
cucumber,74,32.0,57.7,7.2,6.7,loamy,4,chemical,1,as-needed,109.5,24,19.1,2,18,12
upo_smooth,69,23.1,50.0,8.0,6.6,silty,2,mixed,2,intensive,292.3,26,24.5,3,34,22
cucumber,47,29.9,72.5,6.5,6.1,clay,8,chemical,2,regular,273.5,43,20.8,2,17,9
cucumber,23,23.0,74.6,6.7,7.9,sandy,4,organic,3,intensive,61.7,77,24.2,5,42,19
upo_smooth,104,28.4,71.7,7.2,6.2,loamy,2,none,2,as-needed,304.2,72,20.4,3,21,13
upo_smooth,64,29.2,70.7,5.5,6.5,loamy,6,mixed,1,regular,231.7,23,21.1,5,53,22
upo_smooth,57,22.0,74.4,6.9,6.6,loamy,2,organic,1,regular,433.0,57,24.2,4,55,18
patola,50,18.9,68.0,7.0,6.0,loamy,2,mixed,1,as-needed,285.7,42,15.7,3,17,5
cucumber,46,27.8,53.6,12.0,7.4,silty,7,chemical,1,none,155.2,34,22.2,4,25,17
patola,51,29.6,66.0,10.3,6.6,clay,4,mixed,3,as-needed,291.4,20,16.6,3,22,8
upo_smooth,63,26.3,74.7,7.1,6.4,loamy,3,organic,1,regular,421.4,39,6.5,2,23,10
patola,49,39.4,94.9,6.9,6.9,sandy,7,organic,3,as-needed,167.8,66,22.8,1,5,3
cucumber,40,31.1,71.7,9.6,6.4,silty,5,mixed,2,as-needed,72.8,35,7.8,3,27,13
cucumber,88,39.6,69.5,7.2,6.6,loamy,4,none,0,as-needed,93.1,12,18.9,4,9,6
patola,49,27.4,45.5,6.2,5.8,loamy,3,mixed,4,regular,265.1,79,22.7,3,18,12
patola,56,32.7,74.1,7.5,6.4,clay,5,organic,0,as-needed,256.1,46,12.6,5,27,14
patola,103,29.0,60.7,6.6,6.2,silty,6,chemical,0,intensive,237.5,44,20.5,4,18,9
upo_smooth,64,26.3,63.9,9.0,6.6,loamy,4,mixed,2,regular,154.1,22,5.7,3,47,22
cucumber,24,25.9,41.5,6.5,6.4,clay,3,mixed,1,regular,191.1,14,24.6,3,28,16
patola,27,28.4,70.7,7.3,6.2,silty,4,organic,1,none,246.1,32,15.4,3,6,8
upo_smooth,45,38.1,40.8,9.2,6.6,loamy,5,organic,2,as-needed,191.2,26,18.4,4,21,9
ampalaya_bilog,44,22.7,60.4,6.8,6.1,silty,4,chemical,2,regular,160.5,62,12.7,3,34,15
upo_smooth,64,31.5,68.1,7.5,6.5,silty,4,organic,2,as-needed,207.3,47,11.1,2,21,17
cucumber,52,37.3,79.9,10.7,6.6,loamy,5,chemical,1,none,200.5,11,19.5,3,23,5
patola,31,28.7,91.2,7.5,6.6,sandy,7,mixed,3,as-needed,328.6,50,15.1,4,14,8
cucumber,22,37.0,75.3,3.1,6.8,loamy,4,organic,1,as-needed,105.0,14,20.1,3,12,1
patola,54,17.8,63.3,7.1,6.5,loamy,5,organic,3,as-needed,306.5,31,18.5,5,25,7
ampalaya_bilog,31,27.8,79.4,6.8,6.4,silty,5,chemical,2,regular,97.8,51,16.1,3,28,11
patola,52,28.7,52.1,7.9,7.5,loamy,3,chemical,0,regular,228.7,21,8.1,4,31,17
ampalaya_bilog,44,27.0,41.3,8.9,6.8,loamy,5,mixed,1,regular,271.2,16,22.2,4,29,12
ampalaya_bilog,52,29.9,71.3,3.1,6.8,sandy,8,organic,3,as-needed,219.6,15,20.3,4,21,8
upo_smooth,54,36.5,82.5,9.3,6.1,sandy,4,chemical,2,intensive,244.7,69,5.7,3,13,8
ampalaya_bilog,59,27.0,78.4,7.6,6.6,loamy,7,organic,4,regular,276.3,11,14.9,3,30,14
upo_smooth,57,25.3,88.9,7.7,6.6,loamy,4,mixed,4,intensive,368.4,62,18.0,5,48,27
ampalaya_bilog,48,17.7,72.7,7.7,6.6,loamy,4,chemical,4,as-needed,326.6,60,21.5,2,13,5
patola,64,22.5,60.6,8.7,5.9,sandy,4,none,0,regular,153.0,12,6.4,2,14,9
ampalaya_bilog,59,29.7,55.7,9.9,6.4,loamy,5,mixed,4,as-needed,288.6,63,16.5,5,35,17
ampalaya_bilog,60,25.4,66.5,7.2,6.2,loamy,4,organic,3,regular,99.0,67,7.1,3,32,16
cucumber,21,31.1,78.6,6.9,6.8,loamy,6,chemical,1,regular,182.5,45,16.3,3,18,13
patola,40,27.1,72.9,6.1,6.2,clay,5,none,1,as-needed,134.7,71,22.9,2,12,7
ampalaya_bilog,63,33.9,91.6,11.7,5.0,loamy,4,chemical,3,regular,186.3,40,8.0,1,5,3
ampalaya_bilog,91,29.8,66.0,7.5,6.6,sandy,2,organic,1,as-needed,157.4,66,23.6,3,20,11
cucumber,42,20.5,62.7,8.3,8.0,loamy,5,organic,4,as-needed,87.5,41,7.5,5,56,24
cucumber,32,19.9,85.4,9.2,7.0,loamy,7,organic,0,regular,257.3,24,21.7,3,19,6
ampalaya_bilog,51,33.3,44.3,5.2,5.6,loamy,4,mixed,1,as-needed,93.3,43,6.1,5,29,16
cucumber,37,33.1,51.7,3.5,6.1,loamy,4,organic,1,intensive,266.6,53,7.5,4,17,12
cucumber,39,30.7,62.9,6.6,7.1,loamy,4,organic,3,intensive,237.3,37,8.3,4,42,24
cucumber,52,25.9,79.4,3.8,6.8,loamy,5,organic,2,as-needed,98.1,33,23.8,4,31,9
ampalaya_bilog,56,26.1,92.3,10.8,7.6,loamy,6,mixed,2,intensive,230.5,59,13.3,5,24,12
ampalaya_bilog,41,25.7,67.8,7.3,6.9,loamy,4,organic,0,as-needed,218.7,43,15.0,3,37,19
ampalaya_bilog,42,21.9,67.7,7.7,6.2,loamy,2,chemical,1,as-needed,138.4,72,14.5,4,29,14
patola,45,29.4,72.5,8.0,6.1,clay,5,chemical,1,regular,172.3,58,11.7,2,14,8
patola,32,23.7,67.6,3.8,7.4,loamy,5,mixed,1,intensive,213.0,33,17.5,5,20,4
patola,38,27.6,56.0,6.0,6.5,clay,4,mixed,2,regular,346.5,70,5.6,3,21,13
upo_smooth,55,37.1,79.5,10.4,6.3,silty,3,mixed,4,none,286.8,47,6.1,1,9,3
cucumber,28,25.1,62.7,6.7,6.4,silty,6,none,1,intensive,176.0,63,15.1,4,24,9
upo_smooth,49,28.3,71.4,7.5,6.8,loamy,6,chemical,4,as-needed,429.4,71,16.7,3,43,15
ampalaya_bilog,52,28.6,59.5,6.1,6.3,loamy,6,mixed,2,as-needed,204.1,38,12.1,2,10,11
patola,77,37.3,61.1,6.0,6.4,clay,6,chemical,0,none,334.8,61,15.7,3,17,11
ampalaya_bilog,51,25.5,71.5,6.7,6.3,loamy,4,chemical,3,as-needed,232.5,28,17.9,5,30,20
cucumber,75,21.5,78.3,7.7,6.8,loamy,3,organic,2,regular,203.6,49,23.1,3,25,19
patola,85,19.1,67.6,4.2,7.6,loamy,6,mixed,1,regular,122.2,29,8.5,4,13,4
cucumber,48,30.8,53.1,6.2,6.3,clay,5,organic,2,regular,97.2,77,6.8,5,46,22
ampalaya_bilog,80,26.1,69.4,6.3,6.5,sandy,4,mixed,2,none,179.5,26,15.3,4,17,7
upo_smooth,53,24.9,60.6,8.5,6.6,loamy,8,mixed,3,intensive,185.5,62,11.4,4,31,14
patola,51,29.1,71.6,4.4,6.7,loamy,4,organic,4,none,176.0,41,9.9,4,30,10
ampalaya_bilog,55,29.0,69.9,7.2,6.6,sandy,4,organic,2,regular,181.4,10,10.0,4,47,22
ampalaya_bilog,24,24.4,76.2,11.1,7.7,loamy,4,chemical,4,as-needed,273.3,59,8.2,3,6,6
patola,84,38.8,41.2,6.5,6.1,silty,6,chemical,2,as-needed,278.8,48,14.6,4,15,8
cucumber,92,27.2,63.8,9.2,6.1,loamy,4,organic,1,intensive,138.3,41,9.1,4,21,15
cucumber,49,28.8,60.7,7.5,6.7,clay,4,mixed,1,as-needed,109.9,18,22.9,3,29,21
upo_smooth,70,26.5,71.1,6.3,6.6,loamy,4,chemical,3,as-needed,433.0,77,5.2,3,38,17
cucumber,55,34.5,69.4,3.3,6.1,clay,2,organic,1,as-needed,147.2,18,24.5,1,9,7
cucumber,24,21.2,60.9,8.0,6.4,loamy,2,organic,1,none,252.6,15,19.2,5,29,13
patola,64,30.2,72.2,7.7,5.2,loamy,4,organic,2,none,327.6,31,23.3,4,23,14
ampalaya_bilog,47,25.1,92.5,9.4,5.3,loamy,4,mixed,4,regular,234.5,41,12.1,5,39,20
upo_smooth,56,35.1,65.6,8.1,6.3,loamy,5,chemical,2,as-needed,316.4,38,20.4,3,21,8
upo_smooth,61,28.9,76.2,7.9,7.1,sandy,4,chemical,2,as-needed,157.1,14,7.3,5,55,32
ampalaya_bilog,73,27.5,59.6,7.0,6.0,silty,5,chemical,4,as-needed,205.1,66,20.2,3,26,9
patola,41,18.7,70.2,6.6,6.5,silty,5,organic,0,intensive,293.6,25,19.5,4,23,9
cucumber,46,23.8,75.7,6.9,6.0,clay,4,organic,3,none,116.5,40,13.8,2,22,10
patola,73,32.7,77.7,8.7,6.5,sandy,8,organic,2,none,154.3,28,21.0,4,23,7
ampalaya_bilog,53,27.5,71.7,6.4,6.6,loamy,5,chemical,4,none,115.9,45,15.5,1,10,9
cucumber,45,35.2,75.7,7.2,6.7,sandy,3,chemical,2,regular,109.0,53,14.6,2,21,11
upo_smooth,70,33.8,45.5,11.3,6.3,loamy,3,organic,3,intensive,280.5,21,18.7,4,33,18
patola,61,27.8,72.2,11.2,6.8,clay,3,none,2,intensive,350.9,69,16.4,2,6,6
ampalaya_bilog,53,25.3,65.5,7.3,6.0,loamy,5,organic,0,regular,275.5,48,6.3,4,47,21
patola,56,30.9,86.3,6.1,6.1,loamy,7,organic,0,regular,165.2,39,7.0,2,6,8
upo_smooth,60,25.8,53.0,6.8,6.3,loamy,3,mixed,0,intensive,253.8,27,17.3,2,34,4
patola,61,17.1,50.7,6.2,7.2,loamy,6,chemical,1,as-needed,251.0,15,17.7,1,7,3
cucumber,76,32.6,66.3,6.1,7.4,silty,8,chemical,3,regular,123.7,38,8.6,3,7,7
cucumber,69,21.6,71.1,11.3,6.4,clay,4,organic,2,regular,188.4,42,18.3,4,29,22
patola,49,32.6,75.3,6.5,5.0,sandy,7,chemical,2,as-needed,329.2,25,19.8,3,25,12
upo_smooth,54,36.2,73.3,6.0,6.8,silty,6,organic,4,regular,191.3,57,22.1,2,15,2
ampalaya_bilog,74,27.3,77.8,6.8,6.0,clay,6,mixed,2,as-needed,93.0,37,14.2,5,30,17
upo_smooth,69,35.6,40.3,7.4,6.5,loamy,5,chemical,2,regular,275.3,47,23.8,3,19,13
upo_smooth,67,27.0,66.1,4.6,6.2,clay,4,none,1,intensive,312.9,22,19.1,4,35,6
ampalaya_bilog,43,32.8,72.1,6.1,6.5,silty,3,chemical,2,regular,224.7,64,9.1,4,40,16
patola,56,39.8,49.2,6.8,6.1,loamy,2,mixed,0,as-needed,262.4,69,20.9,3,8,1
patola,36,28.9,61.3,6.2,6.3,clay,7,organic,3,as-needed,357.8,29,18.9,2,18,4
cucumber,86,20.2,70.0,9.2,6.4,sandy,4,none,2,as-needed,222.6,63,13.4,5,16,8
patola,40,27.3,71.3,4.2,7.9,loamy,6,chemical,1,regular,248.0,38,12.4,4,18,12
ampalaya_bilog,60,27.8,63.8,7.5,6.1,sandy,5,mixed,2,as-needed,111.7,58,19.4,2,22,10
upo_smooth,57,35.8,91.6,3.7,6.4,loamy,6,chemical,3,as-needed,399.5,55,19.8,3,8,1
ampalaya_bilog,96,20.3,78.6,12.0,6.8,loamy,3,none,2,regular,292.1,43,20.5,4,14,11
ampalaya_bilog,53,26.5,64.7,10.5,6.7,loamy,7,organic,2,regular,310.5,39,22.1,4,33,16
ampalaya_bilog,33,15.7,62.2,5.5,7.5,clay,8,chemical,2,regular,329.9,59,20.2,5,20,4
cucumber,72,20.7,47.5,7.8,6.0,clay,4,mixed,2,regular,239.3,34,17.8,4,37,13
ampalaya_bilog,60,29.5,63.5,7.7,6.3,loamy,5,organic,2,intensive,139.4,55,5.9,2,18,12
cucumber,70,17.5,66.3,10.4,6.6,silty,3,organic,4,as-needed,151.8,68,9.6,4,20,14
ampalaya_bilog,54,27.5,67.7,7.4,6.2,loamy,3,mixed,1,as-needed,96.2,25,20.6,3,31,13
patola,42,28.0,85.0,7.2,6.4,loamy,7,chemical,2,as-needed,218.9,33,20.1,2,17,7
cucumber,53,25.6,53.4,7.4,6.2,loamy,5,mixed,2,as-needed,183.6,38,17.8,4,46,23
ampalaya_bilog,97,28.0,73.8,4.0,6.4,loamy,6,organic,2,regular,298.1,39,13.0,4,29,8
patola,47,29.3,53.8,7.1,6.6,clay,7,chemical,3,regular,370.1,59,22.9,2,14,2
cucumber,78,22.4,65.6,6.4,7.9,loamy,3,organic,1,as-needed,246.1,57,12.2,3,25,14
ampalaya_bilog,82,25.6,87.6,7.9,6.6,loamy,5,chemical,3,as-needed,133.1,24,5.2,3,20,8
patola,54,29.8,72.6,5.9,6.4,clay,4,none,3,as-needed,186.4,67,22.6,4,12,6
upo_smooth,49,25.7,76.6,11.6,6.7,loamy,6,chemical,1,regular,250.0,30,22.6,5,53,24
ampalaya_bilog,50,28.7,86.1,6.6,6.4,loamy,4,chemical,1,as-needed,277.8,55,11.5,4,36,21
ampalaya_bilog,44,28.1,60.9,8.6,6.7,clay,3,none,2,none,230.6,75,16.5,3,12,13
patola,98,30.6,60.4,7.5,7.8,silty,3,chemical,2,none,190.4,28,22.6,5,20,8
cucumber,37,36.0,73.7,11.7,6.1,silty,7,organic,2,intensive,157.0,56,14.0,2,20,6
ampalaya_bilog,35,38.8,68.9,7.1,6.3,loamy,3,organic,0,none,295.7,24,16.5,2,8,1
patola,45,37.4,74.3,8.0,6.1,sandy,4,chemical,3,as-needed,362.8,50,21.9,4,21,9
cucumber,39,15.8,77.0,7.0,6.5,loamy,2,mixed,3,as-needed,74.1,77,6.0,1,15,1
ampalaya_bilog,46,25.1,74.2,7.8,6.4,clay,2,mixed,3,none,220.3,73,8.6,3,20,7
ampalaya_bilog,52,17.9,70.1,7.0,6.4,loamy,6,chemical,2,as-needed,217.5,62,21.5,4,32,11
patola,85,37.1,63.8,7.0,6.8,clay,5,chemical,3,none,150.5,34,19.9,2,1,1
upo_smooth,61,27.2,70.2,7.6,6.4,silty,4,chemical,2,intensive,263.6,58,14.3,5,48,26
ampalaya_bilog,29,29.4,64.6,10.2,6.1,loamy,4,chemical,1,as-needed,127.5,77,20.6,4,19,16
patola,70,25.4,74.8,3.2,6.8,clay,3,none,3,regular,234.5,12,20.3,3,7,4
upo_smooth,65,27.8,75.9,7.1,6.8,silty,5,organic,3,none,422.3,48,15.1,3,38,11
ampalaya_bilog,49,17.8,77.6,7.1,6.3,clay,5,organic,4,as-needed,142.9,42,11.5,5,29,10
patola,45,19.0,78.9,6.3,6.8,loamy,6,organic,2,regular,203.3,48,14.0,4,34,6
cucumber,39,21.4,81.7,9.2,6.5,loamy,5,organic,1,intensive,162.8,75,10.2,2,28,14
ampalaya_bilog,86,26.3,70.6,7.7,7.6,sandy,4,chemical,0,none,169.2,61,15.4,3,21,11
cucumber,39,32.1,64.7,7.8,6.4,clay,6,chemical,2,none,178.6,33,24.9,4,37,16
patola,42,35.2,69.4,9.2,7.7,loamy,4,organic,2,regular,191.9,59,17.4,3,20,5
cucumber,36,30.1,71.2,7.6,6.6,sandy,5,organic,2,regular,192.5,34,13.9,1,8,2
cucumber,35,30.0,64.6,6.4,7.7,sandy,2,organic,2,none,225.0,18,6.8,2,15,10
cucumber,35,30.7,59.2,3.3,6.1,sandy,4,organic,1,intensive,95.8,50,17.2,4,24,12
ampalaya_bilog,58,38.1,62.1,8.3,6.4,clay,4,chemical,1,regular,289.4,65,9.3,4,25,9
upo_smooth,91,25.2,60.9,6.3,7.1,loamy,3,mixed,0,as-needed,131.2,68,16.7,1,9,8
cucumber,52,35.9,92.3,8.2,6.2,loamy,7,none,0,intensive,248.2,66,11.7,3,10,1
upo_smooth,107,24.4,89.7,7.4,5.1,silty,5,none,4,as-needed,272.3,53,5.2,4,14,13
cucumber,50,26.2,92.4,10.3,6.6,sandy,3,organic,1,as-needed,240.6,62,11.1,3,27,13
ampalaya_bilog,61,24.7,72.8,7.9,6.4,loamy,8,mixed,2,regular,261.6,51,6.1,3,31,13
cucumber,23,38.4,73.7,4.6,6.8,clay,5,organic,4,regular,165.1,70,24.1,3,13,8
ampalaya_bilog,40,27.0,55.0,7.0,6.2,loamy,5,organic,3,regular,169.7,76,21.9,5,37,25
cucumber,21,39.2,69.4,8.0,6.2,silty,3,organic,3,as-needed,135.7,79,14.0,5,24,5
patola,45,36.7,67.0,6.0,6.1,sandy,2,organic,1,as-needed,290.6,13,22.2,3,17,6
patola,76,30.9,47.8,5.6,6.9,loamy,5,organic,1,regular,134.8,79,18.1,2,9,6
cucumber,35,39.7,65.5,8.9,5.7,sandy,5,chemical,2,as-needed,240.2,43,18.8,5,30,13
cucumber,55,23.0,76.3,7.7,6.1,sandy,4,organic,2,regular,159.5,55,23.2,3,36,14
patola,45,25.0,76.4,6.2,6.7,silty,6,mixed,1,as-needed,240.9,14,24.6,4,29,14
upo_smooth,33,19.8,69.6,6.6,7.1,clay,5,chemical,2,none,353.6,75,8.1,2,16,3
ampalaya_bilog,48,30.9,67.9,7.1,7.1,clay,4,mixed,4,as-needed,326.0,19,9.0,2,23,12
patola,93,25.1,52.3,7.9,6.5,clay,7,mixed,2,regular,109.0,55,13.5,4,17,11
patola,60,25.9,71.1,7.6,6.1,sandy,6,organic,2,none,243.6,47,14.3,5,28,13
ampalaya_bilog,44,26.6,67.8,7.7,6.3,clay,4,none,3,none,188.2,33,18.9,4,26,7
cucumber,39,24.3,71.1,7.6,5.2,sandy,3,mixed,2,as-needed,174.3,63,7.8,3,38,16
cucumber,36,23.3,86.2,7.6,6.7,clay,3,none,1,as-needed,71.4,62,17.8,4,25,11
upo_smooth,66,26.7,89.4,3.3,6.6,clay,2,chemical,2,regular,270.7,76,9.9,2,22,1
upo_smooth,76,19.6,59.2,3.1,7.4,loamy,4,chemical,3,as-needed,269.1,14,16.9,3,1,1
cucumber,30,27.0,57.7,7.8,6.2,clay,5,mixed,1,regular,204.2,68,7.1,4,47,21
cucumber,45,25.7,64.2,6.5,6.5,loamy,4,chemical,2,regular,91.0,12,6.3,5,45,23
cucumber,27,35.8,66.0,6.1,6.1,loamy,6,chemical,2,as-needed,203.6,19,24.3,3,19,9
upo_smooth,50,29.9,71.7,4.3,6.8,loamy,6,organic,2,regular,133.3,16,20.6,3,40,15
patola,61,38.9,62.0,6.9,6.1,loamy,4,organic,2,as-needed,141.6,78,18.8,4,17,7
cucumber,53,30.7,71.8,6.5,6.8,clay,5,organic,0,as-needed,241.7,37,22.7,3,37,17
ampalaya_bilog,41,25.8,79.4,11.6,7.8,loamy,7,none,4,as-needed,162.7,44,12.6,4,19,9
upo_smooth,67,27.7,71.6,7.2,6.4,loamy,4,chemical,3,as-needed,278.7,41,13.0,4,48,17
upo_smooth,94,28.8,77.5,6.1,6.8,loamy,4,mixed,2,regular,308.1,12,9.3,2,17,11
patola,50,28.5,50.6,7.3,6.0,loamy,6,organic,1,as-needed,238.5,79,12.1,5,29,17
upo_smooth,40,28.9,73.1,5.2,6.2,clay,5,organic,3,as-needed,160.7,24,15.8,3,33,21
cucumber,43,19.4,63.9,9.1,6.3,sandy,7,organic,4,regular,123.5,62,10.5,1,5,3
patola,47,18.6,77.0,6.5,6.5,loamy,5,mixed,4,regular,359.8,44,5.8,2,17,1
cucumber,51,20.7,64.4,6.7,6.6,loamy,2,organic,4,as-needed,161.8,36,11.2,4,48,22
patola,63,25.4,88.4,6.9,6.5,clay,2,chemical,3,regular,168.0,24,9.3,5,33,11
upo_smooth,48,26.0,79.9,6.6,6.1,sandy,4,chemical,2,intensive,278.1,42,11.2,4,51,30
patola,81,25.8,69.9,7.5,6.3,loamy,5,mixed,2,intensive,164.8,70,11.1,4,32,14
cucumber,40,27.9,78.3,6.2,6.8,loamy,4,organic,2,as-needed,225.9,24,19.8,3,36,22
ampalaya_bilog,53,27.5,68.9,7.4,6.0,loamy,6,mixed,4,regular,148.8,45,5.6,4,46,20
ampalaya_bilog,66,22.1,66.1,7.2,6.5,loamy,4,chemical,2,regular,107.0,56,21.2,4,37,15
patola,46,30.8,83.6,7.0,6.0,loamy,4,chemical,1,intensive,220.3,19,5.7,4,26,16
cucumber,51,34.0,67.2,11.1,6.4,sandy,5,chemical,2,as-needed,266.0,24,24.4,1,1,6
upo_smooth,39,33.5,66.2,7.9,6.0,loamy,5,organic,4,as-needed,189.3,43,11.5,5,34,15
cucumber,41,23.9,73.2,6.8,6.1,sandy,4,organic,4,none,249.2,38,16.3,4,37,19
cucumber,60,23.1,60.2,5.3,6.7,loamy,5,organic,4,intensive,94.8,74,13.2,3,30,23
upo_smooth,32,24.3,62.2,7.8,6.5,loamy,8,chemical,4,intensive,212.6,10,13.8,5,35,19
upo_smooth,54,24.8,65.7,6.1,6.3,clay,5,mixed,1,as-needed,132.6,35,17.3,4,59,23
patola,98,25.2,63.6,7.3,6.6,sandy,3,none,3,none,291.9,48,17.7,3,12,5
ampalaya_bilog,87,29.7,79.8,4.1,6.7,loamy,5,mixed,0,regular,294.8,37,11.0,4,27,15
upo_smooth,76,22.3,52.3,4.1,6.7,silty,5,organic,1,as-needed,280.0,78,7.2,3,27,18
upo_smooth,106,22.5,93.5,7.2,6.6,clay,2,organic,1,none,252.0,53,8.6,3,26,14
patola,65,24.9,68.3,6.8,6.5,clay,8,organic,3,regular,137.8,65,11.6,5,31,9
patola,73,39.5,71.6,6.4,6.6,silty,5,chemical,4,none,277.5,50,9.1,4,6,6
ampalaya_bilog,58,25.7,84.0,10.8,6.7,sandy,6,organic,3,regular,290.1,44,15.7,2,15,12
upo_smooth,49,24.5,74.3,7.1,6.6,loamy,2,chemical,3,regular,191.5,67,11.2,3,39,12
upo_smooth,55,19.0,60.2,7.2,6.4,loamy,4,organic,3,regular,270.3,60,14.0,5,46,16
patola,100,15.3,41.4,4.6,6.3,sandy,4,organic,2,as-needed,276.9,13,12.8,5,5,1
ampalaya_bilog,38,25.1,82.4,7.4,6.4,loamy,5,organic,1,intensive,96.6,19,16.4,4,25,19
upo_smooth,66,22.4,47.7,3.4,6.1,loamy,4,chemical,3,regular,293.6,56,5.6,2,14,1
patola,37,27.4,73.0,7.0,6.2,silty,6,organic,2,as-needed,369.2,44,9.1,4,29,17
patola,78,27.7,73.8,10.7,5.5,loamy,4,organic,2,as-needed,213.3,45,14.5,4,17,8
cucumber,41,21.1,69.2,7.7,6.2,loamy,3,chemical,2,intensive,171.6,64,11.4,4,46,22
ampalaya_bilog,73,17.6,58.2,6.9,7.5,loamy,6,organic,2,as-needed,306.0,16,7.9,4,25,11
patola,63,28.5,84.4,6.6,6.7,loamy,3,chemical,2,regular,369.6,76,22.2,3,26,10
ampalaya_bilog,55,21.6,40.1,5.2,5.5,sandy,7,organic,2,regular,220.4,16,11.4,2,9,4
patola,34,36.6,68.1,7.7,6.7,loamy,5,chemical,2,regular,263.4,61,23.7,3,13,5
upo_smooth,52,17.1,79.6,6.2,6.6,silty,2,chemical,1,regular,404.4,70,18.1,3,29,14
ampalaya_bilog,83,39.4,66.1,7.3,6.5,loamy,4,chemical,3,as-needed,229.1,34,21.3,3,15,4
patola,73,28.8,62.1,6.3,5.5,loamy,5,chemical,1,as-needed,135.5,39,12.6,2,17,8
upo_smooth,99,26.5,79.8,6.8,6.1,clay,5,chemical,0,regular,278.1,44,11.4,1,2,1
cucumber,89,17.3,70.8,7.6,6.7,clay,5,organic,4,regular,155.0,20,16.1,4,18,10
ampalaya_bilog,83,16.0,94.8,7.9,5.7,loamy,4,chemical,1,regular,154.6,68,5.1,3,9,5
cucumber,43,35.5,74.0,7.5,6.7,loamy,6,chemical,2,regular,210.4,47,22.7,4,35,14
cucumber,36,27.8,79.2,7.6,6.0,loamy,6,mixed,2,as-needed,112.2,27,5.1,3,37,16
patola,102,29.0,63.6,7.6,5.5,loamy,3,mixed,2,none,321.4,45,14.9,3,15,2
ampalaya_bilog,30,29.7,84.0,7.7,6.6,loamy,4,mixed,2,regular,142.9,53,16.4,2,19,7
patola,98,30.1,76.3,11.0,5.4,loamy,3,mixed,1,none,124.6,66,18.0,4,12,11
upo_smooth,51,27.3,63.4,7.4,6.6,clay,5,organic,1,as-needed,416.6,26,24.2,3,49,20
patola,30,26.3,77.4,10.6,6.6,sandy,3,organic,3,intensive,119.5,32,22.0,3,16,9
upo_smooth,70,26.6,71.5,9.1,6.6,loamy,6,organic,2,regular,282.9,46,20.9,4,47,26
patola,39,25.2,94.5,7.9,7.1,sandy,2,organic,2,intensive,116.2,79,14.4,4,17,11
ampalaya_bilog,97,28.1,69.4,8.0,6.6,sandy,6,organic,1,none,253.2,79,18.3,3,17,4
cucumber,39,21.1,84.2,6.1,6.1,loamy,5,organic,3,regular,113.6,48,5.7,3,32,14
cucumber,73,32.7,69.6,6.2,6.2,loamy,4,chemical,2,as-needed,66.8,74,11.3,2,16,7
upo_smooth,69,28.0,71.2,6.8,5.5,loamy,3,mixed,3,regular,350.9,13,9.1,4,70,25
ampalaya_bilog,45,27.4,65.2,6.8,6.1,loamy,3,organic,1,as-needed,174.9,25,17.8,5,45,18
cucumber,40,25.8,66.2,8.0,5.8,clay,2,chemical,2,regular,173.7,46,19.2,3,32,20
patola,46,30.1,64.9,11.6,6.6,clay,3,mixed,2,intensive,338.5,14,17.4,4,26,16
patola,50,21.0,77.7,8.7,7.9,loamy,2,organic,3,intensive,235.8,18,23.1,5,36,19
upo_smooth,39,24.9,68.3,6.1,6.1,loamy,4,organic,2,intensive,330.4,30,8.5,3,50,14
patola,62,17.4,62.6,7.9,6.7,loamy,2,chemical,2,intensive,266.7,23,6.1,4,26,7
patola,39,34.5,70.2,7.7,6.7,clay,6,mixed,2,regular,183.5,47,13.9,3,24,6
upo_smooth,60,27.9,85.0,8.0,6.3,sandy,5,mixed,0,none,386.2,17,6.6,5,56,25
cucumber,69,37.1,44.0,6.5,5.7,loamy,2,none,2,as-needed,253.3,49,16.6,5,13,1
upo_smooth,89,24.9,60.8,7.8,6.8,loamy,2,chemical,3,regular,404.2,73,18.7,2,22,6
cucumber,54,28.4,60.9,4.9,6.4,loamy,6,organic,2,regular,236.4,28,24.8,4,34,20
patola,58,27.4,67.0,6.2,7.6,loamy,3,none,2,none,245.7,74,20.7,1,1,1
cucumber,47,24.4,55.1,7.4,6.4,loamy,5,chemical,2,as-needed,109.7,45,20.1,5,38,27
patola,53,33.2,52.3,6.2,5.9,loamy,3,mixed,0,regular,221.9,68,20.9,2,12,12
patola,50,30.4,77.3,6.2,6.6,sandy,5,chemical,2,intensive,315.4,21,10.0,3,32,8
upo_smooth,55,24.4,79.2,3.2,7.1,clay,5,chemical,1,as-needed,416.9,73,9.8,2,12,7
ampalaya_bilog,51,36.1,75.8,7.7,6.4,silty,6,mixed,3,intensive,259.6,63,15.5,5,29,12
cucumber,69,23.2,70.4,7.0,6.4,silty,3,mixed,2,none,270.3,70,6.5,3,26,18
patola,55,26.9,65.8,7.4,6.0,clay,3,organic,1,none,269.7,76,12.4,4,20,12
cucumber,20,25.3,78.5,6.7,6.8,clay,2,none,2,none,223.7,52,18.2,5,16,9
cucumber,87,22.7,67.2,7.8,6.7,sandy,5,chemical,1,as-needed,167.6,46,23.0,2,11,6
ampalaya_bilog,53,15.6,93.6,6.9,7.0,sandy,5,mixed,2,as-needed,240.1,45,15.7,3,21,12
upo_smooth,58,27.3,79.5,6.3,6.4,loamy,5,chemical,0,regular,323.2,20,12.0,4,51,21
patola,62,39.9,81.8,8.2,7.9,silty,5,organic,3,regular,277.4,60,13.3,1,1,1
cucumber,72,32.6,58.8,6.4,6.4,loamy,3,none,2,none,81.5,76,6.4,3,10,9
upo_smooth,103,26.0,53.2,7.2,6.1,loamy,3,chemical,2,as-needed,371.5,16,24.5,2,15,14
upo_smooth,31,34.1,92.2,8.0,6.7,clay,6,chemical,0,as-needed,256.7,48,9.6,5,30,4
patola,50,17.9,85.3,4.9,5.5,clay,4,organic,1,regular,262.2,43,5.9,3,3,4
upo_smooth,51,27.2,70.6,6.6,6.4,sandy,2,organic,1,regular,356.0,71,16.8,3,48,12
upo_smooth,53,24.6,69.3,6.8,6.5,silty,3,none,1,none,418.4,31,16.0,3,20,8
upo_smooth,53,21.8,66.6,11.5,6.3,silty,3,chemical,3,as-needed,390.1,63,14.7,2,23,11
cucumber,36,30.4,53.8,7.9,6.3,loamy,8,organic,2,intensive,201.2,21,23.7,3,30,13
cucumber,36,21.1,88.1,9.5,6.7,loamy,5,chemical,4,as-needed,121.6,73,24.8,4,35,19
patola,52,26.7,73.8,6.1,6.4,loamy,4,mixed,1,regular,365.1,21,25.0,5,29,20
patola,91,20.9,80.7,6.7,6.1,silty,3,none,3,as-needed,319.3,73,12.6,2,8,2
patola,34,25.6,67.3,11.3,7.1,loamy,6,chemical,1,as-needed,180.0,59,15.9,3,10,6
upo_smooth,61,23.4,48.0,6.3,6.7,clay,5,chemical,3,as-needed,227.5,29,18.6,5,45,17
patola,75,25.2,61.6,8.6,6.5,loamy,4,mixed,2,as-needed,274.2,55,14.6,5,28,18
patola,28,38.7,58.2,7.6,6.6,loamy,3,chemical,2,as-needed,327.3,14,8.4,3,10,7
patola,83,36.1,65.9,7.0,7.6,clay,4,organic,0,none,150.9,56,9.4,4,19,5
patola,100,25.2,63.4,6.6,7.3,sandy,3,organic,1,intensive,280.2,71,18.6,5,21,12
upo_smooth,56,27.7,71.1,4.2,6.0,loamy,4,organic,2,regular,431.9,46,7.6,4,51,25
ampalaya_bilog,38,25.0,62.3,7.9,6.2,clay,4,mixed,3,none,187.7,33,20.7,3,30,17
cucumber,46,17.1,87.3,5.2,7.2,silty,6,mixed,2,regular,205.7,74,20.9,3,9,10
patola,45,28.8,62.8,7.5,6.4,sandy,2,mixed,0,regular,229.0,40,15.4,2,15,11
upo_smooth,51,24.8,68.5,7.1,6.3,loamy,5,organic,2,regular,126.7,72,7.2,1,20,4
upo_smooth,67,39.2,71.6,8.3,6.7,loamy,5,organic,0,none,253.0,21,24.9,4,35,14
cucumber,27,28.0,86.5,7.3,6.2,loamy,2,organic,1,regular,114.8,63,20.2,4,37,14
ampalaya_bilog,27,25.1,61.5,6.4,6.4,loamy,4,chemical,3,regular,222.8,35,12.3,5,37,19
patola,49,15.1,63.8,7.3,6.1,clay,5,none,2,none,296.7,24,10.3,2,4,2
ampalaya_bilog,36,18.0,68.8,7.5,6.7,loamy,7,chemical,4,none,155.8,61,23.4,1,8,4
upo_smooth,105,28.3,46.8,6.3,6.5,loamy,2,none,1,as-needed,436.8,34,10.8,2,19,8
ampalaya_bilog,57,31.9,69.5,6.1,6.0,clay,8,organic,3,regular,143.9,37,13.2,5,37,12
cucumber,54,32.3,79.7,6.1,5.5,silty,3,none,2,none,193.4,25,21.9,2,15,2
ampalaya_bilog,43,30.5,76.6,7.3,6.4,loamy,6,chemical,4,none,185.4,76,10.0,5,38,15
cucumber,64,21.3,76.0,7.1,6.6,clay,4,organic,3,as-needed,262.7,68,13.8,3,25,17
ampalaya_bilog,46,31.3,77.1,7.7,5.4,silty,5,mixed,4,none,210.2,36,17.5,4,34,9
ampalaya_bilog,58,27.4,61.1,9.4,6.2,loamy,4,organic,3,none,305.5,38,9.6,3,22,12
cucumber,39,28.9,78.2,7.4,5.0,silty,5,organic,3,regular,256.7,63,21.8,4,45,16
patola,52,27.2,64.2,6.9,6.8,clay,4,none,4,regular,156.0,53,5.8,2,6,10
upo_smooth,62,17.3,79.9,9.5,6.0,loamy,2,organic,2,none,256.3,45,23.1,3,20,5
patola,100,18.9,54.1,8.4,6.6,loamy,4,chemical,2,none,296.6,77,13.4,3,8,2
patola,47,26.9,67.6,7.7,6.5,loamy,3,chemical,2,regular,320.9,74,9.8,4,26,14
ampalaya_bilog,25,18.6,64.4,6.4,6.3,loamy,2,organic,1,as-needed,123.9,40,7.2,3,18,5
patola,54,15.8,74.6,8.9,6.7,loamy,5,chemical,2,as-needed,349.8,22,20.6,2,5,4
upo_smooth,53,28.3,62.4,6.1,6.7,loamy,5,chemical,3,regular,437.8,34,7.5,4,46,29
cucumber,93,24.4,76.3,3.0,6.2,sandy,3,mixed,1,as-needed,191.3,22,17.9,4,15,8
patola,47,26.6,82.4,4.4,6.2,silty,6,chemical,2,none,201.2,36,7.5,2,5,7
cucumber,51,22.9,59.5,7.9,6.0,loamy,7,organic,2,none,187.7,37,19.5,3,27,17
ampalaya_bilog,24,29.7,71.7,6.2,6.5,clay,6,organic,4,none,300.0,77,8.5,4,21,9
patola,75,28.7,72.9,6.9,6.5,sandy,3,organic,2,regular,209.5,67,14.5,3,15,10
upo_smooth,94,26.7,66.6,7.3,6.3,loamy,6,chemical,1,regular,205.4,22,10.6,4,27,17
patola,44,21.2,60.3,4.4,6.5,silty,4,organic,2,as-needed,236.5,11,16.8,4,24,9
cucumber,52,20.2,71.1,10.4,6.1,loamy,4,chemical,4,regular,206.4,30,17.5,3,23,18
cucumber,28,25.1,72.7,7.4,5.4,silty,4,organic,1,regular,274.2,72,13.0,5,38,24
ampalaya_bilog,43,28.5,87.9,9.4,5.8,loamy,4,organic,2,regular,250.6,15,19.9,2,12,11
upo_smooth,67,24.4,81.0,7.6,6.6,loamy,2,chemical,3,none,239.0,70,23.9,3,30,12
patola,83,25.4,63.5,7.2,6.3,loamy,5,mixed,3,regular,276.0,27,19.7,5,31,12
upo_smooth,94,40.0,62.2,7.3,8.0,loamy,4,none,2,regular,417.9,79,13.5,3,15,1
patola,60,18.7,69.3,6.9,6.5,loamy,6,mixed,3,regular,253.2,66,11.1,4,16,8
ampalaya_bilog,73,19.5,69.8,10.8,6.4,loamy,5,organic,2,intensive,152.0,55,11.5,4,12,7
cucumber,21,23.4,82.5,7.5,6.4,clay,2,mixed,4,regular,186.4,48,8.0,2,15,7
upo_smooth,52,18.2,70.5,7.4,6.5,loamy,5,chemical,0,regular,148.2,69,23.8,4,37,14
ampalaya_bilog,88,21.4,71.9,6.8,7.7,silty,4,none,1,regular,95.7,37,11.1,4,18,5
ampalaya_bilog,45,20.0,43.1,6.6,5.7,loamy,8,chemical,1,as-needed,169.3,11,7.7,4,14,4
cucumber,50,35.1,62.5,9.9,6.1,loamy,3,chemical,1,regular,66.0,58,6.8,2,14,7
cucumber,76,18.1,87.5,7.6,6.7,loamy,5,mixed,2,regular,104.5,23,21.2,4,27,4
cucumber,29,24.8,66.5,4.3,6.8,clay,5,mixed,2,none,140.3,22,18.8,3,28,13
ampalaya_bilog,69,21.3,47.5,8.0,6.4,loamy,5,organic,1,as-needed,222.6,71,15.2,2,23,7
ampalaya_bilog,64,29.0,51.3,3.7,6.4,clay,5,organic,1,regular,263.1,36,6.5,1,5,1
ampalaya_bilog,54,38.1,66.5,6.8,6.6,sandy,2,organic,2,intensive,120.3,18,7.9,1,11,1
ampalaya_bilog,75,29.6,74.0,6.2,6.2,loamy,6,mixed,2,regular,310.1,57,9.9,4,35,16
upo_smooth,54,30.3,70.6,3.3,6.6,loamy,5,chemical,2,as-needed,238.4,10,8.1,5,24,15
cucumber,51,18.5,61.3,10.2,6.7,loamy,6,chemical,2,regular,260.9,15,15.6,2,23,9
cucumber,37,20.5,85.0,8.0,7.8,clay,5,mixed,2,none,254.6,71,15.4,2,21,15
patola,35,27.6,90.3,7.5,7.5,sandy,7,mixed,1,as-needed,325.0,20,22.4,1,1,5
cucumber,64,30.9,71.6,8.1,6.5,loamy,2,chemical,4,intensive,245.0,53,15.2,1,16,3
ampalaya_bilog,41,24.1,85.7,6.4,6.4,loamy,3,organic,3,none,324.5,23,7.2,4,31,11
upo_smooth,79,28.3,73.8,6.2,6.0,loamy,4,chemical,1,none,221.0,67,13.0,3,40,14
cucumber,52,27.6,76.0,8.3,6.0,loamy,5,none,1,as-needed,65.1,15,8.8,4,26,14
ampalaya_bilog,50,27.5,73.9,6.6,6.9,loamy,3,chemical,2,regular,291.0,21,5.4,4,45,21
cucumber,49,26.3,72.9,6.1,6.3,loamy,8,chemical,2,as-needed,171.0,11,20.5,4,29,20
upo_smooth,55,26.2,87.6,3.2,6.8,sandy,2,chemical,2,regular,354.2,22,16.3,1,19,2
cucumber,55,21.2,48.9,7.2,6.5,sandy,5,none,2,as-needed,83.5,16,5.1,4,24,11
patola,63,22.5,78.6,6.9,5.6,loamy,5,organic,0,regular,293.4,61,21.8,3,34,8
patola,54,28.2,41.6,11.6,6.4,clay,3,mixed,0,intensive,216.4,36,14.4,5,27,11
ampalaya_bilog,46,25.8,69.1,6.2,6.7,loamy,5,mixed,3,none,180.9,16,22.2,4,28,15
patola,47,27.0,78.1,6.3,5.9,loamy,6,chemical,0,as-needed,232.3,16,8.3,5,35,14
cucumber,31,24.5,62.6,7.1,6.2,sandy,4,chemical,0,none,69.8,44,21.5,3,26,11
upo_smooth,39,31.2,69.1,6.6,7.6,clay,4,organic,2,none,255.6,16,17.0,1,22,10
upo_smooth,82,26.4,69.1,4.8,6.2,loamy,4,organic,0,intensive,341.7,53,17.1,3,28,20
patola,47,26.5,68.7,6.8,6.3,silty,4,chemical,2,regular,193.0,54,7.8,5,34,16
ampalaya_bilog,48,35.0,63.7,8.7,6.3,loamy,5,organic,3,intensive,239.8,47,13.8,4,28,10
cucumber,57,25.2,64.7,7.2,6.2,sandy,4,mixed,2,as-needed,269.8,55,15.1,5,48,30
ampalaya_bilog,38,16.6,63.5,7.6,6.6,loamy,6,chemical,3,intensive,245.7,60,16.0,3,22,8
patola,47,32.0,65.8,7.4,6.0,loamy,6,mixed,2,regular,181.1,61,17.1,3,24,12
upo_smooth,50,26.7,69.6,7.8,6.4,silty,3,organic,2,regular,169.0,43,6.9,4,58,30
upo_smooth,67,23.0,85.6,7.6,6.3,loamy,4,chemical,2,regular,330.0,28,6.2,1,16,3
patola,47,29.8,71.7,6.9,6.1,clay,5,none,1,as-needed,357.7,79,20.0,4,28,3
patola,46,29.1,66.4,6.9,7.3,loamy,7,mixed,1,as-needed,256.7,18,10.0,4,29,10
upo_smooth,35,16.7,61.7,7.9,6.1,loamy,4,chemical,1,none,427.9,62,7.7,3,26,6
ampalaya_bilog,48,38.2,83.9,6.1,6.2,loamy,8,chemical,3,intensive,180.5,66,13.7,5,18,4
upo_smooth,66,39.7,74.0,6.4,6.3,silty,5,mixed,1,none,392.2,37,8.6,2,11,7
upo_smooth,55,29.2,61.8,7.1,6.4,clay,4,organic,1,none,260.9,55,9.9,3,46,6
ampalaya_bilog,60,16.3,90.7,3.6,6.7,sandy,4,mixed,1,as-needed,276.8,48,21.6,2,7,3
upo_smooth,58,37.2,79.6,6.1,6.3,silty,2,chemical,2,as-needed,221.0,37,10.5,3,25,7
patola,95,30.6,65.0,6.4,6.0,silty,6,mixed,3,regular,283.8,77,19.2,4,17,12
ampalaya_bilog,38,18.3,71.5,4.8,5.2,loamy,2,chemical,1,as-needed,308.5,45,10.4,4,26,9
cucumber,57,22.8,75.0,3.7,6.1,loamy,5,organic,3,none,134.0,13,19.1,5,15,8
patola,91,21.2,63.1,8.3,6.2,sandy,5,organic,4,as-needed,175.5,69,16.4,2,2,6
patola,91,20.5,63.4,7.8,6.3,loamy,6,chemical,2,intensive,251.0,27,18.6,3,13,5
upo_smooth,68,26.5,78.3,7.3,6.5,silty,4,chemical,3,intensive,127.9,17,23.6,4,46,29
upo_smooth,105,25.1,61.3,6.8,6.5,loamy,3,mixed,0,regular,318.8,40,9.8,3,30,17
upo_smooth,50,26.5,77.9,8.9,6.3,loamy,3,mixed,0,regular,218.2,28,15.1,5,62,29
cucumber,92,26.4,73.5,6.3,5.7,clay,3,chemical,2,regular,71.2,78,18.8,4,26,17
patola,59,25.6,75.3,10.5,7.0,silty,7,chemical,1,none,198.0,53,11.3,3,6,4
patola,46,21.4,75.0,6.1,6.4,loamy,6,organic,2,regular,240.2,19,22.9,4,39,16
ampalaya_bilog,66,29.3,46.9,7.3,6.3,clay,5,chemical,2,regular,193.0,29,20.4,3,17,12
upo_smooth,61,25.6,46.2,7.7,6.8,loamy,3,chemical,2,as-needed,354.9,20,20.6,3,24,16
ampalaya_bilog,70,30.0,69.3,7.3,5.6,loamy,7,none,3,none,204.8,54,18.7,2,18,1
patola,59,28.0,76.1,6.1,6.1,loamy,2,none,2,intensive,304.7,10,10.7,1,12,1
upo_smooth,56,28.9,62.0,7.1,7.2,silty,4,organic,1,none,366.5,58,16.7,4,39,28
patola,41,30.7,52.3,5.6,6.6,sandy,5,chemical,2,intensive,324.6,18,24.6,4,28,15
ampalaya_bilog,69,39.2,68.4,7.9,6.3,clay,5,organic,2,regular,305.0,70,8.1,3,26,8
ampalaya_bilog,29,39.1,41.0,7.4,6.2,loamy,5,organic,3,as-needed,281.9,50,20.5,3,12,7
patola,36,25.2,74.8,3.9,5.0,clay,3,chemical,1,intensive,255.3,12,20.5,3,14,6
cucumber,34,18.5,87.4,6.6,6.4,loamy,4,chemical,3,regular,264.5,26,18.6,5,29,11
cucumber,40,23.0,84.2,7.2,6.5,loamy,5,chemical,2,as-needed,265.1,77,8.3,3,32,14
patola,25,38.0,73.1,10.1,6.7,loamy,4,organic,3,regular,135.6,11,24.0,1,1,8
cucumber,40,25.1,76.3,8.3,6.6,loamy,5,chemical,3,intensive,145.9,12,15.5,3,35,13
ampalaya_bilog,46,18.0,72.9,6.2,6.1,loamy,7,chemical,3,regular,302.0,41,8.0,4,23,9
upo_smooth,83,26.2,77.7,6.7,6.5,sandy,5,chemical,2,regular,336.2,16,20.7,4,38,25
upo_smooth,67,32.2,86.1,7.8,5.4,sandy,4,organic,3,as-needed,320.6,65,10.4,3,47,21
ampalaya_bilog,31,28.0,61.9,7.6,6.1,loamy,6,chemical,1,regular,208.4,44,24.5,5,26,14
upo_smooth,56,25.2,77.9,7.1,6.2,loamy,5,mixed,3,as-needed,304.9,14,9.9,2,38,11
ampalaya_bilog,51,27.2,61.5,8.0,7.4,silty,7,mixed,2,intensive,271.8,21,14.5,4,39,14
patola,27,35.0,75.0,7.1,6.0,loamy,6,chemical,2,none,364.3,40,16.4,3,9,1
patola,67,36.2,64.0,7.8,6.4,silty,5,chemical,2,intensive,110.5,32,23.9,3,19,13
patola,27,29.4,76.2,4.9,6.6,clay,5,organic,2,as-needed,211.5,34,8.2,3,29,10
cucumber,44,39.7,50.8,7.2,6.0,sandy,7,none,2,regular,127.5,27,10.8,3,10,5
ampalaya_bilog,58,35.2,78.1,7.0,6.4,clay,5,organic,1,none,230.0,26,8.0,4,29,11
patola,63,16.4,66.7,6.0,6.4,silty,4,organic,2,regular,256.4,42,23.9,3,34,6
cucumber,83,27.9,67.4,6.4,6.2,loamy,5,organic,3,none,98.0,28,21.3,3,25,8
ampalaya_bilog,34,29.2,73.4,5.3,6.6,sandy,7,chemical,2,regular,100.7,43,14.7,2,18,9
