gourd_type,variety_name,season,region_climate,avg_temperature,avg_humidity,avg_rainfall_mm,sunlight_hours,soil_ph,soil_moisture,soil_type,fertilizer_type,fertilizer_frequency,watering_frequency,plant_health_score,predicted_days_to_flower
cucumber,pipino_native,dry,tropical_lowland,30.5,74.1,3.9,7.6,6.5,73.1,loamy,none,biweekly,every_other_day,3,37
cucumber,pipino_native,wet,tropical_highland,29.9,77.7,21.4,5.7,6.9,53.0,clay,organic,weekly,twice_daily,5,28
cucumber,pipino,dry,subtropical,27.7,68.9,8.6,9.9,6.3,68.9,sandy,none,none,daily,4,37
bottle_gourd,upo_smooth,dry,subtropical,31.8,56.5,9.9,9.4,6.8,69.3,sandy,organic,weekly,every_other_day,4,45
bottle_gourd,upo_long,dry,subtropical,33.9,67.3,0.5,9.7,7.0,72.7,loamy,chemical,monthly,daily,4,49
bitter_gourd,ampalaya_oblong,wet,tropical_lowland,28.0,84.6,29.9,4.7,6.2,67.9,silty,organic,biweekly,every_other_day,4,36
squash,kalabasa_native,dry,tropical_lowland,24.8,64.1,8.9,7.2,6.6,59.3,loamy,chemical,monthly,twice_daily,3,45
bitter_gourd,ampalaya_bilog,wet,subtropical,27.7,80.4,21.3,4.0,7.0,54.4,loamy,none,none,twice_daily,3,46
bitter_gourd,ampalaya_oblong,dry,subtropical,28.4,65.7,3.7,8.1,7.0,78.9,loamy,mixed,weekly,twice_daily,5,39
cucumber,pipino_japanese,wet,tropical_highland,27.5,88.8,23.4,5.9,7.1,72.4,sandy,none,none,daily,3,38
bottle_gourd,upo_smooth,dry,tropical_lowland,32.7,74.6,0.9,9.3,6.4,75.3,clay,organic,none,twice_daily,4,49
cucumber,pipino_native,dry,subtropical,32.8,69.5,3.8,8.4,6.6,53.8,loamy,mixed,monthly,daily,4,31
cucumber,pipino_native,dry,tropical_lowland,28.8,68.4,9.6,8.4,6.5,53.6,loamy,organic,weekly,every_other_day,4,33
sponge_gourd,patola_ridged,dry,tropical_lowland,34.7,63.1,1.4,7.4,6.7,62.9,silty,none,weekly,daily,4,45
squash,kalabasa,dry,tropical_highland,29.5,72.8,3.9,7.1,5.8,62.1,sandy,none,monthly,daily,3,49
cucumber,pipino_japanese,dry,subtropical,30.7,69.6,4.0,7.3,6.8,62.7,loamy,chemical,weekly,daily,4,32
cucumber,pipino_native,dry,subtropical,27.9,55.3,1.6,9.7,6.7,65.1,silty,organic,monthly,every_other_day,5,30
cucumber,pipino,wet,tropical_highland,26.8,75.5,22.8,4.1,6.0,53.3,sandy,none,none,twice_daily,4,38
bottle_gourd,upo_smooth,wet,subtropical,29.2,71.2,10.1,5.3,6.4,64.4,silty,mixed,none,daily,5,41
sponge_gourd,patola,dry,tropical_highland,27.4,59.0,9.4,7.3,5.8,64.1,silty,chemical,weekly,twice_daily,3,39
sponge_gourd,patola,wet,subtropical,27.6,74.2,13.5,5.6,5.9,73.1,clay,none,none,daily,3,41
bitter_gourd,ampalaya_oblong,wet,tropical_lowland,28.0,73.3,27.7,5.0,6.2,71.6,sandy,none,monthly,daily,4,44
cucumber,pipino_japanese,wet,subtropical,30.8,70.9,17.5,6.1,7.1,69.5,clay,none,monthly,daily,2,38
cucumber,pipino_native,wet,tropical_lowland,30.1,84.6,25.4,4.7,6.7,69.2,loamy,organic,monthly,daily,4,32
bitter_gourd,ampalaya_bilog,wet,subtropical,28.2,89.6,25.7,6.5,6.6,58.4,sandy,none,biweekly,daily,4,42
squash,kalabasa,wet,subtropical,27.5,87.4,23.1,4.4,6.5,73.7,sandy,chemical,weekly,daily,4,44
sponge_gourd,patola_ridged,dry,tropical_lowland,31.0,62.1,7.7,8.8,7.1,64.5,clay,none,biweekly,twice_daily,4,45
squash,kalabasa,dry,tropical_highland,29.0,63.7,1.1,7.0,5.9,63.1,loamy,organic,none,daily,5,38
sponge_gourd,patola_smooth,wet,subtropical,31.3,80.3,11.6,5.7,7.0,52.8,sandy,mixed,biweekly,every_other_day,4,39
bitter_gourd,ampalaya_bilog,wet,tropical_lowland,31.5,88.1,28.9,6.2,7.0,57.2,sandy,none,weekly,daily,4,41
cucumber,pipino,wet,tropical_highland,30.7,75.8,27.6,4.2,5.9,58.2,sandy,chemical,monthly,daily,4,34
bitter_gourd,ampalaya_bilog,wet,subtropical,27.0,80.2,20.9,6.3,6.2,77.3,sandy,chemical,weekly,every_other_day,3,44
bottle_gourd,upo_long,dry,tropical_highland,27.2,64.0,2.4,7.0,7.1,60.9,clay,none,biweekly,every_other_day,3,49
bitter_gourd,ampalaya_bilog,dry,tropical_lowland,29.8,67.7,5.6,7.8,5.8,62.6,loamy,organic,weekly,every_other_day,5,37
squash,kalabasa,dry,subtropical,33.9,73.9,8.9,9.4,6.2,72.2,sandy,mixed,biweekly,twice_daily,4,40
squash,kalabasa_hybrid,dry,tropical_highland,31.0,65.8,2.7,7.1,5.9,78.6,silty,none,biweekly,twice_daily,3,47
squash,kalabasa_native,wet,tropical_lowland,31.4,85.5,20.6,6.6,6.6,52.7,loamy,chemical,monthly,twice_daily,3,50
bottle_gourd,upo_long,wet,tropical_lowland,31.6,89.3,14.9,4.6,6.5,76.1,loamy,chemical,biweekly,every_other_day,3,51
bottle_gourd,upo_round,dry,tropical_lowland,33.1,70.9,2.2,9.6,6.0,73.1,sandy,none,monthly,every_other_day,3,53
cucumber,pipino,wet,tropical_highland,31.8,87.2,14.1,5.6,6.1,67.9,sandy,mixed,biweekly,every_other_day,4,32
sponge_gourd,patola,dry,tropical_highland,30.3,62.8,8.7,8.9,6.9,67.1,sandy,mixed,monthly,twice_daily,3,37
squash,kalabasa_hybrid,wet,tropical_lowland,29.6,84.9,28.4,5.5,6.9,78.8,clay,mixed,weekly,twice_daily,4,40
cucumber,pipino_native,dry,tropical_lowland,24.1,59.0,9.9,9.6,7.2,69.2,silty,organic,weekly,twice_daily,4,31
bitter_gourd,ampalaya_hybrid,wet,subtropical,29.6,83.3,20.8,4.1,7.1,74.8,silty,chemical,biweekly,daily,3,45
sponge_gourd,patola_smooth,wet,tropical_highland,26.4,81.1,24.3,4.3,6.5,74.4,silty,organic,monthly,daily,5,40
sponge_gourd,patola_ridged,dry,subtropical,26.2,60.4,9.9,7.3,6.8,65.5,clay,mixed,monthly,daily,5,38
squash,kalabasa_native,dry,tropical_highland,26.7,70.9,2.4,8.4,6.4,52.1,silty,organic,monthly,every_other_day,3,39
bottle_gourd,upo_long,dry,subtropical,31.5,63.1,7.3,9.1,6.8,70.8,clay,chemical,weekly,twice_daily,4,49
bottle_gourd,upo_long,dry,subtropical,31.8,59.8,6.7,9.9,6.3,64.7,sandy,mixed,none,daily,4,46
cucumber,pipino_native,dry,tropical_lowland,25.0,58.9,1.1,7.2,6.7,58.1,loamy,organic,weekly,every_other_day,3,31
squash,kalabasa_hybrid,dry,tropical_highland,34.7,60.2,6.5,9.0,6.4,60.3,sandy,mixed,weekly,every_other_day,3,45
squash,kalabasa,dry,subtropical,30.2,63.7,9.0,7.1,7.0,62.8,silty,none,monthly,every_other_day,4,48
squash,kalabasa_hybrid,wet,tropical_highland,28.2,76.4,21.8,5.9,6.2,69.5,silty,none,monthly,every_other_day,4,47
squash,kalabasa,wet,tropical_highland,27.1,70.4,19.0,4.5,6.3,75.2,clay,mixed,none,twice_daily,5,39
sponge_gourd,patola_ridged,wet,tropical_highland,26.9,81.3,11.8,6.9,6.1,78.3,loamy,organic,none,daily,5,35
bottle_gourd,upo_round,dry,subtropical,28.9,63.5,1.6,9.1,6.0,55.5,loamy,organic,none,every_other_day,4,40
sponge_gourd,patola,dry,tropical_highland,24.6,66.8,4.9,7.2,6.8,57.6,silty,mixed,none,every_other_day,4,39
sponge_gourd,patola,wet,tropical_lowland,31.8,80.4,10.3,6.7,5.8,75.0,sandy,organic,monthly,daily,4,38
bitter_gourd,ampalaya_hybrid,dry,tropical_lowland,30.6,56.4,0.7,9.2,6.1,79.3,silty,chemical,monthly,every_other_day,3,38
squash,kalabasa_native,wet,tropical_lowland,30.7,86.7,26.4,5.7,6.0,68.9,loamy,mixed,biweekly,twice_daily,4,44
squash,kalabasa_native,wet,tropical_lowland,30.8,76.3,29.5,5.4,6.2,53.8,silty,mixed,biweekly,daily,4,43
bitter_gourd,ampalaya_hybrid,wet,tropical_highland,30.2,75.6,13.1,5.6,6.0,70.3,silty,organic,none,twice_daily,3,38
bottle_gourd,upo_long,dry,tropical_lowland,34.0,55.4,3.9,9.7,6.8,51.8,sandy,organic,weekly,daily,4,46
sponge_gourd,patola,dry,tropical_lowland,25.3,57.7,6.5,7.0,6.8,75.9,silty,chemical,none,daily,4,40
cucumber,pipino_japanese,dry,tropical_highland,34.9,66.6,6.0,10.0,6.2,73.1,loamy,chemical,weekly,daily,4,34
cucumber,pipino,dry,tropical_highland,31.4,56.8,1.5,9.9,5.9,53.3,sandy,none,none,daily,3,38
bitter_gourd,ampalaya_bilog,wet,tropical_highland,30.9,80.4,19.3,5.5,5.8,71.5,clay,mixed,monthly,daily,4,40
bottle_gourd,upo_round,dry,tropical_highland,26.7,63.1,5.1,9.5,7.0,66.0,clay,organic,weekly,daily,4,44
bitter_gourd,ampalaya_hybrid,wet,subtropical,26.0,76.5,10.9,5.7,7.0,55.5,loamy,none,weekly,daily,3,47
squash,kalabasa,dry,subtropical,32.8,62.5,7.3,9.3,6.0,70.2,sandy,organic,biweekly,daily,3,44
bottle_gourd,upo_round,wet,subtropical,27.6,79.6,20.7,5.6,6.9,75.3,clay,organic,monthly,twice_daily,4,40
sponge_gourd,patola,wet,subtropical,26.0,86.4,26.9,6.7,6.8,60.2,loamy,mixed,none,every_other_day,3,39
bitter_gourd,ampalaya_oblong,wet,tropical_highland,29.3,81.4,20.2,4.5,6.4,71.1,sandy,organic,biweekly,twice_daily,4,43
bottle_gourd,upo_round,dry,subtropical,27.6,67.2,8.5,7.9,6.5,54.7,sandy,none,biweekly,daily,3,47
bitter_gourd,ampalaya_hybrid,wet,subtropical,30.3,74.4,18.6,6.6,6.4,59.2,loamy,mixed,biweekly,daily,4,38
bottle_gourd,upo_long,dry,subtropical,24.1,64.3,9.7,8.4,6.9,50.1,clay,none,none,daily,3,51
cucumber,pipino_native,wet,subtropical,27.0,85.7,27.4,6.3,6.9,70.0,sandy,none,weekly,daily,4,37
cucumber,pipino,wet,tropical_highland,32.0,83.2,10.9,5.2,6.9,61.1,loamy,none,weekly,daily,4,34
bottle_gourd,upo_long,wet,subtropical,29.7,75.5,25.7,5.8,6.5,68.6,silty,mixed,monthly,every_other_day,5,42
sponge_gourd,patola_smooth,dry,tropical_highland,31.1,61.3,9.9,9.1,6.3,69.0,silty,chemical,none,daily,5,38
bottle_gourd,upo_round,wet,subtropical,29.9,81.3,24.6,4.6,7.2,65.3,silty,organic,monthly,daily,4,42
sponge_gourd,patola_ridged,dry,tropical_lowland,27.5,57.0,7.3,9.6,7.0,58.0,loamy,organic,weekly,every_other_day,3,40
cucumber,pipino_japanese,dry,subtropical,32.4,71.7,2.0,9.1,7.0,73.0,loamy,organic,biweekly,every_other_day,4,34
squash,kalabasa_hybrid,wet,subtropical,26.5,73.8,28.5,6.3,6.4,54.2,loamy,organic,biweekly,twice_daily,5,39
bitter_gourd,ampalaya_oblong,dry,tropical_lowland,28.6,57.2,5.9,8.3,6.4,68.0,sandy,chemical,weekly,daily,3,42
bottle_gourd,upo_smooth,dry,tropical_lowland,24.1,56.4,5.0,8.3,6.2,65.0,silty,chemical,weekly,every_other_day,3,48
squash,kalabasa_hybrid,dry,subtropical,34.0,68.2,3.8,7.4,6.1,63.2,sandy,none,monthly,every_other_day,3,46
sponge_gourd,patola,wet,subtropical,30.3,78.1,21.0,6.6,6.1,54.9,silty,mixed,none,every_other_day,4,37
squash,kalabasa_hybrid,dry,subtropical,30.4,70.6,7.1,8.1,6.9,72.4,sandy,none,biweekly,daily,3,49
bottle_gourd,upo_long,wet,subtropical,26.8,75.0,23.6,6.1,6.8,75.7,loamy,none,none,daily,4,51
squash,kalabasa_hybrid,wet,tropical_highland,26.4,74.9,24.3,5.0,6.7,77.3,silty,organic,monthly,twice_daily,5,40
cucumber,pipino_japanese,dry,tropical_lowland,32.4,68.8,3.3,9.4,6.9,68.5,clay,organic,weekly,twice_daily,4,32
cucumber,pipino_native,dry,tropical_highland,24.4,60.2,9.5,7.0,6.6,66.1,loamy,chemical,biweekly,daily,4,34
squash,kalabasa_native,wet,subtropical,26.7,84.2,27.3,5.8,6.0,74.8,sandy,none,biweekly,daily,4,47
sponge_gourd,patola,dry,tropical_highland,34.0,70.7,3.5,8.2,6.8,70.8,silty,none,weekly,daily,3,40
cucumber,pipino_native,dry,tropical_highland,34.3,67.4,7.8,9.4,5.9,74.6,sandy,organic,weekly,every_other_day,4,32
squash,kalabasa_native,dry,subtropical,33.0,60.9,8.0,7.7,6.4,77.4,loamy,chemical,none,daily,4,44
bitter_gourd,ampalaya_oblong,wet,tropical_highland,28.6,87.9,24.5,4.4,6.8,69.1,silty,mixed,none,twice_daily,5,39
bottle_gourd,upo_smooth,dry,subtropical,29.0,70.4,0.1,7.5,7.0,77.9,sandy,none,biweekly,every_other_day,3,52
sponge_gourd,patola,wet,tropical_highland,31.4,71.2,10.7,4.6,6.6,52.7,silty,mixed,biweekly,every_other_day,4,42
bitter_gourd,ampalaya_oblong,dry,subtropical,31.4,61.5,5.2,10.0,6.2,74.6,silty,chemical,none,daily,4,42
sponge_gourd,patola_ridged,wet,tropical_highland,26.6,80.1,12.4,5.5,6.6,67.3,loamy,chemical,biweekly,every_other_day,4,43
cucumber,pipino_native,dry,subtropical,32.0,67.3,7.1,9.2,6.5,75.1,sandy,none,biweekly,twice_daily,5,37
bottle_gourd,upo_smooth,dry,subtropical,34.2,68.3,0.0,9.4,6.5,53.3,loamy,chemical,weekly,daily,4,44
cucumber,pipino,wet,tropical_lowland,27.7,84.5,29.8,6.9,7.2,64.6,loamy,chemical,monthly,every_other_day,3,35
squash,kalabasa_hybrid,wet,tropical_lowland,27.0,89.9,20.3,6.6,6.4,57.3,sandy,chemical,monthly,twice_daily,3,48
cucumber,pipino_japanese,wet,tropical_lowland,27.0,76.1,22.0,6.2,6.3,77.6,silty,chemical,biweekly,twice_daily,3,29
cucumber,pipino_native,wet,tropical_highland,30.1,81.4,23.1,5.3,6.4,65.6,clay,chemical,weekly,daily,3,37
squash,kalabasa,dry,tropical_highland,29.9,55.4,7.8,8.9,6.1,59.9,sandy,chemical,none,twice_daily,4,43
bitter_gourd,ampalaya_hybrid,wet,tropical_highland,29.0,71.3,19.3,6.8,6.4,71.0,loamy,mixed,weekly,every_other_day,3,42
squash,kalabasa,dry,subtropical,28.7,55.0,5.6,8.7,5.9,53.0,clay,mixed,weekly,twice_daily,4,39
bottle_gourd,upo_round,wet,tropical_highland,30.9,88.5,16.1,5.9,6.2,67.1,silty,organic,biweekly,daily,5,44
bottle_gourd,upo_round,wet,tropical_highland,30.8,73.6,29.3,4.4,6.4,73.0,silty,organic,weekly,daily,4,43
cucumber,pipino,wet,subtropical,30.8,82.2,27.5,6.0,6.3,51.0,loamy,none,weekly,daily,4,38
bottle_gourd,upo_round,dry,subtropical,28.5,60.6,6.5,9.7,6.4,55.4,silty,mixed,biweekly,twice_daily,5,42
cucumber,pipino,dry,subtropical,33.2,73.5,0.6,9.8,6.0,68.1,loamy,mixed,monthly,daily,4,37
cucumber,pipino_japanese,dry,subtropical,24.3,59.7,7.5,8.9,6.4,66.1,sandy,organic,biweekly,daily,4,32
cucumber,pipino_native,wet,subtropical,31.9,81.5,13.2,6.4,6.6,75.9,silty,organic,monthly,twice_daily,4,34
squash,kalabasa,wet,subtropical,27.9,71.1,12.3,4.6,6.1,52.4,loamy,chemical,biweekly,daily,4,43
cucumber,pipino_japanese,dry,tropical_lowland,31.7,73.6,0.4,7.6,6.6,50.3,clay,mixed,none,twice_daily,5,31
bottle_gourd,upo_round,dry,tropical_lowland,28.1,66.1,6.7,7.8,6.3,66.6,loamy,organic,biweekly,twice_daily,5,46
cucumber,pipino_native,dry,tropical_highland,30.8,65.3,7.3,9.9,6.3,67.4,loamy,chemical,monthly,every_other_day,3,36
sponge_gourd,patola,wet,subtropical,28.4,83.3,18.4,6.8,6.1,74.4,clay,organic,weekly,daily,4,40
squash,kalabasa_hybrid,wet,tropical_lowland,29.7,82.2,21.0,4.9,6.7,74.0,sandy,none,biweekly,daily,4,46
bottle_gourd,upo_long,wet,subtropical,28.3,84.3,29.6,5.8,6.8,57.1,sandy,organic,biweekly,daily,4,45
bottle_gourd,upo_smooth,wet,tropical_lowland,27.9,70.3,19.2,6.8,6.5,63.6,sandy,mixed,biweekly,every_other_day,4,43
squash,kalabasa_hybrid,dry,tropical_lowland,24.9,70.3,3.3,7.6,6.8,51.9,loamy,mixed,monthly,every_other_day,3,43
bottle_gourd,upo_long,wet,tropical_highland,27.0,72.3,11.0,5.6,6.6,69.7,silty,chemical,monthly,every_other_day,3,50
bottle_gourd,upo_round,wet,subtropical,27.0,72.3,12.5,4.7,6.3,68.6,clay,none,biweekly,every_other_day,3,52
cucumber,pipino,dry,tropical_highland,31.5,60.6,0.8,8.3,7.2,61.2,silty,mixed,weekly,every_other_day,3,36
sponge_gourd,patola,dry,subtropical,30.5,60.9,9.4,9.0,6.0,60.1,loamy,mixed,biweekly,every_other_day,4,39
squash,kalabasa,wet,tropical_highland,26.6,81.2,20.4,6.7,6.6,71.5,loamy,none,weekly,daily,3,46
bottle_gourd,upo_round,dry,tropical_highland,35.0,59.0,7.0,8.1,7.0,60.0,loamy,none,weekly,twice_daily,4,47
sponge_gourd,patola_ridged,wet,tropical_lowland,28.4,73.4,28.8,6.2,6.3,67.8,sandy,chemical,none,every_other_day,2,38
bottle_gourd,upo_long,wet,tropical_lowland,29.4,88.5,29.5,6.4,6.9,53.6,sandy,chemical,biweekly,daily,4,43
sponge_gourd,patola_ridged,wet,subtropical,30.8,70.4,27.9,5.6,6.1,54.5,loamy,none,biweekly,daily,4,41
sponge_gourd,patola_smooth,dry,tropical_lowland,26.5,61.5,9.4,8.3,6.8,73.3,clay,none,monthly,daily,3,44
cucumber,pipino_japanese,dry,tropical_lowland,34.8,57.0,1.5,7.8,6.0,63.4,silty,mixed,biweekly,twice_daily,5,29
bottle_gourd,upo_long,wet,tropical_highland,28.2,74.6,12.1,4.9,6.9,57.0,silty,mixed,monthly,twice_daily,4,47
squash,kalabasa_hybrid,wet,subtropical,29.8,87.9,16.7,5.1,5.9,58.5,silty,organic,biweekly,every_other_day,3,45
sponge_gourd,patola_smooth,dry,tropical_lowland,32.7,74.5,3.1,9.0,6.1,67.6,loamy,none,none,daily,4,40
cucumber,pipino,dry,tropical_highland,28.8,63.6,3.3,10.0,6.9,52.8,clay,chemical,weekly,daily,3,37
cucumber,pipino_native,dry,tropical_highland,25.2,64.3,9.6,8.5,7.1,77.5,sandy,organic,biweekly,twice_daily,4,31
bitter_gourd,ampalaya_hybrid,dry,subtropical,31.5,74.1,6.9,7.9,6.2,68.9,sandy,chemical,monthly,twice_daily,4,41
cucumber,pipino_japanese,dry,subtropical,31.4,61.1,2.6,7.8,6.4,77.9,sandy,none,none,every_other_day,3,36
bitter_gourd,ampalaya_bilog,dry,tropical_lowland,28.4,55.5,8.9,7.3,7.0,72.5,sandy,mixed,weekly,twice_daily,4,40
bottle_gourd,upo_long,dry,subtropical,30.3,59.5,2.5,7.9,6.0,63.0,sandy,mixed,monthly,twice_daily,5,45
bitter_gourd,ampalaya_bilog,wet,tropical_lowland,28.9,81.8,16.7,4.9,7.1,71.0,clay,none,biweekly,daily,3,46
bitter_gourd,ampalaya_hybrid,wet,subtropical,28.2,79.6,22.9,5.1,6.9,60.4,silty,chemical,weekly,daily,3,41
squash,kalabasa,wet,subtropical,31.6,87.8,13.8,5.5,7.2,67.7,sandy,organic,weekly,daily,4,36
bottle_gourd,upo_smooth,wet,tropical_highland,26.8,77.8,22.5,5.6,5.8,64.1,clay,none,none,twice_daily,3,50
squash,kalabasa_native,dry,subtropical,25.7,65.9,9.6,9.9,7.0,61.0,sandy,chemical,monthly,daily,3,43
bitter_gourd,ampalaya_oblong,wet,tropical_lowland,28.5,77.5,19.5,6.6,7.0,60.1,clay,chemical,weekly,twice_daily,4,39
bitter_gourd,ampalaya_bilog,wet,tropical_highland,28.1,75.1,15.8,5.0,6.2,52.0,loamy,organic,none,daily,4,40
squash,kalabasa,wet,tropical_highland,29.9,87.0,16.0,5.1,6.7,54.2,silty,chemical,monthly,twice_daily,4,44
cucumber,pipino_japanese,dry,tropical_lowland,25.9,71.3,3.5,7.1,7.0,72.0,clay,chemical,none,twice_daily,4,35
cucumber,pipino_japanese,wet,subtropical,28.8,70.7,15.7,5.1,6.9,61.9,sandy,chemical,monthly,twice_daily,4,32
sponge_gourd,patola,wet,subtropical,27.4,73.2,25.5,5.4,7.1,50.0,silty,mixed,monthly,daily,4,35
squash,kalabasa_native,dry,subtropical,31.7,73.4,0.6,7.2,6.1,63.3,loamy,chemical,weekly,twice_daily,4,43
squash,kalabasa_hybrid,wet,subtropical,27.0,81.0,27.0,5.1,5.8,68.4,silty,none,weekly,every_other_day,2,50
squash,kalabasa_hybrid,wet,subtropical,28.3,70.8,14.9,5.5,6.7,50.6,clay,none,none,twice_daily,4,48
squash,kalabasa,wet,tropical_lowland,30.0,74.7,12.2,5.1,6.7,52.7,sandy,none,none,twice_daily,3,48
bottle_gourd,upo_round,wet,subtropical,30.4,79.8,13.4,4.3,6.1,67.4,sandy,mixed,biweekly,daily,4,46
bottle_gourd,upo_smooth,wet,subtropical,29.8,78.6,27.4,5.0,6.0,51.3,sandy,none,monthly,daily,3,53
bitter_gourd,ampalaya_hybrid,dry,tropical_lowland,24.9,69.4,1.3,7.4,7.0,70.0,clay,chemical,biweekly,daily,5,40
squash,kalabasa,dry,tropical_highland,24.6,58.3,8.9,7.6,6.9,67.8,loamy,none,monthly,daily,3,46
bitter_gourd,ampalaya_hybrid,wet,subtropical,26.9,71.4,27.6,4.4,7.0,66.5,clay,none,monthly,every_other_day,4,45
squash,kalabasa,dry,tropical_lowland,24.4,67.0,5.1,7.9,6.3,63.6,loamy,chemical,monthly,every_other_day,3,39
cucumber,pipino_native,dry,subtropical,27.5,73.1,1.8,7.4,6.9,53.5,clay,none,none,every_other_day,3,35
bottle_gourd,upo_long,wet,subtropical,27.7,81.9,26.2,4.2,6.6,79.3,sandy,chemical,none,every_other_day,3,51
cucumber,pipino,wet,tropical_highland,30.3,73.0,13.6,4.4,6.2,55.6,loamy,none,none,daily,4,38
sponge_gourd,patola_ridged,wet,tropical_highland,27.7,70.1,26.6,5.3,7.0,59.7,clay,mixed,biweekly,daily,5,35
bitter_gourd,ampalaya_oblong,dry,tropical_lowland,29.0,66.5,5.9,9.6,6.8,60.6,sandy,organic,none,twice_daily,4,40
bitter_gourd,ampalaya_hybrid,dry,subtropical,27.3,67.0,8.3,7.2,6.5,65.9,clay,mixed,none,twice_daily,4,43
sponge_gourd,patola_ridged,wet,subtropical,29.5,74.4,22.9,4.7,6.0,68.3,silty,chemical,weekly,every_other_day,4,37
bitter_gourd,ampalaya_oblong,wet,tropical_lowland,29.3,84.3,12.5,7.0,6.2,79.4,clay,organic,biweekly,every_other_day,4,42
bottle_gourd,upo_round,dry,subtropical,29.6,64.8,0.1,8.6,5.9,58.1,clay,chemical,biweekly,twice_daily,3,48
bottle_gourd,upo_smooth,dry,tropical_highland,31.2,59.3,5.9,9.0,5.9,64.0,loamy,organic,weekly,daily,4,46
sponge_gourd,patola_smooth,dry,subtropical,28.3,57.9,7.0,9.9,6.9,61.6,clay,chemical,none,daily,4,38
squash,kalabasa,dry,tropical_lowland,26.1,56.6,1.4,9.5,6.1,64.5,sandy,organic,weekly,twice_daily,4,39
bottle_gourd,upo_round,dry,tropical_highland,32.6,59.7,5.4,7.2,6.2,61.5,loamy,chemical,none,daily,4,50
sponge_gourd,patola_ridged,dry,tropical_highland,25.8,63.9,8.9,8.7,6.3,50.4,clay,none,biweekly,every_other_day,4,44
squash,kalabasa_native,dry,tropical_highland,32.5,64.8,3.4,9.9,6.6,51.3,loamy,none,none,every_other_day,4,41
bottle_gourd,upo_smooth,wet,tropical_highland,31.2,79.2,28.1,6.3,6.7,68.7,clay,organic,weekly,every_other_day,3,46
sponge_gourd,patola_ridged,dry,tropical_lowland,26.9,59.6,1.9,7.2,7.1,77.3,clay,organic,none,daily,4,37
bitter_gourd,ampalaya_oblong,dry,tropical_lowland,28.0,73.6,0.4,9.3,6.4,72.0,loamy,mixed,biweekly,twice_daily,5,38
squash,kalabasa_hybrid,wet,subtropical,30.1,75.3,23.6,6.7,6.1,74.6,clay,mixed,weekly,daily,3,45
bottle_gourd,upo_smooth,dry,subtropical,29.5,71.8,3.7,9.6,6.6,51.3,loamy,chemical,monthly,daily,4,49
bottle_gourd,upo_long,dry,tropical_highland,29.3,70.1,4.6,7.9,7.1,54.1,clay,mixed,monthly,twice_daily,3,48
cucumber,pipino,wet,tropical_lowland,30.6,83.9,28.0,5.8,6.9,75.6,clay,chemical,biweekly,every_other_day,5,31
squash,kalabasa,dry,subtropical,27.3,60.3,5.9,7.8,6.2,71.1,sandy,chemical,weekly,twice_daily,4,44
cucumber,pipino,dry,tropical_highland,24.4,67.9,6.2,9.8,7.1,77.6,clay,organic,none,twice_daily,4,29
bottle_gourd,upo_smooth,wet,tropical_lowland,26.4,71.5,24.3,5.1,6.8,65.5,clay,organic,weekly,twice_daily,4,44
squash,kalabasa,dry,tropical_highland,34.2,64.3,4.2,7.7,5.8,71.0,silty,chemical,biweekly,every_other_day,3,47
bitter_gourd,ampalaya_bilog,wet,subtropical,28.1,74.0,11.3,6.8,6.4,78.3,clay,mixed,monthly,daily,4,40
sponge_gourd,patola_ridged,dry,tropical_lowland,24.7,72.2,7.8,8.7,6.8,56.9,loamy,none,none,daily,4,42
bitter_gourd,ampalaya_oblong,wet,tropical_highland,26.2,72.4,17.3,5.8,6.3,52.2,silty,none,biweekly,every_other_day,3,47
bottle_gourd,upo_smooth,wet,subtropical,27.7,72.4,22.7,6.2,6.6,60.1,sandy,mixed,weekly,twice_daily,3,51
sponge_gourd,patola_smooth,dry,tropical_highland,34.4,73.1,1.8,7.2,6.0,76.3,clay,none,monthly,daily,4,44
sponge_gourd,patola,wet,subtropical,28.0,74.7,24.6,6.6,7.0,63.2,silty,none,monthly,every_other_day,4,43
sponge_gourd,patola_smooth,wet,tropical_highland,30.8,79.8,12.6,6.9,5.8,57.4,clay,organic,none,every_other_day,4,38
cucumber,pipino_japanese,wet,subtropical,27.6,70.1,16.6,6.5,5.8,70.7,sandy,mixed,weekly,twice_daily,4,32
bitter_gourd,ampalaya_hybrid,dry,subtropical,27.2,60.0,2.9,7.4,6.0,67.8,silty,none,weekly,every_other_day,3,45
sponge_gourd,patola,dry,subtropical,31.7,57.8,0.6,10.0,6.6,71.0,clay,mixed,weekly,twice_daily,4,39
bitter_gourd,ampalaya_hybrid,wet,subtropical,31.6,70.9,20.0,6.1,6.5,79.5,clay,mixed,biweekly,twice_daily,5,42
bitter_gourd,ampalaya_hybrid,wet,tropical_lowland,30.0,87.1,28.3,4.6,6.8,66.3,sandy,chemical,biweekly,daily,3,41
bitter_gourd,ampalaya_bilog,wet,tropical_lowland,28.3,88.2,13.8,4.1,6.8,60.1,sandy,chemical,monthly,twice_daily,3,39
cucumber,pipino_japanese,wet,tropical_lowland,31.6,80.7,16.2,5.0,6.1,68.8,clay,none,monthly,every_other_day,2,38
squash,kalabasa_hybrid,dry,tropical_highland,27.8,69.0,4.3,9.2,6.8,59.0,clay,none,weekly,daily,4,43
bottle_gourd,upo_smooth,dry,tropical_lowland,27.7,60.2,3.8,9.6,6.1,74.0,sandy,none,monthly,twice_daily,3,54
bitter_gourd,ampalaya_bilog,wet,tropical_lowland,31.1,84.0,27.6,5.9,6.7,65.8,loamy,organic,none,twice_daily,3,35
bottle_gourd,upo_long,wet,subtropical,27.4,86.6,17.4,5.8,7.0,61.0,clay,organic,monthly,every_other_day,4,46
bitter_gourd,ampalaya_bilog,wet,subtropical,30.4,73.9,10.3,6.6,6.7,70.4,sandy,none,biweekly,daily,4,48
cucumber,pipino_japanese,wet,tropical_highland,29.1,79.6,29.7,4.1,6.4,56.4,loamy,organic,monthly,daily,4,29
bottle_gourd,upo_round,dry,tropical_lowland,33.3,74.2,5.6,7.9,6.7,67.8,sandy,organic,biweekly,twice_daily,3,49
bottle_gourd,upo_round,wet,tropical_highland,29.8,70.3,28.7,5.3,7.0,63.0,loamy,none,monthly,daily,3,50
bottle_gourd,upo_smooth,dry,subtropical,29.6,65.4,1.6,8.8,7.2,79.3,loamy,chemical,biweekly,every_other_day,4,45
sponge_gourd,patola,dry,subtropical,28.2,58.5,8.5,7.2,6.3,70.2,sandy,organic,monthly,daily,4,37
bitter_gourd,ampalaya_oblong,dry,subtropical,32.9,67.1,9.2,9.1,6.1,78.2,clay,organic,biweekly,every_other_day,4,39
cucumber,pipino,dry,subtropical,25.4,62.6,5.6,8.5,6.3,52.9,silty,mixed,weekly,twice_daily,5,33
squash,kalabasa,wet,subtropical,30.8,78.8,19.4,5.8,6.7,68.3,clay,chemical,none,daily,3,44
bottle_gourd,upo_round,dry,tropical_highland,27.5,72.1,5.7,7.4,5.9,69.6,silty,mixed,monthly,daily,4,45
bitter_gourd,ampalaya_oblong,dry,subtropical,29.2,72.2,2.9,7.1,6.6,54.0,loamy,none,monthly,twice_daily,4,43
sponge_gourd,patola,wet,tropical_lowland,30.4,70.7,25.9,5.7,6.2,63.1,sandy,organic,weekly,daily,4,37
bitter_gourd,ampalaya_bilog,wet,tropical_lowland,29.0,81.3,18.4,4.6,7.2,50.6,sandy,none,biweekly,every_other_day,3,45
sponge_gourd,patola,wet,tropical_highland,28.1,71.9,13.9,6.8,6.3,56.6,silty,chemical,weekly,daily,4,40
sponge_gourd,patola_ridged,wet,tropical_lowland,30.5,70.6,14.3,4.2,5.9,78.7,silty,chemical,biweekly,daily,3,40
bottle_gourd,upo_smooth,dry,tropical_lowland,26.3,58.7,3.5,9.7,6.1,56.3,sandy,mixed,none,twice_daily,5,41
sponge_gourd,patola,dry,tropical_highland,25.3,57.2,1.5,9.3,6.9,62.9,silty,organic,biweekly,every_other_day,5,38
sponge_gourd,patola_smooth,dry,tropical_lowland,30.8,68.4,4.2,9.8,6.9,54.0,clay,chemical,monthly,daily,4,40
squash,kalabasa,wet,tropical_lowland,28.7,83.4,24.1,4.1,6.2,78.1,loamy,none,biweekly,daily,4,46
sponge_gourd,patola_smooth,wet,subtropical,29.0,85.7,21.6,4.7,6.4,62.4,sandy,none,weekly,every_other_day,3,44
bitter_gourd,ampalaya_oblong,dry,tropical_highland,27.5,60.0,2.1,7.3,6.3,71.6,clay,chemical,none,every_other_day,3,43
cucumber,pipino_native,wet,subtropical,29.7,85.9,23.7,4.5,6.1,62.7,silty,none,monthly,daily,4,33
bottle_gourd,upo_long,dry,tropical_lowland,24.6,61.3,7.2,8.1,6.1,61.6,clay,mixed,weekly,daily,4,46
sponge_gourd,patola_smooth,wet,tropical_highland,29.4,71.4,15.1,5.5,6.7,59.4,loamy,organic,none,daily,4,35
bottle_gourd,upo_smooth,dry,tropical_lowland,33.1,69.1,1.4,8.7,6.2,71.8,clay,chemical,biweekly,twice_daily,3,48
squash,kalabasa,wet,subtropical,31.1,84.9,25.3,6.8,6.6,75.6,clay,organic,monthly,twice_daily,5,40
bitter_gourd,ampalaya_oblong,wet,tropical_highland,28.9,83.2,20.1,5.6,5.9,76.9,silty,chemical,weekly,twice_daily,4,40
squash,kalabasa_hybrid,dry,tropical_highland,26.4,64.0,4.8,7.9,7.2,53.4,loamy,none,none,twice_daily,3,47
bottle_gourd,upo_round,wet,subtropical,27.6,84.8,11.8,6.7,6.2,60.0,sandy,chemical,none,daily,4,46
squash,kalabasa,wet,tropical_lowland,27.2,73.0,16.5,4.9,6.8,61.5,loamy,organic,none,daily,4,41
squash,kalabasa_hybrid,wet,tropical_highland,27.6,76.6,22.4,6.6,7.1,57.1,clay,none,none,daily,2,50
cucumber,pipino_japanese,dry,subtropical,25.3,59.6,4.3,9.2,6.1,69.2,loamy,mixed,none,twice_daily,5,32
bottle_gourd,upo_round,dry,tropical_lowland,32.7,56.9,1.7,9.9,6.1,76.9,silty,organic,none,every_other_day,4,45
cucumber,pipino_native,wet,subtropical,29.7,70.9,18.7,6.2,6.2,70.9,clay,organic,biweekly,twice_daily,4,32
bottle_gourd,upo_round,dry,subtropical,27.1,58.5,6.4,8.4,6.3,51.7,clay,organic,none,daily,5,45
sponge_gourd,patola,dry,subtropical,28.8,58.1,0.4,9.2,6.5,55.3,loamy,organic,monthly,twice_daily,5,36
bitter_gourd,ampalaya_oblong,dry,subtropical,25.0,71.3,8.3,7.7,6.3,77.4,silty,none,weekly,twice_daily,4,46
cucumber,pipino_japanese,dry,tropical_highland,25.0,63.0,0.3,8.0,6.4,56.4,clay,organic,none,every_other_day,3,30
squash,kalabasa_native,wet,tropical_highland,27.2,84.1,23.6,6.9,7.1,78.1,sandy,mixed,biweekly,daily,3,44
cucumber,pipino_japanese,wet,tropical_lowland,30.8,89.5,19.7,4.9,6.9,75.6,clay,none,none,daily,3,38
bitter_gourd,ampalaya_oblong,dry,subtropical,24.5,74.4,8.0,7.3,6.8,55.2,loamy,mixed,weekly,twice_daily,4,36
squash,kalabasa_native,dry,subtropical,26.0,63.9,9.6,8.8,7.0,57.3,silty,mixed,biweekly,every_other_day,4,45
bottle_gourd,upo_round,wet,subtropical,28.6,87.3,21.7,6.0,6.2,59.8,sandy,organic,biweekly,twice_daily,4,45
squash,kalabasa_native,wet,subtropical,26.4,79.2,24.4,6.3,6.2,58.0,loamy,chemical,none,every_other_day,3,47
bitter_gourd,ampalaya_oblong,wet,tropical_lowland,29.5,83.0,28.5,5.3,7.1,56.4,sandy,none,biweekly,every_other_day,3,45
bitter_gourd,ampalaya_hybrid,wet,tropical_lowland,28.4,70.9,13.5,4.8,6.7,76.0,silty,none,weekly,twice_daily,3,45
bitter_gourd,ampalaya_bilog,wet,tropical_lowland,28.2,73.4,19.8,5.6,6.0,56.7,sandy,chemical,none,daily,4,39
cucumber,pipino,dry,subtropical,30.9,58.9,2.6,8.8,6.1,50.1,clay,chemical,biweekly,twice_daily,4,34
squash,kalabasa_native,wet,tropical_lowland,31.9,86.9,22.9,6.0,6.3,67.1,clay,organic,monthly,twice_daily,5,38
squash,kalabasa_native,dry,subtropical,30.9,73.4,3.0,8.3,6.3,61.4,clay,mixed,none,daily,4,46
sponge_gourd,patola_smooth,dry,subtropical,28.1,74.3,6.0,8.5,6.1,66.0,sandy,mixed,weekly,daily,4,37
squash,kalabasa_native,dry,tropical_lowland,32.2,67.9,9.2,8.6,6.8,58.1,sandy,none,weekly,twice_daily,3,50
squash,kalabasa,wet,subtropical,30.8,87.1,14.2,5.1,7.1,50.4,sandy,organic,none,twice_daily,4,38
cucumber,pipino_japanese,dry,tropical_highland,24.2,73.1,8.5,8.3,6.5,58.7,loamy,organic,none,every_other_day,5,29
sponge_gourd,patola_ridged,wet,tropical_highland,26.5,88.7,23.0,4.9,6.2,78.7,sandy,mixed,weekly,every_other_day,4,35
cucumber,pipino_native,dry,tropical_highland,24.4,69.4,9.6,8.6,6.3,50.9,clay,mixed,monthly,every_other_day,3,30
bottle_gourd,upo_round,wet,tropical_highland,28.2,72.5,10.1,5.2,6.9,67.7,silty,mixed,none,twice_daily,4,44
bottle_gourd,upo_round,dry,tropical_highland,30.8,74.6,2.4,8.9,5.8,63.5,sandy,chemical,weekly,twice_daily,3,47
cucumber,pipino,wet,tropical_lowland,27.3,83.0,29.0,5.9,7.0,76.0,clay,organic,none,twice_daily,5,30
squash,kalabasa_native,dry,tropical_highland,29.3,60.7,3.9,8.8,5.8,66.4,sandy,none,monthly,twice_daily,2,49
bitter_gourd,ampalaya_bilog,dry,tropical_highland,31.4,73.6,2.5,8.2,6.1,55.4,silty,none,biweekly,daily,4,47
sponge_gourd,patola_ridged,dry,subtropical,28.9,56.6,4.1,7.9,6.2,69.9,silty,none,monthly,every_other_day,4,40
squash,kalabasa_native,dry,tropical_lowland,33.0,67.6,1.7,8.0,7.1,60.9,sandy,none,weekly,every_other_day,3,49
sponge_gourd,patola_ridged,dry,tropical_highland,27.3,63.0,0.5,8.7,6.6,68.5,sandy,mixed,biweekly,twice_daily,4,35
sponge_gourd,patola_ridged,wet,tropical_highland,27.7,79.1,26.3,6.5,6.5,75.1,sandy,organic,monthly,daily,4,36
bottle_gourd,upo_long,wet,tropical_lowland,26.1,74.2,27.5,5.4,6.8,56.5,loamy,none,monthly,every_other_day,4,48
cucumber,pipino_native,wet,tropical_highland,30.5,80.5,12.9,4.4,6.0,79.6,sandy,none,none,daily,3,36
sponge_gourd,patola_smooth,wet,tropical_lowland,31.4,83.6,19.5,6.4,6.3,58.1,sandy,none,monthly,twice_daily,4,41
bitter_gourd,ampalaya_bilog,dry,tropical_lowland,34.4,56.8,8.1,9.6,7.1,63.8,loamy,none,weekly,twice_daily,4,48
cucumber,pipino_japanese,dry,tropical_lowland,24.0,72.3,4.5,8.8,6.2,80.0,silty,organic,weekly,every_other_day,4,32
bitter_gourd,ampalaya_bilog,dry,tropical_lowland,27.9,71.4,9.8,7.6,6.8,72.4,silty,none,biweekly,daily,3,45
bottle_gourd,upo_smooth,dry,tropical_highland,32.9,73.1,5.0,7.9,6.7,70.5,silty,mixed,weekly,twice_daily,4,45
cucumber,pipino_native,dry,subtropical,26.1,64.9,3.5,9.0,6.9,62.3,silty,none,weekly,every_other_day,3,38
cucumber,pipino,dry,tropical_highland,33.2,66.0,5.7,9.1,6.2,61.4,sandy,mixed,weekly,twice_daily,3,38
sponge_gourd,patola_ridged,wet,tropical_lowland,28.0,76.8,29.3,5.0,6.1,66.6,silty,mixed,biweekly,twice_daily,4,35
sponge_gourd,patola_smooth,wet,tropical_highland,26.9,86.8,22.8,4.0,7.0,66.1,loamy,mixed,none,every_other_day,5,39
cucumber,pipino_native,wet,subtropical,29.7,70.9,18.2,4.3,6.6,56.1,silty,organic,weekly,twice_daily,4,33
bottle_gourd,upo_round,dry,tropical_highland,32.5,56.6,1.1,7.9,6.2,64.3,clay,mixed,monthly,every_other_day,4,43
bitter_gourd,ampalaya_oblong,dry,subtropical,28.3,62.3,0.1,9.8,6.9,50.2,clay,mixed,monthly,daily,4,36
squash,kalabasa,wet,tropical_highland,26.4,78.4,26.0,6.2,6.9,58.1,sandy,chemical,none,daily,4,43
cucumber,pipino,wet,subtropical,27.3,86.8,17.0,5.4,6.0,79.2,loamy,none,weekly,daily,3,38
bottle_gourd,upo_smooth,wet,subtropical,31.8,78.7,24.0,6.9,6.7,58.5,silty,organic,none,daily,4,43
sponge_gourd,patola_smooth,dry,tropical_lowland,33.0,70.0,1.7,7.8,6.9,63.3,silty,chemical,biweekly,twice_daily,4,37
cucumber,pipino_japanese,dry,subtropical,33.1,73.9,7.4,7.4,6.3,72.6,silty,none,weekly,twice_daily,4,38
bitter_gourd,ampalaya_bilog,dry,tropical_lowland,28.5,66.9,0.9,8.3,6.9,71.3,silty,chemical,none,twice_daily,3,43
bitter_gourd,ampalaya_bilog,wet,tropical_lowland,31.5,73.6,14.9,5.7,6.6,52.4,sandy,none,biweekly,twice_daily,3,46
sponge_gourd,patola,wet,tropical_lowland,31.9,72.3,21.1,6.3,6.4,65.8,sandy,none,biweekly,twice_daily,3,43
cucumber,pipino,dry,tropical_highland,32.0,64.3,8.3,8.6,6.7,51.3,clay,mixed,monthly,twice_daily,4,35
bottle_gourd,upo_smooth,dry,tropical_lowland,27.8,57.8,1.5,9.1,6.8,76.8,sandy,none,none,daily,3,47
sponge_gourd,patola,wet,subtropical,26.2,80.4,19.0,6.3,7.1,69.9,sandy,chemical,weekly,every_other_day,4,38
bitter_gourd,ampalaya_bilog,dry,tropical_highland,32.1,60.5,8.9,8.6,6.0,75.0,loamy,chemical,biweekly,every_other_day,3,43
bitter_gourd,ampalaya_hybrid,dry,subtropical,27.1,59.2,4.5,9.4,6.2,76.2,loamy,organic,none,daily,4,39
squash,kalabasa_native,wet,tropical_lowland,30.0,74.9,10.5,6.2,6.2,52.9,loamy,none,none,twice_daily,4,43
squash,kalabasa_native,wet,subtropical,27.0,79.4,27.3,4.2,6.5,65.1,sandy,none,biweekly,daily,4,46
squash,kalabasa_native,wet,tropical_highland,27.7,71.5,28.4,6.5,7.1,78.2,sandy,organic,monthly,twice_daily,4,40
bottle_gourd,upo_round,dry,tropical_lowland,29.6,63.2,7.9,8.5,6.2,64.6,silty,none,none,twice_daily,3,53
bottle_gourd,upo_long,wet,tropical_lowland,29.4,86.1,10.9,5.4,5.9,73.9,silty,chemical,monthly,every_other_day,3,45
squash,kalabasa_hybrid,dry,subtropical,29.9,64.5,3.6,9.4,5.8,65.5,silty,organic,none,twice_daily,4,39
cucumber,pipino,dry,tropical_lowland,30.7,55.2,6.6,8.2,6.8,75.2,silty,none,weekly,twice_daily,4,37
squash,kalabasa_hybrid,wet,subtropical,30.2,85.8,13.1,4.7,6.5,69.1,loamy,chemical,none,twice_daily,4,46
bottle_gourd,upo_smooth,wet,subtropical,31.4,89.8,21.3,6.3,6.6,79.8,loamy,organic,biweekly,twice_daily,4,50
sponge_gourd,patola,dry,tropical_highland,25.9,69.4,5.9,8.7,5.9,75.9,sandy,chemical,weekly,every_other_day,2,44
cucumber,pipino_japanese,dry,tropical_highland,27.6,68.2,6.3,7.3,5.9,56.4,sandy,mixed,none,twice_daily,5,31
cucumber,pipino_native,wet,tropical_highland,28.0,87.0,29.5,6.5,6.4,74.3,silty,chemical,weekly,twice_daily,3,29
cucumber,pipino_japanese,wet,tropical_lowland,29.9,82.1,14.7,4.1,6.0,51.2,loamy,organic,biweekly,every_other_day,4,33
cucumber,pipino_japanese,wet,tropical_lowland,28.6,77.3,25.4,4.3,6.9,71.3,silty,chemical,weekly,twice_daily,4,36
bitter_gourd,ampalaya_hybrid,dry,subtropical,26.4,72.3,5.8,7.6,6.6,57.0,loamy,mixed,biweekly,daily,4,39
cucumber,pipino_native,dry,subtropical,25.5,61.7,6.3,8.8,7.0,56.7,loamy,organic,monthly,every_other_day,3,34
bitter_gourd,ampalaya_hybrid,wet,subtropical,26.9,73.6,11.9,5.6,6.3,54.5,loamy,chemical,weekly,daily,3,45
squash,kalabasa,dry,subtropical,32.9,58.3,6.8,9.6,7.0,74.1,clay,mixed,none,twice_daily,4,45
squash,kalabasa_hybrid,wet,subtropical,27.7,84.1,10.8,5.4,6.8,72.1,sandy,mixed,weekly,twice_daily,4,44
cucumber,pipino,wet,tropical_highland,30.3,80.0,17.5,4.2,6.1,77.9,clay,organic,weekly,every_other_day,4,32
sponge_gourd,patola,dry,subtropical,30.3,60.6,5.8,7.6,6.9,64.4,loamy,mixed,biweekly,every_other_day,4,40
squash,kalabasa,dry,tropical_highland,24.2,69.4,9.9,9.6,5.9,78.0,clay,none,weekly,every_other_day,4,46
cucumber,pipino_japanese,wet,subtropical,27.4,82.8,17.5,5.3,6.9,60.5,clay,mixed,weekly,daily,4,31
sponge_gourd,patola_smooth,wet,tropical_highland,29.9,86.6,16.3,4.8,7.1,76.7,sandy,organic,weekly,daily,4,36
cucumber,pipino_native,dry,subtropical,28.2,72.3,1.2,7.3,7.2,58.8,clay,organic,biweekly,daily,4,34
sponge_gourd,patola,dry,tropical_highland,34.1,73.3,6.5,8.4,5.9,72.7,silty,none,weekly,daily,4,43
squash,kalabasa,dry,tropical_highland,33.4,62.8,0.4,10.0,6.9,55.0,loamy,organic,monthly,twice_daily,5,41
sponge_gourd,patola_smooth,dry,tropical_highland,26.6,57.2,2.5,9.7,6.1,63.0,clay,organic,weekly,daily,5,37
bitter_gourd,ampalaya_hybrid,dry,tropical_lowland,29.0,58.2,3.9,7.1,7.0,54.0,sandy,chemical,monthly,every_other_day,3,40
cucumber,pipino_japanese,dry,tropical_highland,32.8,73.3,8.1,7.6,6.5,59.0,loamy,organic,monthly,twice_daily,5,33
bitter_gourd,ampalaya_hybrid,dry,tropical_highland,30.2,74.9,2.5,7.6,6.3,67.3,silty,none,biweekly,twice_daily,4,43
cucumber,pipino_native,dry,tropical_lowland,31.8,55.6,6.6,7.9,6.8,63.6,silty,organic,weekly,twice_daily,4,32
cucumber,pipino,wet,subtropical,28.2,84.1,17.1,4.6,6.4,57.3,silty,organic,monthly,daily,5,32
squash,kalabasa_hybrid,dry,subtropical,33.7,71.7,3.3,7.2,6.6,58.2,silty,organic,weekly,every_other_day,3,45
bitter_gourd,ampalaya_bilog,dry,tropical_lowland,31.3,56.3,6.6,9.7,6.6,60.2,silty,mixed,monthly,twice_daily,3,43
bitter_gourd,ampalaya_oblong,wet,tropical_lowland,30.8,70.2,13.0,5.1,6.5,66.4,sandy,organic,monthly,every_other_day,5,38
sponge_gourd,patola_ridged,dry,subtropical,24.8,66.6,6.7,7.9,6.0,52.9,sandy,chemical,none,daily,3,38
squash,kalabasa,wet,tropical_highland,27.4,82.3,28.4,5.1,7.1,50.4,silty,chemical,weekly,twice_daily,4,44
bottle_gourd,upo_long,wet,tropical_lowland,28.2,72.4,28.2,5.2,5.9,67.3,silty,none,weekly,twice_daily,3,48
bottle_gourd,upo_round,dry,tropical_highland,34.4,69.8,1.2,7.4,6.3,50.8,clay,chemical,biweekly,every_other_day,4,46
squash,kalabasa,dry,tropical_lowland,27.6,55.2,2.2,8.9,5.9,55.2,silty,mixed,monthly,daily,5,40
squash,kalabasa_hybrid,wet,tropical_highland,26.3,90.0,14.2,5.2,6.7,66.3,clay,organic,monthly,twice_daily,5,40
cucumber,pipino,dry,tropical_lowland,24.4,60.5,5.5,9.3,7.0,77.4,silty,none,weekly,daily,4,33
sponge_gourd,patola_ridged,dry,subtropical,32.8,73.0,6.9,7.2,7.2,66.7,sandy,organic,weekly,daily,4,39
cucumber,pipino_native,wet,tropical_lowland,28.2,83.1,17.3,6.8,6.5,66.7,silty,mixed,none,every_other_day,3,38
bottle_gourd,upo_smooth,wet,tropical_lowland,26.2,85.6,12.4,4.5,6.0,79.4,loamy,mixed,biweekly,daily,4,44
sponge_gourd,patola,wet,subtropical,29.3,80.9,30.0,6.1,6.8,52.6,sandy,chemical,biweekly,every_other_day,3,39
sponge_gourd,patola_smooth,wet,tropical_highland,28.5,81.1,29.9,6.2,7.0,56.2,silty,mixed,weekly,every_other_day,5,43
bottle_gourd,upo_round,wet,tropical_lowland,30.7,79.7,25.7,5.6,7.1,58.6,loamy,chemical,biweekly,twice_daily,3,47
bitter_gourd,ampalaya_hybrid,wet,tropical_highland,28.4,86.0,27.1,7.0,6.5,78.4,sandy,organic,weekly,twice_daily,4,39
sponge_gourd,patola_ridged,dry,tropical_highland,34.4,70.7,8.0,7.3,6.4,63.7,clay,mixed,monthly,every_other_day,5,38
squash,kalabasa_hybrid,dry,subtropical,31.9,57.2,4.0,9.5,5.8,69.0,loamy,mixed,biweekly,every_other_day,4,38
cucumber,pipino,dry,tropical_lowland,28.1,73.3,0.3,9.3,6.8,75.1,silty,mixed,monthly,every_other_day,4,34
sponge_gourd,patola_smooth,dry,tropical_highland,26.3,57.3,9.0,8.7,6.0,76.2,loamy,none,monthly,daily,3,45
bottle_gourd,upo_smooth,dry,tropical_highland,27.4,67.5,0.2,8.6,6.3,51.4,loamy,organic,biweekly,every_other_day,4,43
bottle_gourd,upo_long,wet,tropical_highland,27.1,87.8,21.2,6.3,6.6,59.2,clay,chemical,biweekly,twice_daily,4,43
bitter_gourd,ampalaya_hybrid,wet,subtropical,29.3,86.2,23.7,4.8,7.1,52.1,sandy,none,monthly,every_other_day,4,48
squash,kalabasa_native,dry,tropical_lowland,32.0,68.9,2.8,9.9,6.7,70.0,silty,organic,monthly,daily,4,45
bottle_gourd,upo_round,dry,tropical_highland,26.1,70.1,8.8,8.6,7.1,66.7,clay,none,biweekly,daily,3,48
bitter_gourd,ampalaya_bilog,dry,tropical_lowland,25.6,61.6,7.4,8.2,5.8,74.4,sandy,mixed,none,daily,3,43
bottle_gourd,upo_smooth,wet,tropical_highland,30.0,77.1,20.8,6.3,7.1,69.6,sandy,mixed,weekly,twice_daily,3,44
sponge_gourd,patola_smooth,wet,tropical_lowland,29.5,75.7,26.1,5.6,6.5,56.9,clay,organic,none,daily,4,36
squash,kalabasa,wet,tropical_lowland,30.8,76.4,24.5,6.7,6.9,66.1,silty,none,weekly,twice_daily,4,47
squash,kalabasa_native,dry,tropical_lowland,25.8,74.4,0.4,9.8,6.2,70.0,loamy,chemical,monthly,every_other_day,3,44
cucumber,pipino,dry,subtropical,24.0,59.1,6.8,7.0,6.6,54.8,clay,organic,weekly,twice_daily,5,30
squash,kalabasa_native,dry,tropical_highland,27.7,66.8,4.6,8.0,6.3,63.0,clay,organic,weekly,twice_daily,4,45
squash,kalabasa,dry,tropical_lowland,29.2,64.7,7.1,8.3,6.5,62.0,silty,none,biweekly,daily,3,46
bottle_gourd,upo_round,wet,tropical_lowland,27.8,82.0,25.8,5.2,5.9,69.6,loamy,mixed,biweekly,twice_daily,3,45
squash,kalabasa_hybrid,wet,subtropical,27.3,80.3,24.0,5.8,6.9,62.2,silty,none,biweekly,daily,4,48
bitter_gourd,ampalaya_oblong,wet,tropical_lowland,26.6,88.6,24.4,4.4,6.5,75.0,sandy,organic,biweekly,daily,4,38
bitter_gourd,ampalaya_oblong,wet,subtropical,26.2,73.6,20.2,5.4,6.3,66.0,sandy,none,biweekly,daily,3,43
bottle_gourd,upo_round,dry,tropical_highland,26.2,65.2,3.7,8.5,5.9,73.3,silty,chemical,none,daily,4,50
bottle_gourd,upo_long,dry,tropical_lowland,31.0,56.9,3.5,8.5,6.9,61.0,sandy,chemical,weekly,every_other_day,4,48
cucumber,pipino_native,wet,subtropical,30.7,74.3,28.7,5.3,5.8,73.2,clay,organic,biweekly,twice_daily,4,32
sponge_gourd,patola_ridged,wet,subtropical,29.9,83.3,22.6,4.5,7.0,51.1,sandy,chemical,biweekly,daily,3,44
bottle_gourd,upo_long,wet,subtropical,26.0,84.6,13.3,6.5,6.9,54.2,loamy,organic,weekly,every_other_day,4,47
squash,kalabasa_hybrid,wet,tropical_lowland,31.3,77.9,18.7,6.9,6.4,58.6,sandy,mixed,monthly,daily,5,43
sponge_gourd,patola_ridged,wet,subtropical,30.4,70.2,15.2,5.3,6.5,52.0,sandy,organic,none,every_other_day,3,38
sponge_gourd,patola_smooth,dry,subtropical,33.3,60.6,2.9,8.3,6.2,67.4,sandy,organic,none,twice_daily,4,40
bitter_gourd,ampalaya_bilog,wet,tropical_lowland,30.7,80.5,29.9,6.8,6.4,57.1,silty,organic,monthly,every_other_day,3,38
cucumber,pipino_native,wet,subtropical,31.6,82.7,23.9,4.1,6.4,78.5,silty,chemical,biweekly,daily,4,35
sponge_gourd,patola,dry,tropical_lowland,34.5,57.3,6.9,7.0,6.5,59.7,loamy,chemical,weekly,twice_daily,4,42
squash,kalabasa_hybrid,wet,tropical_highland,28.5,73.3,28.5,5.3,6.5,71.8,loamy,organic,monthly,twice_daily,4,41
sponge_gourd,patola,dry,tropical_highland,31.3,72.1,5.2,9.5,5.9,69.1,sandy,organic,biweekly,twice_daily,4,37
squash,kalabasa_native,wet,tropical_lowland,29.1,82.5,15.6,6.8,5.8,61.0,sandy,chemical,weekly,twice_daily,4,42
cucumber,pipino_japanese,wet,subtropical,27.5,82.3,10.3,5.5,6.3,60.0,sandy,none,monthly,every_other_day,3,38
bitter_gourd,ampalaya_bilog,dry,subtropical,28.4,60.8,6.8,8.6,6.4,65.7,loamy,mixed,weekly,twice_daily,4,39
bottle_gourd,upo_smooth,wet,tropical_highland,26.7,71.2,24.9,5.4,5.8,65.4,sandy,organic,weekly,every_other_day,3,48
sponge_gourd,patola_ridged,dry,tropical_lowland,27.6,71.7,1.1,8.2,6.5,61.9,silty,none,none,daily,4,44
squash,kalabasa,wet,tropical_highland,28.6,70.1,14.4,6.6,5.8,61.2,clay,none,none,daily,2,49
bitter_gourd,ampalaya_hybrid,dry,subtropical,28.1,70.1,4.1,9.0,6.1,69.6,sandy,mixed,none,daily,4,39
bitter_gourd,ampalaya_bilog,wet,subtropical,26.9,73.7,23.7,5.5,6.5,63.9,sandy,chemical,none,daily,4,42
bottle_gourd,upo_long,dry,tropical_lowland,24.1,60.5,0.8,8.3,6.4,55.3,sandy,none,none,every_other_day,4,51
bitter_gourd,ampalaya_oblong,dry,subtropical,33.9,60.3,5.2,9.1,6.5,75.5,loamy,none,biweekly,every_other_day,4,43
bottle_gourd,upo_long,wet,tropical_highland,30.1,83.3,15.2,6.2,7.0,57.1,silty,none,weekly,daily,3,50
bitter_gourd,ampalaya_hybrid,dry,tropical_lowland,30.8,70.9,1.8,7.9,6.0,70.9,silty,chemical,biweekly,every_other_day,4,43
bottle_gourd,upo_smooth,wet,tropical_highland,28.2,74.0,13.2,4.7,6.0,59.6,silty,mixed,biweekly,daily,5,44
bitter_gourd,ampalaya_hybrid,wet,subtropical,29.7,70.8,29.8,6.6,6.3,68.5,silty,mixed,none,daily,4,43
squash,kalabasa,dry,tropical_lowland,32.9,58.3,3.7,7.3,6.3,78.9,sandy,mixed,none,daily,4,44
bottle_gourd,upo_long,dry,tropical_lowland,24.9,62.4,8.5,8.2,6.4,65.8,sandy,mixed,biweekly,daily,4,44
bitter_gourd,ampalaya_bilog,dry,subtropical,29.6,73.1,0.0,8.9,7.1,57.3,sandy,chemical,weekly,daily,3,41
sponge_gourd,patola_ridged,dry,subtropical,29.7,73.1,0.9,7.9,6.3,51.8,loamy,chemical,biweekly,every_other_day,4,37
cucumber,pipino_native,dry,tropical_highland,25.1,68.6,9.6,7.6,6.1,57.5,loamy,organic,weekly,every_other_day,5,29
sponge_gourd,patola_ridged,dry,tropical_highland,32.9,74.7,7.0,7.9,6.2,67.6,sandy,none,biweekly,twice_daily,3,44
squash,kalabasa_native,wet,tropical_highland,30.4,77.1,18.7,5.1,5.8,66.3,clay,organic,none,twice_daily,3,42
sponge_gourd,patola,dry,tropical_highland,27.1,58.0,1.0,7.5,7.1,58.7,loamy,organic,weekly,twice_daily,3,41
bitter_gourd,ampalaya_hybrid,dry,tropical_lowland,30.6,57.9,7.4,7.3,6.5,51.8,loamy,chemical,weekly,daily,5,37
bitter_gourd,ampalaya_bilog,dry,tropical_highland,28.2,69.7,6.1,9.6,6.8,78.2,clay,chemical,biweekly,daily,4,41
bottle_gourd,upo_long,dry,subtropical,25.4,62.2,8.1,7.2,6.8,72.1,clay,mixed,none,daily,4,45
cucumber,pipino_native,dry,tropical_highland,25.2,74.9,0.8,9.5,6.4,76.6,loamy,mixed,biweekly,twice_daily,4,33
bottle_gourd,upo_long,wet,tropical_lowland,27.6,78.3,26.6,4.0,7.1,66.3,silty,chemical,weekly,every_other_day,3,48
sponge_gourd,patola_ridged,dry,tropical_highland,26.2,55.3,2.3,7.1,5.9,78.9,silty,none,none,twice_daily,4,42
sponge_gourd,patola_ridged,dry,tropical_highland,27.2,71.0,7.0,7.2,6.3,69.9,loamy,mixed,monthly,every_other_day,4,36
bitter_gourd,ampalaya_hybrid,dry,tropical_highland,28.8,69.9,8.6,7.2,6.7,71.4,loamy,none,weekly,daily,5,42
cucumber,pipino_japanese,wet,subtropical,31.2,88.3,25.6,5.8,6.3,64.6,clay,mixed,monthly,daily,5,34
sponge_gourd,patola_ridged,wet,tropical_lowland,26.1,84.4,19.1,5.6,7.2,59.2,loamy,none,biweekly,twice_daily,4,42
cucumber,pipino_japanese,dry,subtropical,33.6,59.4,7.6,9.1,6.5,59.6,clay,organic,monthly,twice_daily,5,29
bitter_gourd,ampalaya_hybrid,dry,subtropical,28.7,66.3,6.8,8.1,6.3,75.4,sandy,organic,monthly,daily,3,43
cucumber,pipino_japanese,wet,tropical_lowland,31.4,78.8,20.1,5.1,6.0,66.0,silty,mixed,monthly,twice_daily,5,31
cucumber,pipino_native,dry,tropical_lowland,25.9,56.7,5.0,9.7,6.8,67.2,silty,none,biweekly,twice_daily,3,38
squash,kalabasa,dry,tropical_highland,29.3,67.8,4.7,8.2,6.3,52.9,silty,organic,none,every_other_day,3,42
squash,kalabasa,dry,tropical_lowland,24.7,68.7,9.1,8.9,7.0,67.2,silty,none,monthly,twice_daily,4,46
cucumber,pipino_native,wet,tropical_highland,27.5,76.2,23.3,5.9,6.6,59.1,clay,none,monthly,twice_daily,4,38
bottle_gourd,upo_smooth,wet,tropical_lowland,27.3,88.2,19.7,5.5,6.1,50.5,clay,organic,weekly,every_other_day,4,43
bitter_gourd,ampalaya_bilog,dry,tropical_highland,32.8,55.2,5.4,8.6,6.3,50.5,clay,none,biweekly,every_other_day,4,47
squash,kalabasa_hybrid,dry,subtropical,24.3,61.5,4.3,8.5,6.2,63.2,clay,organic,none,daily,4,39
sponge_gourd,patola_ridged,wet,tropical_highland,26.5,88.5,23.4,6.2,6.8,54.8,loamy,chemical,monthly,daily,4,41
squash,kalabasa_hybrid,dry,tropical_highland,29.8,58.4,8.7,7.6,6.6,60.7,sandy,none,weekly,daily,3,48
sponge_gourd,patola_smooth,wet,tropical_lowland,28.4,81.1,29.9,4.8,6.9,69.8,sandy,chemical,monthly,twice_daily,4,38
cucumber,pipino,dry,tropical_highland,30.7,58.1,8.7,8.3,6.0,68.6,loamy,chemical,biweekly,twice_daily,3,36
squash,kalabasa_native,dry,subtropical,29.9,55.9,1.9,7.5,6.7,54.7,sandy,mixed,none,twice_daily,4,42
bitter_gourd,ampalaya_bilog,wet,tropical_highland,27.9,79.8,28.2,5.9,6.8,77.8,loamy,chemical,biweekly,twice_daily,5,42
cucumber,pipino_native,wet,tropical_lowland,26.2,78.4,26.4,5.6,5.9,63.2,clay,none,monthly,twice_daily,3,38
cucumber,pipino_native,dry,subtropical,30.6,55.3,3.3,7.5,6.4,50.4,loamy,chemical,monthly,every_other_day,4,34
bitter_gourd,ampalaya_oblong,dry,tropical_highland,27.2,67.2,9.7,7.6,6.1,79.1,loamy,organic,monthly,twice_daily,4,38
cucumber,pipino_native,dry,subtropical,24.1,56.4,5.4,7.8,7.1,70.9,loamy,chemical,none,daily,3,37
bottle_gourd,upo_long,wet,subtropical,30.7,73.5,17.1,6.0,7.0,75.7,silty,organic,weekly,every_other_day,4,41
cucumber,pipino_native,dry,tropical_highland,31.3,64.9,0.2,7.9,6.8,62.3,clay,organic,weekly,every_other_day,3,32
cucumber,pipino,dry,subtropical,24.1,72.1,9.9,8.1,6.1,54.9,sandy,none,none,every_other_day,3,35
bottle_gourd,upo_long,dry,tropical_lowland,31.2,67.9,2.1,8.4,6.3,67.9,loamy,organic,monthly,daily,5,40
bitter_gourd,ampalaya_oblong,wet,tropical_lowland,30.6,89.0,21.7,5.4,6.7,75.3,silty,chemical,monthly,daily,5,41
sponge_gourd,patola_smooth,dry,tropical_lowland,31.3,66.0,7.2,8.4,6.5,64.0,silty,chemical,biweekly,twice_daily,3,37
squash,kalabasa,dry,subtropical,26.1,57.9,1.6,8.9,7.0,76.5,sandy,chemical,biweekly,twice_daily,4,47
bitter_gourd,ampalaya_hybrid,dry,subtropical,30.5,67.3,2.2,9.3,5.9,58.1,loamy,none,weekly,every_other_day,3,44
sponge_gourd,patola_ridged,dry,subtropical,33.1,69.8,5.1,8.4,6.3,56.4,loamy,mixed,none,daily,4,38
squash,kalabasa_native,wet,tropical_lowland,28.4,89.3,13.7,4.9,6.5,62.8,silty,organic,none,twice_daily,4,42
sponge_gourd,patola,dry,subtropical,27.5,70.1,1.1,9.7,5.9,54.2,sandy,none,none,daily,4,40
bottle_gourd,upo_long,dry,subtropical,24.7,71.4,6.5,8.9,6.1,62.1,loamy,chemical,weekly,twice_daily,3,50
squash,kalabasa_hybrid,wet,tropical_highland,29.0,84.0,19.9,7.0,6.8,55.6,silty,chemical,weekly,twice_daily,4,42
bottle_gourd,upo_long,dry,tropical_highland,24.5,67.1,2.3,7.7,6.4,63.6,silty,organic,biweekly,twice_daily,4,43
sponge_gourd,patola_smooth,wet,tropical_highland,31.3,71.1,21.3,6.1,7.1,57.4,clay,none,weekly,every_other_day,4,44
bottle_gourd,upo_long,wet,tropical_highland,27.8,78.5,13.5,6.9,7.1,54.5,loamy,chemical,biweekly,daily,4,47
bitter_gourd,ampalaya_bilog,dry,tropical_lowland,31.1,56.6,1.6,8.6,6.8,67.5,sandy,organic,none,every_other_day,4,36
sponge_gourd,patola,dry,subtropical,33.9,58.1,5.6,9.3,6.9,55.2,clay,organic,biweekly,twice_daily,4,40
bottle_gourd,upo_round,dry,tropical_highland,27.1,57.3,9.3,7.5,6.7,51.2,loamy,chemical,biweekly,every_other_day,4,49
bitter_gourd,ampalaya_bilog,dry,tropical_highland,32.2,69.0,7.2,8.3,6.3,67.7,clay,none,none,twice_daily,3,44
bottle_gourd,upo_smooth,dry,tropical_highland,34.2,72.8,2.0,8.8,6.7,63.8,clay,organic,monthly,daily,4,46
squash,kalabasa_hybrid,dry,tropical_highland,25.7,68.5,8.9,9.4,6.2,68.2,clay,none,weekly,daily,3,47
cucumber,pipino_japanese,dry,tropical_highland,30.3,55.0,7.3,7.8,6.6,60.4,sandy,chemical,monthly,every_other_day,3,35
bottle_gourd,upo_long,wet,tropical_lowland,27.4,77.6,18.4,6.1,6.2,61.3,silty,chemical,weekly,twice_daily,3,50
squash,kalabasa_hybrid,dry,tropical_lowland,31.3,55.6,5.6,7.9,6.5,58.7,silty,chemical,monthly,twice_daily,4,42
bitter_gourd,ampalaya_bilog,wet,tropical_lowland,31.7,73.2,13.8,4.7,7.0,75.2,loamy,mixed,monthly,daily,4,40
sponge_gourd,patola,wet,tropical_lowland,27.7,85.3,24.7,6.2,6.6,60.1,sandy,none,monthly,daily,3,45
bitter_gourd,ampalaya_oblong,dry,tropical_lowland,25.1,59.2,1.3,9.6,5.8,72.8,clay,organic,monthly,daily,4,41
sponge_gourd,patola_ridged,dry,subtropical,31.8,57.8,0.5,9.0,6.3,79.7,sandy,chemical,weekly,every_other_day,3,41
bottle_gourd,upo_smooth,dry,subtropical,24.0,65.5,9.7,9.1,7.1,53.9,clay,chemical,weekly,daily,3,47
squash,kalabasa_native,wet,subtropical,29.5,85.4,13.8,6.5,6.8,52.1,silty,organic,biweekly,every_other_day,4,42
bottle_gourd,upo_round,wet,tropical_highland,28.0,73.2,18.6,4.3,6.6,54.3,clay,organic,none,twice_daily,3,47
squash,kalabasa_native,wet,tropical_highland,31.0,82.6,27.7,5.7,6.2,51.0,sandy,mixed,biweekly,daily,4,41
bitter_gourd,ampalaya_bilog,dry,subtropical,29.5,68.8,6.2,9.6,7.0,66.8,clay,none,biweekly,twice_daily,4,45
cucumber,pipino,wet,subtropical,31.7,85.3,12.6,4.6,6.2,70.3,sandy,organic,none,twice_daily,5,32
squash,kalabasa,dry,tropical_lowland,31.2,71.6,9.0,8.3,7.1,72.2,sandy,chemical,monthly,twice_daily,3,43
cucumber,pipino_native,wet,tropical_lowland,27.8,78.4,12.6,6.2,5.9,72.5,silty,chemical,weekly,daily,4,34
sponge_gourd,patola_smooth,wet,tropical_lowland,31.1,83.3,12.7,6.9,6.2,67.8,sandy,none,monthly,twice_daily,3,45
bitter_gourd,ampalaya_hybrid,wet,tropical_lowland,31.1,72.9,27.3,5.7,5.9,53.7,loamy,chemical,monthly,daily,3,44
squash,kalabasa_native,dry,tropical_highland,24.8,63.2,6.0,7.9,6.2,52.2,sandy,chemical,weekly,every_other_day,3,46
bitter_gourd,ampalaya_bilog,dry,tropical_highland,26.6,69.4,6.7,7.8,6.9,56.0,silty,organic,biweekly,daily,4,38
cucumber,pipino_japanese,dry,tropical_lowland,24.6,69.6,2.8,8.8,7.1,57.6,silty,organic,biweekly,daily,3,34
bottle_gourd,upo_long,wet,tropical_highland,26.7,83.7,16.1,6.4,6.5,52.4,clay,chemical,weekly,every_other_day,3,48
sponge_gourd,patola_ridged,dry,subtropical,35.0,72.8,2.4,8.8,6.0,67.9,loamy,mixed,none,daily,5,39
cucumber,pipino_native,dry,tropical_highland,27.7,56.9,6.6,9.5,6.5,77.9,sandy,organic,biweekly,every_other_day,4,34
sponge_gourd,patola_smooth,dry,tropical_highland,27.9,60.6,1.6,9.8,6.6,72.0,clay,chemical,biweekly,twice_daily,4,38
sponge_gourd,patola_ridged,dry,subtropical,26.5,73.2,2.1,7.4,6.7,52.8,loamy,none,none,twice_daily,5,40
sponge_gourd,patola,dry,tropical_lowland,27.3,70.8,1.8,9.0,7.1,75.1,loamy,mixed,none,every_other_day,3,39
bottle_gourd,upo_round,wet,subtropical,26.4,77.6,27.2,6.1,6.5,76.5,silty,organic,weekly,daily,4,48
bitter_gourd,ampalaya_oblong,wet,tropical_highland,29.2,85.1,16.4,5.8,7.1,77.1,silty,organic,none,twice_daily,3,39
bitter_gourd,ampalaya_hybrid,dry,subtropical,33.5,57.3,5.5,7.6,6.5,56.1,clay,chemical,none,daily,2,47
bitter_gourd,ampalaya_oblong,dry,tropical_highland,30.1,55.5,4.4,9.3,6.9,78.0,clay,mixed,none,twice_daily,4,41
squash,kalabasa,dry,tropical_highland,27.5,72.9,6.7,8.8,6.0,60.2,clay,none,weekly,daily,3,49
squash,kalabasa,dry,tropical_lowland,34.3,62.5,5.9,9.0,6.5,57.3,sandy,chemical,weekly,twice_daily,4,43
sponge_gourd,patola_smooth,dry,subtropical,32.7,65.6,2.2,9.9,6.2,61.5,loamy,chemical,none,twice_daily,3,38
bottle_gourd,upo_round,dry,subtropical,26.5,64.1,5.1,8.0,7.0,61.9,silty,mixed,biweekly,every_other_day,4,47
cucumber,pipino_japanese,wet,tropical_highland,29.4,80.3,20.6,5.2,5.9,66.6,clay,chemical,biweekly,daily,4,31
squash,kalabasa_native,dry,subtropical,24.3,64.5,6.9,7.9,7.0,53.5,clay,mixed,none,every_other_day,5,43
cucumber,pipino_native,dry,tropical_lowland,31.6,73.7,5.0,8.8,6.0,58.0,loamy,none,biweekly,daily,4,38
squash,kalabasa_hybrid,wet,subtropical,29.1,86.4,19.7,5.0,6.0,60.8,sandy,chemical,none,every_other_day,3,44
squash,kalabasa_hybrid,wet,tropical_highland,27.8,76.7,20.3,4.5,7.1,70.6,sandy,chemical,weekly,twice_daily,3,43
squash,kalabasa_native,wet,subtropical,27.3,86.8,23.0,5.0,7.0,74.5,silty,chemical,biweekly,every_other_day,4,45
squash,kalabasa,wet,tropical_highland,30.2,80.8,15.4,6.3,6.7,73.8,clay,mixed,monthly,daily,4,45
bitter_gourd,ampalaya_bilog,dry,tropical_lowland,27.2,69.6,6.7,9.2,6.4,57.3,sandy,none,weekly,twice_daily,4,42
cucumber,pipino_native,dry,tropical_highland,30.6,69.7,7.8,7.6,6.3,66.3,clay,mixed,none,every_other_day,4,33
bitter_gourd,ampalaya_oblong,wet,tropical_highland,29.3,76.1,20.3,5.0,6.1,64.0,clay,none,biweekly,daily,3,42
bottle_gourd,upo_smooth,dry,subtropical,28.4,55.2,2.1,8.7,6.3,75.1,loamy,mixed,none,every_other_day,4,46
squash,kalabasa,wet,tropical_lowland,27.8,88.4,25.9,4.4,6.2,72.4,sandy,organic,biweekly,daily,4,39
bottle_gourd,upo_long,dry,tropical_lowland,28.2,61.5,7.3,9.7,5.8,64.3,sandy,none,weekly,twice_daily,2,53
bitter_gourd,ampalaya_oblong,dry,subtropical,24.2,58.4,8.2,8.6,5.9,52.5,clay,none,biweekly,every_other_day,2,48
squash,kalabasa_hybrid,dry,tropical_highland,29.8,57.0,8.6,7.1,6.8,79.3,sandy,organic,weekly,daily,4,38
bottle_gourd,upo_round,wet,tropical_highland,26.1,88.5,12.8,4.9,5.9,63.2,loamy,none,none,daily,3,53
bottle_gourd,upo_smooth,dry,tropical_highland,31.9,72.9,4.1,9.2,6.5,53.8,clay,organic,none,daily,3,47
sponge_gourd,patola_ridged,dry,subtropical,26.7,66.4,6.3,9.2,6.1,65.5,sandy,chemical,weekly,twice_daily,4,36
bottle_gourd,upo_round,dry,tropical_lowland,32.7,69.5,8.6,9.3,7.0,65.6,silty,none,biweekly,twice_daily,3,52
cucumber,pipino_native,wet,subtropical,29.6,81.5,23.0,4.0,7.0,74.5,loamy,mixed,monthly,twice_daily,5,28
bottle_gourd,upo_long,wet,tropical_highland,30.1,81.3,26.7,5.2,7.1,69.6,silty,mixed,none,every_other_day,5,46
cucumber,pipino_japanese,dry,tropical_lowland,24.5,65.4,5.8,8.2,6.8,55.1,silty,mixed,biweekly,twice_daily,4,30
bottle_gourd,upo_round,wet,tropical_lowland,26.3,77.3,11.5,6.9,6.0,79.5,silty,organic,biweekly,daily,4,44
sponge_gourd,patola_ridged,wet,tropical_highland,27.2,88.3,19.0,5.1,6.7,66.5,silty,none,weekly,twice_daily,4,40
bottle_gourd,upo_long,wet,subtropical,27.8,82.7,12.6,4.7,6.7,77.6,clay,none,weekly,daily,4,53
bottle_gourd,upo_smooth,dry,subtropical,24.1,55.5,9.9,7.3,6.1,54.2,clay,none,weekly,every_other_day,2,55
squash,kalabasa_native,wet,tropical_lowland,27.6,87.3,19.0,4.5,6.9,72.6,clay,none,monthly,twice_daily,4,46
squash,kalabasa_hybrid,dry,tropical_lowland,30.5,55.5,4.1,8.5,6.1,60.8,clay,organic,monthly,twice_daily,4,38
sponge_gourd,patola_ridged,dry,tropical_highland,33.3,67.8,8.5,8.9,7.1,62.1,sandy,none,biweekly,twice_daily,3,45
squash,kalabasa_native,dry,tropical_highland,28.4,74.1,7.6,8.4,6.8,50.8,loamy,chemical,weekly,daily,4,45
squash,kalabasa,dry,tropical_highland,24.0,57.7,2.6,7.1,6.1,76.2,sandy,mixed,weekly,twice_daily,5,37
bottle_gourd,upo_smooth,wet,subtropical,28.7,87.8,12.2,4.6,6.3,68.3,loamy,none,weekly,daily,4,52
bottle_gourd,upo_round,dry,tropical_lowland,31.2,62.5,3.8,7.4,7.0,74.8,loamy,organic,weekly,twice_daily,4,45
bottle_gourd,upo_long,dry,tropical_lowland,27.1,61.0,2.3,7.8,6.0,73.2,clay,chemical,none,daily,3,51
bottle_gourd,upo_round,dry,subtropical,34.5,64.3,9.9,7.8,7.2,68.4,silty,none,monthly,daily,4,50
bottle_gourd,upo_smooth,wet,tropical_lowland,26.3,78.1,13.4,6.8,7.2,77.3,clay,mixed,weekly,every_other_day,4,49
bitter_gourd,ampalaya_bilog,dry,tropical_highland,34.0,71.4,4.0,8.4,7.2,68.0,loamy,chemical,weekly,every_other_day,3,43
cucumber,pipino,wet,tropical_highland,30.6,72.1,20.6,5.1,5.9,58.9,sandy,none,weekly,twice_daily,3,38
bottle_gourd,upo_round,dry,subtropical,27.6,69.1,8.1,7.2,6.9,53.6,sandy,none,monthly,daily,3,51
sponge_gourd,patola_smooth,dry,tropical_lowland,31.4,56.2,5.3,9.1,6.0,51.3,silty,mixed,none,every_other_day,4,37
cucumber,pipino,wet,tropical_lowland,28.3,71.4,18.5,4.2,6.8,60.3,clay,organic,none,twice_daily,5,28
bitter_gourd,ampalaya_oblong,dry,tropical_highland,34.6,58.3,6.8,9.0,7.0,60.1,sandy,none,none,twice_daily,4,44
bottle_gourd,upo_smooth,dry,subtropical,27.7,71.4,8.2,7.5,6.6,50.3,clay,chemical,monthly,daily,4,44
bottle_gourd,upo_round,dry,tropical_lowland,34.1,73.1,6.7,7.2,6.7,67.7,sandy,mixed,monthly,daily,4,43
cucumber,pipino,dry,subtropical,32.6,58.1,8.0,8.8,6.3,67.0,silty,chemical,biweekly,twice_daily,4,37
cucumber,pipino,wet,subtropical,30.7,79.7,10.2,5.4,6.0,72.3,clay,none,none,every_other_day,3,35
sponge_gourd,patola,wet,tropical_lowland,31.4,74.1,13.5,4.8,6.4,56.3,clay,chemical,biweekly,daily,3,45
sponge_gourd,patola_smooth,wet,subtropical,29.1,73.6,19.9,4.4,6.3,75.2,clay,none,biweekly,every_other_day,3,45
squash,kalabasa,dry,tropical_lowland,28.5,70.0,9.3,8.0,6.4,55.3,silty,chemical,monthly,every_other_day,4,42
sponge_gourd,patola_ridged,dry,subtropical,30.8,58.4,5.0,7.8,6.6,52.4,clay,none,biweekly,daily,3,44
squash,kalabasa_hybrid,dry,tropical_highland,26.6,66.0,8.6,9.4,6.1,61.5,loamy,mixed,weekly,twice_daily,4,44
squash,kalabasa_hybrid,dry,tropical_lowland,31.8,67.3,1.4,7.1,6.8,60.5,clay,organic,none,every_other_day,4,42
bitter_gourd,ampalaya_oblong,wet,tropical_lowland,28.7,78.1,17.5,5.0,5.8,56.4,silty,none,biweekly,every_other_day,3,46
squash,kalabasa_hybrid,dry,tropical_lowland,34.7,63.9,9.5,8.9,6.3,64.7,sandy,organic,none,daily,5,42
bitter_gourd,ampalaya_oblong,wet,tropical_highland,31.4,74.4,14.0,6.0,6.7,74.9,silty,mixed,weekly,daily,5,39
cucumber,pipino,wet,tropical_highland,28.7,75.8,12.8,6.8,6.3,62.2,silty,organic,monthly,twice_daily,4,29
squash,kalabasa_native,wet,subtropical,28.5,83.8,15.2,5.1,6.8,67.9,clay,chemical,monthly,daily,4,43
sponge_gourd,patola_smooth,dry,subtropical,27.8,63.5,6.9,8.1,5.8,52.8,clay,chemical,biweekly,daily,2,44
bitter_gourd,ampalaya_oblong,dry,tropical_lowland,29.1,56.5,1.5,9.9,7.0,68.2,sandy,mixed,biweekly,every_other_day,4,38
bottle_gourd,upo_smooth,wet,tropical_highland,27.9,82.2,12.6,6.4,6.2,59.1,clay,organic,none,every_other_day,3,48
squash,kalabasa,wet,tropical_highland,28.2,76.9,11.6,4.5,6.7,59.4,loamy,none,weekly,daily,4,48
squash,kalabasa,dry,subtropical,29.6,63.5,8.7,8.6,7.0,72.6,clay,none,none,twice_daily,4,45
sponge_gourd,patola_smooth,wet,tropical_highland,26.7,88.2,12.2,5.4,6.4,71.8,loamy,mixed,biweekly,daily,5,40
sponge_gourd,patola_smooth,dry,tropical_lowland,30.4,72.5,5.9,7.3,7.0,53.1,silty,none,weekly,twice_daily,4,39
bitter_gourd,ampalaya_hybrid,dry,subtropical,31.5,71.6,8.2,8.9,6.8,68.5,clay,none,weekly,every_other_day,3,48
squash,kalabasa,wet,tropical_highland,30.2,77.0,12.8,6.5,7.0,55.5,loamy,organic,biweekly,daily,4,43
bitter_gourd,ampalaya_bilog,dry,tropical_highland,27.8,67.2,9.6,9.5,6.8,52.3,sandy,chemical,monthly,daily,4,40
sponge_gourd,patola,dry,subtropical,28.9,55.7,0.7,8.8,7.0,67.9,silty,chemical,monthly,every_other_day,3,39
bitter_gourd,ampalaya_bilog,dry,subtropical,30.5,68.8,5.2,10.0,6.2,50.6,loamy,chemical,monthly,twice_daily,3,44
cucumber,pipino_japanese,dry,subtropical,31.5,61.3,5.1,7.9,6.8,50.3,sandy,none,none,twice_daily,4,35
squash,kalabasa,wet,subtropical,26.1,85.1,19.9,4.3,6.6,51.2,clay,none,weekly,daily,3,44
bitter_gourd,ampalaya_hybrid,wet,tropical_highland,26.4,70.1,29.2,6.6,7.1,78.3,sandy,none,biweekly,daily,3,48
cucumber,pipino,dry,tropical_highland,25.4,68.2,0.8,8.8,7.1,50.1,sandy,none,weekly,twice_daily,2,38
cucumber,pipino_native,dry,tropical_highland,27.7,63.0,4.4,8.8,6.2,63.4,clay,chemical,biweekly,daily,3,31
squash,kalabasa_hybrid,dry,subtropical,28.5,72.3,3.8,7.9,6.1,59.1,silty,organic,none,every_other_day,4,40
squash,kalabasa_hybrid,dry,tropical_lowland,24.5,61.9,8.0,7.2,6.2,79.2,sandy,mixed,monthly,daily,5,42
squash,kalabasa,dry,tropical_highland,34.6,67.7,7.5,9.6,6.0,67.0,loamy,organic,monthly,daily,5,38
squash,kalabasa,dry,subtropical,31.0,67.5,2.6,8.5,7.0,73.9,loamy,none,weekly,every_other_day,3,50
cucumber,pipino_japanese,wet,subtropical,28.3,76.0,23.0,5.8,6.8,56.9,sandy,mixed,biweekly,daily,4,35
bitter_gourd,ampalaya_hybrid,dry,subtropical,25.1,61.2,6.5,7.3,7.2,55.7,sandy,chemical,none,twice_daily,3,44
squash,kalabasa_native,wet,tropical_highland,29.6,80.9,19.8,5.2,7.0,54.1,clay,organic,weekly,every_other_day,5,40
squash,kalabasa_native,wet,subtropical,29.1,85.2,13.1,6.3,6.3,78.5,sandy,none,monthly,daily,4,46
cucumber,pipino_japanese,wet,tropical_lowland,30.2,89.0,21.8,6.8,6.7,55.9,sandy,chemical,weekly,twice_daily,3,37
bitter_gourd,ampalaya_bilog,wet,subtropical,26.8,80.7,21.4,6.1,6.9,62.4,clay,none,weekly,every_other_day,4,43
squash,kalabasa_hybrid,dry,subtropical,26.2,64.3,0.8,7.9,5.9,50.2,clay,chemical,weekly,every_other_day,4,45
squash,kalabasa,dry,tropical_highland,26.3,72.4,6.5,7.3,6.3,51.2,sandy,none,weekly,every_other_day,3,45
sponge_gourd,patola,wet,tropical_highland,30.8,72.1,18.6,5.2,6.6,51.8,loamy,organic,none,every_other_day,3,39
cucumber,pipino_native,dry,tropical_lowland,24.0,69.6,6.9,9.6,6.0,68.5,loamy,chemical,monthly,every_other_day,3,36
squash,kalabasa_hybrid,wet,tropical_lowland,31.3,88.0,28.5,6.0,6.0,65.6,sandy,chemical,none,twice_daily,5,40
bitter_gourd,ampalaya_oblong,wet,tropical_lowland,31.0,75.8,29.8,6.4,6.9,52.7,silty,mixed,none,every_other_day,4,38
cucumber,pipino_japanese,dry,tropical_highland,29.9,73.2,9.3,9.0,6.5,56.6,silty,chemical,none,every_other_day,4,33
bottle_gourd,upo_smooth,dry,tropical_highland,33.1,66.1,1.5,8.4,7.0,56.9,clay,mixed,biweekly,twice_daily,5,44
sponge_gourd,patola,dry,tropical_lowland,31.9,58.9,7.8,7.7,6.4,58.3,clay,organic,monthly,twice_daily,3,38
squash,kalabasa,dry,tropical_highland,28.7,71.8,5.7,9.2,7.1,76.5,loamy,mixed,biweekly,twice_daily,5,41
bitter_gourd,ampalaya_oblong,wet,tropical_highland,31.5,88.0,26.8,6.8,6.8,61.7,sandy,chemical,weekly,daily,4,41
bitter_gourd,ampalaya_hybrid,dry,tropical_highland,33.7,61.6,1.3,9.1,7.1,77.3,silty,organic,monthly,every_other_day,4,41
squash,kalabasa_native,wet,tropical_highland,29.0,72.3,13.1,6.4,7.1,65.8,clay,mixed,monthly,every_other_day,4,42
squash,kalabasa,wet,tropical_lowland,31.4,89.9,17.3,5.6,7.0,63.1,silty,chemical,weekly,every_other_day,4,44
squash,kalabasa_hybrid,dry,subtropical,30.5,69.2,7.2,7.6,7.2,72.6,loamy,organic,biweekly,every_other_day,4,44
bottle_gourd,upo_round,wet,tropical_highland,28.5,78.4,11.7,4.6,5.9,54.8,clay,mixed,biweekly,every_other_day,4,46
cucumber,pipino_native,dry,tropical_lowland,28.0,58.7,1.5,8.1,6.8,71.9,loamy,mixed,biweekly,twice_daily,5,32
sponge_gourd,patola,dry,subtropical,29.9,68.9,3.5,10.0,6.1,57.7,sandy,mixed,weekly,every_other_day,4,37
bottle_gourd,upo_smooth,dry,tropical_lowland,29.8,73.0,3.3,7.6,6.1,75.8,loamy,mixed,biweekly,daily,4,43
cucumber,pipino_japanese,wet,tropical_highland,30.4,81.2,12.3,4.0,5.9,77.7,sandy,none,none,every_other_day,3,34
bottle_gourd,upo_round,wet,tropical_lowland,30.6,73.2,25.9,4.5,6.1,73.3,clay,none,biweekly,daily,3,51
squash,kalabasa_hybrid,wet,subtropical,28.7,71.7,18.3,6.4,6.4,73.6,silty,chemical,biweekly,twice_daily,3,42
bitter_gourd,ampalaya_bilog,wet,tropical_highland,27.7,74.0,19.0,6.6,6.3,58.2,clay,chemical,monthly,every_other_day,4,42
sponge_gourd,patola_smooth,wet,tropical_highland,28.3,73.9,24.9,6.5,7.0,79.7,loamy,organic,monthly,daily,4,35
bottle_gourd,upo_round,dry,subtropical,30.0,57.8,8.9,7.3,7.1,80.0,clay,organic,monthly,daily,4,44
bottle_gourd,upo_round,wet,tropical_lowland,28.3,71.3,10.3,5.8,6.5,67.4,silty,organic,biweekly,every_other_day,4,42
bottle_gourd,upo_round,dry,subtropical,27.6,56.9,8.4,7.9,6.3,68.2,loamy,chemical,weekly,daily,4,47
bottle_gourd,upo_smooth,dry,subtropical,27.6,56.5,8.4,8.7,6.2,60.7,clay,none,weekly,twice_daily,3,54
bitter_gourd,ampalaya_bilog,wet,tropical_highland,28.5,81.4,13.5,6.9,6.7,53.8,clay,none,monthly,twice_daily,4,44
bottle_gourd,upo_round,dry,tropical_highland,32.4,55.1,2.5,7.8,6.4,56.9,sandy,none,biweekly,daily,4,51
cucumber,pipino,dry,tropical_lowland,26.0,72.6,6.6,8.3,6.4,58.5,silty,mixed,monthly,twice_daily,4,30
squash,kalabasa_native,dry,subtropical,26.7,56.2,0.8,9.2,6.3,66.9,sandy,none,none,daily,4,48
cucumber,pipino_native,dry,tropical_lowland,24.2,71.6,5.4,9.5,6.4,68.6,silty,chemical,monthly,every_other_day,3,34
bottle_gourd,upo_smooth,dry,tropical_lowland,28.8,74.5,4.0,8.5,7.1,51.5,silty,chemical,none,twice_daily,3,46
sponge_gourd,patola_smooth,wet,tropical_lowland,31.8,73.2,19.3,6.1,6.6,59.9,sandy,chemical,weekly,every_other_day,3,38
cucumber,pipino_japanese,dry,subtropical,24.1,70.5,4.6,8.9,6.3,58.8,silty,organic,none,every_other_day,4,33
bitter_gourd,ampalaya_bilog,dry,tropical_lowland,32.8,69.4,1.7,8.1,7.1,64.0,clay,none,none,daily,4,45
cucumber,pipino_japanese,dry,tropical_highland,27.7,55.1,7.9,7.3,6.6,60.3,sandy,none,biweekly,daily,4,33
cucumber,pipino,dry,tropical_highland,30.0,63.7,5.9,9.8,6.3,71.3,sandy,none,none,every_other_day,3,38
sponge_gourd,patola_ridged,dry,tropical_highland,29.6,70.0,9.8,9.3,7.0,51.3,sandy,chemical,biweekly,daily,4,41
squash,kalabasa_hybrid,dry,tropical_highland,28.9,71.9,1.7,9.0,7.0,68.8,clay,organic,monthly,daily,4,41
cucumber,pipino,dry,tropical_lowland,29.3,61.2,2.8,10.0,6.0,62.4,loamy,none,biweekly,every_other_day,3,36
bitter_gourd,ampalaya_bilog,wet,tropical_lowland,31.8,71.4,10.8,4.2,5.9,57.0,clay,chemical,none,every_other_day,4,40
bottle_gourd,upo_smooth,wet,subtropical,31.8,89.5,24.3,4.7,7.0,50.3,silty,chemical,none,daily,3,51
cucumber,pipino_japanese,dry,tropical_highland,31.4,60.1,1.3,7.8,6.0,78.8,silty,none,none,daily,4,37
bitter_gourd,ampalaya_hybrid,wet,subtropical,28.3,82.6,20.4,4.1,7.0,60.7,clay,chemical,weekly,every_other_day,4,37
sponge_gourd,patola_smooth,wet,tropical_lowland,28.4,76.4,21.4,6.2,6.8,76.7,sandy,none,monthly,daily,4,40
bitter_gourd,ampalaya_bilog,wet,tropical_highland,29.0,80.5,10.2,5.7,6.8,61.7,sandy,chemical,biweekly,twice_daily,3,44
cucumber,pipino,wet,tropical_highland,26.4,76.7,10.8,4.5,6.7,60.3,silty,chemical,biweekly,every_other_day,4,33
bitter_gourd,ampalaya_bilog,wet,subtropical,27.9,85.2,26.3,4.7,7.1,59.5,loamy,chemical,biweekly,daily,3,45
bitter_gourd,ampalaya_bilog,dry,tropical_highland,31.3,56.6,7.6,7.9,6.4,51.2,loamy,none,monthly,twice_daily,4,44
bitter_gourd,ampalaya_oblong,wet,tropical_highland,29.4,81.3,24.5,7.0,6.3,66.0,sandy,none,monthly,twice_daily,4,43
bottle_gourd,upo_long,wet,tropical_highland,26.8,80.7,18.2,5.2,6.6,56.9,clay,chemical,biweekly,twice_daily,4,47
squash,kalabasa,dry,tropical_lowland,34.2,73.9,5.5,8.5,6.2,74.6,sandy,none,weekly,twice_daily,4,46
sponge_gourd,patola,dry,tropical_lowland,27.5,65.5,8.0,8.0,6.5,68.9,sandy,chemical,none,twice_daily,4,39
bottle_gourd,upo_round,wet,subtropical,29.4,76.3,21.2,4.3,6.6,71.0,silty,none,weekly,daily,4,50
sponge_gourd,patola_smooth,wet,tropical_lowland,26.1,88.9,21.7,6.8,6.3,71.5,silty,chemical,weekly,twice_daily,3,42
cucumber,pipino_native,dry,tropical_highland,27.2,72.9,4.7,9.1,6.2,67.9,silty,none,biweekly,every_other_day,4,34
bottle_gourd,upo_round,dry,subtropical,26.0,68.5,0.2,7.7,5.9,72.7,loamy,none,biweekly,daily,5,54
sponge_gourd,patola_ridged,dry,tropical_highland,25.6,64.0,8.3,7.5,6.9,78.2,silty,none,monthly,daily,4,43
bottle_gourd,upo_long,wet,tropical_lowland,26.3,70.9,19.8,6.9,7.0,64.4,clay,mixed,none,daily,5,43
bottle_gourd,upo_smooth,dry,tropical_highland,27.3,58.7,7.9,9.9,6.0,54.8,clay,mixed,weekly,daily,4,45
squash,kalabasa_native,dry,tropical_lowland,29.4,57.3,3.8,9.9,6.3,60.5,sandy,organic,monthly,daily,5,36
bottle_gourd,upo_smooth,wet,tropical_lowland,28.6,89.8,13.9,5.5,6.3,69.4,sandy,organic,weekly,daily,4,46
bottle_gourd,upo_smooth,wet,tropical_highland,28.9,71.2,14.5,4.9,6.9,64.3,clay,chemical,monthly,twice_daily,4,46
cucumber,pipino_native,dry,tropical_highland,30.2,55.0,1.5,9.6,5.9,76.8,sandy,chemical,biweekly,every_other_day,3,35
bitter_gourd,ampalaya_oblong,wet,tropical_highland,28.0,77.7,16.4,6.9,6.0,56.0,loamy,chemical,weekly,daily,4,40
squash,kalabasa_hybrid,dry,tropical_lowland,31.9,56.4,9.2,8.6,6.4,67.6,loamy,organic,none,daily,4,40
bottle_gourd,upo_smooth,wet,tropical_highland,26.7,73.0,17.9,6.5,6.3,72.0,loamy,none,monthly,daily,4,46
squash,kalabasa,wet,subtropical,31.3,70.9,19.1,4.2,6.4,65.6,silty,none,monthly,daily,4,45
sponge_gourd,patola_smooth,wet,tropical_lowland,26.0,82.8,24.4,6.5,6.9,78.0,sandy,mixed,none,twice_daily,5,37
sponge_gourd,patola,dry,tropical_lowland,27.9,69.7,5.6,9.8,7.1,63.7,silty,mixed,biweekly,twice_daily,4,39
bitter_gourd,ampalaya_hybrid,dry,subtropical,27.0,67.9,10.0,8.7,7.0,57.5,sandy,organic,weekly,twice_daily,3,46
bottle_gourd,upo_round,wet,tropical_lowland,32.0,85.0,18.5,6.9,7.1,73.3,sandy,none,weekly,every_other_day,3,50
sponge_gourd,patola_ridged,wet,subtropical,30.3,71.4,29.3,4.7,5.9,68.7,clay,none,biweekly,every_other_day,3,44
squash,kalabasa_hybrid,wet,tropical_lowland,30.2,81.2,11.4,6.9,6.3,74.4,silty,mixed,biweekly,daily,4,41
bottle_gourd,upo_smooth,dry,subtropical,34.0,70.4,0.2,9.5,6.7,65.7,loamy,organic,none,twice_daily,5,41
cucumber,pipino_native,dry,tropical_highland,33.9,65.7,0.4,8.1,6.7,58.4,silty,mixed,none,daily,4,34
bitter_gourd,ampalaya_oblong,dry,tropical_highland,32.3,62.8,0.1,8.9,7.2,64.6,silty,chemical,none,every_other_day,3,47
bitter_gourd,ampalaya_oblong,dry,tropical_highland,25.2,71.7,3.4,8.2,6.3,66.1,silty,chemical,weekly,every_other_day,3,44
bitter_gourd,ampalaya_oblong,dry,tropical_highland,28.3,60.6,5.0,8.4,6.4,73.7,clay,chemical,monthly,daily,3,45
cucumber,pipino_native,wet,tropical_lowland,30.0,72.3,11.9,4.9,6.2,55.4,clay,none,none,every_other_day,4,38
bitter_gourd,ampalaya_oblong,wet,tropical_lowland,27.7,84.9,23.1,5.5,6.1,75.5,silty,chemical,weekly,daily,4,40
bitter_gourd,ampalaya_hybrid,wet,tropical_lowland,30.1,86.7,18.8,5.3,6.4,64.1,silty,mixed,biweekly,twice_daily,4,43
sponge_gourd,patola_smooth,dry,tropical_highland,24.5,66.4,3.8,9.4,6.0,57.5,loamy,chemical,biweekly,daily,4,39
bitter_gourd,ampalaya_bilog,wet,subtropical,29.0,72.2,13.0,4.8,6.5,54.8,loamy,mixed,none,every_other_day,3,40
cucumber,pipino_native,dry,tropical_lowland,27.1,63.5,2.7,7.6,7.2,69.7,silty,mixed,none,twice_daily,3,37
sponge_gourd,patola_smooth,dry,tropical_highland,27.5,55.6,9.8,7.4,6.8,63.1,silty,organic,monthly,twice_daily,4,42
bottle_gourd,upo_round,wet,tropical_lowland,29.8,87.3,11.0,5.9,6.5,58.0,sandy,none,monthly,every_other_day,3,53
cucumber,pipino_japanese,dry,tropical_lowland,25.7,66.3,4.3,8.3,6.0,78.1,loamy,organic,weekly,twice_daily,5,29
squash,kalabasa,dry,subtropical,24.5,66.4,0.1,8.7,6.1,55.7,loamy,organic,monthly,twice_daily,5,38
cucumber,pipino_japanese,dry,tropical_highland,27.6,72.8,3.6,8.9,7.0,50.1,loamy,mixed,none,daily,4,34
sponge_gourd,patola,wet,subtropical,30.6,70.5,29.3,4.0,6.8,53.1,sandy,mixed,weekly,every_other_day,3,40
bottle_gourd,upo_long,dry,tropical_highland,27.2,58.6,6.8,8.6,6.2,79.4,silty,chemical,biweekly,daily,4,49
bitter_gourd,ampalaya_bilog,dry,tropical_lowland,34.2,74.5,0.1,9.7,7.0,63.5,loamy,organic,monthly,every_other_day,4,36
sponge_gourd,patola_smooth,wet,subtropical,30.2,77.9,14.7,5.4,6.2,65.6,sandy,none,biweekly,daily,4,44
bottle_gourd,upo_round,dry,tropical_lowland,32.3,55.6,2.3,7.3,6.3,72.3,loamy,organic,weekly,daily,4,43
cucumber,pipino_native,dry,subtropical,29.3,56.8,7.1,7.9,6.5,53.4,silty,none,monthly,every_other_day,3,38
bottle_gourd,upo_long,wet,tropical_lowland,30.3,87.1,15.4,4.0,5.9,56.6,clay,none,monthly,twice_daily,3,50
cucumber,pipino,dry,tropical_highland,25.7,67.9,4.8,7.8,6.5,54.8,sandy,chemical,biweekly,daily,4,31
sponge_gourd,patola_ridged,dry,tropical_lowland,28.6,55.3,5.8,8.8,7.0,75.1,silty,organic,monthly,every_other_day,4,38
squash,kalabasa_native,dry,subtropical,32.3,56.4,4.0,7.7,6.8,76.1,silty,mixed,biweekly,twice_daily,4,43
sponge_gourd,patola_smooth,dry,tropical_highland,33.8,55.2,8.8,7.2,6.2,66.6,loamy,mixed,biweekly,twice_daily,5,37
bottle_gourd,upo_round,dry,tropical_lowland,30.5,70.7,9.3,7.1,6.4,70.5,loamy,organic,none,every_other_day,4,42
cucumber,pipino,dry,tropical_highland,32.9,68.8,7.5,8.1,6.1,73.4,silty,none,biweekly,every_other_day,4,36
sponge_gourd,patola,wet,tropical_highland,31.0,74.1,18.5,4.8,5.8,50.4,loamy,chemical,biweekly,twice_daily,4,40
squash,kalabasa,wet,tropical_lowland,27.6,87.6,18.2,5.0,6.6,60.7,silty,mixed,biweekly,every_other_day,4,42
bitter_gourd,ampalaya_bilog,wet,tropical_lowland,30.7,79.4,20.8,4.4,6.4,64.8,silty,chemical,biweekly,twice_daily,4,39
squash,kalabasa,wet,tropical_lowland,31.1,74.7,29.5,4.7,6.5,78.9,sandy,chemical,monthly,every_other_day,3,44
squash,kalabasa,wet,tropical_lowland,28.2,75.0,19.4,6.4,6.2,76.7,clay,organic,biweekly,every_other_day,5,42
cucumber,pipino_japanese,wet,tropical_highland,28.0,88.5,22.8,6.8,6.1,72.3,clay,mixed,weekly,daily,4,31
cucumber,pipino_native,dry,subtropical,32.7,60.6,4.1,7.3,6.3,60.4,silty,chemical,weekly,every_other_day,3,36
bitter_gourd,ampalaya_hybrid,wet,tropical_lowland,26.1,72.9,25.2,5.8,6.1,53.2,sandy,none,weekly,twice_daily,4,44
bottle_gourd,upo_round,dry,tropical_lowland,29.2,60.6,2.5,9.0,6.8,78.9,silty,mixed,monthly,every_other_day,4,46
bitter_gourd,ampalaya_bilog,wet,tropical_highland,27.6,78.8,19.0,6.3,7.1,65.8,silty,mixed,none,daily,4,37
bottle_gourd,upo_round,dry,subtropical,24.1,57.2,4.0,7.5,6.3,76.1,clay,none,monthly,twice_daily,4,52
cucumber,pipino,wet,tropical_lowland,26.6,89.4,14.1,4.3,6.5,70.9,sandy,none,weekly,twice_daily,3,31
cucumber,pipino_japanese,wet,subtropical,30.5,72.5,25.3,4.8,6.7,70.1,clay,none,monthly,twice_daily,3,35
cucumber,pipino_japanese,dry,subtropical,31.6,55.0,7.4,8.3,6.5,56.7,sandy,none,biweekly,every_other_day,3,33
sponge_gourd,patola_ridged,wet,subtropical,28.7,87.6,10.6,6.5,7.0,50.1,loamy,organic,none,daily,3,40
bitter_gourd,ampalaya_oblong,dry,tropical_lowland,31.8,66.6,9.6,8.5,6.3,79.8,silty,none,monthly,every_other_day,3,48
cucumber,pipino_japanese,dry,tropical_lowland,27.0,73.4,6.5,9.7,6.6,79.6,silty,organic,none,twice_daily,4,34
bottle_gourd,upo_round,wet,tropical_lowland,30.2,86.4,17.8,4.0,7.1,71.7,silty,chemical,weekly,every_other_day,4,46
bottle_gourd,upo_round,dry,tropical_lowland,32.8,72.3,9.6,7.4,6.5,77.5,loamy,mixed,monthly,every_other_day,4,45
bitter_gourd,ampalaya_bilog,wet,tropical_lowland,31.5,81.7,25.7,6.3,6.3,73.6,loamy,chemical,monthly,daily,4,44
sponge_gourd,patola_ridged,wet,tropical_lowland,29.9,89.4,17.9,5.6,6.3,69.6,sandy,mixed,none,daily,4,36
cucumber,pipino_native,wet,tropical_highland,30.6,77.9,11.2,4.1,6.6,73.6,loamy,organic,monthly,daily,4,28
squash,kalabasa_hybrid,wet,tropical_highland,30.9,89.1,26.1,6.7,5.8,72.7,clay,chemical,monthly,every_other_day,3,46
bottle_gourd,upo_round,wet,tropical_highland,30.7,71.8,26.6,5.7,5.8,57.6,sandy,chemical,biweekly,twice_daily,4,46
bitter_gourd,ampalaya_bilog,dry,subtropical,33.2,58.0,3.6,7.4,6.5,55.9,sandy,mixed,monthly,daily,4,41
squash,kalabasa_native,wet,tropical_lowland,29.6,76.8,26.6,5.6,5.8,59.7,clay,organic,biweekly,daily,5,40
squash,kalabasa_native,wet,tropical_highland,31.8,89.5,19.9,4.4,7.0,50.8,sandy,none,weekly,daily,3,47
bitter_gourd,ampalaya_hybrid,wet,tropical_lowland,30.7,81.5,15.9,4.0,6.6,66.9,sandy,mixed,none,twice_daily,4,41
bottle_gourd,upo_smooth,dry,tropical_lowland,28.5,59.9,3.2,9.2,7.0,52.8,loamy,mixed,none,twice_daily,4,45
cucumber,pipino_japanese,wet,tropical_highland,30.9,72.3,17.2,4.3,5.9,64.8,silty,organic,biweekly,daily,4,32
cucumber,pipino,wet,tropical_lowland,26.8,78.7,25.6,5.1,6.7,73.8,silty,organic,biweekly,every_other_day,4,29
cucumber,pipino,dry,tropical_lowland,26.0,60.6,8.2,8.8,6.8,69.7,silty,organic,biweekly,twice_daily,5,33
bitter_gourd,ampalaya_hybrid,dry,subtropical,30.5,55.7,0.5,8.7,6.0,60.8,clay,mixed,biweekly,every_other_day,3,39
bottle_gourd,upo_long,wet,tropical_highland,29.3,79.4,17.2,5.1,7.1,73.8,clay,organic,biweekly,twice_daily,4,42
sponge_gourd,patola,wet,subtropical,31.1,78.0,20.2,6.4,5.8,52.3,silty,chemical,biweekly,twice_daily,3,42
sponge_gourd,patola,dry,tropical_lowland,26.4,72.7,0.1,8.3,6.9,63.8,sandy,mixed,monthly,twice_daily,4,38
bitter_gourd,ampalaya_hybrid,wet,tropical_lowland,27.7,72.9,22.8,4.9,6.4,64.3,clay,organic,weekly,daily,3,43
bitter_gourd,ampalaya_oblong,dry,tropical_lowland,29.9,73.7,7.6,9.1,6.4,59.1,loamy,mixed,weekly,twice_daily,4,43
squash,kalabasa_native,wet,subtropical,30.9,79.0,22.7,7.0,6.7,54.9,sandy,chemical,weekly,daily,4,41
sponge_gourd,patola_ridged,wet,subtropical,28.2,87.7,17.2,6.8,6.0,51.0,clay,chemical,biweekly,twice_daily,4,41
bottle_gourd,upo_smooth,wet,tropical_lowland,29.9,76.2,27.1,5.8,7.0,72.4,sandy,organic,monthly,twice_daily,4,44
bottle_gourd,upo_smooth,dry,tropical_highland,29.6,63.4,1.3,9.0,7.0,77.9,loamy,organic,biweekly,daily,4,44
sponge_gourd,patola,wet,subtropical,31.7,76.4,24.9,6.5,7.0,58.9,silty,mixed,biweekly,daily,4,39
bitter_gourd,ampalaya_oblong,dry,tropical_highland,29.5,69.3,3.8,7.2,6.3,71.1,loamy,mixed,weekly,twice_daily,4,39
cucumber,pipino_japanese,wet,tropical_lowland,27.2,71.1,27.9,4.6,6.3,61.3,silty,mixed,biweekly,every_other_day,4,32
cucumber,pipino_native,dry,tropical_highland,33.1,73.5,6.3,9.5,6.1,65.4,loamy,mixed,monthly,twice_daily,4,32
bottle_gourd,upo_long,wet,subtropical,29.4,84.4,27.1,5.3,7.1,55.5,sandy,chemical,weekly,daily,3,41
squash,kalabasa,wet,tropical_highland,26.0,86.5,29.0,5.6,6.6,53.4,loamy,none,monthly,twice_daily,4,46
bitter_gourd,ampalaya_hybrid,dry,subtropical,28.9,61.9,1.7,9.1,7.2,59.9,clay,chemical,none,every_other_day,2,42
sponge_gourd,patola,wet,subtropical,32.0,89.8,18.8,4.7,6.5,76.9,sandy,organic,biweekly,every_other_day,4,40
sponge_gourd,patola_ridged,wet,subtropical,32.0,71.0,24.4,4.6,6.3,58.8,clay,organic,weekly,every_other_day,4,39
bottle_gourd,upo_long,dry,tropical_lowland,26.6,57.6,5.8,8.9,5.9,52.2,loamy,organic,monthly,twice_daily,4,48
bitter_gourd,ampalaya_oblong,wet,subtropical,29.0,86.0,28.1,4.5,6.4,50.7,clay,chemical,biweekly,every_other_day,3,40
sponge_gourd,patola_ridged,wet,subtropical,26.0,72.3,19.8,6.4,6.8,69.2,clay,organic,none,twice_daily,4,40
bottle_gourd,upo_round,dry,tropical_highland,29.0,56.8,8.7,7.2,5.9,55.9,loamy,organic,none,twice_daily,4,44
cucumber,pipino_japanese,dry,tropical_lowland,31.2,58.0,2.9,8.9,5.9,70.4,sandy,none,biweekly,daily,4,38
sponge_gourd,patola,wet,subtropical,28.7,70.4,18.8,5.3,6.8,60.6,sandy,chemical,weekly,daily,4,39
squash,kalabasa,dry,subtropical,28.6,67.3,6.1,8.5,6.2,55.9,loamy,none,none,every_other_day,4,44
bitter_gourd,ampalaya_hybrid,wet,tropical_lowland,28.3,70.6,27.6,4.7,6.6,78.1,silty,organic,none,daily,4,41
cucumber,pipino_native,dry,tropical_lowland,29.8,72.1,1.1,7.3,6.0,75.9,clay,organic,weekly,every_other_day,4,33
bottle_gourd,upo_smooth,dry,tropical_highland,32.7,67.9,8.8,7.1,6.0,75.6,loamy,chemical,none,every_other_day,4,47
bottle_gourd,upo_long,dry,tropical_highland,26.0,65.4,0.7,8.4,6.4,58.7,loamy,organic,weekly,daily,4,43
squash,kalabasa_hybrid,wet,tropical_lowland,29.2,71.5,24.1,6.8,7.2,74.4,clay,none,biweekly,daily,3,47
sponge_gourd,patola_smooth,wet,tropical_highland,30.1,75.1,11.6,6.5,6.9,63.9,sandy,chemical,none,daily,3,42
cucumber,pipino_japanese,dry,tropical_lowland,28.9,72.2,4.9,8.4,6.8,51.1,sandy,mixed,biweekly,every_other_day,5,32
sponge_gourd,patola_ridged,dry,tropical_lowland,24.9,69.1,7.8,7.1,6.8,64.6,silty,none,monthly,every_other_day,4,40
sponge_gourd,patola,dry,subtropical,32.9,70.7,6.8,8.0,6.6,50.2,clay,chemical,monthly,daily,3,40
bitter_gourd,ampalaya_bilog,dry,subtropical,29.5,70.0,3.9,9.6,7.1,71.4,clay,none,biweekly,daily,3,48
sponge_gourd,patola,wet,tropical_highland,31.7,87.0,19.1,5.3,6.9,61.9,silty,mixed,none,daily,4,40
sponge_gourd,patola_ridged,dry,tropical_lowland,29.7,72.8,5.2,9.8,6.6,55.6,loamy,organic,monthly,twice_daily,4,40
squash,kalabasa,dry,tropical_lowland,26.1,61.9,8.2,9.9,6.4,72.5,loamy,organic,biweekly,twice_daily,5,39
bottle_gourd,upo_long,dry,tropical_highland,29.8,74.3,4.8,8.1,7.1,53.2,sandy,chemical,none,twice_daily,3,51
bottle_gourd,upo_smooth,wet,tropical_highland,26.8,71.1,14.8,5.3,6.0,70.8,loamy,mixed,biweekly,twice_daily,4,48
bitter_gourd,ampalaya_hybrid,wet,subtropical,28.3,76.9,19.9,5.2,6.6,79.6,sandy,organic,monthly,every_other_day,5,38
bottle_gourd,upo_smooth,dry,tropical_highland,34.0,71.1,3.8,9.7,5.9,61.4,clay,mixed,biweekly,twice_daily,4,47
bottle_gourd,upo_round,wet,subtropical,29.3,74.8,13.1,6.2,6.2,63.4,loamy,mixed,monthly,twice_daily,4,44
cucumber,pipino_native,wet,tropical_lowland,26.5,83.8,17.9,6.6,6.7,61.8,clay,none,weekly,every_other_day,3,36
sponge_gourd,patola_ridged,wet,subtropical,26.2,72.8,19.3,5.8,5.9,63.9,loamy,organic,none,twice_daily,4,37
cucumber,pipino_japanese,dry,tropical_highland,30.6,56.0,4.3,9.0,6.0,68.6,sandy,mixed,monthly,daily,4,34
bitter_gourd,ampalaya_hybrid,wet,tropical_highland,31.8,80.2,27.4,6.1,6.4,51.3,silty,mixed,monthly,twice_daily,3,41
bitter_gourd,ampalaya_oblong,wet,subtropical,29.9,87.6,16.0,6.5,6.7,68.4,sandy,mixed,weekly,twice_daily,4,41
bottle_gourd,upo_smooth,wet,tropical_highland,27.7,75.9,11.5,4.7,7.2,66.8,clay,organic,biweekly,every_other_day,4,51
sponge_gourd,patola,dry,tropical_highland,30.0,56.6,0.1,9.3,6.9,65.3,clay,mixed,none,daily,5,38
bitter_gourd,ampalaya_oblong,wet,subtropical,31.0,89.6,25.1,4.2,6.7,68.8,sandy,chemical,weekly,every_other_day,3,39
sponge_gourd,patola_smooth,wet,tropical_lowland,26.2,73.0,21.2,6.8,6.6,71.0,sandy,mixed,biweekly,daily,4,37
cucumber,pipino,wet,tropical_highland,28.9,85.9,29.0,6.6,6.5,60.1,loamy,chemical,biweekly,twice_daily,4,31
bottle_gourd,upo_round,dry,tropical_lowland,24.4,72.5,9.9,8.3,7.0,62.6,clay,organic,monthly,daily,3,46
bottle_gourd,upo_round,dry,tropical_highland,27.2,62.2,9.1,8.8,5.9,58.4,sandy,organic,weekly,twice_daily,4,44
bitter_gourd,ampalaya_oblong,wet,tropical_highland,27.6,85.9,21.6,4.5,5.8,52.7,clay,mixed,none,twice_daily,5,38
squash,kalabasa,dry,tropical_highland,27.8,57.1,0.6,7.6,6.8,70.0,silty,chemical,weekly,daily,4,42
bottle_gourd,upo_round,wet,tropical_highland,28.8,86.7,22.9,5.7,6.2,59.8,silty,mixed,none,every_other_day,5,44
bitter_gourd,ampalaya_bilog,wet,tropical_lowland,28.3,85.7,27.4,6.5,5.9,73.8,sandy,organic,weekly,every_other_day,3,40
bitter_gourd,ampalaya_oblong,wet,tropical_lowland,29.7,86.3,27.3,5.2,6.0,79.3,clay,none,none,every_other_day,2,48
sponge_gourd,patola,wet,tropical_lowland,31.0,76.3,16.2,4.1,6.9,57.9,silty,chemical,biweekly,daily,4,36
squash,kalabasa,dry,subtropical,27.1,73.8,7.6,9.1,5.8,70.7,sandy,mixed,monthly,daily,3,41
bottle_gourd,upo_round,dry,tropical_highland,24.1,62.4,3.7,8.5,7.1,52.4,clay,mixed,monthly,daily,4,43
squash,kalabasa_hybrid,dry,tropical_highland,32.7,56.9,4.9,8.1,6.7,66.3,silty,organic,biweekly,twice_daily,4,40
bottle_gourd,upo_round,wet,tropical_lowland,31.6,83.5,28.2,4.1,6.6,58.0,silty,chemical,none,daily,3,47
bitter_gourd,ampalaya_bilog,dry,subtropical,26.4,74.8,7.7,7.2,7.2,54.5,loamy,none,none,daily,3,43
bitter_gourd,ampalaya_oblong,wet,tropical_highland,26.2,74.5,10.2,6.2,7.0,59.7,clay,mixed,weekly,daily,4,40
bitter_gourd,ampalaya_bilog,wet,tropical_highland,31.6,82.5,22.2,6.0,6.0,52.8,clay,organic,monthly,daily,4,37
sponge_gourd,patola_smooth,dry,subtropical,34.7,70.3,7.4,9.6,6.6,63.1,silty,none,weekly,every_other_day,3,45
bottle_gourd,upo_round,wet,tropical_highland,31.8,88.5,12.9,6.2,7.1,75.9,sandy,chemical,biweekly,every_other_day,3,49
cucumber,pipino_japanese,wet,tropical_highland,27.5,83.5,10.0,4.6,6.3,56.4,sandy,none,weekly,every_other_day,3,37
cucumber,pipino_native,dry,subtropical,26.7,58.5,8.3,8.4,5.9,74.6,sandy,none,biweekly,every_other_day,3,38
squash,kalabasa_native,dry,tropical_highland,29.0,70.3,4.6,7.9,6.6,65.3,loamy,chemical,none,every_other_day,3,45
squash,kalabasa,wet,subtropical,29.1,76.6,28.1,4.1,7.1,67.1,clay,mixed,none,every_other_day,3,44
cucumber,pipino_native,wet,tropical_highland,31.3,89.8,16.8,5.2,6.2,77.8,loamy,mixed,weekly,daily,5,33
sponge_gourd,patola,dry,tropical_lowland,26.1,65.9,8.9,7.4,6.1,63.2,silty,none,monthly,twice_daily,4,42
bitter_gourd,ampalaya_bilog,dry,subtropical,30.3,63.5,0.1,8.5,7.0,53.3,silty,none,weekly,daily,4,43
sponge_gourd,patola_ridged,dry,tropical_highland,34.2,56.5,6.6,9.1,7.2,50.9,loamy,chemical,biweekly,every_other_day,3,43
cucumber,pipino_japanese,wet,tropical_lowland,31.2,81.0,23.6,5.9,5.9,59.6,silty,mixed,weekly,every_other_day,4,34
bottle_gourd,upo_smooth,dry,subtropical,25.1,72.9,6.6,9.5,5.9,66.9,clay,mixed,none,daily,4,46
bitter_gourd,ampalaya_hybrid,wet,subtropical,30.4,72.7,20.8,4.9,6.0,71.2,loamy,organic,monthly,twice_daily,4,42
bottle_gourd,upo_smooth,dry,subtropical,29.1,72.3,7.5,7.8,6.5,75.5,loamy,organic,weekly,twice_daily,5,44
sponge_gourd,patola_smooth,dry,tropical_lowland,29.1,72.9,6.6,9.8,6.6,57.1,loamy,organic,biweekly,every_other_day,3,41
sponge_gourd,patola_ridged,dry,subtropical,29.0,64.6,3.5,7.2,6.1,58.4,loamy,none,monthly,every_other_day,3,45
cucumber,pipino_japanese,wet,subtropical,26.2,87.0,27.3,6.3,6.0,62.1,silty,chemical,monthly,every_other_day,3,36
cucumber,pipino_native,dry,tropical_highland,30.0,74.5,9.3,9.1,6.1,77.7,loamy,organic,biweekly,daily,5,30
squash,kalabasa_native,dry,subtropical,24.6,62.4,9.7,8.1,6.9,71.9,silty,mixed,weekly,twice_daily,4,42
squash,kalabasa_hybrid,wet,subtropical,31.9,83.3,17.1,5.8,6.3,65.5,silty,none,monthly,twice_daily,4,49
squash,kalabasa,wet,subtropical,29.6,72.5,26.3,6.0,6.6,76.3,sandy,chemical,none,daily,3,47
bitter_gourd,ampalaya_hybrid,dry,subtropical,29.3,55.9,8.5,7.6,6.4,50.6,silty,none,monthly,every_other_day,4,40
bottle_gourd,upo_long,wet,tropical_lowland,31.5,79.3,20.3,6.8,6.4,50.9,sandy,organic,biweekly,every_other_day,3,48
bitter_gourd,ampalaya_hybrid,wet,tropical_lowland,26.6,77.5,16.2,6.2,6.7,70.5,loamy,organic,none,twice_daily,4,42
bitter_gourd,ampalaya_bilog,dry,tropical_lowland,26.9,65.0,5.9,9.5,5.9,74.8,silty,none,biweekly,twice_daily,3,44
cucumber,pipino_japanese,wet,tropical_highland,29.1,77.4,25.0,6.9,6.9,78.2,loamy,chemical,none,every_other_day,4,36
bottle_gourd,upo_round,wet,tropical_highland,27.4,77.6,18.0,4.4,6.5,69.1,loamy,none,biweekly,every_other_day,4,48
bottle_gourd,upo_long,dry,subtropical,29.3,67.1,6.0,9.1,7.1,69.6,clay,mixed,weekly,every_other_day,3,46
sponge_gourd,patola,dry,tropical_lowland,29.7,63.5,8.7,9.7,6.1,74.0,loamy,organic,biweekly,every_other_day,4,42
bitter_gourd,ampalaya_hybrid,wet,subtropical,28.9,75.4,16.8,5.0,6.1,79.5,loamy,organic,monthly,twice_daily,4,39
cucumber,pipino_native,wet,tropical_highland,30.5,79.6,14.2,5.8,6.1,66.3,clay,none,none,twice_daily,4,32
bitter_gourd,ampalaya_hybrid,wet,tropical_lowland,27.1,76.8,11.4,6.9,6.1,76.3,silty,none,none,daily,3,43
bottle_gourd,upo_smooth,dry,subtropical,27.7,72.7,7.8,9.9,7.0,60.9,loamy,mixed,weekly,daily,4,42
cucumber,pipino_native,wet,tropical_lowland,27.0,72.0,28.5,5.5,6.7,50.6,clay,chemical,monthly,twice_daily,3,35
cucumber,pipino,dry,tropical_lowland,31.7,58.1,5.2,7.5,7.0,59.9,loamy,organic,biweekly,every_other_day,5,30
squash,kalabasa,wet,tropical_highland,30.5,72.9,29.2,5.1,6.5,56.7,silty,mixed,biweekly,twice_daily,4,41
cucumber,pipino_native,dry,tropical_lowland,33.8,69.1,0.2,9.2,6.8,60.7,silty,mixed,monthly,twice_daily,4,35
squash,kalabasa_hybrid,dry,subtropical,31.7,60.1,1.4,8.5,7.1,61.1,clay,mixed,weekly,every_other_day,4,45
bottle_gourd,upo_round,wet,subtropical,31.4,75.9,11.5,5.1,6.8,79.3,sandy,none,none,every_other_day,4,50
bitter_gourd,ampalaya_bilog,wet,tropical_highland,26.8,75.6,26.8,6.3,6.3,65.8,clay,none,biweekly,every_other_day,3,46
bitter_gourd,ampalaya_oblong,wet,tropical_highland,30.8,79.7,26.8,6.6,6.9,72.7,sandy,organic,weekly,every_other_day,2,44
squash,kalabasa,dry,tropical_lowland,27.5,65.3,1.5,7.6,5.9,75.8,silty,none,monthly,daily,4,47
sponge_gourd,patola_smooth,wet,tropical_highland,26.3,71.1,19.8,6.7,6.7,65.9,loamy,mixed,weekly,twice_daily,4,40
squash,kalabasa_native,dry,tropical_highland,27.4,63.3,5.5,9.7,6.7,75.6,clay,mixed,biweekly,twice_daily,4,45
squash,kalabasa_hybrid,dry,tropical_highland,31.4,56.0,9.9,8.2,6.7,55.6,clay,chemical,biweekly,daily,4,45
sponge_gourd,patola_ridged,dry,subtropical,26.9,70.2,1.0,8.7,6.7,59.2,sandy,none,weekly,every_other_day,3,44
sponge_gourd,patola_smooth,wet,tropical_lowland,28.6,73.6,22.6,4.7,6.1,67.3,sandy,chemical,none,every_other_day,4,41
bottle_gourd,upo_long,dry,tropical_highland,27.6,73.8,4.4,9.5,6.2,79.0,loamy,none,none,every_other_day,3,52
cucumber,pipino_japanese,dry,tropical_lowland,24.7,64.4,9.8,8.2,7.2,76.7,clay,mixed,biweekly,every_other_day,4,30
bitter_gourd,ampalaya_hybrid,dry,tropical_highland,24.6,71.5,6.0,9.8,6.3,70.6,sandy,chemical,weekly,twice_daily,3,43
bitter_gourd,ampalaya_oblong,dry,subtropical,24.7,56.7,0.0,7.9,7.1,70.9,loamy,chemical,weekly,twice_daily,3,42
bitter_gourd,ampalaya_oblong,wet,subtropical,27.4,82.3,10.8,5.3,5.9,78.9,silty,none,none,daily,4,43
cucumber,pipino,dry,subtropical,26.9,74.5,2.9,7.9,6.3,68.9,loamy,chemical,weekly,daily,4,34
squash,kalabasa,wet,subtropical,26.0,74.5,10.8,5.3,6.4,78.6,sandy,chemical,weekly,twice_daily,4,43
sponge_gourd,patola,dry,subtropical,32.4,64.0,9.1,9.1,6.3,75.9,loamy,none,monthly,twice_daily,5,42
sponge_gourd,patola_smooth,dry,tropical_highland,29.0,59.0,1.4,9.3,6.6,54.5,clay,organic,none,twice_daily,3,39
sponge_gourd,patola_smooth,wet,tropical_highland,29.4,83.0,15.8,4.0,6.2,67.0,clay,organic,monthly,daily,3,36
cucumber,pipino,wet,subtropical,29.3,75.2,26.4,5.1,6.4,52.6,silty,chemical,none,twice_daily,4,32
bitter_gourd,ampalaya_bilog,wet,tropical_lowland,31.2,77.6,21.3,5.4,7.2,58.4,sandy,mixed,monthly,every_other_day,4,43
bitter_gourd,ampalaya_hybrid,dry,tropical_highland,31.1,57.3,7.1,8.0,6.7,66.4,loamy,chemical,biweekly,daily,3,43
cucumber,pipino,dry,tropical_highland,27.3,59.6,6.4,9.7,6.7,50.7,clay,chemical,biweekly,daily,3,36
sponge_gourd,patola_ridged,dry,subtropical,24.0,67.7,5.8,8.6,6.1,77.4,loamy,none,biweekly,every_other_day,3,41
squash,kalabasa_hybrid,wet,tropical_lowland,31.4,70.1,13.1,4.8,7.2,51.4,sandy,chemical,monthly,daily,4,44
squash,kalabasa_native,wet,subtropical,27.1,85.0,18.1,4.6,6.9,57.2,silty,chemical,none,daily,3,44
bottle_gourd,upo_long,wet,subtropical,31.9,76.0,24.8,6.7,6.3,69.4,loamy,organic,weekly,every_other_day,4,44
bottle_gourd,upo_long,wet,tropical_lowland,28.8,77.9,14.9,5.6,6.9,64.2,loamy,none,none,daily,4,50
squash,kalabasa_hybrid,wet,tropical_lowland,28.4,89.1,13.9,6.7,7.0,65.9,sandy,organic,none,every_other_day,3,43
sponge_gourd,patola_ridged,wet,subtropical,31.6,71.6,19.3,6.2,6.3,74.3,clay,organic,weekly,twice_daily,4,35
bottle_gourd,upo_long,dry,tropical_highland,34.3,61.4,5.8,7.2,6.4,73.6,silty,none,weekly,every_other_day,3,55
squash,kalabasa_hybrid,wet,tropical_lowland,32.0,70.8,17.3,5.5,7.2,74.8,loamy,none,none,twice_daily,3,50
squash,kalabasa_native,wet,tropical_lowland,27.7,84.6,16.5,4.2,7.1,62.6,clay,none,biweekly,twice_daily,4,50
cucumber,pipino,dry,tropical_lowland,28.9,74.5,0.6,8.1,6.0,58.9,silty,organic,monthly,every_other_day,4,31
bitter_gourd,ampalaya_oblong,dry,subtropical,25.6,71.8,4.7,7.2,6.6,79.4,clay,organic,monthly,daily,4,42
sponge_gourd,patola_smooth,wet,subtropical,27.2,73.6,20.0,5.8,6.4,62.2,clay,organic,weekly,every_other_day,3,41
sponge_gourd,patola,wet,tropical_lowland,31.9,84.1,21.9,4.1,5.8,63.7,clay,none,none,twice_daily,3,42
sponge_gourd,patola_smooth,dry,tropical_lowland,34.0,56.6,8.3,8.5,6.5,67.9,sandy,none,weekly,twice_daily,3,45
cucumber,pipino_japanese,dry,subtropical,28.3,70.7,9.3,9.4,7.2,65.8,clay,mixed,monthly,twice_daily,4,33
cucumber,pipino,wet,subtropical,29.9,76.5,10.2,4.2,7.0,53.7,clay,mixed,biweekly,twice_daily,4,28
bitter_gourd,ampalaya_oblong,dry,tropical_highland,30.6,62.5,3.1,8.1,6.3,65.3,sandy,none,biweekly,twice_daily,4,41
cucumber,pipino_japanese,dry,tropical_lowland,26.0,74.3,8.7,9.8,6.6,64.0,clay,organic,biweekly,every_other_day,4,31
bottle_gourd,upo_smooth,dry,tropical_highland,31.2,66.7,5.8,9.8,5.9,68.4,clay,organic,monthly,daily,4,44
sponge_gourd,patola_ridged,dry,tropical_highland,27.3,56.0,9.1,9.1,7.0,58.2,sandy,organic,biweekly,daily,3,37
bottle_gourd,upo_round,wet,tropical_lowland,30.1,84.9,25.1,5.8,6.2,53.6,silty,none,monthly,every_other_day,4,49
squash,kalabasa_native,wet,tropical_lowland,26.4,80.6,19.5,5.4,6.7,72.6,silty,none,monthly,daily,4,50
squash,kalabasa,dry,subtropical,27.7,65.1,9.9,9.1,6.4,71.2,sandy,none,weekly,twice_daily,3,46
sponge_gourd,patola_smooth,dry,subtropical,34.2,58.0,6.2,7.1,6.5,62.2,sandy,chemical,biweekly,daily,4,40
cucumber,pipino_native,wet,tropical_lowland,26.7,89.2,23.5,4.6,6.4,59.3,sandy,none,biweekly,twice_daily,3,34
sponge_gourd,patola,wet,tropical_lowland,29.8,81.4,15.0,6.9,6.6,74.6,loamy,organic,none,every_other_day,4,37
squash,kalabasa_hybrid,wet,tropical_lowland,26.8,86.4,25.6,5.9,6.3,79.1,silty,organic,weekly,daily,5,37
bottle_gourd,upo_smooth,dry,tropical_lowland,30.5,59.2,6.9,8.6,6.3,73.2,clay,none,weekly,every_other_day,3,53
sponge_gourd,patola_smooth,dry,subtropical,33.9,57.6,9.8,8.9,6.1,78.4,clay,none,monthly,twice_daily,3,45
bitter_gourd,ampalaya_oblong,dry,tropical_lowland,34.4,64.3,8.9,7.0,7.1,51.5,sandy,chemical,biweekly,daily,3,43
bottle_gourd,upo_long,wet,tropical_lowland,31.0,89.4,14.7,6.5,6.0,72.5,sandy,organic,weekly,every_other_day,4,44
cucumber,pipino,wet,tropical_highland,28.4,85.0,26.5,4.9,6.1,66.8,loamy,chemical,weekly,every_other_day,3,33
sponge_gourd,patola,wet,tropical_lowland,29.1,79.6,16.0,5.1,6.8,68.9,silty,organic,monthly,twice_daily,5,37
sponge_gourd,patola_smooth,dry,tropical_lowland,33.3,63.4,9.6,8.3,7.2,52.9,sandy,chemical,monthly,twice_daily,4,37
sponge_gourd,patola_ridged,wet,tropical_lowland,31.5,88.3,14.0,5.0,5.9,59.3,sandy,chemical,none,every_other_day,4,41
bottle_gourd,upo_round,wet,tropical_highland,28.2,82.4,20.8,4.2,7.1,77.0,sandy,chemical,biweekly,twice_daily,3,46
bottle_gourd,upo_long,wet,subtropical,28.0,80.9,15.4,4.1,6.4,76.3,clay,chemical,monthly,twice_daily,3,48
bitter_gourd,ampalaya_oblong,wet,tropical_highland,26.5,84.0,14.2,6.4,6.7,61.7,sandy,organic,weekly,daily,4,38
bitter_gourd,ampalaya_oblong,wet,tropical_highland,31.0,71.1,21.7,5.4,7.2,73.8,silty,none,monthly,daily,3,47
bitter_gourd,ampalaya_bilog,wet,tropical_highland,28.1,81.9,12.3,5.2,6.4,76.4,sandy,chemical,monthly,every_other_day,3,46
cucumber,pipino_native,wet,tropical_lowland,28.8,80.1,23.7,5.8,6.3,65.9,sandy,mixed,biweekly,twice_daily,4,31
bottle_gourd,upo_round,dry,subtropical,29.7,74.8,4.0,8.6,6.9,50.8,clay,mixed,none,twice_daily,5,47
cucumber,pipino_native,wet,tropical_highland,26.1,78.8,12.2,5.2,6.7,68.2,clay,organic,weekly,every_other_day,3,34
squash,kalabasa_native,dry,tropical_lowland,32.0,60.8,8.7,9.5,6.6,74.8,silty,mixed,none,daily,4,41
bottle_gourd,upo_smooth,dry,tropical_lowland,28.9,62.9,7.1,7.3,6.4,78.9,sandy,chemical,none,every_other_day,3,49
bottle_gourd,upo_smooth,dry,tropical_lowland,31.1,60.2,1.2,8.6,6.0,54.9,clay,organic,none,twice_daily,4,43
cucumber,pipino_native,dry,subtropical,30.3,58.1,9.7,8.6,6.1,56.8,loamy,mixed,none,every_other_day,4,30
sponge_gourd,patola_smooth,dry,tropical_lowland,31.3,58.8,8.4,7.7,6.4,50.7,loamy,organic,monthly,twice_daily,5,35
squash,kalabasa_native,dry,tropical_lowland,30.0,68.0,8.6,7.7,6.9,74.5,silty,chemical,none,every_other_day,4,44
cucumber,pipino,dry,subtropical,31.1,56.1,5.5,9.6,6.3,55.6,silty,organic,biweekly,daily,4,34
cucumber,pipino,wet,tropical_lowland,31.0,86.8,12.0,5.8,6.8,52.8,sandy,mixed,none,every_other_day,4,35
cucumber,pipino_japanese,dry,subtropical,27.8,71.7,5.9,8.3,6.7,74.5,clay,mixed,biweekly,daily,5,32
bitter_gourd,ampalaya_bilog,dry,tropical_highland,25.1,57.8,9.6,8.0,6.3,79.2,silty,none,biweekly,twice_daily,4,45
sponge_gourd,patola,wet,tropical_lowland,26.1,83.7,17.8,5.5,6.0,66.6,sandy,organic,biweekly,daily,4,39
bitter_gourd,ampalaya_hybrid,wet,tropical_highland,28.9,82.9,19.7,5.2,7.0,74.7,clay,none,none,daily,4,42
bottle_gourd,upo_round,wet,subtropical,28.3,80.3,16.6,6.3,6.8,53.5,sandy,chemical,weekly,daily,4,40
sponge_gourd,patola_smooth,wet,tropical_highland,28.9,73.6,17.2,5.2,5.9,68.9,clay,mixed,weekly,daily,3,38
bitter_gourd,ampalaya_hybrid,wet,tropical_lowland,28.8,88.6,29.8,5.5,5.9,74.3,loamy,chemical,none,twice_daily,3,42
sponge_gourd,patola_smooth,dry,tropical_lowland,25.5,64.7,0.1,8.3,6.1,56.8,clay,none,none,twice_daily,4,41
sponge_gourd,patola_ridged,dry,tropical_highland,30.3,55.2,1.3,7.6,7.0,70.4,sandy,organic,none,daily,4,40
bitter_gourd,ampalaya_oblong,wet,tropical_lowland,29.8,81.3,18.7,4.5,6.1,69.6,loamy,chemical,weekly,twice_daily,3,43
sponge_gourd,patola_smooth,dry,subtropical,30.2,57.2,6.6,8.7,6.9,77.2,silty,mixed,none,daily,5,35
bitter_gourd,ampalaya_bilog,wet,tropical_lowland,28.9,89.2,23.1,5.8,7.1,67.7,sandy,none,biweekly,every_other_day,3,48
squash,kalabasa_hybrid,wet,tropical_lowland,28.6,79.8,17.7,5.7,6.7,55.2,sandy,organic,weekly,daily,4,42
bitter_gourd,ampalaya_bilog,dry,subtropical,27.3,66.9,0.6,8.9,6.4,70.8,sandy,mixed,biweekly,every_other_day,4,37
bitter_gourd,ampalaya_oblong,dry,tropical_highland,24.8,70.8,8.3,9.0,5.9,52.3,loamy,mixed,biweekly,every_other_day,4,43
cucumber,pipino_native,dry,tropical_lowland,28.6,64.1,1.5,7.5,6.7,53.8,silty,organic,biweekly,daily,5,31
bottle_gourd,upo_round,dry,subtropical,25.7,73.9,7.1,9.9,6.0,52.0,sandy,none,biweekly,every_other_day,3,51
squash,kalabasa_hybrid,wet,tropical_lowland,31.2,89.2,22.2,5.7,5.9,59.3,silty,chemical,none,daily,4,39
squash,kalabasa_native,wet,subtropical,31.6,72.2,28.4,4.3,6.0,54.8,silty,none,biweekly,every_other_day,3,49
cucumber,pipino_japanese,wet,tropical_lowland,28.8,79.9,19.3,5.2,6.3,75.4,clay,organic,weekly,twice_daily,4,31
bitter_gourd,ampalaya_bilog,wet,subtropical,30.0,70.4,25.2,4.8,7.1,61.4,loamy,none,weekly,every_other_day,4,46
bitter_gourd,ampalaya_oblong,wet,subtropical,28.1,88.8,13.4,5.5,7.1,73.0,loamy,organic,monthly,every_other_day,3,45
sponge_gourd,patola_ridged,wet,tropical_highland,26.8,70.3,21.5,6.1,6.1,56.0,clay,none,biweekly,daily,3,45
bitter_gourd,ampalaya_oblong,dry,tropical_highland,26.7,65.1,8.3,7.9,6.1,68.6,sandy,organic,monthly,every_other_day,3,37
cucumber,pipino_japanese,dry,tropical_highland,30.0,69.4,5.0,8.5,6.0,50.9,silty,chemical,monthly,every_other_day,4,33
bitter_gourd,ampalaya_bilog,dry,tropical_lowland,27.7,66.1,6.7,9.3,6.7,53.8,silty,none,monthly,daily,4,40
cucumber,pipino_native,dry,tropical_lowland,24.0,62.3,8.2,7.7,6.4,78.5,loamy,mixed,monthly,twice_daily,4,34
bitter_gourd,ampalaya_oblong,dry,tropical_lowland,24.7,74.0,3.8,8.6,5.8,50.2,clay,none,none,twice_daily,4,43
cucumber,pipino_japanese,wet,tropical_highland,28.1,73.0,23.2,4.6,6.5,63.0,loamy,none,weekly,daily,4,38
sponge_gourd,patola,dry,tropical_highland,31.1,56.9,5.0,8.2,6.6,69.8,loamy,mixed,weekly,twice_daily,5,35
bitter_gourd,ampalaya_hybrid,wet,subtropical,31.1,88.8,29.1,4.9,6.8,51.9,silty,chemical,weekly,twice_daily,4,39
bitter_gourd,ampalaya_hybrid,dry,tropical_highland,27.3,70.4,5.1,7.9,5.9,56.5,clay,mixed,biweekly,twice_daily,4,38
sponge_gourd,patola_smooth,dry,subtropical,33.3,74.7,7.8,7.5,7.1,70.8,clay,organic,biweekly,twice_daily,3,39
cucumber,pipino_japanese,dry,tropical_lowland,35.0,55.0,1.1,8.4,6.8,50.8,clay,none,none,daily,3,38
bottle_gourd,upo_smooth,dry,tropical_lowland,32.3,64.8,3.8,7.7,7.0,63.1,silty,mixed,monthly,every_other_day,5,49
bottle_gourd,upo_round,wet,tropical_highland,31.0,76.9,13.0,4.5,6.3,57.7,loamy,none,monthly,daily,4,51
bitter_gourd,ampalaya_oblong,wet,tropical_highland,27.9,87.7,18.7,5.3,6.5,73.0,silty,none,none,daily,4,42
cucumber,pipino_japanese,dry,tropical_lowland,30.1,67.0,6.4,8.1,6.6,55.3,clay,organic,weekly,daily,5,29
sponge_gourd,patola_ridged,dry,tropical_highland,29.9,67.2,4.3,9.2,6.8,61.4,clay,mixed,none,daily,4,39
sponge_gourd,patola_smooth,dry,tropical_highland,27.7,65.1,3.6,7.3,6.2,64.6,loamy,none,none,every_other_day,3,44
sponge_gourd,patola_smooth,dry,tropical_highland,27.6,56.7,9.7,7.2,6.1,65.2,loamy,organic,biweekly,twice_daily,5,36
squash,kalabasa_native,wet,subtropical,29.5,71.5,16.8,5.9,6.1,50.1,clay,organic,none,daily,3,44
cucumber,pipino_japanese,wet,tropical_highland,27.5,85.3,20.9,5.7,6.0,72.1,loamy,chemical,weekly,daily,4,32
bitter_gourd,ampalaya_oblong,wet,tropical_lowland,28.8,88.0,20.1,4.5,7.0,62.5,silty,chemical,biweekly,twice_daily,3,44
bitter_gourd,ampalaya_bilog,wet,tropical_lowland,32.0,88.6,12.0,6.3,7.1,62.2,loamy,mixed,weekly,twice_daily,4,42
cucumber,pipino,dry,tropical_lowland,31.5,65.4,5.0,9.7,7.2,71.5,sandy,chemical,weekly,daily,4,33
bitter_gourd,ampalaya_oblong,wet,tropical_highland,30.7,84.0,16.0,5.5,6.6,74.2,silty,mixed,monthly,twice_daily,4,41
cucumber,pipino,wet,tropical_lowland,30.5,89.4,25.6,6.2,6.0,60.6,silty,organic,none,twice_daily,3,35
bottle_gourd,upo_smooth,dry,subtropical,28.9,61.8,5.6,7.2,6.2,61.6,clay,none,biweekly,daily,3,54
cucumber,pipino_japanese,dry,tropical_highland,29.5,57.6,4.6,8.8,6.6,53.8,loamy,chemical,weekly,twice_daily,4,34
bitter_gourd,ampalaya_bilog,wet,tropical_lowland,28.5,72.8,11.0,5.0,6.2,77.7,loamy,none,biweekly,daily,4,45
sponge_gourd,patola_ridged,wet,tropical_lowland,26.9,82.3,21.6,5.0,6.2,75.5,loamy,chemical,monthly,twice_daily,4,40
sponge_gourd,patola,dry,tropical_highland,25.5,72.9,1.9,7.7,6.9,73.4,silty,mixed,monthly,daily,5,35
bottle_gourd,upo_long,wet,tropical_lowland,27.7,73.5,17.1,5.6,6.4,58.3,silty,mixed,weekly,daily,5,43
bottle_gourd,upo_smooth,dry,subtropical,26.0,66.0,4.8,8.8,6.0,56.6,clay,mixed,biweekly,twice_daily,5,46
bottle_gourd,upo_round,dry,tropical_lowland,31.1,56.4,9.3,9.4,5.8,55.6,silty,none,monthly,daily,3,53
cucumber,pipino_japanese,wet,subtropical,27.0,72.0,13.1,5.7,7.1,70.4,sandy,none,weekly,daily,4,37
bitter_gourd,ampalaya_oblong,wet,tropical_lowland,26.6,75.8,23.4,5.4,6.6,51.5,sandy,mixed,biweekly,every_other_day,4,39
bottle_gourd,upo_long,wet,tropical_highland,27.3,71.9,29.7,5.5,6.7,60.3,sandy,organic,weekly,twice_daily,5,43
cucumber,pipino_native,wet,subtropical,29.2,70.8,11.2,6.2,6.9,54.2,loamy,chemical,none,daily,3,34
bottle_gourd,upo_round,dry,tropical_highland,34.7,64.8,5.3,9.1,6.4,58.4,sandy,none,weekly,every_other_day,3,50
cucumber,pipino_native,wet,tropical_highland,29.5,85.0,29.9,6.7,6.7,78.4,sandy,organic,none,every_other_day,4,34
squash,kalabasa_hybrid,wet,tropical_lowland,27.9,75.0,23.4,6.2,5.9,74.0,silty,none,none,twice_daily,3,47
bitter_gourd,ampalaya_oblong,dry,subtropical,34.3,55.4,9.1,9.2,7.1,57.5,clay,chemical,none,twice_daily,2,44
bitter_gourd,ampalaya_oblong,wet,tropical_lowland,26.8,84.9,11.4,4.3,6.7,78.4,loamy,chemical,weekly,twice_daily,4,39
sponge_gourd,patola,wet,tropical_highland,31.5,85.8,19.1,4.1,6.8,63.9,sandy,mixed,weekly,daily,4,40
bottle_gourd,upo_smooth,dry,subtropical,27.0,74.7,0.9,8.5,6.6,63.3,loamy,organic,none,every_other_day,5,46
squash,kalabasa_hybrid,wet,tropical_highland,29.7,78.8,22.0,6.2,6.5,53.3,loamy,organic,biweekly,twice_daily,5,39
bitter_gourd,ampalaya_oblong,dry,tropical_lowland,27.0,63.4,1.3,7.3,6.4,61.2,sandy,chemical,biweekly,daily,3,41
cucumber,pipino_native,dry,subtropical,26.8,63.2,2.4,8.1,7.0,70.8,sandy,mixed,weekly,daily,5,30
squash,kalabasa,wet,tropical_lowland,27.4,89.9,10.1,5.4,6.1,60.6,silty,mixed,none,every_other_day,3,43
bottle_gourd,upo_smooth,dry,tropical_highland,31.7,72.0,3.0,7.1,6.3,71.2,sandy,mixed,weekly,daily,4,44
cucumber,pipino,wet,tropical_lowland,26.3,81.2,15.1,4.8,6.5,63.9,silty,mixed,monthly,daily,4,35
sponge_gourd,patola_smooth,wet,tropical_lowland,28.2,80.4,20.0,6.6,6.4,63.8,sandy,chemical,biweekly,daily,5,40
bottle_gourd,upo_smooth,wet,tropical_lowland,31.2,75.0,16.1,5.9,5.8,79.7,loamy,none,weekly,twice_daily,2,55
bitter_gourd,ampalaya_bilog,wet,tropical_highland,30.2,84.8,21.0,6.9,5.9,76.1,loamy,organic,none,every_other_day,4,43
bitter_gourd,ampalaya_bilog,wet,tropical_highland,29.4,88.2,15.1,5.7,7.2,70.3,silty,chemical,none,every_other_day,3,41
bitter_gourd,ampalaya_hybrid,wet,tropical_lowland,28.4,72.8,27.8,5.9,6.7,61.9,sandy,none,monthly,twice_daily,4,44
squash,kalabasa_hybrid,dry,tropical_lowland,25.8,74.0,0.2,8.1,6.4,57.8,clay,none,monthly,every_other_day,3,49
sponge_gourd,patola,wet,tropical_highland,28.9,86.7,25.8,4.7,6.6,79.1,silty,chemical,biweekly,twice_daily,5,43
sponge_gourd,patola,wet,tropical_highland,26.2,76.6,18.3,4.7,7.2,79.7,silty,none,monthly,daily,3,44
sponge_gourd,patola,wet,tropical_lowland,26.1,85.8,17.8,5.2,6.2,75.2,sandy,none,biweekly,twice_daily,4,45
bitter_gourd,ampalaya_hybrid,wet,tropical_lowland,28.5,87.9,15.9,5.1,6.2,57.3,loamy,chemical,none,twice_daily,4,38
sponge_gourd,patola_ridged,wet,tropical_lowland,29.0,77.3,15.3,5.3,6.2,66.5,clay,organic,biweekly,twice_daily,4,37
bottle_gourd,upo_smooth,dry,subtropical,28.3,55.0,1.0,8.7,7.1,63.3,clay,organic,none,every_other_day,4,43
bottle_gourd,upo_long,dry,subtropical,29.2,65.1,5.9,8.4,6.4,69.1,sandy,mixed,monthly,every_other_day,3,50
bitter_gourd,ampalaya_hybrid,wet,subtropical,27.3,89.7,26.1,5.2,6.5,52.7,clay,none,biweekly,every_other_day,3,46
sponge_gourd,patola_ridged,dry,tropical_highland,24.2,61.9,9.9,8.6,6.5,52.1,clay,none,none,every_other_day,3,40
sponge_gourd,patola_ridged,dry,tropical_lowland,30.3,62.2,0.6,7.1,6.8,52.9,clay,chemical,weekly,daily,4,42
bottle_gourd,upo_round,wet,subtropical,27.4,74.1,19.0,5.9,7.0,65.1,loamy,chemical,biweekly,twice_daily,4,49
bottle_gourd,upo_round,dry,subtropical,25.3,71.0,0.5,8.7,6.0,68.1,silty,chemical,weekly,twice_daily,4,45
squash,kalabasa_hybrid,wet,tropical_lowland,26.9,87.2,19.0,4.8,6.7,75.8,clay,none,none,every_other_day,2,48
bitter_gourd,ampalaya_hybrid,dry,subtropical,29.0,73.5,1.0,8.9,6.9,53.6,sandy,mixed,monthly,twice_daily,4,43
cucumber,pipino_japanese,wet,subtropical,29.0,72.0,12.3,6.0,6.4,75.2,loamy,organic,monthly,every_other_day,4,33
squash,kalabasa_native,dry,tropical_highland,26.1,65.1,6.2,8.4,6.9,67.5,loamy,organic,biweekly,every_other_day,4,40
bottle_gourd,upo_long,wet,tropical_highland,30.5,70.8,16.7,6.8,5.9,76.3,silty,none,biweekly,every_other_day,3,51
cucumber,pipino_native,dry,tropical_highland,27.5,67.8,0.9,8.5,6.3,62.1,loamy,none,monthly,daily,4,35
sponge_gourd,patola,wet,subtropical,26.9,83.9,17.0,4.8,6.6,54.3,clay,organic,weekly,twice_daily,5,36
squash,kalabasa_native,dry,tropical_lowland,26.1,56.0,5.3,8.0,7.0,70.5,silty,chemical,weekly,daily,4,41
cucumber,pipino,dry,tropical_lowland,33.6,55.6,8.8,7.9,6.4,65.9,silty,chemical,none,twice_daily,5,31
bottle_gourd,upo_smooth,dry,tropical_lowland,24.4,67.5,9.2,8.7,6.2,79.6,clay,chemical,biweekly,daily,4,46
sponge_gourd,patola_smooth,dry,subtropical,34.8,59.9,9.3,8.3,6.1,52.5,silty,mixed,biweekly,every_other_day,5,40
bitter_gourd,ampalaya_hybrid,wet,subtropical,29.6,87.8,10.3,6.9,7.2,58.0,loamy,chemical,biweekly,daily,4,45
bitter_gourd,ampalaya_hybrid,dry,tropical_highland,33.8,72.7,1.0,8.2,6.5,69.5,clay,chemical,weekly,daily,4,42
bottle_gourd,upo_round,dry,tropical_highland,28.7,55.4,7.9,9.4,6.9,79.0,clay,none,weekly,every_other_day,3,51
cucumber,pipino_native,dry,tropical_lowland,27.1,73.0,6.2,8.4,6.2,58.9,sandy,organic,biweekly,every_other_day,3,36
bottle_gourd,upo_long,wet,tropical_lowland,31.0,71.4,12.6,4.3,6.0,69.1,silty,chemical,monthly,every_other_day,4,47
bottle_gourd,upo_smooth,wet,tropical_highland,28.1,84.9,29.7,5.0,6.7,79.1,sandy,chemical,none,daily,4,44
squash,kalabasa,dry,tropical_highland,28.7,75.0,10.0,7.5,6.8,76.7,loamy,organic,weekly,daily,4,45
squash,kalabasa,dry,subtropical,25.6,60.8,8.8,9.7,7.0,58.8,sandy,chemical,biweekly,every_other_day,3,46
squash,kalabasa,wet,subtropical,31.3,83.0,14.1,6.3,7.1,69.5,clay,none,biweekly,twice_daily,4,49
bitter_gourd,ampalaya_bilog,wet,tropical_highland,30.3,83.9,20.6,5.3,6.7,78.8,silty,chemical,weekly,daily,4,38
cucumber,pipino,dry,subtropical,29.8,70.6,9.7,8.1,6.2,79.2,silty,mixed,biweekly,every_other_day,4,30
bottle_gourd,upo_smooth,wet,tropical_highland,31.3,71.6,23.6,6.4,6.7,57.7,loamy,chemical,none,twice_daily,4,47
bottle_gourd,upo_smooth,wet,tropical_lowland,27.3,72.0,20.6,4.8,7.2,62.6,silty,mixed,monthly,twice_daily,4,46
bottle_gourd,upo_smooth,wet,subtropical,27.0,86.6,26.8,5.7,6.9,77.4,clay,organic,biweekly,daily,5,48
bitter_gourd,ampalaya_bilog,wet,tropical_lowland,28.3,73.3,16.8,4.3,7.0,72.9,silty,chemical,none,twice_daily,4,40
squash,kalabasa_hybrid,dry,subtropical,24.8,62.0,6.3,9.1,6.7,65.7,loamy,chemical,biweekly,every_other_day,2,44
sponge_gourd,patola,dry,subtropical,26.9,73.6,0.5,8.0,6.5,60.0,sandy,chemical,weekly,daily,4,41
sponge_gourd,patola,wet,tropical_highland,27.0,72.4,19.8,6.4,5.9,76.9,sandy,organic,monthly,twice_daily,4,38
cucumber,pipino_native,dry,tropical_highland,30.1,72.1,1.6,8.0,6.8,56.3,silty,chemical,none,daily,3,37
bitter_gourd,ampalaya_bilog,wet,tropical_lowland,28.1,75.9,17.5,6.1,6.1,68.4,silty,none,none,twice_daily,3,47
cucumber,pipino_native,dry,tropical_lowland,32.5,56.4,9.0,8.0,6.9,69.7,clay,mixed,biweekly,twice_daily,4,32
bottle_gourd,upo_smooth,dry,tropical_highland,26.3,56.5,7.1,10.0,6.4,71.1,sandy,organic,biweekly,twice_daily,3,45
sponge_gourd,patola,wet,tropical_lowland,27.3,73.4,27.6,6.7,6.6,57.8,silty,organic,none,daily,4,36
sponge_gourd,patola_ridged,wet,subtropical,27.6,89.3,19.9,5.3,6.8,72.3,loamy,organic,none,daily,4,35
cucumber,pipino_native,dry,tropical_highland,34.8,74.9,1.8,7.2,6.5,51.1,sandy,organic,weekly,twice_daily,4,34
bottle_gourd,upo_smooth,dry,tropical_lowland,28.1,69.0,3.4,8.1,5.9,77.1,clay,chemical,biweekly,every_other_day,3,50
bitter_gourd,ampalaya_hybrid,dry,tropical_highland,28.5,71.7,0.2,9.9,6.9,76.8,loamy,mixed,monthly,daily,4,38
bottle_gourd,upo_smooth,wet,tropical_highland,31.9,76.0,10.8,5.5,6.0,74.8,silty,mixed,biweekly,every_other_day,4,47
squash,kalabasa_hybrid,dry,subtropical,31.3,70.5,5.4,9.4,6.1,69.0,clay,organic,weekly,every_other_day,3,43
bitter_gourd,ampalaya_bilog,wet,subtropical,31.1,76.4,28.0,7.0,6.0,54.4,silty,mixed,weekly,daily,5,35
sponge_gourd,patola_ridged,dry,subtropical,34.5,64.5,6.4,9.3,7.1,50.7,sandy,organic,none,daily,4,39
cucumber,pipino_japanese,wet,tropical_lowland,31.0,89.9,27.6,5.0,6.2,59.1,sandy,organic,monthly,daily,4,30
cucumber,pipino_native,wet,subtropical,28.8,79.9,20.1,4.3,6.5,61.6,silty,none,biweekly,twice_daily,4,37
sponge_gourd,patola_ridged,wet,tropical_lowland,26.8,72.0,26.7,4.5,5.9,56.6,clay,mixed,biweekly,twice_daily,4,36
bottle_gourd,upo_smooth,wet,tropical_lowland,31.5,89.0,27.5,6.8,5.9,74.8,silty,mixed,biweekly,twice_daily,4,46
sponge_gourd,patola_ridged,wet,subtropical,29.0,87.5,22.2,5.7,7.2,61.7,loamy,chemical,biweekly,daily,4,41
cucumber,pipino_japanese,dry,subtropical,25.4,70.0,6.9,8.5,6.4,70.0,loamy,organic,none,daily,5,28
bitter_gourd,ampalaya_oblong,dry,tropical_highland,30.4,55.3,1.1,7.7,6.9,72.0,clay,none,none,every_other_day,3,48
bitter_gourd,ampalaya_bilog,dry,subtropical,30.6,60.5,4.9,9.1,7.0,65.9,sandy,organic,weekly,every_other_day,4,40
sponge_gourd,patola_smooth,wet,tropical_highland,31.4,87.0,22.0,6.8,6.8,61.3,sandy,mixed,none,daily,4,36
bottle_gourd,upo_long,dry,tropical_highland,26.8,57.5,2.3,9.9,7.1,52.2,sandy,organic,monthly,twice_daily,4,45
bitter_gourd,ampalaya_oblong,dry,subtropical,31.8,67.1,7.9,9.8,6.8,57.1,sandy,none,none,daily,4,44
sponge_gourd,patola_smooth,dry,tropical_highland,31.7,66.2,2.9,8.2,7.0,67.7,clay,none,none,daily,5,39
bottle_gourd,upo_round,dry,subtropical,34.8,59.8,7.2,10.0,7.1,60.6,loamy,chemical,none,every_other_day,4,49
squash,kalabasa_native,wet,subtropical,28.0,75.4,26.6,5.6,6.2,76.0,sandy,none,weekly,daily,4,46
bottle_gourd,upo_round,wet,tropical_lowland,27.8,89.1,26.7,5.2,6.9,62.8,clay,chemical,none,twice_daily,3,47
squash,kalabasa_hybrid,wet,subtropical,31.6,89.8,23.5,6.2,5.9,63.1,sandy,mixed,biweekly,twice_daily,4,45
bottle_gourd,upo_smooth,wet,tropical_highland,29.1,87.8,17.2,6.2,6.7,56.7,sandy,none,biweekly,every_other_day,3,50
bottle_gourd,upo_round,dry,tropical_lowland,25.0,71.9,8.4,7.7,7.0,74.8,loamy,none,weekly,every_other_day,3,53
cucumber,pipino_japanese,wet,tropical_lowland,31.3,75.8,19.5,4.1,7.2,62.3,sandy,organic,weekly,daily,4,37
squash,kalabasa,dry,subtropical,32.0,56.6,9.7,9.3,6.6,58.7,sandy,none,monthly,every_other_day,4,47
bitter_gourd,ampalaya_oblong,dry,tropical_highland,28.5,67.3,7.8,8.6,6.9,79.0,silty,mixed,weekly,daily,4,36
sponge_gourd,patola,dry,tropical_lowland,34.6,72.2,3.6,9.9,6.3,67.2,silty,chemical,none,daily,3,44
sponge_gourd,patola_ridged,wet,tropical_lowland,31.6,84.2,15.6,4.1,6.6,54.4,loamy,chemical,monthly,daily,3,41
squash,kalabasa_native,dry,subtropical,28.7,55.1,6.7,8.0,7.1,63.8,clay,none,monthly,daily,4,45
sponge_gourd,patola,dry,tropical_highland,28.3,58.2,4.7,10.0,5.8,73.4,loamy,mixed,biweekly,every_other_day,4,37
cucumber,pipino_japanese,dry,subtropical,26.6,70.1,5.0,8.2,7.2,51.6,sandy,chemical,weekly,every_other_day,3,34
bitter_gourd,ampalaya_hybrid,dry,tropical_highland,30.3,70.6,2.6,9.8,6.4,76.3,clay,organic,none,twice_daily,5,38
bottle_gourd,upo_long,dry,tropical_highland,30.8,71.2,8.7,9.8,5.9,76.3,loamy,none,monthly,twice_daily,3,54
sponge_gourd,patola_smooth,dry,subtropical,30.1,73.2,6.8,8.9,6.7,62.0,clay,chemical,none,daily,4,40
bitter_gourd,ampalaya_bilog,wet,subtropical,29.3,86.1,16.7,6.8,6.2,65.0,silty,none,monthly,every_other_day,3,48
bitter_gourd,ampalaya_hybrid,dry,subtropical,24.3,60.7,0.2,9.1,6.8,73.5,sandy,organic,none,twice_daily,4,39
bitter_gourd,ampalaya_hybrid,wet,subtropical,27.0,74.6,10.4,6.2,7.2,52.3,loamy,chemical,none,twice_daily,2,44
cucumber,pipino_native,dry,subtropical,24.1,61.8,4.4,9.1,7.2,62.4,loamy,mixed,none,daily,5,31
cucumber,pipino_native,wet,subtropical,27.6,84.0,16.1,4.9,6.1,52.5,loamy,chemical,weekly,every_other_day,3,33
squash,kalabasa,wet,tropical_highland,30.3,77.2,13.3,4.6,7.0,67.0,clay,none,monthly,daily,3,48
squash,kalabasa_native,wet,tropical_highland,30.1,86.6,22.3,6.3,7.0,79.7,clay,mixed,weekly,daily,5,39
sponge_gourd,patola_ridged,wet,tropical_lowland,29.6,84.6,29.8,5.1,5.9,78.8,silty,chemical,none,twice_daily,3,41
bottle_gourd,upo_long,wet,tropical_highland,30.8,88.3,22.8,6.9,6.6,52.5,clay,organic,biweekly,every_other_day,4,45
sponge_gourd,patola_smooth,dry,tropical_highland,27.1,74.9,8.3,8.9,6.5,72.3,silty,chemical,monthly,twice_daily,3,42
squash,kalabasa_hybrid,dry,tropical_lowland,30.4,63.6,3.7,7.9,6.9,56.6,silty,none,biweekly,daily,4,46
sponge_gourd,patola_smooth,dry,subtropical,31.7,72.0,2.0,7.8,7.1,53.2,silty,organic,monthly,daily,4,37
bottle_gourd,upo_round,wet,tropical_lowland,27.8,72.1,18.0,6.8,6.1,79.3,silty,chemical,weekly,twice_daily,3,51
sponge_gourd,patola_ridged,wet,subtropical,26.8,80.0,23.6,5.2,6.3,59.1,loamy,chemical,monthly,daily,3,44
squash,kalabasa,dry,subtropical,29.5,70.1,9.6,7.3,6.7,60.6,loamy,none,weekly,twice_daily,5,46
bitter_gourd,ampalaya_bilog,dry,tropical_lowland,34.6,59.5,0.6,7.1,6.7,75.1,loamy,mixed,biweekly,twice_daily,5,41
bottle_gourd,upo_smooth,dry,tropical_highland,25.3,60.6,4.1,9.9,6.7,70.8,loamy,mixed,biweekly,every_other_day,3,47
bottle_gourd,upo_long,wet,tropical_lowland,31.4,84.6,21.1,4.7,6.0,67.7,silty,chemical,monthly,twice_daily,4,45
bottle_gourd,upo_round,wet,tropical_lowland,31.4,73.5,22.6,5.7,7.1,76.6,sandy,chemical,monthly,daily,3,49
squash,kalabasa,wet,subtropical,27.5,83.4,25.5,6.7,5.9,53.2,sandy,mixed,monthly,daily,3,45
cucumber,pipino_japanese,wet,tropical_highland,29.8,83.8,29.7,4.2,6.3,78.4,silty,none,biweekly,twice_daily,4,38
bitter_gourd,ampalaya_hybrid,wet,tropical_highland,31.0,74.3,14.8,4.9,7.0,56.5,sandy,mixed,none,twice_daily,3,44
cucumber,pipino_japanese,dry,subtropical,33.0,60.4,3.9,9.0,6.7,79.8,sandy,mixed,none,daily,4,34
sponge_gourd,patola_ridged,dry,subtropical,24.6,61.8,2.2,7.3,7.0,67.5,silty,chemical,weekly,every_other_day,4,41
bitter_gourd,ampalaya_bilog,wet,subtropical,31.2,70.6,28.5,6.6,6.5,53.5,loamy,organic,biweekly,every_other_day,3,44
bottle_gourd,upo_smooth,wet,tropical_highland,29.5,80.6,11.8,6.3,5.8,74.7,sandy,organic,weekly,every_other_day,3,44
cucumber,pipino_native,dry,subtropical,25.2,61.3,2.5,7.9,6.1,76.1,silty,chemical,biweekly,every_other_day,3,38
bitter_gourd,ampalaya_bilog,wet,subtropical,29.8,70.5,18.4,4.9,5.8,60.5,loamy,mixed,monthly,daily,4,41
bitter_gourd,ampalaya_oblong,dry,tropical_lowland,24.5,73.0,0.5,9.4,6.6,62.8,sandy,mixed,none,daily,5,39
sponge_gourd,patola_smooth,dry,tropical_lowland,28.0,73.0,5.5,9.8,6.9,57.5,clay,organic,weekly,every_other_day,3,39
cucumber,pipino_native,dry,tropical_highland,33.6,61.2,7.7,7.1,6.6,75.4,silty,none,none,every_other_day,3,38
squash,kalabasa_hybrid,wet,subtropical,26.9,85.3,17.2,6.7,6.3,57.3,sandy,chemical,none,every_other_day,3,44
cucumber,pipino_japanese,dry,subtropical,34.6,71.6,2.8,9.6,7.0,74.7,silty,mixed,monthly,every_other_day,5,35
squash,kalabasa_hybrid,dry,subtropical,27.5,72.9,4.1,9.2,6.2,59.9,sandy,none,biweekly,twice_daily,3,47
squash,kalabasa,dry,subtropical,25.0,56.8,7.7,7.8,6.5,63.7,silty,none,none,twice_daily,4,45
bitter_gourd,ampalaya_hybrid,wet,subtropical,28.6,88.9,29.0,6.5,6.2,70.8,sandy,chemical,monthly,daily,4,42
cucumber,pipino_native,wet,subtropical,29.4,75.0,29.7,4.5,7.2,55.0,clay,chemical,biweekly,twice_daily,3,35
cucumber,pipino_japanese,wet,subtropical,28.5,81.2,25.3,5.0,7.2,77.2,clay,organic,biweekly,twice_daily,5,28
bottle_gourd,upo_smooth,wet,tropical_lowland,31.0,73.9,23.3,6.6,6.1,64.4,clay,chemical,weekly,daily,3,50
bitter_gourd,ampalaya_bilog,wet,subtropical,27.1,88.9,23.2,6.6,6.4,72.1,sandy,organic,none,twice_daily,4,40
squash,kalabasa,wet,tropical_lowland,27.9,72.7,28.4,4.6,6.8,73.7,silty,none,none,daily,5,44
sponge_gourd,patola_smooth,wet,tropical_highland,28.8,73.6,29.0,5.3,5.9,57.3,loamy,mixed,monthly,twice_daily,4,43
cucumber,pipino_native,wet,tropical_lowland,28.0,89.5,28.7,4.9,6.1,51.5,clay,none,none,every_other_day,4,38
squash,kalabasa_hybrid,dry,tropical_lowland,31.9,60.7,5.6,8.4,6.8,62.7,silty,mixed,none,twice_daily,5,40
cucumber,pipino_japanese,dry,tropical_lowland,34.9,64.0,3.7,9.6,6.1,74.1,clay,none,none,daily,4,38
sponge_gourd,patola_smooth,wet,tropical_highland,30.6,80.8,25.5,4.8,5.8,79.9,silty,mixed,none,every_other_day,4,37
squash,kalabasa_native,wet,tropical_highland,26.3,77.1,25.6,6.3,6.7,78.5,silty,mixed,none,daily,3,41
cucumber,pipino_native,wet,subtropical,28.7,89.7,12.0,5.5,7.1,63.2,loamy,mixed,weekly,every_other_day,3,37
sponge_gourd,patola_ridged,dry,subtropical,31.2,56.5,7.0,9.8,6.5,66.2,silty,organic,monthly,daily,4,38
bitter_gourd,ampalaya_bilog,dry,tropical_lowland,30.5,72.2,2.2,8.3,6.4,70.7,sandy,organic,monthly,every_other_day,5,35
bitter_gourd,ampalaya_oblong,wet,tropical_lowland,26.5,82.4,17.7,5.4,6.3,52.5,sandy,organic,biweekly,every_other_day,4,36
sponge_gourd,patola,wet,tropical_lowland,28.9,85.6,12.3,4.4,6.1,76.6,sandy,mixed,biweekly,daily,4,38
sponge_gourd,patola_smooth,wet,tropical_lowland,27.4,87.1,15.5,5.8,7.2,51.6,loamy,mixed,weekly,every_other_day,4,39
squash,kalabasa,dry,tropical_lowland,31.7,72.6,7.5,9.9,6.8,58.6,silty,chemical,weekly,twice_daily,4,45
bitter_gourd,ampalaya_oblong,wet,tropical_lowland,28.5,78.9,15.9,6.5,7.1,79.5,clay,organic,monthly,every_other_day,3,40
cucumber,pipino_native,wet,subtropical,29.7,87.1,23.2,5.5,6.6,54.0,silty,chemical,weekly,daily,4,30
squash,kalabasa_hybrid,wet,tropical_highland,26.2,77.3,18.5,5.6,6.2,71.7,clay,mixed,monthly,daily,4,41
sponge_gourd,patola,dry,tropical_lowland,33.8,65.3,5.8,9.4,6.0,65.7,clay,none,monthly,twice_daily,3,45
cucumber,pipino,wet,tropical_lowland,31.9,71.8,14.8,6.3,6.7,52.3,silty,mixed,biweekly,twice_daily,4,35
cucumber,pipino_native,dry,tropical_highland,29.0,63.2,3.8,7.5,7.1,54.1,loamy,chemical,none,twice_daily,3,35
sponge_gourd,patola_smooth,dry,tropical_lowland,27.3,71.9,8.6,7.7,7.2,54.9,loamy,chemical,monthly,twice_daily,4,41
bitter_gourd,ampalaya_bilog,dry,subtropical,30.3,73.5,1.8,7.0,6.9,78.3,loamy,mixed,monthly,twice_daily,5,38
bitter_gourd,ampalaya_bilog,dry,tropical_highland,31.3,72.1,3.1,8.3,5.8,56.5,sandy,mixed,biweekly,twice_daily,4,41
squash,kalabasa,dry,tropical_lowland,30.1,60.1,3.8,8.4,6.6,65.4,silty,chemical,none,twice_daily,4,41
sponge_gourd,patola_smooth,wet,subtropical,27.4,73.7,14.8,5.0,7.0,59.3,silty,none,monthly,daily,3,43
sponge_gourd,patola,dry,tropical_highland,31.8,64.9,9.2,7.6,7.0,72.3,clay,chemical,none,every_other_day,3,39
squash,kalabasa_hybrid,dry,tropical_lowland,33.1,56.3,1.2,9.5,6.7,57.1,sandy,none,biweekly,twice_daily,3,49
squash,kalabasa,dry,subtropical,24.8,70.8,6.2,8.9,5.8,56.1,clay,chemical,monthly,every_other_day,3,45
sponge_gourd,patola,dry,tropical_highland,31.4,73.5,0.1,8.6,6.7,73.2,sandy,none,biweekly,twice_daily,4,43
bottle_gourd,upo_long,dry,tropical_highland,32.9,61.7,3.5,8.4,6.2,60.1,sandy,none,biweekly,twice_daily,3,53
sponge_gourd,patola,dry,tropical_highland,28.4,59.7,3.0,7.3,6.1,55.5,loamy,chemical,weekly,every_other_day,3,42
cucumber,pipino_japanese,wet,tropical_highland,28.2,85.9,12.7,5.6,6.3,50.3,clay,chemical,biweekly,twice_daily,2,35
sponge_gourd,patola_ridged,dry,tropical_highland,26.2,69.3,7.9,7.2,6.5,64.4,clay,organic,weekly,every_other_day,3,38
squash,kalabasa_native,dry,subtropical,26.4,73.6,0.8,8.7,6.1,70.5,clay,none,biweekly,every_other_day,4,47
bitter_gourd,ampalaya_hybrid,wet,subtropical,28.5,83.6,22.5,6.5,6.4,76.7,sandy,none,biweekly,twice_daily,4,44
cucumber,pipino_japanese,wet,subtropical,26.2,76.7,27.2,5.6,6.7,68.5,clay,chemical,biweekly,every_other_day,3,36
squash,kalabasa,dry,tropical_lowland,25.4,71.1,8.1,9.3,6.6,51.1,clay,none,biweekly,twice_daily,4,46
bitter_gourd,ampalaya_oblong,dry,tropical_highland,35.0,56.8,0.7,9.0,6.7,76.1,loamy,chemical,weekly,every_other_day,4,44
cucumber,pipino_japanese,wet,subtropical,28.5,85.1,11.6,7.0,6.5,76.8,silty,organic,weekly,twice_daily,4,28
bitter_gourd,ampalaya_hybrid,wet,subtropical,28.1,70.7,22.8,5.1,5.9,74.7,loamy,mixed,none,daily,5,38
sponge_gourd,patola,dry,subtropical,30.0,73.8,4.8,7.6,6.4,58.7,silty,none,monthly,every_other_day,4,44
cucumber,pipino,dry,tropical_lowland,29.9,72.9,8.6,7.6,6.5,71.9,loamy,none,weekly,daily,3,38
squash,kalabasa,wet,tropical_highland,26.4,71.0,14.0,4.7,7.1,67.4,sandy,none,biweekly,daily,3,50
bottle_gourd,upo_round,wet,tropical_lowland,28.1,86.7,27.9,4.7,6.2,58.6,clay,chemical,none,twice_daily,3,51
bottle_gourd,upo_long,wet,subtropical,27.1,88.5,19.6,5.1,6.0,77.4,silty,chemical,monthly,twice_daily,4,49
squash,kalabasa_hybrid,wet,tropical_lowland,30.7,89.1,23.3,6.8,6.5,56.8,silty,mixed,monthly,every_other_day,5,45
cucumber,pipino_native,dry,subtropical,24.2,69.6,1.6,8.9,6.1,50.7,loamy,organic,biweekly,twice_daily,5,30
squash,kalabasa_native,dry,subtropical,30.3,68.4,6.2,7.7,6.7,62.4,silty,organic,none,twice_daily,5,39
sponge_gourd,patola,wet,tropical_lowland,31.9,78.7,28.3,5.9,6.2,60.0,loamy,mixed,monthly,daily,5,40
sponge_gourd,patola_smooth,wet,tropical_lowland,31.0,75.8,29.5,6.2,6.2,78.5,clay,chemical,weekly,daily,4,38
bottle_gourd,upo_round,wet,tropical_lowland,31.8,74.5,15.8,6.7,6.2,65.5,loamy,chemical,none,twice_daily,4,49
bitter_gourd,ampalaya_bilog,wet,subtropical,29.3,82.4,26.4,6.1,6.5,50.9,loamy,organic,none,daily,5,38
squash,kalabasa_hybrid,dry,tropical_lowland,30.5,58.3,2.1,9.8,7.2,61.0,sandy,none,none,twice_daily,3,50
squash,kalabasa_hybrid,dry,subtropical,31.7,60.9,0.6,7.4,6.3,63.3,sandy,none,none,twice_daily,3,48
bitter_gourd,ampalaya_bilog,wet,tropical_highland,27.6,74.0,14.4,5.3,6.6,74.7,sandy,none,monthly,daily,3,44
squash,kalabasa_native,wet,tropical_lowland,30.2,84.8,12.5,5.5,7.0,55.6,clay,none,biweekly,daily,4,46
bottle_gourd,upo_smooth,wet,tropical_highland,28.6,76.8,23.1,6.3,7.1,77.4,silty,chemical,monthly,daily,3,48
bitter_gourd,ampalaya_bilog,wet,subtropical,27.4,81.7,10.1,6.7,7.1,68.4,silty,organic,biweekly,twice_daily,4,44
squash,kalabasa_hybrid,dry,tropical_lowland,25.7,60.7,9.1,8.4,7.1,58.2,silty,none,weekly,every_other_day,3,50
cucumber,pipino,wet,subtropical,27.6,75.1,18.4,5.0,6.9,68.7,loamy,none,none,twice_daily,4,38
bitter_gourd,ampalaya_bilog,dry,tropical_highland,31.7,71.9,1.7,9.8,6.0,76.1,sandy,chemical,monthly,every_other_day,3,43
bottle_gourd,upo_long,wet,subtropical,27.8,70.1,21.4,4.2,5.8,62.5,clay,none,weekly,every_other_day,3,50
bitter_gourd,ampalaya_bilog,dry,tropical_highland,33.3,72.9,7.2,9.2,6.0,55.1,silty,chemical,none,every_other_day,4,40
cucumber,pipino_native,wet,subtropical,31.1,73.0,25.6,5.4,6.1,60.3,sandy,none,biweekly,every_other_day,2,38
sponge_gourd,patola_ridged,dry,tropical_highland,32.5,59.6,8.1,7.5,6.2,76.7,loamy,chemical,weekly,every_other_day,3,42
squash,kalabasa_hybrid,wet,tropical_highland,31.0,81.5,14.4,6.8,6.4,76.4,loamy,organic,monthly,twice_daily,4,43
bitter_gourd,ampalaya_oblong,wet,tropical_highland,29.9,73.9,16.1,5.2,6.2,61.6,sandy,organic,monthly,every_other_day,3,40
bottle_gourd,upo_long,dry,tropical_highland,33.0,66.7,10.0,8.0,7.0,75.8,sandy,mixed,monthly,twice_daily,4,43
squash,kalabasa,dry,subtropical,28.2,60.5,7.0,7.3,6.1,50.9,sandy,mixed,biweekly,daily,4,41
bitter_gourd,ampalaya_oblong,dry,subtropical,31.0,60.2,9.6,7.4,5.9,57.2,sandy,mixed,weekly,twice_daily,4,43
squash,kalabasa_hybrid,dry,tropical_lowland,25.4,71.8,5.2,8.1,5.9,57.6,clay,mixed,none,every_other_day,3,45
squash,kalabasa,wet,tropical_lowland,27.7,80.3,25.5,6.7,7.1,54.9,sandy,none,biweekly,every_other_day,4,45
cucumber,pipino_native,wet,tropical_highland,28.5,73.6,12.6,6.1,6.9,69.6,silty,organic,biweekly,daily,5,34
bitter_gourd,ampalaya_hybrid,dry,tropical_lowland,24.9,61.6,8.8,7.3,6.6,57.9,loamy,mixed,monthly,every_other_day,3,41
bottle_gourd,upo_long,wet,tropical_lowland,26.5,72.8,11.0,6.1,6.7,75.2,loamy,chemical,biweekly,daily,4,52
cucumber,pipino,dry,tropical_lowland,33.2,68.4,0.6,9.9,6.2,63.8,silty,none,monthly,daily,5,35
squash,kalabasa_native,wet,subtropical,27.3,78.9,18.1,5.6,6.9,76.8,silty,none,monthly,twice_daily,4,47
cucumber,pipino_japanese,wet,tropical_lowland,28.3,70.8,19.9,7.0,7.0,65.3,silty,none,none,every_other_day,4,37
squash,kalabasa,dry,subtropical,34.1,73.0,9.7,7.2,6.7,56.2,sandy,chemical,none,daily,3,46
bottle_gourd,upo_long,dry,tropical_highland,33.6,57.0,5.9,7.7,6.9,58.0,silty,organic,biweekly,daily,5,46
squash,kalabasa_hybrid,dry,subtropical,31.2,74.3,0.2,9.0,6.4,62.3,clay,mixed,monthly,every_other_day,4,44
cucumber,pipino,wet,tropical_lowland,26.9,79.7,12.4,4.9,7.1,66.4,clay,organic,monthly,twice_daily,4,32
cucumber,pipino,dry,tropical_lowland,31.8,71.9,6.0,8.9,6.5,59.1,sandy,mixed,biweekly,every_other_day,3,32
sponge_gourd,patola_ridged,wet,tropical_highland,28.6,71.2,17.7,4.8,7.0,70.0,clay,chemical,monthly,every_other_day,4,38
cucumber,pipino_japanese,wet,subtropical,30.9,73.7,22.2,6.5,5.8,68.4,clay,organic,monthly,twice_daily,3,33
cucumber,pipino_native,dry,tropical_lowland,29.2,72.9,9.3,7.5,6.7,51.7,silty,organic,monthly,every_other_day,5,31
cucumber,pipino,wet,tropical_lowland,26.7,81.0,16.3,6.3,6.3,73.9,sandy,mixed,none,twice_daily,4,36
cucumber,pipino_native,dry,tropical_lowland,29.2,66.7,7.8,7.2,6.6,75.9,loamy,none,biweekly,twice_daily,4,34
bitter_gourd,ampalaya_oblong,wet,subtropical,31.8,77.5,28.5,4.7,7.0,66.3,loamy,organic,biweekly,every_other_day,5,38
sponge_gourd,patola_smooth,wet,tropical_lowland,31.3,88.0,16.0,6.1,6.8,53.6,clay,mixed,none,every_other_day,5,36
cucumber,pipino,dry,tropical_highland,30.9,60.1,6.7,8.2,6.6,70.5,silty,mixed,weekly,twice_daily,4,33
cucumber,pipino_native,dry,tropical_highland,26.2,72.6,9.6,8.6,7.0,70.1,loamy,mixed,monthly,daily,4,32
cucumber,pipino_native,dry,tropical_lowland,32.0,62.6,7.3,9.0,6.6,70.2,silty,chemical,none,daily,3,38
cucumber,pipino_native,wet,tropical_lowland,29.8,72.0,12.2,5.3,6.1,68.1,sandy,mixed,biweekly,twice_daily,4,33
squash,kalabasa_native,dry,tropical_lowland,26.0,73.1,4.7,8.5,6.0,56.4,sandy,none,biweekly,twice_daily,3,49
cucumber,pipino_japanese,dry,tropical_lowland,30.6,72.2,9.7,8.0,6.7,76.1,sandy,chemical,none,daily,3,35
cucumber,pipino,wet,subtropical,28.2,81.4,11.1,5.6,6.0,53.2,sandy,organic,monthly,every_other_day,3,38
bitter_gourd,ampalaya_oblong,dry,tropical_highland,32.1,68.2,0.8,7.2,6.4,64.9,clay,organic,biweekly,daily,5,40
sponge_gourd,patola_ridged,wet,tropical_highland,26.3,89.5,15.6,5.4,5.9,73.9,silty,organic,biweekly,daily,4,37
cucumber,pipino_japanese,dry,subtropical,30.9,66.0,3.3,7.6,6.0,51.1,silty,mixed,none,daily,4,32
sponge_gourd,patola_smooth,dry,subtropical,25.0,61.5,1.2,8.4,6.2,74.6,clay,organic,weekly,daily,4,38
bottle_gourd,upo_round,wet,tropical_lowland,28.0,78.2,23.4,6.8,7.1,57.1,silty,organic,weekly,daily,4,45
squash,kalabasa,wet,tropical_highland,31.5,73.7,11.4,6.8,6.3,73.3,silty,organic,monthly,twice_daily,4,39
cucumber,pipino_native,dry,subtropical,29.9,55.6,4.9,7.1,6.4,72.1,sandy,organic,weekly,daily,4,29
squash,kalabasa,wet,subtropical,29.5,85.1,12.1,6.6,6.8,53.2,clay,none,none,daily,3,45
bitter_gourd,ampalaya_hybrid,wet,tropical_lowland,26.1,88.7,12.2,6.2,7.0,69.5,clay,organic,none,every_other_day,4,38
squash,kalabasa_hybrid,dry,subtropical,26.9,74.7,9.3,8.5,6.8,74.4,silty,chemical,none,every_other_day,3,47
squash,kalabasa,dry,tropical_lowland,29.2,71.4,0.6,8.6,6.0,71.1,silty,chemical,monthly,twice_daily,3,43
cucumber,pipino,wet,tropical_lowland,29.6,83.8,28.4,6.9,6.6,67.7,loamy,none,biweekly,twice_daily,4,35
bitter_gourd,ampalaya_hybrid,dry,subtropical,26.9,72.8,3.1,8.6,5.9,75.2,loamy,mixed,biweekly,every_other_day,3,41
cucumber,pipino_japanese,dry,subtropical,26.3,58.5,8.2,7.2,6.6,67.5,loamy,none,monthly,twice_daily,4,38
bitter_gourd,ampalaya_bilog,dry,tropical_lowland,25.2,64.1,6.2,8.0,6.5,61.1,clay,organic,biweekly,every_other_day,4,41
squash,kalabasa_native,dry,tropical_highland,34.0,65.6,8.0,8.8,6.6,62.6,loamy,mixed,weekly,every_other_day,4,43
squash,kalabasa_hybrid,dry,tropical_lowland,28.9,69.1,5.0,8.2,5.8,55.5,clay,chemical,monthly,daily,4,45
sponge_gourd,patola_smooth,wet,tropical_lowland,29.9,86.4,13.9,5.0,6.3,75.0,sandy,none,biweekly,twice_daily,2,45
bottle_gourd,upo_round,wet,tropical_highland,30.9,79.6,28.4,4.8,6.1,67.6,sandy,mixed,biweekly,every_other_day,4,45
bottle_gourd,upo_round,dry,subtropical,30.2,65.0,0.3,8.1,6.6,74.0,clay,organic,biweekly,twice_daily,5,42
cucumber,pipino_japanese,wet,tropical_lowland,29.8,88.8,26.9,4.5,6.9,67.3,loamy,organic,monthly,twice_daily,4,34
sponge_gourd,patola_smooth,wet,tropical_highland,28.7,87.3,12.9,4.3,5.9,64.3,sandy,chemical,weekly,every_other_day,4,41
cucumber,pipino,dry,tropical_highland,31.5,70.2,9.1,8.8,6.2,65.3,clay,mixed,monthly,twice_daily,4,34
cucumber,pipino_native,wet,tropical_highland,31.2,81.6,28.1,4.9,6.3,61.3,silty,mixed,biweekly,twice_daily,4,30
bitter_gourd,ampalaya_oblong,dry,subtropical,27.6,61.5,2.1,8.2,6.6,78.2,sandy,mixed,biweekly,twice_daily,4,41
sponge_gourd,patola,dry,tropical_highland,33.0,71.3,8.9,7.6,6.5,67.8,silty,chemical,none,twice_daily,4,42
squash,kalabasa_hybrid,wet,tropical_lowland,30.3,76.2,20.6,6.7,7.0,64.0,sandy,organic,none,daily,4,41
bottle_gourd,upo_round,dry,tropical_lowland,29.3,72.5,9.2,8.2,6.3,68.4,loamy,mixed,monthly,twice_daily,5,45
cucumber,pipino_japanese,dry,subtropical,25.6,57.3,6.2,9.6,7.1,65.7,sandy,none,monthly,every_other_day,4,38
bottle_gourd,upo_smooth,dry,subtropical,33.3,60.3,1.0,9.5,7.0,51.4,clay,chemical,biweekly,twice_daily,4,48
bottle_gourd,upo_long,wet,tropical_lowland,26.0,87.8,20.9,5.5,6.8,59.8,sandy,organic,weekly,every_other_day,4,45
bitter_gourd,ampalaya_oblong,wet,tropical_lowland,28.5,85.1,26.5,4.8,5.9,54.3,sandy,mixed,monthly,twice_daily,4,40
cucumber,pipino_japanese,dry,tropical_lowland,33.2,73.4,3.0,7.2,5.9,60.7,sandy,none,biweekly,every_other_day,3,37
cucumber,pipino,wet,subtropical,31.7,81.6,11.1,4.4,6.6,64.5,loamy,mixed,none,every_other_day,4,37
bottle_gourd,upo_long,dry,tropical_highland,28.2,58.1,2.1,7.7,6.5,57.9,silty,chemical,none,daily,3,45
squash,kalabasa,wet,subtropical,29.0,79.5,13.7,5.2,6.1,73.7,silty,mixed,biweekly,twice_daily,4,42
cucumber,pipino_native,wet,tropical_lowland,29.7,82.4,18.7,5.6,6.7,63.2,sandy,chemical,none,every_other_day,4,37
sponge_gourd,patola,dry,tropical_highland,26.5,58.1,8.8,9.1,6.7,67.1,silty,none,biweekly,twice_daily,3,45
sponge_gourd,patola_smooth,wet,subtropical,26.8,81.0,10.6,5.5,7.0,77.8,sandy,chemical,biweekly,daily,4,41
bitter_gourd,ampalaya_bilog,dry,subtropical,25.8,60.0,2.7,9.5,6.2,56.4,loamy,mixed,weekly,daily,5,41
bitter_gourd,ampalaya_oblong,dry,tropical_highland,28.2,62.1,8.4,9.9,7.1,69.7,silty,organic,none,every_other_day,3,38
bottle_gourd,upo_smooth,dry,tropical_lowland,29.1,62.3,1.1,9.2,6.0,75.7,loamy,mixed,none,every_other_day,3,45
bitter_gourd,ampalaya_hybrid,wet,tropical_lowland,30.0,72.6,12.9,4.7,6.9,78.1,clay,mixed,monthly,twice_daily,4,38
sponge_gourd,patola_ridged,dry,subtropical,26.7,70.7,3.4,7.3,6.5,53.8,silty,organic,weekly,every_other_day,4,36
sponge_gourd,patola,dry,tropical_lowland,25.5,70.0,4.4,9.3,5.9,72.3,loamy,mixed,weekly,every_other_day,3,41
bitter_gourd,ampalaya_bilog,wet,tropical_highland,26.6,77.9,27.1,6.3,7.1,66.2,clay,chemical,weekly,twice_daily,3,45
squash,kalabasa_hybrid,wet,tropical_lowland,26.8,80.1,13.3,6.2,6.9,58.6,silty,none,biweekly,daily,3,48
cucumber,pipino_native,wet,tropical_highland,26.1,85.5,29.3,4.9,6.8,65.7,silty,chemical,none,twice_daily,4,32
bottle_gourd,upo_round,wet,tropical_highland,31.5,70.4,29.2,6.9,6.9,65.2,sandy,chemical,weekly,every_other_day,4,47
sponge_gourd,patola_ridged,dry,tropical_lowland,27.2,70.8,1.3,8.1,6.4,66.6,silty,organic,none,daily,4,37
sponge_gourd,patola_smooth,dry,subtropical,31.5,62.1,3.1,8.2,7.0,52.0,sandy,mixed,biweekly,twice_daily,5,38
sponge_gourd,patola,wet,tropical_highland,31.3,79.5,18.1,6.0,6.1,76.8,clay,none,biweekly,every_other_day,3,42
bottle_gourd,upo_long,dry,subtropical,31.6,65.9,1.9,9.6,7.2,61.6,clay,mixed,monthly,twice_daily,3,50
sponge_gourd,patola,dry,tropical_lowland,25.9,69.7,1.8,9.6,6.7,73.8,sandy,mixed,biweekly,twice_daily,3,42
cucumber,pipino_native,dry,subtropical,27.7,71.6,1.8,8.2,6.6,54.0,sandy,mixed,biweekly,twice_daily,3,37
cucumber,pipino_japanese,wet,subtropical,27.1,85.0,27.3,5.0,5.9,68.6,silty,none,monthly,twice_daily,4,38
bottle_gourd,upo_round,wet,tropical_lowland,26.8,78.7,16.1,6.3,5.9,58.3,silty,chemical,monthly,every_other_day,3,46
bottle_gourd,upo_smooth,wet,subtropical,30.0,70.9,14.8,4.9,7.1,60.5,loamy,none,biweekly,twice_daily,3,54
bottle_gourd,upo_round,dry,tropical_lowland,33.7,70.3,1.3,7.9,6.4,53.4,clay,chemical,weekly,twice_daily,4,47
squash,kalabasa_native,wet,subtropical,31.2,73.0,11.7,6.9,7.1,57.6,loamy,chemical,monthly,twice_daily,4,47
bottle_gourd,upo_round,wet,tropical_lowland,27.2,76.0,20.6,5.0,7.2,69.3,clay,none,monthly,daily,3,52
squash,kalabasa_hybrid,dry,tropical_highland,32.2,71.0,5.5,7.4,7.0,67.5,loamy,organic,weekly,twice_daily,4,41
bottle_gourd,upo_round,dry,tropical_highland,29.1,60.4,9.0,7.0,7.1,68.7,silty,none,none,every_other_day,3,49
cucumber,pipino_japanese,dry,subtropical,24.7,59.0,2.0,8.3,6.6,63.9,silty,organic,biweekly,twice_daily,4,32
cucumber,pipino,dry,subtropical,32.2,61.0,5.7,9.6,6.1,71.5,silty,none,none,twice_daily,4,34
squash,kalabasa,dry,tropical_lowland,25.5,71.9,8.1,9.5,6.4,60.8,clay,chemical,biweekly,daily,3,45
cucumber,pipino_native,dry,tropical_highland,25.1,72.7,4.4,9.4,6.9,70.4,sandy,mixed,monthly,daily,5,28
squash,kalabasa_native,dry,tropical_highland,27.9,58.7,3.6,9.9,6.2,70.6,silty,none,weekly,daily,3,50
sponge_gourd,patola_smooth,dry,tropical_highland,28.6,61.4,3.5,7.3,6.0,53.5,silty,chemical,monthly,daily,3,43
bottle_gourd,upo_round,dry,tropical_lowland,26.0,62.6,5.2,7.4,6.5,55.9,sandy,none,monthly,daily,4,48
cucumber,pipino_japanese,wet,subtropical,30.8,74.0,23.4,5.6,6.8,61.3,clay,organic,biweekly,every_other_day,4,32
cucumber,pipino_native,dry,tropical_lowland,29.2,75.0,8.2,9.1,6.7,78.3,silty,organic,monthly,every_other_day,4,29
bitter_gourd,ampalaya_hybrid,wet,tropical_lowland,27.6,84.0,23.0,6.5,6.2,66.9,clay,organic,monthly,daily,4,39
bottle_gourd,upo_smooth,dry,subtropical,30.2,74.6,5.0,9.8,6.4,55.6,sandy,organic,weekly,twice_daily,4,43
bitter_gourd,ampalaya_hybrid,dry,tropical_highland,24.7,67.3,6.1,7.6,7.1,67.2,silty,none,weekly,twice_daily,3,48
squash,kalabasa_hybrid,dry,tropical_highland,31.9,57.8,0.8,8.2,6.0,71.3,clay,none,monthly,every_other_day,3,48
sponge_gourd,patola_ridged,dry,tropical_lowland,28.6,64.6,8.7,8.9,5.9,50.9,silty,none,weekly,daily,3,45
bitter_gourd,ampalaya_oblong,dry,tropical_lowland,24.2,69.4,5.1,9.4,6.1,74.5,loamy,none,none,every_other_day,4,43
bitter_gourd,ampalaya_bilog,wet,tropical_highland,28.7,81.4,24.3,6.1,6.5,77.6,sandy,mixed,none,daily,4,40
squash,kalabasa,dry,tropical_highland,28.3,60.0,8.3,8.5,6.6,72.3,clay,organic,weekly,every_other_day,4,43
bitter_gourd,ampalaya_oblong,wet,tropical_highland,27.5,78.6,18.0,5.9,6.5,70.3,sandy,organic,biweekly,daily,4,38
sponge_gourd,patola_smooth,dry,tropical_highland,29.3,67.3,3.6,9.0,6.8,72.3,silty,chemical,weekly,twice_daily,3,41
bitter_gourd,ampalaya_bilog,dry,tropical_highland,30.5,73.9,2.5,8.6,6.5,70.8,clay,mixed,weekly,every_other_day,4,40
bitter_gourd,ampalaya_bilog,wet,subtropical,31.3,83.1,11.6,5.5,6.4,52.8,sandy,chemical,monthly,daily,4,39
sponge_gourd,patola_ridged,dry,subtropical,34.7,64.3,5.9,9.8,6.9,65.3,loamy,mixed,weekly,twice_daily,5,37
squash,kalabasa_native,wet,subtropical,31.8,83.1,24.5,4.5,6.6,73.4,sandy,mixed,biweekly,twice_daily,4,43
bitter_gourd,ampalaya_bilog,dry,tropical_lowland,25.8,72.0,8.3,9.8,7.1,59.9,sandy,none,monthly,daily,4,45
cucumber,pipino,dry,tropical_highland,29.0,59.9,5.2,9.1,5.8,57.9,silty,organic,monthly,daily,4,31
cucumber,pipino_native,dry,tropical_lowland,34.3,69.6,7.9,9.2,6.8,55.4,sandy,chemical,weekly,every_other_day,3,37
bottle_gourd,upo_round,wet,tropical_lowland,26.4,80.6,24.6,5.9,6.6,57.5,loamy,organic,weekly,every_other_day,4,42
bitter_gourd,ampalaya_oblong,dry,tropical_lowland,25.0,61.2,5.5,8.7,6.6,77.6,clay,chemical,monthly,twice_daily,3,43
bottle_gourd,upo_long,wet,subtropical,30.0,83.1,22.3,4.7,7.0,52.6,loamy,chemical,weekly,every_other_day,4,46
squash,kalabasa_hybrid,wet,tropical_lowland,29.7,85.7,14.0,4.3,7.1,75.1,silty,mixed,biweekly,daily,5,40
cucumber,pipino_native,wet,tropical_lowland,29.6,89.9,10.0,5.0,7.1,61.5,sandy,organic,none,every_other_day,4,31
bitter_gourd,ampalaya_oblong,wet,subtropical,31.8,74.6,28.5,5.2,7.2,57.4,clay,mixed,monthly,twice_daily,4,41
bitter_gourd,ampalaya_oblong,dry,subtropical,31.0,55.7,5.8,8.2,6.0,70.0,silty,organic,weekly,twice_daily,5,35
squash,kalabasa,dry,subtropical,25.4,59.3,0.2,8.8,6.5,75.7,clay,organic,monthly,every_other_day,4,40
cucumber,pipino_native,dry,tropical_lowland,25.2,66.5,8.3,9.7,6.2,77.3,clay,organic,weekly,twice_daily,4,28
squash,kalabasa,dry,tropical_highland,32.3,63.6,9.0,7.7,6.1,68.8,loamy,none,monthly,daily,3,46
sponge_gourd,patola_smooth,dry,subtropical,26.0,70.6,6.0,8.6,6.7,72.1,clay,mixed,biweekly,daily,4,37
squash,kalabasa_hybrid,wet,subtropical,30.1,81.9,15.3,7.0,6.5,61.6,clay,mixed,weekly,daily,4,42
cucumber,pipino_native,dry,subtropical,33.6,73.4,4.5,8.8,7.1,73.2,silty,none,biweekly,daily,3,36
cucumber,pipino_native,dry,tropical_highland,25.6,58.1,7.7,7.5,5.9,75.6,loamy,none,monthly,every_other_day,4,36
sponge_gourd,patola_smooth,wet,subtropical,31.7,87.1,11.5,6.3,6.0,78.9,loamy,none,none,every_other_day,3,43
bitter_gourd,ampalaya_bilog,dry,tropical_highland,29.9,73.0,7.5,7.4,5.9,60.9,silty,organic,biweekly,twice_daily,4,40
squash,kalabasa_native,dry,tropical_lowland,34.9,59.1,2.7,8.6,5.8,74.8,clay,none,monthly,twice_daily,3,45
sponge_gourd,patola_ridged,dry,subtropical,32.3,56.9,7.9,9.8,6.1,58.3,loamy,mixed,weekly,every_other_day,4,40
bottle_gourd,upo_long,wet,subtropical,30.0,84.5,22.4,4.9,6.6,66.0,clay,chemical,none,every_other_day,3,46
bottle_gourd,upo_round,wet,tropical_lowland,28.6,72.5,10.4,4.3,5.9,54.9,sandy,none,none,every_other_day,3,48
bitter_gourd,ampalaya_hybrid,wet,subtropical,31.1,76.6,16.0,6.9,6.4,58.7,loamy,organic,none,daily,4,37
cucumber,pipino_native,wet,tropical_lowland,30.4,77.8,19.3,6.8,7.0,53.5,clay,chemical,biweekly,daily,3,31
sponge_gourd,patola,dry,tropical_highland,24.8,55.3,0.2,7.3,6.4,50.6,clay,organic,monthly,every_other_day,4,38
squash,kalabasa_hybrid,wet,tropical_lowland,31.9,79.3,28.5,5.9,6.1,73.9,sandy,chemical,weekly,daily,4,43
cucumber,pipino_japanese,dry,tropical_lowland,30.8,57.0,0.1,9.9,6.0,74.9,silty,mixed,biweekly,every_other_day,5,34
bottle_gourd,upo_long,wet,subtropical,27.1,82.8,13.5,5.6,6.7,74.3,sandy,organic,biweekly,twice_daily,5,45
squash,kalabasa,wet,tropical_lowland,30.9,89.4,22.0,5.4,7.1,77.6,clay,chemical,monthly,every_other_day,3,47
squash,kalabasa_hybrid,wet,tropical_highland,31.3,78.0,19.6,4.7,7.0,54.2,silty,organic,none,daily,4,43
squash,kalabasa_hybrid,dry,tropical_highland,25.8,66.0,8.3,9.6,6.8,61.0,silty,organic,weekly,twice_daily,5,40
cucumber,pipino,dry,subtropical,32.4,64.7,9.0,7.7,6.9,57.2,sandy,none,none,every_other_day,3,38
bitter_gourd,ampalaya_hybrid,dry,tropical_lowland,25.6,62.9,5.5,9.4,6.7,74.7,clay,mixed,biweekly,daily,3,43
squash,kalabasa_hybrid,dry,tropical_lowland,25.5,72.4,4.0,9.7,6.9,59.8,silty,mixed,weekly,daily,4,40
bottle_gourd,upo_round,wet,tropical_lowland,28.5,74.1,24.6,5.5,6.5,57.6,loamy,chemical,none,every_other_day,4,46
sponge_gourd,patola_ridged,wet,tropical_lowland,26.0,70.6,19.6,4.8,7.1,66.7,clay,mixed,weekly,every_other_day,3,40
sponge_gourd,patola,dry,tropical_lowland,25.0,56.6,4.5,7.9,6.6,71.3,silty,none,biweekly,twice_daily,4,44
sponge_gourd,patola,wet,tropical_lowland,30.1,76.4,26.9,5.1,6.3,59.5,sandy,mixed,none,every_other_day,4,38
squash,kalabasa,dry,tropical_highland,28.5,72.4,8.5,8.1,7.1,64.2,clay,none,weekly,daily,3,50
sponge_gourd,patola_ridged,wet,tropical_highland,27.8,83.7,12.7,6.6,6.5,58.6,loamy,chemical,monthly,daily,3,40
cucumber,pipino_native,dry,tropical_highland,33.2,65.1,0.9,9.9,6.6,69.1,silty,organic,monthly,twice_daily,5,30
bottle_gourd,upo_round,wet,tropical_lowland,26.8,82.2,19.7,6.2,6.8,63.0,silty,chemical,biweekly,daily,4,47
bitter_gourd,ampalaya_oblong,wet,subtropical,28.7,85.6,16.0,5.4,7.0,60.2,silty,mixed,biweekly,twice_daily,4,43
squash,kalabasa_hybrid,dry,tropical_highland,31.2,65.0,8.6,8.8,6.5,55.9,loamy,organic,monthly,twice_daily,4,40
squash,kalabasa,dry,tropical_highland,28.0,71.9,4.9,8.5,7.0,53.9,silty,none,none,twice_daily,4,48
bitter_gourd,ampalaya_hybrid,wet,tropical_lowland,30.5,80.7,14.1,4.6,6.7,65.3,clay,chemical,none,every_other_day,4,37
squash,kalabasa_hybrid,dry,tropical_lowland,32.6,59.8,0.1,7.9,6.4,58.1,sandy,organic,weekly,twice_daily,4,41
sponge_gourd,patola,wet,tropical_lowland,30.7,71.0,24.9,6.2,6.5,68.0,loamy,organic,biweekly,twice_daily,4,41
sponge_gourd,patola_ridged,dry,tropical_lowland,24.3,55.6,8.7,8.1,6.3,55.7,clay,none,monthly,daily,4,45
sponge_gourd,patola_smooth,wet,tropical_lowland,28.4,82.0,21.3,5.0,6.3,56.0,loamy,mixed,weekly,twice_daily,5,37
cucumber,pipino,dry,tropical_lowland,32.0,72.6,7.9,8.8,6.8,68.4,sandy,organic,biweekly,daily,4,32
bottle_gourd,upo_smooth,dry,tropical_highland,27.5,69.6,8.6,8.8,7.2,72.0,sandy,chemical,monthly,daily,4,45
squash,kalabasa_hybrid,dry,tropical_lowland,24.7,65.6,7.4,9.1,5.8,56.8,silty,none,biweekly,twice_daily,3,47
cucumber,pipino_japanese,wet,tropical_highland,29.5,73.6,23.8,4.1,6.3,59.2,loamy,chemical,none,daily,4,32
squash,kalabasa_native,dry,tropical_highland,24.8,55.0,8.0,8.5,6.2,67.1,sandy,none,biweekly,every_other_day,4,44
sponge_gourd,patola,dry,subtropical,32.5,59.7,2.3,9.1,6.6,62.6,silty,none,none,daily,4,41
squash,kalabasa,dry,subtropical,27.4,64.1,4.2,8.3,6.7,73.6,clay,none,weekly,daily,3,50
cucumber,pipino_native,wet,tropical_highland,28.9,75.3,23.7,6.3,6.4,76.5,clay,none,weekly,every_other_day,4,37
sponge_gourd,patola,dry,subtropical,31.0,70.9,8.7,7.5,6.3,68.3,clay,organic,none,daily,4,39
sponge_gourd,patola,dry,subtropical,32.0,65.5,2.7,7.6,6.6,51.4,silty,chemical,monthly,every_other_day,3,41
squash,kalabasa_native,dry,subtropical,30.3,72.7,9.5,9.8,6.5,67.6,silty,organic,biweekly,daily,5,40
bitter_gourd,ampalaya_oblong,dry,tropical_highland,34.2,67.8,5.7,8.3,6.3,76.8,sandy,organic,weekly,daily,5,35
bitter_gourd,ampalaya_oblong,wet,subtropical,31.1,83.0,16.0,5.1,6.5,62.6,clay,chemical,monthly,every_other_day,3,47
sponge_gourd,patola,dry,tropical_lowland,24.3,64.0,2.1,7.6,5.9,54.6,clay,none,weekly,twice_daily,4,42
cucumber,pipino_japanese,wet,subtropical,31.2,88.1,18.4,6.3,6.3,64.6,sandy,none,none,twice_daily,3,38
cucumber,pipino,dry,subtropical,34.9,65.7,6.3,7.6,6.4,73.6,silty,none,weekly,daily,4,38
cucumber,pipino_japanese,wet,tropical_lowland,31.1,73.3,14.9,6.5,6.3,69.2,clay,chemical,monthly,every_other_day,3,38
sponge_gourd,patola_smooth,wet,tropical_lowland,28.7,77.3,22.1,4.1,6.9,72.1,silty,organic,biweekly,every_other_day,3,38
bitter_gourd,ampalaya_hybrid,dry,subtropical,28.0,72.6,3.0,8.7,6.8,67.5,clay,mixed,biweekly,every_other_day,4,37
bottle_gourd,upo_round,dry,tropical_highland,33.0,67.0,7.5,9.8,6.2,63.4,sandy,chemical,none,daily,4,49
bitter_gourd,ampalaya_bilog,dry,tropical_lowland,31.6,74.8,4.7,7.0,6.7,65.6,clay,organic,monthly,daily,3,38
bottle_gourd,upo_long,dry,subtropical,27.9,66.3,0.9,9.1,6.7,67.4,clay,mixed,none,twice_daily,3,44
cucumber,pipino_native,dry,subtropical,29.3,69.2,5.5,8.9,7.1,68.6,silty,none,weekly,daily,3,34
squash,kalabasa_native,wet,tropical_highland,30.7,72.7,24.5,5.3,6.4,51.4,sandy,chemical,monthly,twice_daily,4,43
sponge_gourd,patola_ridged,dry,tropical_highland,25.3,55.9,9.9,8.5,6.2,65.6,clay,none,weekly,daily,3,45
cucumber,pipino_japanese,dry,subtropical,30.0,60.3,2.5,7.5,6.4,70.9,loamy,organic,biweekly,daily,5,30
squash,kalabasa_native,wet,subtropical,28.3,75.3,21.8,4.5,6.8,62.2,silty,chemical,weekly,twice_daily,4,46
sponge_gourd,patola_smooth,wet,tropical_lowland,28.4,87.1,24.5,6.4,6.4,64.3,sandy,mixed,monthly,twice_daily,4,41
bottle_gourd,upo_long,dry,tropical_lowland,24.4,57.1,4.7,9.7,6.5,53.8,clay,organic,none,twice_daily,4,45
cucumber,pipino_native,wet,subtropical,26.9,77.5,19.1,4.7,6.6,76.9,clay,mixed,biweekly,daily,3,35
squash,kalabasa_hybrid,wet,tropical_highland,30.7,76.0,21.8,4.6,5.9,64.9,silty,none,biweekly,daily,3,47
squash,kalabasa_native,wet,tropical_highland,29.3,86.8,16.5,6.8,6.3,66.9,silty,mixed,weekly,daily,4,41
sponge_gourd,patola_ridged,wet,subtropical,26.8,88.0,25.9,4.7,6.7,67.8,silty,none,biweekly,twice_daily,4,42
bottle_gourd,upo_smooth,wet,tropical_highland,28.0,77.2,16.2,4.3,7.1,73.4,sandy,organic,monthly,daily,3,44
squash,kalabasa_native,wet,tropical_lowland,30.5,72.5,14.6,6.9,6.7,55.3,clay,chemical,monthly,daily,3,39
bitter_gourd,ampalaya_oblong,wet,subtropical,29.3,80.8,12.0,5.5,6.6,71.9,silty,chemical,weekly,daily,5,44
bottle_gourd,upo_round,dry,tropical_highland,29.5,57.9,1.6,8.4,7.0,53.6,silty,chemical,biweekly,daily,4,45
squash,kalabasa_native,wet,tropical_highland,27.9,77.9,13.2,4.8,6.8,76.0,sandy,mixed,biweekly,daily,4,43
bitter_gourd,ampalaya_bilog,wet,subtropical,30.9,76.8,19.3,6.5,6.3,70.1,sandy,chemical,none,daily,4,38
squash,kalabasa,wet,subtropical,30.6,78.1,20.7,6.6,6.8,71.5,clay,organic,biweekly,every_other_day,5,40
bottle_gourd,upo_round,dry,tropical_lowland,34.7,57.9,4.3,8.9,6.6,63.1,sandy,mixed,biweekly,daily,4,48
cucumber,pipino_japanese,wet,tropical_lowland,30.5,89.8,23.0,5.5,5.9,60.2,silty,none,biweekly,twice_daily,3,37
bottle_gourd,upo_round,wet,subtropical,29.3,80.7,17.7,6.7,5.9,77.6,loamy,mixed,monthly,every_other_day,3,45
squash,kalabasa,wet,tropical_highland,28.1,87.6,23.6,4.7,6.4,58.0,loamy,none,weekly,daily,4,46
bitter_gourd,ampalaya_oblong,dry,subtropical,30.8,69.7,2.7,8.0,6.6,75.8,silty,none,monthly,daily,4,42
bottle_gourd,upo_long,dry,subtropical,34.4,61.6,0.9,8.0,6.3,74.0,silty,none,monthly,daily,4,54
bottle_gourd,upo_round,dry,subtropical,32.7,72.3,9.6,8.7,6.6,66.8,sandy,organic,biweekly,daily,4,46
squash,kalabasa_hybrid,dry,tropical_lowland,24.5,63.3,3.7,9.3,6.5,55.1,loamy,organic,biweekly,every_other_day,4,43
bottle_gourd,upo_round,dry,tropical_highland,30.8,62.8,6.3,7.2,6.1,52.1,sandy,mixed,none,daily,4,46
squash,kalabasa_native,wet,subtropical,31.8,87.8,24.2,4.1,6.8,68.9,loamy,none,biweekly,twice_daily,4,47
bitter_gourd,ampalaya_oblong,wet,subtropical,28.1,75.5,16.5,4.2,6.0,65.2,sandy,chemical,biweekly,twice_daily,3,41
sponge_gourd,patola_ridged,dry,tropical_lowland,35.0,65.5,2.4,9.6,6.0,55.6,silty,chemical,biweekly,twice_daily,4,41
sponge_gourd,patola,wet,tropical_lowland,28.8,85.6,10.1,5.8,7.0,70.4,silty,organic,biweekly,every_other_day,4,35
cucumber,pipino_japanese,dry,subtropical,25.3,68.7,0.4,9.6,6.9,74.4,loamy,none,weekly,twice_daily,3,37
sponge_gourd,patola_smooth,wet,subtropical,28.1,72.7,20.8,4.2,5.9,74.5,clay,mixed,biweekly,every_other_day,3,37
bottle_gourd,upo_smooth,dry,tropical_highland,29.7,70.3,9.4,8.8,6.4,53.3,clay,organic,none,twice_daily,5,44
cucumber,pipino,wet,tropical_highland,27.2,71.8,23.2,6.6,6.3,65.9,silty,organic,none,daily,4,33
bitter_gourd,ampalaya_oblong,dry,tropical_highland,27.1,69.2,5.6,8.2,6.7,50.0,loamy,chemical,biweekly,daily,4,43
cucumber,pipino_japanese,dry,tropical_lowland,34.2,66.7,8.7,8.3,6.2,50.6,loamy,organic,weekly,every_other_day,4,31
sponge_gourd,patola_smooth,wet,tropical_lowland,26.9,78.4,26.5,6.6,6.7,64.0,sandy,mixed,weekly,daily,4,35
squash,kalabasa_hybrid,dry,subtropical,29.4,69.2,9.8,7.1,6.2,79.9,clay,organic,weekly,daily,4,44
bottle_gourd,upo_long,dry,tropical_highland,27.2,64.6,5.3,8.1,6.2,63.3,loamy,organic,none,every_other_day,4,46
bottle_gourd,upo_smooth,wet,subtropical,27.1,83.8,18.2,4.4,6.5,58.6,silty,chemical,monthly,daily,3,49
squash,kalabasa_native,dry,tropical_lowland,28.4,64.6,8.3,8.1,6.3,71.8,silty,mixed,monthly,every_other_day,4,42
squash,kalabasa,wet,subtropical,29.3,75.0,28.8,6.1,6.4,73.1,clay,chemical,none,daily,3,47
bitter_gourd,ampalaya_hybrid,wet,tropical_lowland,28.0,74.8,26.7,6.7,6.1,76.0,clay,chemical,biweekly,daily,4,42
sponge_gourd,patola,dry,tropical_highland,31.9,70.4,5.3,8.3,6.8,79.8,silty,chemical,biweekly,daily,4,39
bitter_gourd,ampalaya_bilog,wet,subtropical,29.3,80.8,14.8,5.5,6.0,72.0,clay,mixed,biweekly,every_other_day,4,41
sponge_gourd,patola,wet,subtropical,28.9,87.0,18.1,5.6,6.2,62.0,clay,mixed,biweekly,twice_daily,4,36
bitter_gourd,ampalaya_bilog,wet,tropical_highland,27.0,70.1,23.0,4.7,6.0,70.3,silty,organic,monthly,every_other_day,4,39
bottle_gourd,upo_long,dry,tropical_lowland,26.2,60.1,0.7,7.6,6.3,70.1,silty,chemical,biweekly,every_other_day,3,45
bottle_gourd,upo_long,dry,tropical_highland,25.7,71.5,2.9,7.3,7.2,56.4,silty,chemical,monthly,daily,3,47
squash,kalabasa,wet,tropical_lowland,29.1,79.5,20.2,5.9,5.9,67.6,loamy,none,monthly,twice_daily,3,43
sponge_gourd,patola_ridged,dry,subtropical,32.2,68.4,0.1,8.6,5.8,51.9,loamy,organic,monthly,every_other_day,4,41
cucumber,pipino,wet,tropical_highland,29.7,70.1,20.0,5.3,6.1,72.0,loamy,none,biweekly,daily,3,38
bitter_gourd,ampalaya_oblong,dry,subtropical,32.5,57.6,3.8,8.3,6.8,52.7,clay,chemical,none,every_other_day,4,39
bottle_gourd,upo_long,wet,tropical_highland,30.5,70.6,18.4,6.3,6.0,78.3,sandy,organic,weekly,every_other_day,3,44
bitter_gourd,ampalaya_oblong,dry,subtropical,30.7,68.3,4.9,7.1,6.6,52.8,sandy,mixed,weekly,daily,4,41
sponge_gourd,patola_ridged,wet,tropical_highland,31.7,79.0,21.6,4.9,7.0,63.6,clay,organic,monthly,twice_daily,4,38
bottle_gourd,upo_round,dry,tropical_lowland,27.4,59.2,2.3,9.4,5.9,64.1,silty,none,weekly,daily,4,50
bitter_gourd,ampalaya_hybrid,wet,tropical_lowland,28.2,83.4,20.9,5.7,6.3,56.0,silty,mixed,none,twice_daily,4,43
sponge_gourd,patola,wet,tropical_highland,28.0,84.8,16.0,5.9,6.7,79.0,clay,none,none,every_other_day,3,43
bitter_gourd,ampalaya_hybrid,wet,tropical_highland,26.9,86.3,22.1,6.6,5.8,74.9,silty,none,none,every_other_day,4,47
bottle_gourd,upo_round,wet,tropical_lowland,26.4,78.3,23.9,6.0,6.5,68.1,clay,chemical,biweekly,every_other_day,4,47
bottle_gourd,upo_long,dry,tropical_lowland,24.7,64.3,5.4,9.5,6.8,68.0,clay,organic,weekly,twice_daily,4,43
bottle_gourd,upo_smooth,wet,tropical_lowland,30.4,77.5,12.0,4.2,6.6,69.3,sandy,none,monthly,daily,4,47
squash,kalabasa_hybrid,wet,subtropical,31.8,87.9,25.7,4.3,6.4,65.6,loamy,chemical,weekly,daily,4,43
sponge_gourd,patola_ridged,dry,subtropical,33.1,68.0,1.1,9.2,6.3,52.4,loamy,chemical,biweekly,twice_daily,3,41
bitter_gourd,ampalaya_oblong,dry,subtropical,28.5,58.2,9.9,8.4,6.7,60.7,loamy,chemical,monthly,twice_daily,4,41
cucumber,pipino,dry,tropical_lowland,26.3,72.4,4.9,8.6,6.9,64.4,sandy,mixed,monthly,every_other_day,4,31
bottle_gourd,upo_round,wet,tropical_highland,26.3,74.2,18.6,6.0,6.3,71.7,silty,organic,weekly,twice_daily,4,45
cucumber,pipino_japanese,dry,tropical_lowland,28.6,60.5,8.1,8.4,6.7,78.5,silty,organic,monthly,twice_daily,4,28
bottle_gourd,upo_smooth,wet,tropical_lowland,27.8,86.4,13.7,4.5,7.0,57.7,loamy,mixed,weekly,every_other_day,4,46
sponge_gourd,patola_smooth,wet,tropical_highland,30.3,71.5,29.5,4.2,7.1,79.6,silty,chemical,biweekly,every_other_day,4,37
bitter_gourd,ampalaya_bilog,dry,tropical_lowland,33.4,64.3,1.7,8.0,6.6,72.4,loamy,chemical,none,every_other_day,4,41
squash,kalabasa,dry,subtropical,29.3,74.0,1.1,9.5,6.8,59.9,silty,organic,monthly,every_other_day,3,39
cucumber,pipino_native,wet,tropical_lowland,31.5,82.3,23.8,5.9,6.0,70.0,silty,organic,monthly,every_other_day,3,36
bottle_gourd,upo_long,dry,tropical_lowland,33.4,62.2,4.1,9.3,6.4,64.7,sandy,none,monthly,daily,4,50
sponge_gourd,patola,dry,tropical_highland,34.7,56.9,6.9,8.6,7.0,69.5,clay,mixed,weekly,daily,4,40
sponge_gourd,patola_smooth,wet,tropical_highland,29.2,88.9,23.5,4.8,7.0,60.1,sandy,organic,none,twice_daily,4,38
squash,kalabasa_native,dry,tropical_lowland,34.4,59.4,2.4,9.4,6.4,54.5,loamy,chemical,biweekly,twice_daily,5,43
bottle_gourd,upo_round,dry,tropical_lowland,29.8,61.9,3.2,9.9,7.0,58.5,loamy,mixed,monthly,daily,5,43
cucumber,pipino_native,wet,tropical_lowland,29.9,76.4,18.5,4.8,6.4,55.8,loamy,chemical,biweekly,every_other_day,3,34
bitter_gourd,ampalaya_bilog,dry,subtropical,25.5,65.5,10.0,8.7,6.4,57.0,loamy,none,monthly,daily,4,44
squash,kalabasa_hybrid,dry,tropical_lowland,27.8,63.3,7.3,8.3,7.1,69.1,loamy,none,monthly,every_other_day,3,48
bitter_gourd,ampalaya_hybrid,dry,tropical_lowland,27.3,68.2,0.7,9.9,6.1,74.5,sandy,none,biweekly,twice_daily,3,48
squash,kalabasa_native,wet,tropical_highland,28.3,76.7,29.6,4.4,6.0,79.1,sandy,organic,monthly,twice_daily,4,39
cucumber,pipino,dry,tropical_lowland,31.3,74.8,4.9,9.0,6.5,55.4,sandy,chemical,biweekly,twice_daily,5,31
sponge_gourd,patola_ridged,wet,subtropical,26.3,85.8,20.6,4.6,5.9,67.2,clay,chemical,monthly,daily,3,44
squash,kalabasa_native,dry,tropical_highland,25.0,71.7,7.6,7.1,6.8,72.1,sandy,none,biweekly,twice_daily,4,48
squash,kalabasa,wet,tropical_lowland,26.1,79.1,29.9,6.9,6.9,57.6,silty,chemical,biweekly,every_other_day,3,46
sponge_gourd,patola_ridged,wet,subtropical,29.5,82.2,16.0,6.2,6.8,59.1,clay,mixed,monthly,every_other_day,4,40
cucumber,pipino_native,dry,tropical_lowland,33.0,57.7,7.8,8.3,7.1,52.8,sandy,organic,monthly,daily,4,31
squash,kalabasa,dry,tropical_lowland,24.1,68.9,8.5,7.3,6.7,57.7,silty,chemical,weekly,daily,4,43
sponge_gourd,patola,wet,tropical_lowland,28.1,74.3,16.4,6.7,6.8,51.2,loamy,none,monthly,every_other_day,4,39
squash,kalabasa_hybrid,wet,tropical_highland,30.0,77.5,27.3,5.6,7.1,75.0,loamy,organic,none,twice_daily,4,41
bottle_gourd,upo_round,wet,tropical_lowland,30.1,73.0,25.7,5.8,6.0,68.5,clay,chemical,biweekly,daily,4,45
sponge_gourd,patola_ridged,wet,tropical_highland,29.4,73.7,15.3,6.3,7.1,59.8,loamy,chemical,monthly,every_other_day,3,41
cucumber,pipino,dry,tropical_highland,25.4,64.3,7.1,7.5,5.9,72.7,clay,chemical,weekly,daily,3,33
sponge_gourd,patola_smooth,dry,subtropical,27.0,62.3,3.4,9.9,6.0,63.0,sandy,none,weekly,twice_daily,4,41
bitter_gourd,ampalaya_oblong,dry,tropical_highland,33.7,62.5,7.8,9.0,6.1,61.9,clay,mixed,weekly,daily,4,45
cucumber,pipino_japanese,dry,subtropical,33.1,69.7,8.3,9.3,5.8,58.0,clay,none,weekly,daily,4,36
sponge_gourd,patola,wet,tropical_highland,30.4,77.5,28.1,5.6,6.4,57.4,silty,none,biweekly,twice_daily,4,45
squash,kalabasa,dry,tropical_lowland,30.8,72.0,0.7,9.3,6.2,78.7,silty,none,biweekly,twice_daily,3,46
squash,kalabasa,dry,subtropical,28.1,55.3,9.4,7.6,5.8,59.1,clay,chemical,monthly,every_other_day,3,47
squash,kalabasa_hybrid,dry,tropical_lowland,32.0,63.8,3.9,7.2,7.0,76.4,clay,mixed,biweekly,every_other_day,4,42
bottle_gourd,upo_long,wet,subtropical,31.4,87.1,24.4,5.8,7.1,75.3,loamy,none,biweekly,twice_daily,4,48
sponge_gourd,patola_smooth,dry,tropical_lowland,30.0,58.0,8.4,8.3,6.9,60.9,silty,chemical,none,every_other_day,3,42
squash,kalabasa,dry,tropical_highland,29.6,69.1,4.8,8.3,6.4,78.6,sandy,none,weekly,daily,3,48
bitter_gourd,ampalaya_oblong,wet,tropical_highland,26.9,73.1,23.4,4.0,6.9,71.8,sandy,chemical,monthly,twice_daily,4,41
squash,kalabasa,wet,tropical_highland,29.0,81.7,24.2,4.5,5.9,67.1,sandy,none,weekly,daily,4,47
bottle_gourd,upo_smooth,wet,subtropical,27.2,88.2,28.6,5.7,6.7,76.5,silty,organic,monthly,daily,4,43
bitter_gourd,ampalaya_hybrid,dry,tropical_lowland,31.1,74.1,5.4,8.8,7.1,56.9,clay,organic,monthly,twice_daily,4,41
bottle_gourd,upo_smooth,dry,tropical_highland,31.3,69.1,0.9,8.8,6.5,74.2,loamy,mixed,weekly,twice_daily,5,43
bitter_gourd,ampalaya_bilog,wet,tropical_lowland,29.5,80.5,15.3,5.4,6.1,54.8,loamy,mixed,biweekly,daily,5,39
sponge_gourd,patola_ridged,wet,tropical_lowland,31.1,89.0,11.0,5.4,7.0,66.4,silty,none,monthly,twice_daily,3,43
bottle_gourd,upo_round,dry,tropical_lowland,27.0,57.8,6.7,7.5,6.1,58.4,loamy,organic,monthly,twice_daily,5,43
cucumber,pipino,wet,tropical_highland,31.7,79.3,22.9,6.6,6.0,77.3,loamy,none,none,daily,3,35
bottle_gourd,upo_round,dry,tropical_highland,25.5,68.4,9.5,9.9,6.6,65.6,loamy,none,biweekly,daily,3,48
bottle_gourd,upo_long,dry,tropical_lowland,31.5,72.5,0.3,9.9,6.8,50.3,sandy,none,weekly,twice_daily,3,52
bottle_gourd,upo_round,dry,tropical_lowland,24.3,62.2,5.2,7.1,7.0,62.4,silty,mixed,none,twice_daily,4,44
bitter_gourd,ampalaya_bilog,wet,subtropical,30.1,81.9,20.1,5.4,7.1,79.7,silty,mixed,monthly,twice_daily,4,40
bitter_gourd,ampalaya_oblong,wet,tropical_highland,31.5,84.4,26.8,4.2,6.7,70.0,silty,mixed,weekly,daily,5,38
bottle_gourd,upo_long,wet,tropical_highland,27.6,80.1,20.4,4.6,7.0,60.1,silty,none,monthly,daily,4,49
sponge_gourd,patola,dry,tropical_highland,30.4,56.5,6.6,9.7,5.8,56.5,sandy,organic,weekly,daily,4,39
sponge_gourd,patola_ridged,dry,subtropical,24.9,63.6,3.1,9.6,6.9,77.8,sandy,mixed,biweekly,twice_daily,5,36
cucumber,pipino,dry,subtropical,31.8,71.0,4.9,9.2,6.0,61.8,sandy,chemical,monthly,daily,4,33
cucumber,pipino_native,wet,tropical_lowland,29.5,71.8,16.3,4.8,6.8,55.0,silty,chemical,none,twice_daily,3,35
bottle_gourd,upo_smooth,wet,tropical_highland,27.2,89.5,26.3,6.3,7.2,79.6,silty,none,none,twice_daily,3,53
sponge_gourd,patola,wet,subtropical,28.8,71.2,28.3,4.7,7.1,65.1,clay,chemical,monthly,every_other_day,2,44
squash,kalabasa,dry,subtropical,25.4,73.3,0.7,7.4,6.0,68.5,sandy,organic,weekly,twice_daily,5,41
sponge_gourd,patola_ridged,dry,tropical_highland,24.6,72.8,1.1,9.0,6.2,53.2,silty,none,biweekly,every_other_day,3,45
squash,kalabasa_native,dry,tropical_highland,32.3,59.2,9.4,7.9,5.9,66.3,loamy,none,weekly,every_other_day,3,46
squash,kalabasa,wet,tropical_lowland,29.9,88.4,16.6,5.9,6.9,56.1,loamy,mixed,weekly,every_other_day,4,45
squash,kalabasa,dry,subtropical,25.3,60.3,2.6,7.1,7.1,66.7,loamy,mixed,monthly,daily,4,43
sponge_gourd,patola_smooth,wet,subtropical,31.1,74.8,22.1,4.1,5.8,70.4,silty,chemical,weekly,every_other_day,3,42
cucumber,pipino,dry,subtropical,30.9,64.8,4.6,7.7,6.6,66.4,clay,chemical,monthly,every_other_day,3,35
squash,kalabasa,wet,subtropical,30.8,70.6,14.3,5.6,6.8,55.4,sandy,organic,monthly,daily,4,43
bottle_gourd,upo_long,wet,subtropical,29.0,73.5,15.2,6.1,7.2,68.4,clay,mixed,monthly,daily,4,47
bottle_gourd,upo_round,dry,tropical_lowland,24.4,73.5,5.9,7.7,6.5,67.0,clay,chemical,weekly,daily,4,45
bitter_gourd,ampalaya_hybrid,dry,tropical_lowland,33.0,72.8,2.8,8.9,6.7,51.3,sandy,mixed,monthly,daily,4,40
bottle_gourd,upo_long,dry,tropical_lowland,29.5,70.1,6.0,9.3,6.0,60.6,sandy,mixed,weekly,twice_daily,4,45
squash,kalabasa,dry,subtropical,32.3,64.7,3.9,8.4,6.5,51.8,sandy,mixed,none,twice_daily,4,42
bottle_gourd,upo_round,wet,subtropical,31.8,72.1,26.2,6.2,6.8,75.4,clay,mixed,monthly,daily,4,47
bitter_gourd,ampalaya_bilog,wet,tropical_lowland,27.4,72.4,20.5,6.0,6.6,63.8,sandy,chemical,biweekly,every_other_day,4,41
sponge_gourd,patola_ridged,dry,tropical_lowland,34.7,65.0,0.7,9.8,6.4,79.8,sandy,chemical,weekly,daily,2,44
squash,kalabasa,wet,subtropical,27.7,86.0,26.5,4.4,7.2,60.6,loamy,organic,biweekly,every_other_day,4,39
cucumber,pipino,wet,tropical_lowland,30.6,85.6,23.0,4.6,6.5,51.0,silty,mixed,none,daily,5,29
bitter_gourd,ampalaya_oblong,wet,tropical_highland,26.8,84.3,19.9,6.5,6.2,60.2,clay,organic,biweekly,every_other_day,4,43
bottle_gourd,upo_smooth,dry,tropical_highland,35.0,60.0,8.6,9.5,6.2,65.1,clay,none,none,every_other_day,4,50
bottle_gourd,upo_round,wet,subtropical,27.2,78.5,18.5,6.3,6.2,65.9,clay,none,weekly,daily,4,47
bitter_gourd,ampalaya_bilog,wet,tropical_lowland,26.8,71.4,14.1,4.2,6.4,57.7,sandy,mixed,monthly,every_other_day,4,41
bottle_gourd,upo_long,dry,tropical_highland,29.5,67.5,1.5,8.2,6.2,64.6,loamy,chemical,none,every_other_day,4,48
squash,kalabasa,wet,subtropical,26.8,77.4,17.4,6.5,5.9,65.5,sandy,chemical,monthly,daily,4,41
bottle_gourd,upo_long,wet,subtropical,30.6,86.4,23.7,6.3,6.0,53.4,clay,organic,biweekly,every_other_day,4,41
cucumber,pipino,dry,tropical_lowland,25.9,58.9,2.9,9.5,7.2,65.6,clay,mixed,weekly,every_other_day,4,32
bottle_gourd,upo_smooth,dry,tropical_lowland,33.2,61.1,5.1,8.4,6.5,74.4,loamy,mixed,none,daily,5,47
cucumber,pipino,wet,subtropical,30.8,77.8,22.0,4.3,6.5,58.5,clay,chemical,weekly,twice_daily,4,34
bottle_gourd,upo_round,dry,subtropical,33.9,60.2,2.7,8.7,7.2,53.1,silty,organic,none,every_other_day,4,46
squash,kalabasa,wet,subtropical,28.9,78.5,25.0,5.1,5.9,78.3,sandy,organic,monthly,daily,4,39
bitter_gourd,ampalaya_hybrid,wet,subtropical,29.7,80.5,21.6,6.6,6.2,59.0,clay,mixed,none,every_other_day,4,41
cucumber,pipino_japanese,wet,tropical_highland,26.2,86.4,17.8,5.3,6.9,56.1,silty,organic,biweekly,every_other_day,4,31
cucumber,pipino_native,wet,tropical_lowland,29.4,79.0,16.9,4.9,7.0,65.3,sandy,none,weekly,daily,4,38
cucumber,pipino_native,wet,tropical_highland,29.5,88.3,19.4,4.4,6.6,78.3,clay,mixed,weekly,twice_daily,5,31
bottle_gourd,upo_smooth,wet,subtropical,26.8,74.5,24.3,4.3,6.9,66.8,sandy,chemical,monthly,twice_daily,3,48
bottle_gourd,upo_smooth,dry,tropical_highland,28.6,67.9,3.9,8.4,6.2,58.3,clay,organic,none,twice_daily,3,43
bottle_gourd,upo_long,wet,subtropical,31.0,79.7,13.9,5.4,7.1,75.8,sandy,organic,weekly,daily,4,43
bottle_gourd,upo_long,dry,subtropical,34.4,70.4,6.3,7.2,6.7,72.5,loamy,mixed,biweekly,daily,4,49
bottle_gourd,upo_round,wet,subtropical,29.9,81.4,28.8,6.4,6.9,70.9,clay,none,weekly,every_other_day,4,49
cucumber,pipino_japanese,wet,subtropical,29.4,80.3,14.2,5.8,6.8,68.3,loamy,chemical,weekly,daily,4,32
bottle_gourd,upo_round,wet,tropical_lowland,29.1,84.2,25.3,6.9,6.8,59.4,sandy,organic,none,daily,5,45
bitter_gourd,ampalaya_hybrid,wet,tropical_highland,27.1,89.9,22.8,5.1,6.2,79.6,sandy,organic,weekly,every_other_day,4,38
squash,kalabasa_native,dry,tropical_lowland,32.8,64.8,8.3,8.7,7.2,66.1,clay,chemical,monthly,every_other_day,3,44
bitter_gourd,ampalaya_bilog,dry,subtropical,24.2,59.3,4.9,9.0,6.6,55.7,sandy,chemical,monthly,daily,4,42
sponge_gourd,patola_ridged,dry,subtropical,29.0,64.6,4.8,8.7,6.5,64.5,silty,chemical,biweekly,twice_daily,4,38
sponge_gourd,patola,dry,tropical_lowland,25.1,68.3,7.1,7.2,6.8,74.7,loamy,none,biweekly,every_other_day,4,42
cucumber,pipino_japanese,dry,tropical_lowland,32.5,60.1,5.2,7.5,6.4,61.7,silty,organic,weekly,every_other_day,5,30
squash,kalabasa,dry,tropical_lowland,24.9,73.5,4.9,9.2,6.8,59.2,clay,none,biweekly,twice_daily,4,46
cucumber,pipino,dry,tropical_highland,31.4,69.7,3.3,9.7,6.1,72.8,sandy,chemical,none,daily,3,36
bottle_gourd,upo_round,dry,tropical_highland,33.4,63.6,5.3,9.0,6.4,60.8,sandy,mixed,monthly,every_other_day,4,45
sponge_gourd,patola,wet,tropical_lowland,27.1,80.9,23.1,5.4,6.2,59.4,loamy,organic,none,every_other_day,4,36
squash,kalabasa,wet,subtropical,26.2,72.4,28.0,4.8,6.6,57.5,loamy,none,weekly,twice_daily,3,49
bottle_gourd,upo_long,dry,tropical_lowland,32.0,64.0,9.5,7.6,5.9,52.6,clay,organic,weekly,twice_daily,3,45
bottle_gourd,upo_long,dry,tropical_lowland,34.5,73.3,0.2,9.5,6.1,66.1,sandy,organic,monthly,daily,4,46
cucumber,pipino_japanese,dry,tropical_lowland,31.8,67.0,1.1,8.6,7.1,54.2,clay,mixed,biweekly,twice_daily,4,34
bitter_gourd,ampalaya_hybrid,dry,tropical_lowland,24.1,61.4,5.8,8.5,6.6,70.7,loamy,organic,weekly,every_other_day,4,42
bitter_gourd,ampalaya_hybrid,wet,tropical_lowland,27.9,83.1,13.5,6.1,7.0,78.6,sandy,none,biweekly,every_other_day,4,45
sponge_gourd,patola_ridged,dry,tropical_lowland,28.8,70.8,0.8,7.6,6.0,51.7,sandy,none,none,every_other_day,4,42
squash,kalabasa_native,wet,tropical_lowland,28.4,80.9,29.9,6.6,5.8,69.1,clay,none,monthly,twice_daily,3,49
squash,kalabasa,wet,tropical_lowland,27.6,87.7,27.0,4.7,6.1,55.4,clay,none,monthly,daily,4,45
bitter_gourd,ampalaya_bilog,wet,tropical_lowland,28.2,83.8,20.7,5.8,7.2,74.6,sandy,none,none,every_other_day,3,46
cucumber,pipino,dry,tropical_lowland,27.3,58.7,1.3,8.6,6.8,64.7,loamy,chemical,weekly,daily,4,34
cucumber,pipino_japanese,wet,subtropical,31.7,77.8,21.7,5.2,7.1,78.7,sandy,none,none,daily,2,38
bottle_gourd,upo_smooth,wet,subtropical,30.6,87.9,10.3,6.7,6.2,71.7,clay,chemical,monthly,every_other_day,3,46
bottle_gourd,upo_smooth,dry,tropical_lowland,30.9,55.1,9.0,9.4,6.1,79.1,loamy,none,biweekly,every_other_day,4,47
sponge_gourd,patola_ridged,wet,tropical_highland,27.6,73.5,28.5,4.7,6.5,60.1,loamy,chemical,none,every_other_day,3,41
bitter_gourd,ampalaya_bilog,dry,subtropical,32.6,55.8,5.9,9.9,6.6,72.1,clay,organic,weekly,every_other_day,2,43
cucumber,pipino,wet,tropical_highland,29.5,80.3,24.6,6.0,6.8,77.7,clay,mixed,biweekly,daily,3,37
bitter_gourd,ampalaya_oblong,dry,tropical_lowland,25.3,72.6,6.0,9.9,6.3,60.8,sandy,organic,weekly,daily,4,40
sponge_gourd,patola_smooth,dry,tropical_highland,31.7,65.9,1.2,8.0,6.9,77.9,loamy,mixed,biweekly,twice_daily,5,36
bottle_gourd,upo_long,dry,tropical_highland,25.8,65.2,6.8,9.2,6.1,72.6,clay,none,none,twice_daily,4,52
bottle_gourd,upo_smooth,wet,tropical_lowland,29.5,88.4,15.8,6.5,5.8,76.3,clay,none,weekly,twice_daily,4,49
bottle_gourd,upo_long,dry,subtropical,29.0,67.5,3.4,8.4,7.0,65.0,sandy,organic,none,every_other_day,4,42
bottle_gourd,upo_long,wet,tropical_lowland,28.5,86.5,21.6,4.8,6.5,73.9,silty,none,weekly,twice_daily,4,51
squash,kalabasa,wet,tropical_highland,27.5,79.2,23.6,4.5,6.9,56.4,loamy,organic,biweekly,daily,3,45
sponge_gourd,patola_ridged,wet,subtropical,30.1,82.7,16.0,5.2,6.5,57.4,sandy,organic,none,daily,4,35
sponge_gourd,patola,dry,tropical_highland,33.0,69.7,3.9,8.7,6.8,50.3,loamy,chemical,biweekly,daily,3,42
bottle_gourd,upo_smooth,wet,tropical_highland,26.2,71.2,12.5,4.6,6.0,60.2,silty,chemical,biweekly,every_other_day,3,46
bitter_gourd,ampalaya_oblong,dry,tropical_highland,34.0,74.5,0.7,9.5,6.4,59.6,sandy,mixed,monthly,daily,4,39
squash,kalabasa_hybrid,wet,tropical_highland,30.8,70.1,25.4,5.3,6.6,76.7,loamy,mixed,monthly,daily,5,43
squash,kalabasa,dry,tropical_lowland,26.9,58.0,5.9,8.3,6.4,55.1,loamy,mixed,biweekly,twice_daily,5,41
sponge_gourd,patola_ridged,dry,subtropical,24.0,63.7,4.5,7.7,7.0,61.3,clay,organic,monthly,every_other_day,4,38
bitter_gourd,ampalaya_hybrid,wet,subtropical,29.9,79.7,18.8,5.4,7.1,60.2,silty,mixed,weekly,every_other_day,4,41
sponge_gourd,patola_ridged,wet,subtropical,26.6,72.5,27.9,5.5,6.8,64.6,silty,none,monthly,twice_daily,4,44
bitter_gourd,ampalaya_hybrid,dry,tropical_lowland,27.0,56.6,4.3,9.8,6.4,59.6,silty,organic,none,daily,4,38
sponge_gourd,patola,wet,tropical_lowland,30.2,85.2,12.8,4.2,6.4,75.0,clay,mixed,none,daily,4,35
squash,kalabasa,wet,tropical_lowland,28.1,87.8,12.9,5.4,6.5,60.0,silty,chemical,weekly,twice_daily,4,43
bitter_gourd,ampalaya_bilog,wet,tropical_highland,28.7,76.3,16.1,6.2,6.9,72.0,loamy,chemical,weekly,every_other_day,5,41
bottle_gourd,upo_long,wet,subtropical,31.6,75.5,10.5,4.2,6.9,74.8,loamy,organic,biweekly,every_other_day,3,44
squash,kalabasa_hybrid,wet,tropical_lowland,27.3,75.3,20.7,5.3,6.2,79.1,silty,chemical,monthly,twice_daily,4,41
bottle_gourd,upo_long,dry,tropical_highland,31.8,62.9,8.2,9.5,6.0,52.1,sandy,organic,monthly,twice_daily,4,43
bottle_gourd,upo_long,dry,tropical_lowland,33.5,66.5,6.0,9.0,6.7,76.9,silty,mixed,weekly,daily,4,46
sponge_gourd,patola_smooth,wet,tropical_highland,26.2,75.7,28.5,6.3,6.2,60.7,silty,none,monthly,daily,4,44
squash,kalabasa_native,dry,tropical_highland,31.1,71.4,3.4,9.1,7.1,66.2,silty,chemical,weekly,twice_daily,4,44
squash,kalabasa,dry,subtropical,32.7,61.4,5.2,7.2,6.8,53.2,clay,none,none,every_other_day,3,47
squash,kalabasa_native,wet,subtropical,27.7,81.8,20.1,4.2,6.7,72.6,silty,chemical,weekly,daily,4,42
bitter_gourd,ampalaya_oblong,wet,tropical_lowland,30.4,74.8,19.5,6.8,5.9,52.7,sandy,none,biweekly,daily,4,43
cucumber,pipino,wet,subtropical,26.5,83.2,27.3,5.2,5.8,65.3,clay,organic,biweekly,every_other_day,3,33
bitter_gourd,ampalaya_bilog,dry,tropical_lowland,25.2,74.2,3.1,9.2,6.9,70.7,clay,none,weekly,every_other_day,5,43
cucumber,pipino_native,wet,tropical_lowland,29.7,74.3,26.0,6.5,7.1,75.1,sandy,mixed,weekly,every_other_day,3,38
bottle_gourd,upo_long,wet,tropical_lowland,26.3,84.8,26.9,6.2,7.0,58.2,sandy,chemical,biweekly,daily,3,49
cucumber,pipino_native,dry,tropical_lowland,28.2,56.4,6.2,9.8,6.8,75.8,clay,chemical,weekly,daily,4,36
cucumber,pipino_japanese,wet,tropical_highland,27.2,85.6,24.1,5.5,6.6,51.7,silty,none,none,daily,4,38
sponge_gourd,patola_ridged,wet,tropical_lowland,28.2,78.2,13.4,5.9,6.9,68.0,sandy,organic,none,daily,5,37
sponge_gourd,patola_smooth,wet,subtropical,27.3,71.1,20.1,4.4,6.3,56.0,clay,chemical,biweekly,every_other_day,4,38
bitter_gourd,ampalaya_bilog,wet,tropical_lowland,26.8,77.8,28.2,5.3,7.1,77.6,silty,organic,weekly,every_other_day,5,35
bottle_gourd,upo_smooth,wet,tropical_lowland,29.7,82.9,14.9,5.8,6.8,59.3,sandy,organic,none,every_other_day,4,44
bottle_gourd,upo_round,dry,subtropical,30.8,60.3,7.8,10.0,7.2,53.6,loamy,chemical,monthly,twice_daily,4,49
bitter_gourd,ampalaya_oblong,wet,subtropical,26.5,86.6,11.8,6.1,6.7,79.7,sandy,chemical,weekly,daily,4,41
bottle_gourd,upo_smooth,dry,subtropical,29.8,61.1,1.9,8.2,7.1,78.0,sandy,none,monthly,every_other_day,3,51
bitter_gourd,ampalaya_hybrid,wet,tropical_lowland,31.0,81.7,21.4,6.9,6.3,63.1,loamy,none,monthly,daily,4,48
sponge_gourd,patola,wet,tropical_highland,26.4,82.2,22.4,4.9,6.7,68.5,clay,mixed,none,daily,5,35
bitter_gourd,ampalaya_hybrid,dry,tropical_lowland,25.6,74.0,2.5,8.0,6.1,71.9,sandy,none,none,every_other_day,4,48
squash,kalabasa_hybrid,dry,tropical_highland,32.0,58.1,3.6,9.3,6.3,71.8,loamy,organic,none,twice_daily,5,40
cucumber,pipino_japanese,dry,tropical_highland,24.7,64.1,6.7,8.0,6.8,70.1,loamy,mixed,monthly,twice_daily,4,32
bottle_gourd,upo_round,dry,tropical_highland,29.9,66.2,7.6,9.5,7.0,75.9,loamy,mixed,weekly,daily,4,47
bitter_gourd,ampalaya_oblong,dry,tropical_lowland,31.2,61.1,0.6,7.3,7.1,75.5,loamy,organic,biweekly,every_other_day,4,38
bottle_gourd,upo_round,wet,tropical_lowland,26.1,84.6,19.6,4.6,7.1,76.1,clay,organic,weekly,every_other_day,3,48
sponge_gourd,patola,dry,tropical_lowland,32.7,61.0,1.6,8.3,6.4,74.7,clay,mixed,biweekly,every_other_day,4,37
bottle_gourd,upo_long,dry,subtropical,33.0,65.2,4.5,8.8,6.0,74.4,clay,none,biweekly,daily,4,51
bitter_gourd,ampalaya_hybrid,dry,tropical_lowland,32.2,60.6,1.0,7.5,6.4,78.7,sandy,none,weekly,twice_daily,3,48
cucumber,pipino_japanese,wet,tropical_highland,30.2,79.3,19.5,4.1,6.3,62.9,clay,organic,monthly,twice_daily,4,31
bottle_gourd,upo_smooth,wet,tropical_lowland,31.0,77.4,26.6,4.3,5.8,55.5,clay,chemical,biweekly,daily,2,53
squash,kalabasa_native,dry,tropical_lowland,27.4,62.9,6.1,8.7,5.9,65.8,silty,chemical,none,every_other_day,4,46
bottle_gourd,upo_smooth,dry,tropical_highland,29.6,55.7,5.1,9.0,6.3,78.3,sandy,chemical,biweekly,twice_daily,4,43
squash,kalabasa_hybrid,dry,tropical_highland,27.0,68.6,4.5,8.7,6.6,56.0,clay,chemical,none,daily,3,45
sponge_gourd,patola,dry,tropical_lowland,25.8,73.2,4.3,8.0,6.9,66.4,clay,mixed,none,twice_daily,3,42
squash,kalabasa,wet,tropical_lowland,27.4,89.0,14.0,6.1,6.1,51.9,loamy,mixed,weekly,every_other_day,4,43
sponge_gourd,patola,dry,tropical_lowland,25.1,57.3,5.6,10.0,7.1,76.6,silty,chemical,biweekly,daily,3,42
bottle_gourd,upo_round,wet,subtropical,28.5,82.7,25.0,6.4,6.0,68.4,loamy,none,biweekly,twice_daily,4,48
squash,kalabasa,wet,subtropical,30.1,78.6,28.0,5.5,6.8,75.3,silty,chemical,weekly,daily,4,46
squash,kalabasa_hybrid,dry,tropical_lowland,34.5,56.1,4.4,9.4,6.5,71.9,loamy,mixed,none,every_other_day,4,44
sponge_gourd,patola,dry,tropical_lowland,26.0,69.3,6.7,9.3,6.6,73.2,clay,none,none,twice_daily,4,42
bitter_gourd,ampalaya_oblong,dry,tropical_lowland,31.4,74.3,9.5,7.9,6.1,69.4,sandy,organic,biweekly,every_other_day,3,41
sponge_gourd,patola,dry,subtropical,29.6,73.7,0.3,9.2,5.8,53.1,loamy,organic,weekly,every_other_day,3,41
bitter_gourd,ampalaya_oblong,dry,subtropical,33.2,61.6,1.7,7.1,7.0,62.4,loamy,chemical,biweekly,twice_daily,4,45
sponge_gourd,patola,wet,tropical_lowland,31.8,76.9,10.6,4.3,6.9,77.7,silty,organic,weekly,every_other_day,5,35
bitter_gourd,ampalaya_hybrid,wet,tropical_lowland,30.8,84.9,25.3,5.7,6.4,55.1,silty,none,monthly,every_other_day,3,44
squash,kalabasa,dry,tropical_highland,28.9,63.4,4.8,8.1,7.1,60.5,clay,chemical,none,twice_daily,4,46
squash,kalabasa,wet,tropical_highland,27.6,87.4,28.5,4.5,7.0,54.0,loamy,mixed,biweekly,daily,4,42
squash,kalabasa,wet,subtropical,27.3,76.0,12.2,6.5,6.5,75.6,clay,organic,biweekly,daily,4,38
squash,kalabasa_native,dry,subtropical,29.3,74.8,6.3,9.6,6.5,67.6,silty,mixed,biweekly,every_other_day,4,45
bitter_gourd,ampalaya_oblong,wet,subtropical,28.9,75.6,18.3,5.5,6.8,54.9,sandy,chemical,none,every_other_day,4,43
squash,kalabasa_hybrid,wet,tropical_highland,26.8,71.2,18.1,5.2,6.1,62.0,sandy,organic,biweekly,every_other_day,4,41
squash,kalabasa,wet,subtropical,27.3,71.4,17.7,4.2,6.5,76.8,silty,chemical,biweekly,daily,4,48
sponge_gourd,patola_ridged,dry,tropical_highland,28.0,66.7,1.3,8.1,6.8,67.2,silty,mixed,biweekly,twice_daily,4,42
bitter_gourd,ampalaya_bilog,wet,tropical_lowland,27.3,86.3,12.4,4.4,6.3,74.6,sandy,none,none,twice_daily,3,48
bottle_gourd,upo_smooth,dry,subtropical,32.3,68.2,8.9,8.8,5.9,64.1,sandy,none,weekly,every_other_day,3,55
squash,kalabasa_native,dry,tropical_highland,32.1,62.7,4.2,8.5,6.7,59.1,clay,organic,weekly,twice_daily,4,41
cucumber,pipino_native,dry,tropical_lowland,33.9,66.5,8.6,7.8,6.4,56.6,loamy,chemical,weekly,twice_daily,4,33
sponge_gourd,patola,wet,subtropical,27.5,84.5,11.2,5.7,5.8,77.2,clay,none,monthly,every_other_day,2,45
sponge_gourd,patola,dry,tropical_lowland,32.2,74.6,3.1,8.9,7.2,67.2,silty,chemical,weekly,daily,4,42
cucumber,pipino_japanese,wet,tropical_lowland,26.9,77.7,16.2,5.2,6.0,62.6,silty,chemical,monthly,every_other_day,4,32
cucumber,pipino_japanese,dry,subtropical,31.8,57.3,0.1,8.7,7.0,72.5,sandy,chemical,weekly,twice_daily,3,36
squash,kalabasa,dry,tropical_lowland,28.8,59.6,1.1,7.4,7.1,58.5,silty,chemical,biweekly,twice_daily,3,47
squash,kalabasa_native,dry,tropical_highland,32.3,70.8,8.4,8.3,6.2,76.0,silty,organic,biweekly,every_other_day,4,40
cucumber,pipino_japanese,dry,tropical_lowland,26.6,57.7,4.1,7.5,6.8,65.8,loamy,chemical,weekly,every_other_day,4,35
bottle_gourd,upo_smooth,wet,tropical_highland,28.6,77.2,24.0,6.1,6.4,69.7,sandy,none,monthly,daily,4,47
sponge_gourd,patola_smooth,dry,tropical_lowland,35.0,67.2,1.9,8.5,6.8,54.2,clay,mixed,biweekly,twice_daily,4,42
cucumber,pipino,dry,subtropical,34.0,57.8,4.8,7.0,7.0,59.4,silty,organic,weekly,every_other_day,5,30
bitter_gourd,ampalaya_hybrid,wet,tropical_lowland,31.5,83.3,21.9,6.2,6.5,64.4,clay,mixed,none,every_other_day,3,41
cucumber,pipino,dry,tropical_highland,25.4,74.9,3.2,8.0,6.5,52.9,sandy,mixed,biweekly,twice_daily,3,33
sponge_gourd,patola_ridged,wet,tropical_highland,31.9,85.6,19.8,4.7,6.0,55.1,loamy,mixed,biweekly,every_other_day,3,40
bottle_gourd,upo_round,wet,tropical_highland,28.2,84.0,23.8,6.4,7.1,60.3,clay,organic,monthly,every_other_day,3,44
bottle_gourd,upo_round,dry,tropical_lowland,34.9,61.3,9.5,8.1,6.0,68.9,clay,mixed,none,every_other_day,5,45
bottle_gourd,upo_long,wet,subtropical,30.0,83.8,22.3,6.1,6.2,56.5,sandy,organic,none,every_other_day,3,48
bottle_gourd,upo_long,dry,subtropical,30.4,55.4,8.3,9.3,6.5,73.3,loamy,mixed,weekly,twice_daily,5,44
bitter_gourd,ampalaya_bilog,wet,tropical_lowland,28.5,74.3,11.5,5.2,6.3,66.6,loamy,organic,biweekly,daily,4,36
bitter_gourd,ampalaya_bilog,wet,subtropical,27.2,79.9,29.4,6.5,5.9,79.1,loamy,chemical,weekly,daily,3,45
bitter_gourd,ampalaya_bilog,wet,subtropical,28.5,87.0,19.6,5.6,6.6,61.2,clay,none,biweekly,every_other_day,4,42
cucumber,pipino_japanese,wet,tropical_lowland,30.4,74.7,27.1,5.3,6.8,70.4,loamy,organic,none,every_other_day,4,34
cucumber,pipino_japanese,dry,tropical_highland,34.7,75.0,8.7,8.6,6.0,60.8,clay,none,biweekly,every_other_day,4,38
sponge_gourd,patola_ridged,wet,tropical_lowland,29.6,85.0,27.9,4.2,6.1,73.4,clay,none,weekly,every_other_day,3,42
bottle_gourd,upo_long,wet,tropical_highland,30.9,80.6,28.8,5.9,6.4,66.0,silty,mixed,monthly,twice_daily,4,47
bitter_gourd,ampalaya_hybrid,dry,tropical_highland,31.0,70.0,8.6,7.9,6.0,53.5,silty,none,none,every_other_day,3,42
squash,kalabasa,wet,subtropical,29.1,71.9,25.8,5.8,6.6,71.5,loamy,none,none,every_other_day,3,47
sponge_gourd,patola,wet,tropical_highland,29.5,75.7,14.5,4.4,6.5,55.3,sandy,organic,weekly,every_other_day,4,35
cucumber,pipino_native,dry,subtropical,27.1,62.6,6.3,7.4,6.3,54.1,clay,none,monthly,daily,4,37
bottle_gourd,upo_smooth,dry,subtropical,32.4,57.6,0.8,8.3,6.8,70.4,sandy,chemical,monthly,daily,4,46
bottle_gourd,upo_long,wet,subtropical,26.2,85.5,14.3,6.2,5.9,64.9,clay,mixed,monthly,daily,4,43
bitter_gourd,ampalaya_oblong,wet,tropical_lowland,26.2,80.0,18.4,5.2,6.4,71.2,loamy,chemical,none,twice_daily,4,39
sponge_gourd,patola_smooth,dry,tropical_highland,28.6,69.9,0.5,8.5,6.3,56.2,clay,organic,monthly,twice_daily,4,39
cucumber,pipino_japanese,dry,subtropical,27.0,68.6,3.5,9.9,7.1,51.3,clay,mixed,none,daily,4,33
cucumber,pipino,dry,subtropical,25.7,58.6,3.8,7.7,7.0,80.0,sandy,organic,monthly,twice_daily,4,34
bitter_gourd,ampalaya_hybrid,dry,tropical_highland,26.4,57.9,4.5,8.7,6.1,62.1,sandy,none,biweekly,every_other_day,4,41
bottle_gourd,upo_round,dry,tropical_highland,30.2,70.5,10.0,8.3,6.0,79.3,sandy,mixed,monthly,every_other_day,3,45
squash,kalabasa_hybrid,wet,subtropical,29.6,77.2,24.1,6.7,7.0,74.4,silty,mixed,monthly,daily,5,42
squash,kalabasa_native,dry,tropical_lowland,29.1,66.0,8.6,8.1,6.2,61.9,silty,none,biweekly,twice_daily,3,49
bitter_gourd,ampalaya_hybrid,dry,tropical_lowland,34.8,56.8,4.0,7.5,6.3,76.1,clay,none,monthly,twice_daily,5,44
sponge_gourd,patola_ridged,dry,subtropical,24.3,58.9,9.3,9.2,6.6,79.7,silty,none,biweekly,every_other_day,4,45
squash,kalabasa_hybrid,wet,tropical_lowland,29.8,70.6,15.1,5.6,6.2,65.4,silty,none,monthly,twice_daily,4,47
bitter_gourd,ampalaya_bilog,wet,tropical_lowland,30.0,84.1,23.1,5.9,6.4,63.4,loamy,mixed,monthly,twice_daily,5,39
bitter_gourd,ampalaya_hybrid,dry,tropical_highland,27.4,72.9,1.8,9.4,6.0,74.4,loamy,mixed,none,every_other_day,4,42
squash,kalabasa_native,dry,tropical_lowland,24.2,61.3,2.8,9.4,5.8,50.5,loamy,none,weekly,twice_daily,3,46
bottle_gourd,upo_long,wet,tropical_highland,28.8,87.2,15.4,7.0,6.6,79.0,silty,chemical,none,twice_daily,3,45
bitter_gourd,ampalaya_hybrid,dry,subtropical,26.8,59.0,8.4,9.5,6.6,68.2,sandy,none,biweekly,daily,5,40
cucumber,pipino,dry,subtropical,27.9,69.0,2.0,7.8,7.2,68.2,clay,chemical,monthly,twice_daily,3,34
bottle_gourd,upo_round,dry,tropical_lowland,31.8,69.9,9.0,8.0,7.2,73.9,loamy,chemical,monthly,twice_daily,4,44
sponge_gourd,patola_ridged,wet,tropical_lowland,29.3,78.5,28.2,4.1,6.9,74.2,loamy,chemical,weekly,every_other_day,4,38
sponge_gourd,patola,wet,tropical_lowland,27.0,77.3,23.8,5.0,6.3,72.3,clay,chemical,none,every_other_day,4,42
sponge_gourd,patola_smooth,wet,subtropical,29.8,83.9,25.7,4.3,5.9,74.2,silty,mixed,weekly,twice_daily,4,38
sponge_gourd,patola,wet,subtropical,29.5,76.3,18.8,6.1,6.1,52.2,sandy,chemical,biweekly,twice_daily,4,40
squash,kalabasa,dry,tropical_lowland,27.8,74.6,3.2,10.0,7.0,66.0,sandy,none,weekly,daily,4,45
cucumber,pipino_native,dry,tropical_highland,25.7,56.7,3.2,7.5,5.9,51.2,sandy,organic,monthly,daily,4,31
bottle_gourd,upo_round,wet,tropical_highland,29.8,84.0,18.7,5.4,6.4,58.6,clay,none,weekly,daily,4,47
squash,kalabasa_native,wet,subtropical,26.3,73.8,20.2,4.2,6.7,58.2,sandy,none,weekly,every_other_day,3,47
cucumber,pipino,dry,tropical_lowland,30.2,63.4,0.0,8.8,6.1,56.8,loamy,organic,biweekly,twice_daily,5,31
squash,kalabasa_hybrid,wet,tropical_lowland,27.4,88.8,30.0,5.5,6.4,52.5,clay,mixed,monthly,daily,4,46
bottle_gourd,upo_smooth,dry,tropical_highland,30.6,57.5,0.2,8.9,6.1,74.6,sandy,mixed,monthly,daily,4,47
squash,kalabasa_hybrid,wet,tropical_highland,28.5,84.0,19.3,4.0,5.8,79.7,clay,organic,weekly,every_other_day,4,41
cucumber,pipino_native,wet,subtropical,29.4,80.5,12.6,5.7,6.3,57.7,silty,organic,biweekly,every_other_day,4,32
squash,kalabasa_native,dry,tropical_lowland,30.3,65.7,3.5,7.5,6.6,54.5,sandy,chemical,none,twice_daily,4,43
sponge_gourd,patola,dry,subtropical,25.0,56.2,7.7,9.6,6.9,54.5,loamy,mixed,biweekly,twice_daily,4,35
bitter_gourd,ampalaya_hybrid,wet,tropical_highland,30.1,78.6,13.9,4.2,6.4,76.4,loamy,mixed,monthly,daily,4,42
squash,kalabasa_native,dry,subtropical,33.0,73.7,3.4,8.5,6.9,51.1,silty,mixed,monthly,twice_daily,4,49
bitter_gourd,ampalaya_hybrid,dry,subtropical,31.2,65.6,9.3,9.6,5.9,62.3,clay,mixed,monthly,daily,4,41
cucumber,pipino_native,dry,tropical_lowland,31.9,59.7,9.7,8.6,6.9,71.2,loamy,organic,weekly,daily,4,32
squash,kalabasa_hybrid,wet,subtropical,28.4,85.0,22.8,6.8,7.0,57.4,loamy,mixed,monthly,daily,4,41
bottle_gourd,upo_long,wet,subtropical,30.3,88.6,25.4,6.9,7.2,55.8,sandy,chemical,weekly,every_other_day,2,49
cucumber,pipino_japanese,dry,subtropical,30.8,73.3,0.9,7.8,6.5,54.1,sandy,mixed,monthly,daily,5,32
bottle_gourd,upo_long,dry,subtropical,29.4,61.0,6.8,8.8,6.4,78.0,clay,mixed,biweekly,daily,3,46
bitter_gourd,ampalaya_hybrid,wet,subtropical,31.7,86.0,15.5,6.0,6.9,69.5,sandy,mixed,monthly,every_other_day,4,41
bottle_gourd,upo_round,wet,tropical_lowland,26.7,82.7,29.2,5.0,6.7,73.6,sandy,none,monthly,twice_daily,5,49
bitter_gourd,ampalaya_hybrid,wet,tropical_highland,28.5,82.7,10.8,6.7,6.2,53.7,silty,chemical,biweekly,every_other_day,4,39
sponge_gourd,patola_ridged,wet,tropical_lowland,30.0,71.3,26.9,6.0,6.1,78.2,clay,mixed,weekly,every_other_day,4,38
bottle_gourd,upo_long,dry,subtropical,27.9,68.6,7.1,8.1,6.4,62.7,sandy,mixed,none,every_other_day,4,41
bottle_gourd,upo_smooth,wet,subtropical,30.9,73.0,17.6,4.9,6.5,73.9,loamy,mixed,weekly,daily,4,44
cucumber,pipino,dry,tropical_lowland,30.4,67.3,8.6,8.6,5.9,60.4,clay,none,biweekly,twice_daily,4,38
bitter_gourd,ampalaya_oblong,wet,subtropical,27.5,74.9,21.4,4.1,6.2,57.0,loamy,mixed,monthly,twice_daily,4,39
cucumber,pipino_japanese,wet,subtropical,28.6,71.9,25.5,6.5,6.2,63.6,silty,mixed,none,twice_daily,4,32
bitter_gourd,ampalaya_bilog,wet,subtropical,31.7,79.4,23.0,6.2,6.5,74.8,clay,chemical,biweekly,every_other_day,3,42
bitter_gourd,ampalaya_bilog,wet,tropical_highland,28.0,74.0,12.6,5.0,6.4,71.8,loamy,chemical,weekly,every_other_day,4,45
cucumber,pipino_native,dry,tropical_lowland,34.1,74.7,6.0,8.0,6.7,51.6,loamy,chemical,none,daily,4,33
bitter_gourd,ampalaya_oblong,wet,tropical_highland,32.0,73.9,14.2,6.1,7.0,78.1,silty,none,weekly,every_other_day,4,47
cucumber,pipino,wet,subtropical,29.2,72.7,21.0,6.0,6.1,52.9,loamy,chemical,none,every_other_day,4,32
sponge_gourd,patola_ridged,dry,tropical_lowland,25.9,71.8,4.2,8.9,7.0,68.7,clay,chemical,biweekly,every_other_day,4,41
bottle_gourd,upo_long,wet,tropical_highland,28.8,86.5,25.5,5.6,6.9,74.3,sandy,mixed,none,twice_daily,4,46
sponge_gourd,patola_ridged,dry,tropical_lowland,27.7,70.7,8.0,8.4,6.5,76.3,clay,chemical,monthly,every_other_day,4,40
squash,kalabasa,wet,tropical_highland,26.6,72.4,18.1,6.6,6.5,52.4,loamy,organic,none,twice_daily,4,40
squash,kalabasa_hybrid,dry,tropical_lowland,30.8,65.8,7.6,8.6,7.1,76.0,loamy,mixed,none,twice_daily,4,45
bottle_gourd,upo_long,dry,tropical_lowland,27.4,73.5,6.1,7.6,6.9,77.2,clay,chemical,monthly,daily,3,44
bitter_gourd,ampalaya_bilog,dry,tropical_lowland,31.6,61.9,4.3,10.0,6.3,54.6,loamy,none,weekly,daily,3,45
squash,kalabasa_native,dry,tropical_lowland,34.3,66.0,5.6,7.3,7.2,65.7,clay,mixed,weekly,twice_daily,4,44
bottle_gourd,upo_long,wet,subtropical,31.3,76.0,23.2,6.7,5.9,71.3,clay,none,biweekly,twice_daily,3,49
sponge_gourd,patola_ridged,dry,tropical_highland,26.5,73.1,5.2,9.8,6.5,54.1,silty,mixed,none,every_other_day,5,38
cucumber,pipino,dry,subtropical,26.0,56.4,3.3,7.7,6.1,73.4,sandy,chemical,none,every_other_day,3,38
bottle_gourd,upo_round,wet,tropical_lowland,26.0,89.1,29.3,6.9,5.9,59.3,loamy,mixed,monthly,daily,3,47
squash,kalabasa,dry,tropical_lowland,31.8,65.4,5.2,7.2,6.3,54.1,sandy,mixed,weekly,every_other_day,4,43
bottle_gourd,upo_round,dry,tropical_lowland,31.4,60.8,7.2,8.9,6.0,56.7,loamy,organic,none,daily,5,47
squash,kalabasa_hybrid,dry,tropical_lowland,25.0,63.6,2.2,7.9,6.7,70.3,sandy,none,none,daily,4,46
squash,kalabasa_native,wet,tropical_lowland,31.8,87.7,25.4,5.5,6.8,68.0,silty,organic,biweekly,every_other_day,4,43
bottle_gourd,upo_round,dry,subtropical,29.0,62.5,8.5,7.9,7.1,66.2,clay,none,biweekly,twice_daily,3,47
cucumber,pipino,dry,tropical_highland,27.6,65.3,8.8,8.4,6.2,73.3,loamy,none,biweekly,every_other_day,4,35
bitter_gourd,ampalaya_oblong,wet,tropical_highland,28.6,70.5,19.4,5.9,7.0,58.6,clay,organic,weekly,twice_daily,4,40
bitter_gourd,ampalaya_oblong,dry,tropical_highland,29.6,68.0,7.0,7.5,6.2,76.8,loamy,chemical,none,twice_daily,4,43
bitter_gourd,ampalaya_bilog,dry,subtropical,29.6,69.8,7.6,7.7,7.2,77.3,silty,none,weekly,daily,3,44
squash,kalabasa_native,dry,tropical_lowland,30.8,59.5,1.5,8.0,6.5,66.0,clay,none,none,daily,5,46
squash,kalabasa,dry,tropical_highland,34.5,74.7,4.7,9.5,6.7,56.1,silty,chemical,weekly,twice_daily,5,41
cucumber,pipino_japanese,wet,tropical_highland,26.5,88.9,17.8,6.3,6.1,68.9,sandy,organic,biweekly,daily,5,31
bottle_gourd,upo_smooth,dry,tropical_highland,24.6,62.9,2.3,9.5,6.2,67.5,sandy,chemical,monthly,daily,4,50
cucumber,pipino_japanese,wet,tropical_highland,26.1,84.5,11.9,4.8,6.3,75.6,silty,none,weekly,every_other_day,3,38
bottle_gourd,upo_round,wet,tropical_highland,31.1,75.9,21.5,4.5,6.0,68.1,sandy,mixed,monthly,every_other_day,4,47
cucumber,pipino_native,dry,subtropical,27.0,57.0,9.0,8.4,6.0,79.1,silty,mixed,monthly,daily,3,33
sponge_gourd,patola_smooth,dry,tropical_highland,24.7,74.6,5.0,9.0,6.2,68.0,clay,none,weekly,every_other_day,4,43
bitter_gourd,ampalaya_bilog,wet,tropical_highland,27.2,71.5,25.5,4.1,6.7,75.9,clay,chemical,monthly,twice_daily,3,46
bottle_gourd,upo_smooth,dry,tropical_lowland,31.3,64.2,3.7,9.6,7.1,64.7,silty,mixed,monthly,twice_daily,4,48
bottle_gourd,upo_long,dry,subtropical,29.6,70.8,3.4,7.9,6.9,77.2,silty,chemical,weekly,twice_daily,4,45
bottle_gourd,upo_round,dry,tropical_highland,31.0,55.8,6.5,7.9,6.4,67.4,clay,none,none,daily,3,50
cucumber,pipino,dry,subtropical,30.7,63.6,9.8,7.5,6.6,66.8,sandy,none,biweekly,every_other_day,3,38
bitter_gourd,ampalaya_bilog,wet,subtropical,26.9,79.2,24.9,5.5,6.5,61.4,sandy,mixed,monthly,every_other_day,4,41
bottle_gourd,upo_round,dry,subtropical,31.7,61.8,2.7,7.2,6.8,56.5,loamy,chemical,weekly,every_other_day,3,48
cucumber,pipino,dry,subtropical,33.6,58.3,9.5,7.2,6.6,73.4,loamy,mixed,biweekly,twice_daily,5,34
squash,kalabasa_native,wet,tropical_highland,31.3,77.2,23.9,4.8,6.6,54.3,sandy,none,none,twice_daily,3,48
cucumber,pipino_native,dry,subtropical,32.8,68.5,7.6,7.2,5.9,62.9,loamy,chemical,biweekly,every_other_day,3,38
sponge_gourd,patola,dry,tropical_lowland,24.6,69.4,8.8,8.1,6.3,59.9,sandy,organic,weekly,every_other_day,4,37
bitter_gourd,ampalaya_hybrid,dry,subtropical,28.2,73.7,9.7,9.0,6.2,78.1,loamy,chemical,weekly,daily,4,45
sponge_gourd,patola,dry,tropical_lowland,27.2,66.6,4.3,8.7,5.9,50.1,loamy,mixed,monthly,daily,3,38
squash,kalabasa,dry,tropical_highland,31.8,72.0,8.6,7.6,6.6,50.6,clay,mixed,monthly,every_other_day,4,40
cucumber,pipino,wet,subtropical,28.9,70.1,27.3,7.0,6.4,59.1,silty,organic,biweekly,daily,5,31
cucumber,pipino,wet,tropical_highland,30.3,86.2,20.6,5.7,5.8,62.9,silty,organic,weekly,twice_daily,4,34
sponge_gourd,patola,dry,tropical_highland,27.7,63.1,6.4,8.1,6.1,65.2,silty,chemical,biweekly,every_other_day,4,41
cucumber,pipino_native,wet,tropical_lowland,28.5,85.8,12.9,4.1,6.4,58.1,silty,organic,monthly,daily,4,32
sponge_gourd,patola,wet,tropical_lowland,31.5,85.3,14.1,6.0,6.9,75.6,silty,mixed,biweekly,every_other_day,2,42
cucumber,pipino_native,dry,tropical_highland,29.9,62.4,7.1,7.4,7.1,60.2,silty,chemical,monthly,every_other_day,2,37
squash,kalabasa,dry,subtropical,34.5,74.5,2.6,9.0,5.9,71.6,clay,mixed,none,every_other_day,3,43
bitter_gourd,ampalaya_bilog,dry,tropical_lowland,30.8,59.9,1.2,9.3,7.2,61.4,sandy,mixed,weekly,twice_daily,4,40
bitter_gourd,ampalaya_hybrid,wet,tropical_highland,31.3,83.0,11.0,4.1,5.9,57.6,silty,chemical,biweekly,every_other_day,4,43
bottle_gourd,upo_long,dry,tropical_lowland,33.1,62.6,4.5,9.0,6.7,58.3,loamy,mixed,none,twice_daily,5,47
bitter_gourd,ampalaya_oblong,dry,tropical_lowland,30.9,63.3,0.9,8.4,6.6,59.4,sandy,organic,biweekly,twice_daily,3,41
bitter_gourd,ampalaya_bilog,dry,subtropical,30.2,69.9,4.5,7.2,6.5,67.9,sandy,organic,none,every_other_day,4,42
bitter_gourd,ampalaya_oblong,wet,tropical_lowland,30.4,78.9,27.8,4.9,7.2,72.1,loamy,chemical,biweekly,daily,4,43
sponge_gourd,patola_ridged,wet,tropical_highland,29.1,87.9,18.8,5.3,6.3,69.7,clay,mixed,weekly,daily,5,36
cucumber,pipino_japanese,dry,tropical_lowland,24.8,66.9,7.6,9.1,6.9,54.9,loamy,organic,weekly,twice_daily,4,33
bitter_gourd,ampalaya_hybrid,dry,tropical_highland,33.0,66.6,4.1,9.2,6.3,50.1,loamy,organic,biweekly,daily,4,40
bottle_gourd,upo_smooth,dry,subtropical,25.1,59.9,1.5,7.2,6.2,66.0,sandy,organic,biweekly,every_other_day,3,44
squash,kalabasa_native,dry,subtropical,24.3,62.8,7.6,9.7,6.8,58.2,silty,mixed,biweekly,daily,4,40
cucumber,pipino_native,wet,tropical_highland,30.6,88.6,17.0,4.7,7.1,54.2,silty,organic,weekly,daily,4,36
sponge_gourd,patola,wet,tropical_highland,27.6,89.9,17.2,4.1,6.3,61.4,silty,none,monthly,daily,4,44
cucumber,pipino_native,wet,subtropical,29.6,89.0,17.2,4.4,6.1,70.5,silty,organic,weekly,daily,4,34
cucumber,pipino,wet,subtropical,28.6,80.1,14.3,5.8,6.3,74.0,clay,chemical,monthly,every_other_day,3,35
cucumber,pipino_japanese,dry,tropical_highland,24.9,55.6,4.4,8.9,7.0,76.9,clay,none,none,every_other_day,3,36
sponge_gourd,patola,wet,tropical_highland,27.4,83.1,13.8,6.3,7.0,70.0,clay,organic,weekly,every_other_day,4,37
bitter_gourd,ampalaya_oblong,wet,tropical_highland,28.2,89.9,16.8,6.3,6.5,51.8,sandy,mixed,monthly,twice_daily,3,43
bottle_gourd,upo_long,wet,tropical_lowland,31.9,80.1,15.4,5.1,7.1,71.7,sandy,chemical,none,daily,3,48
cucumber,pipino_native,dry,tropical_highland,28.2,73.5,4.0,9.9,6.9,56.9,sandy,none,biweekly,daily,5,33
squash,kalabasa_native,dry,subtropical,28.0,55.9,1.2,8.1,6.5,50.8,clay,chemical,none,every_other_day,4,42
cucumber,pipino_japanese,wet,tropical_highland,31.9,70.9,21.6,4.7,6.4,79.8,sandy,organic,monthly,every_other_day,3,34
sponge_gourd,patola_smooth,dry,tropical_highland,31.4,57.5,3.8,8.5,6.8,63.9,clay,mixed,monthly,every_other_day,4,37
bottle_gourd,upo_round,wet,tropical_highland,30.6,81.5,23.7,6.8,6.1,77.6,clay,none,weekly,every_other_day,4,48
bitter_gourd,ampalaya_bilog,wet,subtropical,30.4,88.9,14.8,6.8,5.9,53.7,silty,none,biweekly,twice_daily,4,41
cucumber,pipino_japanese,dry,subtropical,28.0,66.2,4.3,7.4,6.4,57.1,loamy,none,none,twice_daily,4,38
sponge_gourd,patola,wet,subtropical,30.8,73.2,23.1,6.2,6.0,54.6,clay,mixed,biweekly,twice_daily,4,42
sponge_gourd,patola,wet,tropical_highland,29.1,83.7,29.0,4.8,6.0,75.5,sandy,none,biweekly,twice_daily,3,44
sponge_gourd,patola,wet,subtropical,28.5,85.6,20.8,5.2,6.6,60.5,sandy,mixed,monthly,daily,2,43
sponge_gourd,patola,dry,tropical_lowland,30.7,61.0,0.7,8.8,5.9,54.9,clay,chemical,monthly,twice_daily,3,42
bottle_gourd,upo_long,dry,subtropical,24.4,64.0,1.2,8.3,7.2,74.0,sandy,chemical,weekly,every_other_day,4,46
cucumber,pipino,wet,tropical_lowland,28.2,78.0,18.4,5.1,6.6,65.4,clay,chemical,none,twice_daily,4,37
bottle_gourd,upo_round,dry,tropical_lowland,28.7,69.3,5.7,9.1,6.1,79.7,silty,chemical,monthly,twice_daily,4,44
bitter_gourd,ampalaya_oblong,dry,tropical_highland,33.9,60.2,3.2,7.1,7.0,76.0,silty,none,monthly,daily,4,44
squash,kalabasa_hybrid,wet,tropical_lowland,26.2,87.6,24.5,4.3,6.6,54.0,clay,none,monthly,every_other_day,3,49
bottle_gourd,upo_long,wet,subtropical,30.1,70.2,21.5,6.5,7.0,68.6,clay,chemical,none,every_other_day,4,47
sponge_gourd,patola,dry,tropical_highland,24.7,64.5,9.8,9.6,6.0,66.3,loamy,organic,biweekly,daily,5,35
bottle_gourd,upo_round,dry,tropical_lowland,29.8,59.5,3.4,8.6,6.5,71.0,sandy,chemical,monthly,twice_daily,3,46
bitter_gourd,ampalaya_oblong,wet,tropical_lowland,26.2,77.1,12.9,4.9,6.6,69.3,loamy,none,weekly,twice_daily,4,45
sponge_gourd,patola_smooth,dry,subtropical,26.1,57.9,4.3,10.0,6.9,59.3,sandy,none,biweekly,twice_daily,5,41
bottle_gourd,upo_long,dry,tropical_highland,34.5,59.3,8.5,7.5,6.6,53.2,clay,organic,monthly,every_other_day,3,47
sponge_gourd,patola_smooth,dry,tropical_lowland,27.5,57.6,0.9,9.0,6.0,54.4,loamy,organic,none,every_other_day,4,36
sponge_gourd,patola_smooth,dry,tropical_lowland,33.3,71.6,7.2,9.3,6.0,53.8,sandy,none,weekly,every_other_day,3,45
bottle_gourd,upo_round,dry,tropical_highland,32.9,72.1,3.2,7.9,6.8,65.6,silty,none,monthly,twice_daily,3,53
cucumber,pipino,dry,tropical_highland,30.3,56.2,0.1,7.5,7.0,69.2,loamy,mixed,biweekly,daily,4,30
bitter_gourd,ampalaya_hybrid,wet,tropical_highland,30.5,87.7,27.6,6.4,6.6,55.7,clay,organic,biweekly,every_other_day,4,40
bottle_gourd,upo_smooth,dry,tropical_highland,28.4,64.6,9.5,7.1,6.0,74.5,loamy,none,weekly,twice_daily,4,50
cucumber,pipino_japanese,wet,tropical_lowland,29.5,74.3,19.1,5.8,6.5,64.0,sandy,chemical,monthly,every_other_day,3,34
cucumber,pipino_native,dry,tropical_lowland,27.6,67.0,7.1,8.9,6.0,76.7,clay,chemical,monthly,every_other_day,4,34
squash,kalabasa_hybrid,dry,tropical_lowland,25.4,71.2,4.7,9.6,6.6,53.0,silty,chemical,none,every_other_day,3,43
bitter_gourd,ampalaya_oblong,dry,subtropical,25.4,74.0,3.4,8.9,6.6,73.0,clay,chemical,biweekly,daily,4,42
sponge_gourd,patola,dry,tropical_lowland,34.4,68.9,1.0,8.3,7.1,65.1,silty,chemical,weekly,twice_daily,3,39
squash,kalabasa_hybrid,wet,tropical_highland,26.4,77.4,21.7,6.6,7.1,58.1,clay,chemical,none,twice_daily,3,44
sponge_gourd,patola_smooth,dry,subtropical,24.6,64.9,8.1,9.0,6.0,69.8,sandy,chemical,biweekly,every_other_day,3,40
bottle_gourd,upo_smooth,wet,tropical_lowland,30.8,82.0,18.2,5.3,7.1,57.6,sandy,none,weekly,twice_daily,3,51
sponge_gourd,patola_smooth,dry,tropical_highland,27.9,69.9,1.1,7.8,7.1,76.5,sandy,organic,none,twice_daily,3,41
squash,kalabasa,wet,subtropical,27.9,84.9,29.6,5.4,6.6,63.0,silty,none,none,every_other_day,4,47
squash,kalabasa,wet,subtropical,27.1,73.2,17.5,7.0,6.2,56.1,sandy,none,weekly,twice_daily,3,49
sponge_gourd,patola,dry,tropical_highland,32.5,74.2,7.2,9.2,6.3,64.4,loamy,organic,biweekly,twice_daily,4,37
bottle_gourd,upo_smooth,dry,tropical_highland,34.9,66.8,3.4,10.0,5.8,70.7,silty,organic,none,twice_daily,4,47
squash,kalabasa_native,dry,subtropical,28.4,70.2,8.6,8.8,6.5,71.2,silty,none,weekly,every_other_day,4,44
squash,kalabasa,dry,subtropical,34.3,71.1,1.2,9.4,6.3,77.4,clay,chemical,monthly,twice_daily,4,48
cucumber,pipino,wet,subtropical,26.3,75.5,19.2,5.5,6.7,52.2,sandy,mixed,none,daily,4,33
bitter_gourd,ampalaya_bilog,wet,subtropical,29.7,82.6,24.4,4.6,6.6,66.7,loamy,mixed,none,twice_daily,4,43
sponge_gourd,patola_smooth,dry,subtropical,31.3,62.3,4.8,8.9,6.4,52.7,loamy,none,weekly,twice_daily,4,43
bitter_gourd,ampalaya_bilog,wet,tropical_lowland,30.8,84.4,23.1,6.9,5.9,76.8,clay,organic,weekly,twice_daily,3,38
cucumber,pipino_japanese,wet,tropical_highland,30.0,76.6,16.2,5.7,7.0,78.8,sandy,chemical,none,twice_daily,4,33
squash,kalabasa_native,dry,subtropical,32.8,62.1,0.8,9.6,6.3,67.9,sandy,organic,biweekly,daily,4,42
squash,kalabasa_native,wet,tropical_highland,31.5,75.5,29.2,6.9,6.4,54.7,loamy,organic,biweekly,twice_daily,4,40
bottle_gourd,upo_round,wet,tropical_lowland,30.3,85.7,17.0,6.8,6.0,59.7,silty,chemical,none,twice_daily,3,49
sponge_gourd,patola_smooth,dry,subtropical,25.7,59.3,6.1,9.4,6.6,68.5,sandy,chemical,monthly,every_other_day,3,41
bitter_gourd,ampalaya_bilog,wet,tropical_highland,30.7,81.2,18.9,5.1,6.8,62.1,sandy,none,biweekly,twice_daily,4,44
sponge_gourd,patola_smooth,dry,tropical_lowland,32.8,55.1,1.6,7.6,6.8,53.4,silty,chemical,monthly,twice_daily,3,44
cucumber,pipino_native,dry,tropical_lowland,30.9,66.9,7.1,8.8,6.3,67.9,silty,mixed,biweekly,every_other_day,4,34
cucumber,pipino_native,dry,tropical_highland,30.5,73.1,8.6,8.3,6.8,55.5,clay,none,none,every_other_day,4,35
squash,kalabasa_hybrid,dry,tropical_lowland,29.2,72.7,3.7,8.4,7.0,66.6,silty,mixed,none,twice_daily,4,41
bottle_gourd,upo_round,dry,tropical_lowland,33.3,63.1,9.3,9.0,5.9,53.7,loamy,none,biweekly,every_other_day,3,50
cucumber,pipino_native,wet,tropical_highland,28.3,76.4,29.0,6.0,6.4,53.5,clay,mixed,biweekly,twice_daily,4,33
bottle_gourd,upo_round,wet,subtropical,28.4,80.7,16.6,5.7,6.0,73.7,silty,mixed,weekly,every_other_day,3,46
cucumber,pipino,dry,tropical_highland,32.8,74.3,6.7,9.8,6.9,51.6,clay,organic,biweekly,daily,4,33
cucumber,pipino,dry,subtropical,32.1,70.7,5.0,7.1,6.0,62.7,clay,organic,biweekly,twice_daily,4,33
bitter_gourd,ampalaya_oblong,dry,tropical_highland,33.6,72.8,7.4,7.8,5.9,58.4,clay,chemical,monthly,daily,4,42
bitter_gourd,ampalaya_hybrid,wet,tropical_highland,31.8,81.5,27.7,4.0,6.3,61.5,loamy,chemical,none,every_other_day,4,45
bitter_gourd,ampalaya_hybrid,dry,tropical_lowland,27.0,66.7,7.4,9.6,7.0,74.5,silty,chemical,monthly,every_other_day,3,39
bottle_gourd,upo_round,wet,tropical_highland,26.6,89.6,24.4,4.6,6.6,71.7,sandy,chemical,none,twice_daily,3,50
sponge_gourd,patola_smooth,wet,tropical_highland,29.4,88.1,28.8,5.3,6.0,73.6,loamy,chemical,monthly,twice_daily,3,42
bitter_gourd,ampalaya_oblong,dry,subtropical,29.6,65.6,9.4,8.1,5.8,58.0,sandy,chemical,monthly,twice_daily,4,42
cucumber,pipino_native,dry,subtropical,32.0,65.3,0.8,9.0,6.4,75.6,silty,organic,weekly,daily,4,29
bottle_gourd,upo_round,wet,tropical_highland,30.6,78.1,19.0,5.0,6.5,53.7,loamy,mixed,biweekly,twice_daily,4,46
cucumber,pipino_japanese,dry,subtropical,27.5,56.0,4.8,7.2,6.5,76.1,sandy,chemical,none,every_other_day,4,31
bitter_gourd,ampalaya_oblong,dry,subtropical,24.2,72.3,2.0,7.7,6.6,63.9,sandy,mixed,weekly,daily,4,40
sponge_gourd,patola_ridged,dry,subtropical,25.5,55.8,8.9,9.2,6.9,64.0,silty,mixed,weekly,every_other_day,4,41
bottle_gourd,upo_long,wet,subtropical,30.1,82.0,17.8,5.3,6.1,57.0,loamy,organic,monthly,every_other_day,4,45
sponge_gourd,patola,wet,tropical_highland,27.5,79.1,13.6,5.0,6.1,79.0,loamy,mixed,weekly,every_other_day,4,35
cucumber,pipino,dry,tropical_highland,24.1,67.1,9.6,7.9,6.3,74.6,clay,none,weekly,every_other_day,4,32
bottle_gourd,upo_smooth,wet,tropical_lowland,28.5,78.1,15.3,6.0,5.9,58.6,loamy,organic,monthly,every_other_day,4,43
sponge_gourd,patola_smooth,wet,tropical_highland,30.6,86.6,19.4,5.1,6.7,67.4,silty,none,none,daily,4,43
cucumber,pipino_japanese,wet,tropical_lowland,31.4,85.1,14.9,6.0,6.7,59.8,clay,mixed,biweekly,daily,4,31
bitter_gourd,ampalaya_oblong,wet,tropical_lowland,26.1,70.9,21.7,6.1,6.7,65.1,sandy,mixed,biweekly,every_other_day,3,43
squash,kalabasa_hybrid,dry,tropical_lowland,33.4,70.8,3.3,7.4,6.2,76.9,sandy,organic,weekly,daily,5,42
bitter_gourd,ampalaya_hybrid,dry,subtropical,27.5,74.8,4.3,9.4,6.0,52.9,sandy,mixed,biweekly,twice_daily,4,42
bitter_gourd,ampalaya_bilog,dry,tropical_highland,25.9,62.1,3.2,8.8,5.9,54.8,silty,chemical,biweekly,every_other_day,4,39
sponge_gourd,patola_ridged,dry,tropical_highland,34.1,72.3,0.5,7.6,6.8,52.0,clay,organic,none,twice_daily,3,41
cucumber,pipino_japanese,dry,tropical_lowland,28.0,71.0,0.3,7.0,6.5,53.5,loamy,mixed,monthly,twice_daily,4,32
bitter_gourd,ampalaya_oblong,wet,tropical_lowland,29.6,86.1,24.6,6.9,7.1,54.2,clay,organic,none,twice_daily,4,44
bottle_gourd,upo_long,wet,tropical_lowland,27.1,86.8,19.4,6.1,6.0,61.5,silty,organic,monthly,twice_daily,4,45
sponge_gourd,patola,wet,tropical_highland,28.7,87.8,28.0,6.6,6.0,65.0,clay,mixed,none,daily,3,37
squash,kalabasa_native,dry,subtropical,24.5,57.1,9.5,8.6,7.2,79.0,silty,none,biweekly,twice_daily,4,45
bitter_gourd,ampalaya_bilog,wet,tropical_highland,31.0,89.5,24.0,5.7,6.6,70.5,loamy,chemical,monthly,every_other_day,4,40
bottle_gourd,upo_long,dry,subtropical,33.5,72.0,8.4,9.5,6.8,71.6,silty,mixed,monthly,every_other_day,4,46
bottle_gourd,upo_smooth,wet,subtropical,28.4,79.5,14.0,6.2,7.0,71.6,sandy,organic,weekly,every_other_day,4,43
squash,kalabasa_native,wet,subtropical,31.2,84.4,19.8,4.5,6.5,52.8,silty,none,monthly,twice_daily,4,49
bitter_gourd,ampalaya_bilog,dry,subtropical,27.1,57.3,5.6,9.5,7.2,69.0,clay,organic,monthly,daily,3,37
sponge_gourd,patola_ridged,dry,tropical_highland,25.8,64.5,5.2,10.0,6.1,66.3,silty,organic,biweekly,every_other_day,4,40
bottle_gourd,upo_round,dry,subtropical,26.6,74.7,5.6,8.3,6.7,68.0,sandy,mixed,monthly,every_other_day,4,47
sponge_gourd,patola_smooth,dry,tropical_lowland,27.8,58.0,9.3,8.6,6.9,68.5,loamy,chemical,weekly,twice_daily,4,43
bottle_gourd,upo_smooth,wet,tropical_highland,28.3,83.6,14.1,5.9,6.3,53.6,sandy,organic,biweekly,twice_daily,4,45
bitter_gourd,ampalaya_hybrid,dry,tropical_highland,26.5,58.9,4.8,7.8,6.8,51.3,sandy,none,biweekly,twice_daily,4,45
sponge_gourd,patola_ridged,dry,tropical_highland,34.6,73.7,0.9,9.2,6.9,55.3,sandy,chemical,biweekly,daily,4,40
bitter_gourd,ampalaya_bilog,dry,tropical_highland,29.8,55.3,7.6,9.8,6.9,58.4,sandy,organic,weekly,daily,4,40
sponge_gourd,patola_ridged,dry,subtropical,31.6,71.6,8.8,8.7,7.0,78.8,sandy,mixed,weekly,every_other_day,4,39
squash,kalabasa,dry,subtropical,31.9,60.0,6.8,9.0,6.6,55.3,silty,none,none,daily,4,50
bitter_gourd,ampalaya_hybrid,wet,tropical_highland,27.4,77.6,19.4,6.6,5.9,62.1,loamy,none,biweekly,daily,4,43
squash,kalabasa_native,wet,tropical_lowland,26.9,78.5,28.0,4.8,6.2,67.7,clay,none,weekly,twice_daily,3,50
squash,kalabasa_native,wet,subtropical,28.7,89.5,26.8,4.8,6.7,57.0,sandy,organic,biweekly,daily,5,41
bottle_gourd,upo_round,wet,tropical_lowland,27.9,88.0,26.6,5.7,6.4,70.3,sandy,chemical,weekly,twice_daily,3,48
bottle_gourd,upo_long,dry,tropical_lowland,26.3,68.3,9.8,7.1,7.2,53.5,sandy,chemical,biweekly,every_other_day,4,48
cucumber,pipino,dry,tropical_highland,25.4,60.8,4.4,7.9,6.4,77.6,loamy,chemical,weekly,twice_daily,5,33
cucumber,pipino_japanese,dry,tropical_lowland,24.7,58.2,8.9,9.2,6.1,62.4,sandy,mixed,monthly,twice_daily,4,29
squash,kalabasa_hybrid,wet,tropical_highland,28.3,75.5,10.3,5.3,6.5,70.4,loamy,mixed,weekly,daily,4,44
squash,kalabasa_hybrid,wet,tropical_highland,30.7,89.6,26.4,5.4,6.8,75.1,loamy,chemical,none,twice_daily,4,46
bottle_gourd,upo_long,wet,tropical_highland,26.1,89.5,12.5,6.1,6.7,57.4,clay,none,weekly,daily,4,48
squash,kalabasa_native,wet,tropical_highland,27.1,70.3,16.1,4.8,6.5,64.4,loamy,organic,biweekly,every_other_day,4,45
bitter_gourd,ampalaya_bilog,dry,tropical_lowland,29.9,56.2,7.8,7.1,6.5,77.9,clay,none,monthly,twice_daily,4,41
cucumber,pipino,wet,subtropical,26.3,87.0,20.9,6.1,6.8,52.4,clay,organic,biweekly,every_other_day,4,32
squash,kalabasa_native,dry,tropical_lowland,29.2,69.8,5.5,8.6,6.3,58.6,clay,organic,biweekly,every_other_day,5,41
squash,kalabasa_hybrid,wet,tropical_highland,29.9,85.3,12.7,6.9,6.7,50.6,sandy,none,monthly,every_other_day,3,48
sponge_gourd,patola_smooth,dry,subtropical,24.3,70.5,0.4,8.3,5.9,66.8,silty,none,biweekly,daily,4,44
bitter_gourd,ampalaya_oblong,dry,subtropical,34.1,65.2,0.3,9.1,7.0,55.9,clay,chemical,monthly,twice_daily,4,42
cucumber,pipino_japanese,dry,tropical_lowland,34.9,60.3,9.5,8.4,6.7,72.8,silty,mixed,none,twice_daily,4,36
sponge_gourd,patola,dry,tropical_lowland,33.4,63.2,1.2,9.2,7.0,53.3,loamy,none,weekly,daily,5,39
sponge_gourd,patola_ridged,dry,tropical_highland,28.7,61.6,9.5,7.3,6.5,79.6,sandy,chemical,weekly,daily,4,35
bitter_gourd,ampalaya_oblong,wet,tropical_lowland,28.5,83.7,23.1,5.5,6.6,76.0,loamy,none,weekly,twice_daily,4,47
cucumber,pipino_japanese,dry,tropical_highland,30.3,57.6,4.8,7.5,6.4,57.3,clay,organic,weekly,every_other_day,3,35
squash,kalabasa_hybrid,wet,tropical_lowland,31.2,79.6,27.8,6.3,6.0,75.6,clay,chemical,none,twice_daily,3,43
sponge_gourd,patola,wet,subtropical,27.2,88.3,12.4,4.3,5.9,54.8,clay,chemical,monthly,twice_daily,3,39
cucumber,pipino,dry,subtropical,29.8,59.6,3.1,8.1,7.1,75.8,loamy,organic,none,every_other_day,5,31
bitter_gourd,ampalaya_oblong,dry,tropical_lowland,33.3,71.3,9.9,9.7,6.4,63.5,silty,none,biweekly,twice_daily,4,43
bitter_gourd,ampalaya_oblong,wet,tropical_lowland,27.2,78.3,27.8,4.2,6.3,50.7,silty,chemical,weekly,twice_daily,5,39
cucumber,pipino_native,dry,tropical_lowland,31.5,62.7,1.7,8.9,6.0,54.7,silty,chemical,weekly,every_other_day,3,37
cucumber,pipino_japanese,wet,tropical_lowland,29.6,84.2,15.9,6.6,6.3,76.4,clay,none,none,every_other_day,4,33
cucumber,pipino,dry,subtropical,31.4,68.5,2.8,8.0,6.1,76.4,sandy,chemical,biweekly,daily,2,35
bitter_gourd,ampalaya_oblong,wet,tropical_highland,29.9,78.6,29.7,6.1,6.3,67.1,loamy,mixed,weekly,daily,4,38
bitter_gourd,ampalaya_oblong,wet,tropical_lowland,31.0,73.9,16.9,5.9,6.3,56.5,loamy,organic,weekly,twice_daily,5,38
squash,kalabasa,wet,tropical_lowland,27.3,80.2,14.3,4.7,6.9,63.1,sandy,chemical,biweekly,twice_daily,3,43
bitter_gourd,ampalaya_oblong,dry,tropical_highland,30.6,56.4,7.0,9.1,6.0,72.9,loamy,organic,none,daily,4,38
sponge_gourd,patola_smooth,dry,tropical_lowland,27.0,67.4,3.0,7.7,6.8,59.2,sandy,chemical,monthly,twice_daily,4,42
squash,kalabasa_native,wet,tropical_lowland,27.0,83.9,22.8,4.5,6.7,73.5,clay,organic,biweekly,every_other_day,4,42
cucumber,pipino_japanese,wet,subtropical,26.6,81.0,27.8,5.3,7.0,59.7,sandy,mixed,monthly,twice_daily,5,28
sponge_gourd,patola,dry,subtropical,32.3,74.2,1.2,7.2,5.9,56.4,loamy,mixed,none,every_other_day,4,36
cucumber,pipino,dry,tropical_lowland,30.9,58.3,8.1,7.9,7.0,66.1,sandy,none,none,every_other_day,4,38
squash,kalabasa_hybrid,wet,tropical_lowland,29.6,89.8,10.5,4.1,6.1,54.1,silty,organic,none,daily,4,43
cucumber,pipino_native,wet,tropical_lowland,26.9,71.1,25.9,6.8,7.0,50.4,clay,mixed,weekly,daily,4,31
bitter_gourd,ampalaya_hybrid,dry,subtropical,29.8,68.7,1.7,8.7,6.9,51.6,clay,none,monthly,every_other_day,4,46
squash,kalabasa,dry,tropical_lowland,30.8,67.0,4.1,9.2,6.9,71.7,loamy,none,weekly,every_other_day,3,49
bitter_gourd,ampalaya_oblong,dry,tropical_highland,26.8,58.8,0.5,8.4,7.1,77.0,sandy,mixed,monthly,every_other_day,4,39
squash,kalabasa_native,dry,tropical_highland,32.3,63.8,6.6,8.7,6.7,51.8,sandy,mixed,weekly,every_other_day,4,46
cucumber,pipino,dry,subtropical,34.9,56.5,0.2,9.2,7.1,51.6,silty,organic,none,twice_daily,5,30
sponge_gourd,patola_smooth,dry,tropical_highland,25.9,62.8,4.7,7.2,7.2,50.1,silty,organic,monthly,twice_daily,4,36
squash,kalabasa,wet,subtropical,31.3,77.2,28.6,6.1,6.8,69.7,silty,chemical,monthly,daily,3,46
bitter_gourd,ampalaya_oblong,wet,subtropical,28.5,78.5,22.1,6.1,6.8,56.9,sandy,mixed,none,daily,5,44
squash,kalabasa_native,wet,tropical_highland,26.6,82.1,24.9,4.6,6.7,79.0,sandy,mixed,monthly,every_other_day,3,46
cucumber,pipino,dry,tropical_highland,32.8,64.3,5.1,9.5,6.1,55.8,loamy,chemical,weekly,daily,4,31
bottle_gourd,upo_long,dry,tropical_lowland,27.0,56.4,0.7,7.6,6.3,78.3,clay,mixed,none,every_other_day,4,43
squash,kalabasa_native,wet,subtropical,26.5,87.3,19.1,6.7,6.8,57.8,sandy,chemical,none,twice_daily,4,42
bottle_gourd,upo_long,wet,tropical_lowland,31.4,80.7,24.5,5.2,6.1,69.6,loamy,mixed,weekly,twice_daily,4,44
bitter_gourd,ampalaya_oblong,wet,tropical_highland,30.3,85.1,28.8,5.6,6.6,71.4,loamy,chemical,none,twice_daily,3,43
bitter_gourd,ampalaya_oblong,wet,tropical_lowland,31.8,72.1,16.6,4.6,7.1,60.0,sandy,organic,none,twice_daily,4,39
bitter_gourd,ampalaya_hybrid,dry,tropical_lowland,24.9,72.0,0.9,7.2,6.8,64.4,loamy,none,none,twice_daily,4,44
sponge_gourd,patola,wet,subtropical,28.2,74.3,18.3,4.8,6.8,51.4,clay,organic,none,daily,4,36
sponge_gourd,patola_ridged,wet,tropical_lowland,31.0,79.4,19.5,5.7,7.1,58.1,silty,organic,weekly,daily,4,37
squash,kalabasa_hybrid,wet,tropical_highland,27.5,90.0,27.9,5.1,7.0,80.0,silty,chemical,monthly,every_other_day,3,48
cucumber,pipino,wet,tropical_lowland,29.6,79.5,11.4,5.1,6.4,64.7,silty,organic,monthly,every_other_day,4,32
squash,kalabasa,dry,tropical_lowland,34.1,68.7,2.2,7.2,6.0,51.9,sandy,mixed,none,every_other_day,2,44
squash,kalabasa,wet,tropical_highland,27.8,88.2,20.5,5.6,6.4,53.8,loamy,organic,none,twice_daily,4,38
bottle_gourd,upo_smooth,wet,tropical_highland,29.4,79.8,28.0,4.2,7.1,68.8,sandy,mixed,biweekly,daily,3,49
cucumber,pipino_japanese,wet,subtropical,31.6,87.1,10.8,5.2,6.4,59.8,clay,mixed,biweekly,every_other_day,4,33
cucumber,pipino_native,wet,subtropical,27.2,71.8,18.3,6.0,6.6,65.4,sandy,organic,monthly,daily,4,32
bottle_gourd,upo_round,wet,tropical_lowland,29.1,74.5,14.7,5.9,6.9,75.6,loamy,none,none,every_other_day,4,49
sponge_gourd,patola_ridged,dry,subtropical,32.8,73.6,8.1,7.7,7.2,69.0,clay,chemical,biweekly,every_other_day,2,44
cucumber,pipino_japanese,dry,subtropical,30.1,67.1,7.0,8.8,7.0,53.0,clay,chemical,weekly,every_other_day,4,33
squash,kalabasa_native,wet,subtropical,26.3,84.1,19.9,4.1,6.5,61.7,loamy,chemical,weekly,daily,4,41
bottle_gourd,upo_round,wet,tropical_lowland,27.7,84.4,19.3,5.5,6.6,55.2,sandy,chemical,monthly,twice_daily,4,45
bottle_gourd,upo_long,wet,tropical_lowland,31.9,73.6,14.3,6.1,6.4,59.0,sandy,chemical,monthly,daily,5,46
sponge_gourd,patola_ridged,wet,tropical_highland,30.6,76.3,27.1,6.5,5.9,69.2,sandy,none,none,twice_daily,3,45
bottle_gourd,upo_long,wet,tropical_lowland,28.6,84.1,11.7,4.0,7.1,71.5,clay,none,weekly,twice_daily,3,51
bitter_gourd,ampalaya_oblong,wet,tropical_highland,26.2,74.9,13.8,7.0,7.1,76.4,loamy,chemical,weekly,daily,3,43
bottle_gourd,upo_round,dry,tropical_lowland,27.9,61.9,4.7,7.2,6.1,65.1,sandy,none,none,twice_daily,4,47
sponge_gourd,patola,wet,tropical_lowland,30.0,78.9,29.0,5.0,7.1,68.8,loamy,none,weekly,every_other_day,4,41
squash,kalabasa,dry,subtropical,29.9,71.7,5.9,7.7,6.1,59.5,sandy,mixed,monthly,every_other_day,4,41
bitter_gourd,ampalaya_bilog,wet,subtropical,30.0,80.8,11.3,5.9,6.3,57.1,loamy,organic,none,every_other_day,5,37
bitter_gourd,ampalaya_hybrid,wet,tropical_lowland,30.3,88.9,21.6,6.3,6.0,70.1,silty,chemical,biweekly,twice_daily,4,38
cucumber,pipino,wet,subtropical,26.6,71.3,12.0,5.0,6.9,66.8,loamy,chemical,weekly,twice_daily,4,38
sponge_gourd,patola_ridged,dry,tropical_highland,34.7,56.8,1.6,8.5,6.4,76.2,sandy,none,monthly,twice_daily,3,45
sponge_gourd,patola,dry,tropical_lowland,26.2,55.2,8.3,7.6,6.0,56.0,clay,mixed,weekly,daily,4,39
bitter_gourd,ampalaya_oblong,wet,tropical_lowland,28.6,84.2,11.9,5.1,6.8,75.1,clay,chemical,none,daily,4,44
bitter_gourd,ampalaya_bilog,wet,subtropical,27.5,74.9,15.8,4.9,6.6,69.5,clay,mixed,none,daily,4,39
squash,kalabasa_hybrid,dry,subtropical,25.9,70.6,8.7,7.8,7.2,75.1,clay,none,weekly,twice_daily,3,48
sponge_gourd,patola,dry,tropical_lowland,30.8,62.1,5.3,7.2,6.6,79.3,silty,mixed,monthly,daily,5,37
cucumber,pipino_japanese,wet,subtropical,26.7,74.2,24.3,4.5,7.0,57.6,sandy,none,biweekly,daily,3,35
squash,kalabasa,wet,tropical_lowland,30.0,83.8,10.9,4.6,6.6,67.6,silty,organic,biweekly,daily,4,43
bitter_gourd,ampalaya_oblong,dry,subtropical,27.6,57.9,0.6,8.6,6.1,60.6,clay,chemical,weekly,every_other_day,4,39
bottle_gourd,upo_long,wet,tropical_highland,28.9,84.1,12.7,5.8,7.1,59.2,sandy,chemical,weekly,twice_daily,3,49
squash,kalabasa_hybrid,wet,subtropical,30.6,78.0,25.3,4.4,6.7,61.2,clay,organic,none,daily,4,41
cucumber,pipino_native,dry,subtropical,28.2,55.6,7.2,8.2,6.2,60.2,sandy,chemical,biweekly,daily,3,38
bottle_gourd,upo_long,wet,tropical_highland,31.5,87.8,12.8,5.2,6.5,50.0,silty,organic,weekly,twice_daily,4,43
bitter_gourd,ampalaya_bilog,wet,tropical_lowland,29.3,77.5,13.5,6.3,6.0,67.0,silty,mixed,biweekly,every_other_day,4,40
cucumber,pipino_native,wet,tropical_lowland,30.5,75.4,28.3,6.8,6.3,56.9,clay,chemical,biweekly,twice_daily,3,35
sponge_gourd,patola_smooth,wet,subtropical,30.6,74.6,28.5,5.9,6.7,78.8,silty,organic,biweekly,daily,4,38
cucumber,pipino,wet,tropical_highland,26.3,73.4,17.2,4.2,6.5,75.1,sandy,none,none,every_other_day,3,38
bitter_gourd,ampalaya_hybrid,dry,subtropical,29.4,56.8,8.3,9.6,7.0,66.4,clay,mixed,none,every_other_day,4,40
sponge_gourd,patola_ridged,dry,tropical_highland,29.9,64.1,1.4,8.3,6.3,74.5,silty,none,biweekly,twice_daily,4,43
bottle_gourd,upo_round,wet,subtropical,31.3,78.0,23.7,6.3,6.5,62.7,sandy,chemical,biweekly,twice_daily,4,46
cucumber,pipino_japanese,wet,tropical_lowland,31.0,85.5,12.4,5.6,6.4,56.9,silty,mixed,none,twice_daily,4,34
squash,kalabasa,dry,tropical_lowland,29.0,64.2,3.8,7.7,6.5,72.7,sandy,mixed,monthly,every_other_day,3,44
bitter_gourd,ampalaya_oblong,wet,subtropical,27.4,84.2,12.7,5.5,5.8,58.9,loamy,none,none,daily,4,44
bitter_gourd,ampalaya_hybrid,dry,tropical_lowland,25.5,67.8,8.7,9.7,7.1,77.5,silty,none,biweekly,daily,4,45
bottle_gourd,upo_smooth,dry,tropical_lowland,27.6,66.6,4.7,10.0,6.8,79.3,clay,organic,none,twice_daily,4,45
sponge_gourd,patola_smooth,dry,tropical_lowland,32.5,72.2,7.4,9.9,6.8,51.7,silty,none,none,twice_daily,3,45
squash,kalabasa,dry,subtropical,34.6,68.6,7.4,8.2,6.5,72.1,sandy,organic,monthly,daily,4,41
bitter_gourd,ampalaya_bilog,dry,subtropical,26.3,65.3,4.3,8.9,6.0,63.1,silty,mixed,biweekly,daily,4,44
sponge_gourd,patola,wet,tropical_highland,30.7,82.0,24.8,5.4,6.1,79.7,loamy,mixed,monthly,daily,5,38
squash,kalabasa,dry,tropical_highland,33.5,68.8,5.6,8.6,6.0,56.4,silty,mixed,weekly,daily,4,41
bitter_gourd,ampalaya_bilog,wet,subtropical,26.6,81.9,25.8,4.2,6.3,55.8,clay,chemical,monthly,daily,4,43
cucumber,pipino,wet,tropical_highland,30.7,77.1,21.4,5.6,6.0,78.2,loamy,organic,none,every_other_day,5,31
cucumber,pipino_japanese,wet,tropical_highland,30.0,76.4,18.7,4.5,6.3,77.9,sandy,none,weekly,twice_daily,3,35
bitter_gourd,ampalaya_bilog,wet,subtropical,26.7,74.8,24.6,5.4,6.0,70.4,loamy,chemical,biweekly,every_other_day,4,41
squash,kalabasa_native,dry,subtropical,34.7,62.6,4.5,7.2,6.6,73.9,silty,organic,none,twice_daily,4,40
cucumber,pipino,wet,tropical_lowland,31.7,70.5,28.8,5.9,6.6,69.6,clay,organic,none,daily,4,31
bottle_gourd,upo_smooth,dry,tropical_highland,24.9,60.8,1.7,9.7,6.8,72.6,silty,chemical,monthly,twice_daily,4,46
bottle_gourd,upo_smooth,wet,tropical_lowland,31.6,78.8,17.2,4.9,6.7,63.5,clay,mixed,monthly,daily,4,45
sponge_gourd,patola_smooth,wet,tropical_lowland,26.2,78.7,19.4,5.0,6.4,52.5,loamy,mixed,biweekly,every_other_day,4,41
cucumber,pipino,dry,tropical_lowland,31.9,55.7,9.7,10.0,7.0,70.6,loamy,none,biweekly,daily,3,35
bitter_gourd,ampalaya_hybrid,wet,tropical_highland,30.5,72.8,18.0,5.1,6.2,63.5,loamy,chemical,monthly,twice_daily,3,44
bitter_gourd,ampalaya_hybrid,dry,tropical_lowland,31.8,65.1,6.9,9.5,5.9,72.6,loamy,organic,weekly,daily,4,41
cucumber,pipino_japanese,wet,tropical_lowland,28.9,80.8,21.3,6.6,6.1,72.4,sandy,chemical,monthly,daily,4,32
cucumber,pipino_native,wet,subtropical,31.2,78.0,20.3,7.0,6.5,54.4,sandy,mixed,monthly,every_other_day,4,37
bitter_gourd,ampalaya_oblong,wet,tropical_highland,27.6,73.6,11.3,6.7,6.6,61.7,clay,none,monthly,daily,3,46
squash,kalabasa_native,dry,tropical_highland,29.9,72.3,8.8,9.7,6.9,65.3,clay,mixed,monthly,every_other_day,4,42
squash,kalabasa,wet,subtropical,26.3,83.3,16.3,4.7,6.7,53.1,loamy,none,monthly,daily,5,45
bitter_gourd,ampalaya_bilog,dry,tropical_highland,33.1,64.9,9.0,8.1,6.2,67.8,loamy,organic,weekly,daily,5,41
bitter_gourd,ampalaya_oblong,wet,tropical_highland,27.7,81.8,13.7,6.5,6.0,62.6,clay,chemical,monthly,every_other_day,3,43
bottle_gourd,upo_long,dry,subtropical,29.4,71.7,2.6,8.9,6.6,71.8,clay,organic,none,twice_daily,5,42
bitter_gourd,ampalaya_bilog,dry,tropical_highland,24.5,73.1,1.3,8.6,7.1,66.2,sandy,organic,biweekly,every_other_day,3,45
bitter_gourd,ampalaya_oblong,dry,tropical_highland,26.9,70.9,7.5,7.7,6.5,76.4,silty,organic,monthly,every_other_day,4,38
bitter_gourd,ampalaya_hybrid,wet,subtropical,31.1,76.5,13.0,5.1,7.1,66.9,clay,organic,monthly,twice_daily,4,38
sponge_gourd,patola_smooth,wet,tropical_highland,28.1,76.0,11.8,4.1,5.9,55.4,sandy,none,biweekly,every_other_day,3,43
cucumber,pipino_japanese,wet,subtropical,29.3,82.9,19.9,5.7,6.8,75.3,silty,chemical,none,every_other_day,4,34
sponge_gourd,patola_ridged,dry,subtropical,33.5,67.9,2.8,8.7,6.7,79.9,sandy,none,monthly,every_other_day,4,43
cucumber,pipino,dry,subtropical,29.8,68.0,2.4,9.5,7.2,73.3,sandy,mixed,weekly,daily,4,32
cucumber,pipino,dry,tropical_highland,31.4,73.4,4.5,8.5,6.1,80.0,clay,organic,monthly,every_other_day,4,30
bottle_gourd,upo_smooth,wet,tropical_lowland,29.6,73.1,16.4,6.9,6.6,60.4,silty,none,weekly,every_other_day,3,50
bottle_gourd,upo_smooth,dry,tropical_lowland,30.1,63.6,8.3,9.1,7.1,61.5,silty,chemical,monthly,twice_daily,4,47
cucumber,pipino_native,wet,tropical_lowland,31.6,70.8,20.9,6.1,6.1,66.0,silty,chemical,monthly,twice_daily,3,35
squash,kalabasa_hybrid,wet,tropical_highland,30.4,89.5,16.8,6.8,6.2,73.2,clay,mixed,biweekly,every_other_day,5,41
bottle_gourd,upo_round,wet,tropical_highland,31.2,76.7,24.2,5.8,6.7,54.1,silty,mixed,weekly,every_other_day,5,46
squash,kalabasa,dry,tropical_highland,34.9,56.8,0.2,8.1,6.5,66.7,clay,organic,weekly,every_other_day,5,40
sponge_gourd,patola_ridged,wet,tropical_highland,30.9,87.1,29.9,4.2,7.0,78.0,sandy,mixed,weekly,daily,5,39
cucumber,pipino,dry,tropical_highland,28.3,61.0,8.5,9.2,5.8,66.7,silty,chemical,none,twice_daily,4,32
bitter_gourd,ampalaya_oblong,wet,tropical_lowland,26.2,83.0,10.3,5.7,6.0,75.8,clay,chemical,monthly,daily,4,43
bitter_gourd,ampalaya_bilog,wet,tropical_lowland,27.5,71.8,20.4,5.7,6.4,79.1,clay,chemical,monthly,daily,4,37
sponge_gourd,patola,dry,subtropical,29.5,70.3,0.0,8.2,5.9,64.6,silty,chemical,monthly,daily,4,39
cucumber,pipino_japanese,wet,subtropical,27.0,85.1,14.0,6.5,6.7,74.5,clay,mixed,monthly,daily,4,30
sponge_gourd,patola_ridged,wet,tropical_highland,30.0,79.9,11.5,4.2,7.2,53.4,loamy,mixed,weekly,daily,4,36
bitter_gourd,ampalaya_hybrid,dry,subtropical,28.8,55.3,3.5,7.6,7.2,59.8,loamy,chemical,monthly,every_other_day,3,42
cucumber,pipino_native,wet,subtropical,31.2,88.0,19.8,4.5,6.8,59.7,sandy,none,biweekly,every_other_day,3,38
bottle_gourd,upo_smooth,dry,tropical_lowland,35.0,73.1,9.2,9.2,6.9,60.9,clay,none,none,daily,4,50
bitter_gourd,ampalaya_hybrid,wet,subtropical,26.5,77.9,29.0,5.6,7.2,60.6,sandy,none,weekly,twice_daily,5,42
bottle_gourd,upo_smooth,wet,tropical_lowland,29.8,89.3,14.8,4.9,6.7,79.8,loamy,mixed,weekly,daily,5,46
squash,kalabasa_native,wet,tropical_lowland,26.5,89.4,22.2,5.7,6.6,79.4,sandy,none,weekly,twice_daily,4,46
sponge_gourd,patola,dry,tropical_highland,35.0,63.1,7.4,8.0,5.8,56.9,silty,organic,none,daily,4,39
sponge_gourd,patola,wet,subtropical,31.8,76.7,15.5,5.6,6.5,78.5,clay,organic,biweekly,daily,4,40
cucumber,pipino_native,dry,tropical_highland,28.1,71.3,9.4,9.8,5.8,50.6,loamy,mixed,none,every_other_day,4,35
cucumber,pipino_native,dry,tropical_lowland,31.5,68.0,7.4,10.0,6.9,63.8,sandy,chemical,none,every_other_day,3,34
cucumber,pipino_native,wet,subtropical,28.5,79.5,23.8,5.0,5.9,70.0,sandy,chemical,weekly,twice_daily,4,30
squash,kalabasa_hybrid,wet,subtropical,30.2,86.6,27.0,6.4,6.2,57.2,loamy,none,monthly,every_other_day,4,50
squash,kalabasa_hybrid,wet,tropical_highland,27.3,76.2,17.2,6.7,6.3,57.0,sandy,organic,monthly,daily,4,41
squash,kalabasa_native,wet,subtropical,27.1,83.1,23.4,5.9,6.9,56.1,silty,mixed,monthly,every_other_day,4,42
cucumber,pipino_native,dry,subtropical,31.5,65.8,0.3,7.6,6.4,74.5,silty,organic,none,daily,5,30
bottle_gourd,upo_long,dry,subtropical,26.4,57.5,4.2,9.2,6.1,75.2,clay,organic,monthly,twice_daily,4,44
squash,kalabasa,dry,tropical_lowland,32.7,65.3,6.0,9.4,5.9,76.0,sandy,chemical,biweekly,twice_daily,3,46
cucumber,pipino,wet,tropical_highland,30.3,80.4,20.3,6.0,6.6,55.0,sandy,none,biweekly,twice_daily,4,34
cucumber,pipino_japanese,dry,tropical_lowland,33.2,59.0,5.0,9.9,5.9,78.1,clay,organic,weekly,every_other_day,3,31
bitter_gourd,ampalaya_hybrid,dry,subtropical,25.0,67.0,2.8,7.8,7.2,59.4,clay,none,monthly,daily,3,46
cucumber,pipino_native,dry,subtropical,33.2,70.9,1.0,7.1,6.5,53.7,loamy,mixed,biweekly,every_other_day,3,31
bitter_gourd,ampalaya_bilog,dry,tropical_lowland,26.9,60.9,2.2,8.9,6.5,73.3,clay,mixed,monthly,twice_daily,4,41
sponge_gourd,patola_ridged,wet,tropical_highland,29.8,79.9,16.8,6.5,5.9,59.7,loamy,mixed,monthly,twice_daily,4,40
bottle_gourd,upo_smooth,wet,tropical_lowland,27.8,78.1,22.5,5.0,7.0,74.1,sandy,chemical,biweekly,every_other_day,2,50
bitter_gourd,ampalaya_bilog,wet,subtropical,31.2,74.9,28.9,6.7,6.6,75.3,loamy,organic,none,every_other_day,5,35
cucumber,pipino_native,wet,tropical_highland,30.8,78.0,23.3,6.0,6.3,65.9,clay,chemical,biweekly,daily,3,30
bitter_gourd,ampalaya_oblong,wet,tropical_highland,29.0,86.0,14.4,5.2,7.1,65.7,clay,organic,none,every_other_day,3,43
cucumber,pipino_japanese,wet,tropical_highland,30.2,80.3,20.1,4.7,5.9,51.7,sandy,chemical,weekly,every_other_day,3,32
bottle_gourd,upo_round,dry,subtropical,25.7,73.0,3.5,9.9,6.9,75.4,silty,chemical,none,every_other_day,4,44
bitter_gourd,ampalaya_hybrid,wet,tropical_highland,31.8,83.0,24.2,6.2,6.2,71.6,sandy,organic,biweekly,twice_daily,4,39
cucumber,pipino_japanese,dry,tropical_lowland,28.9,67.3,10.0,9.8,6.4,79.5,sandy,none,none,twice_daily,3,38
squash,kalabasa,wet,subtropical,29.5,74.5,15.6,6.8,6.4,73.7,sandy,chemical,weekly,twice_daily,4,48
squash,kalabasa,wet,tropical_highland,29.0,89.3,17.6,5.3,6.7,79.4,clay,none,biweekly,every_other_day,4,44
bitter_gourd,ampalaya_hybrid,dry,subtropical,33.4,64.0,4.8,8.1,6.1,57.4,sandy,organic,monthly,daily,5,37
bitter_gourd,ampalaya_oblong,wet,subtropical,31.6,83.8,19.1,5.7,7.2,54.7,sandy,mixed,monthly,daily,4,42
bitter_gourd,ampalaya_oblong,dry,tropical_highland,32.3,66.9,7.5,9.9,6.1,59.9,sandy,none,weekly,every_other_day,3,48
squash,kalabasa,wet,tropical_highland,31.5,76.1,24.1,5.2,7.0,67.3,sandy,organic,weekly,twice_daily,5,39
squash,kalabasa,dry,tropical_highland,30.2,73.3,1.1,7.7,7.1,64.5,loamy,chemical,none,every_other_day,3,46
sponge_gourd,patola_ridged,wet,tropical_highland,31.4,82.0,24.0,6.7,6.0,68.7,loamy,organic,none,every_other_day,4,36
squash,kalabasa_hybrid,wet,tropical_lowland,30.1,79.0,12.0,5.9,7.2,65.5,silty,none,none,twice_daily,4,45
bitter_gourd,ampalaya_bilog,wet,tropical_lowland,28.5,79.7,12.5,5.7,6.7,54.1,silty,organic,none,daily,4,37
bottle_gourd,upo_smooth,wet,tropical_lowland,27.5,89.3,18.7,5.0,6.3,60.9,loamy,mixed,none,daily,4,45
bitter_gourd,ampalaya_bilog,dry,tropical_lowland,32.7,61.9,1.4,9.3,6.4,55.2,clay,mixed,none,every_other_day,5,42
sponge_gourd,patola,wet,tropical_highland,30.7,72.5,26.0,4.4,6.9,59.7,loamy,organic,none,twice_daily,4,36
sponge_gourd,patola_ridged,wet,tropical_lowland,31.3,79.7,15.9,4.4,6.3,74.4,clay,chemical,weekly,every_other_day,3,41
squash,kalabasa_native,dry,tropical_highland,32.5,69.3,2.1,8.7,6.6,68.2,sandy,organic,monthly,daily,3,47
squash,kalabasa,dry,subtropical,26.1,68.8,3.0,7.8,6.2,52.1,clay,chemical,none,daily,4,44
bottle_gourd,upo_smooth,wet,subtropical,26.4,86.4,14.4,5.2,7.2,57.8,silty,none,biweekly,twice_daily,4,49
sponge_gourd,patola_smooth,wet,tropical_lowland,29.7,85.6,22.1,6.1,6.8,74.3,sandy,none,weekly,every_other_day,4,41
bottle_gourd,upo_smooth,dry,subtropical,30.8,69.0,2.0,9.0,5.9,54.2,sandy,none,weekly,twice_daily,3,49
squash,kalabasa,dry,tropical_highland,26.3,66.9,1.1,7.7,5.9,73.0,silty,organic,biweekly,every_other_day,2,42
cucumber,pipino,wet,tropical_highland,26.4,74.3,18.0,5.9,6.9,67.5,sandy,chemical,none,daily,4,37
cucumber,pipino,dry,tropical_highland,26.9,55.0,3.1,7.1,6.6,70.5,clay,none,weekly,every_other_day,3,35
cucumber,pipino_native,dry,tropical_lowland,34.5,65.5,8.5,7.2,6.3,71.9,loamy,none,biweekly,daily,4,37
cucumber,pipino_japanese,wet,tropical_highland,30.7,76.8,10.0,5.5,6.4,55.9,loamy,organic,biweekly,twice_daily,5,28
bitter_gourd,ampalaya_bilog,dry,subtropical,28.1,73.6,0.8,7.7,7.1,57.2,sandy,none,monthly,daily,2,48
cucumber,pipino_native,wet,tropical_highland,26.0,81.0,16.8,5.7,7.1,79.0,silty,mixed,biweekly,twice_daily,4,32
sponge_gourd,patola_ridged,dry,subtropical,27.9,58.1,1.9,9.1,6.3,60.2,loamy,mixed,biweekly,daily,5,35
cucumber,pipino_native,wet,tropical_highland,31.0,81.8,10.2,6.7,7.1,74.8,clay,mixed,weekly,daily,5,32
sponge_gourd,patola,dry,tropical_highland,27.5,56.6,9.9,7.6,6.9,64.8,loamy,organic,biweekly,every_other_day,4,40
sponge_gourd,patola_smooth,dry,subtropical,29.0,72.6,9.0,7.9,6.5,66.2,silty,chemical,none,twice_daily,3,40
squash,kalabasa_hybrid,wet,tropical_lowland,27.7,77.4,13.5,4.8,7.2,66.5,silty,organic,biweekly,every_other_day,4,40
bitter_gourd,ampalaya_hybrid,wet,tropical_lowland,30.1,72.6,16.2,4.6,6.7,69.4,silty,organic,biweekly,daily,5,36
sponge_gourd,patola,dry,tropical_lowland,30.1,61.0,4.2,7.1,6.3,70.8,sandy,organic,monthly,twice_daily,3,42
cucumber,pipino_japanese,wet,subtropical,27.6,81.5,25.5,4.1,7.2,60.6,sandy,mixed,biweekly,every_other_day,4,34
bottle_gourd,upo_long,wet,tropical_highland,31.0,80.1,21.9,5.0,6.8,77.1,silty,chemical,weekly,every_other_day,4,46
bottle_gourd,upo_long,wet,subtropical,27.4,79.5,10.8,7.0,7.1,79.6,loamy,none,biweekly,daily,3,52
bitter_gourd,ampalaya_oblong,dry,subtropical,27.8,60.6,9.3,9.2,6.1,57.4,sandy,mixed,none,daily,4,39
sponge_gourd,patola_smooth,dry,tropical_lowland,26.9,66.1,2.6,7.9,6.8,61.5,clay,mixed,none,every_other_day,5,36
sponge_gourd,patola_ridged,dry,subtropical,25.1,55.3,2.0,7.7,5.9,70.7,clay,mixed,weekly,twice_daily,4,39
cucumber,pipino,wet,tropical_lowland,30.9,76.1,17.5,4.6,5.8,76.7,silty,none,weekly,daily,4,38
bitter_gourd,ampalaya_oblong,wet,tropical_lowland,30.9,88.8,24.9,6.0,6.3,55.1,loamy,organic,weekly,every_other_day,4,38
sponge_gourd,patola_smooth,dry,tropical_highland,26.7,71.3,6.4,7.6,6.0,50.1,sandy,none,biweekly,daily,3,42
cucumber,pipino_japanese,wet,tropical_highland,28.7,74.3,26.8,6.9,6.5,62.3,silty,none,weekly,every_other_day,3,35
sponge_gourd,patola_smooth,dry,tropical_highland,32.8,69.9,2.8,9.0,6.7,77.5,clay,chemical,monthly,twice_daily,4,43
sponge_gourd,patola_ridged,dry,tropical_lowland,27.0,58.4,6.8,8.9,6.6,74.8,sandy,organic,monthly,every_other_day,4,38
sponge_gourd,patola,dry,tropical_highland,26.8,69.4,1.3,7.6,6.6,63.5,loamy,mixed,none,every_other_day,5,38
bottle_gourd,upo_long,wet,tropical_lowland,31.5,89.6,10.1,6.4,7.2,76.0,clay,organic,none,daily,4,43
bottle_gourd,upo_round,wet,subtropical,30.5,73.6,20.0,6.7,6.6,55.9,clay,chemical,biweekly,daily,4,45
squash,kalabasa_native,wet,tropical_lowland,31.4,71.8,16.0,4.4,6.3,65.6,clay,none,biweekly,every_other_day,3,49
squash,kalabasa_hybrid,wet,tropical_lowland,30.2,78.1,20.4,6.3,6.6,67.8,loamy,organic,monthly,daily,4,42
squash,kalabasa_hybrid,wet,subtropical,26.0,70.2,12.0,4.1,6.2,75.7,sandy,chemical,none,twice_daily,3,45
sponge_gourd,patola,dry,subtropical,30.0,72.0,8.1,7.3,6.7,79.1,sandy,chemical,weekly,twice_daily,4,40
cucumber,pipino_native,dry,tropical_lowland,32.2,66.2,1.7,8.0,5.9,60.3,silty,mixed,none,twice_daily,3,31
cucumber,pipino,dry,subtropical,26.7,64.8,2.3,7.5,6.2,53.4,loamy,mixed,weekly,daily,5,31
sponge_gourd,patola,wet,subtropical,31.8,74.9,11.8,4.9,6.6,74.7,loamy,none,monthly,twice_daily,3,45
bitter_gourd,ampalaya_hybrid,dry,tropical_highland,24.6,68.3,5.5,9.5,6.5,58.5,clay,none,none,twice_daily,4,43
bottle_gourd,upo_smooth,wet,tropical_lowland,31.6,74.2,27.1,4.5,6.3,62.9,sandy,mixed,none,every_other_day,3,45
bitter_gourd,ampalaya_hybrid,dry,tropical_lowland,24.5,69.1,5.0,8.6,7.2,57.4,sandy,organic,none,twice_daily,4,41
cucumber,pipino_japanese,dry,tropical_highland,28.1,74.4,3.3,7.3,6.0,70.7,loamy,none,monthly,twice_daily,4,33
bottle_gourd,upo_round,dry,subtropical,31.2,60.3,6.2,7.2,7.1,70.0,sandy,mixed,biweekly,every_other_day,4,45
sponge_gourd,patola_smooth,dry,subtropical,29.3,70.0,5.0,8.4,6.3,51.1,loamy,none,monthly,daily,4,43
bottle_gourd,upo_round,dry,tropical_highland,30.9,60.6,4.2,9.1,6.8,63.8,silty,chemical,biweekly,every_other_day,4,47
bitter_gourd,ampalaya_bilog,wet,tropical_highland,27.0,72.8,19.4,4.4,7.1,66.0,silty,none,weekly,twice_daily,2,48
squash,kalabasa_native,wet,subtropical,26.4,79.1,18.6,6.7,6.0,68.7,clay,organic,monthly,daily,4,40
bottle_gourd,upo_smooth,dry,subtropical,31.1,62.1,6.4,9.2,6.1,63.4,loamy,none,monthly,daily,3,53
squash,kalabasa_native,dry,tropical_highland,30.9,74.0,3.5,9.6,7.1,64.7,silty,none,monthly,daily,3,47
bottle_gourd,upo_long,wet,subtropical,31.9,74.2,28.7,6.7,6.0,58.8,sandy,none,biweekly,daily,3,51
bitter_gourd,ampalaya_hybrid,dry,tropical_highland,24.2,73.7,8.3,7.4,6.7,70.2,loamy,organic,monthly,twice_daily,5,37
sponge_gourd,patola_smooth,wet,tropical_highland,27.0,74.0,12.3,6.2,7.1,58.7,clay,organic,weekly,every_other_day,3,35
bottle_gourd,upo_long,wet,subtropical,32.0,84.2,11.8,5.3,6.7,64.8,silty,chemical,weekly,every_other_day,3,48
bottle_gourd,upo_long,wet,subtropical,26.2,79.4,22.9,4.9,5.8,78.6,loamy,mixed,weekly,twice_daily,4,46
cucumber,pipino,wet,tropical_highland,31.5,79.2,18.5,6.4,6.0,57.8,sandy,mixed,monthly,daily,4,32
cucumber,pipino_native,wet,tropical_highland,31.2,87.0,18.5,6.4,6.6,57.2,silty,none,weekly,daily,4,36
bitter_gourd,ampalaya_bilog,dry,subtropical,34.2,62.7,1.1,7.0,7.1,63.8,sandy,none,monthly,daily,3,48
bottle_gourd,upo_round,wet,subtropical,26.6,80.7,26.7,5.2,6.4,58.6,clay,mixed,biweekly,daily,4,43
bitter_gourd,ampalaya_oblong,dry,tropical_highland,28.2,73.7,0.4,8.9,6.4,60.4,loamy,none,biweekly,twice_daily,3,46
sponge_gourd,patola_smooth,dry,tropical_highland,31.3,56.8,9.2,7.8,6.2,63.8,loamy,none,biweekly,daily,4,42
bottle_gourd,upo_long,wet,tropical_lowland,30.7,77.4,19.0,5.2,6.5,54.8,silty,chemical,biweekly,twice_daily,4,49
cucumber,pipino,wet,tropical_lowland,29.4,80.3,21.6,5.7,6.8,64.0,silty,mixed,weekly,daily,5,34
bottle_gourd,upo_smooth,wet,subtropical,29.8,79.8,25.8,4.6,6.2,67.3,loamy,chemical,weekly,daily,4,47
bottle_gourd,upo_round,dry,tropical_lowland,25.1,74.4,9.5,9.7,6.7,50.1,silty,mixed,none,every_other_day,4,43
sponge_gourd,patola,dry,subtropical,26.5,64.9,1.2,9.3,5.9,55.0,clay,organic,weekly,every_other_day,3,35
bitter_gourd,ampalaya_hybrid,dry,tropical_lowland,27.9,71.0,6.9,8.3,6.9,52.1,loamy,organic,none,daily,5,38
cucumber,pipino_japanese,wet,tropical_highland,27.3,78.8,26.7,6.7,6.3,56.6,clay,none,biweekly,daily,3,38
bitter_gourd,ampalaya_hybrid,dry,tropical_highland,34.3,68.0,8.5,7.7,6.8,50.7,silty,organic,none,every_other_day,4,40
cucumber,pipino_native,dry,subtropical,26.8,58.1,6.8,8.0,6.4,70.3,clay,organic,none,every_other_day,4,34
cucumber,pipino,dry,tropical_highland,28.2,70.6,0.7,8.4,6.4,55.6,silty,chemical,biweekly,twice_daily,4,36
squash,kalabasa,dry,subtropical,34.6,61.5,1.0,9.5,5.9,79.1,silty,none,biweekly,every_other_day,4,46
squash,kalabasa_hybrid,wet,tropical_lowland,26.9,80.9,16.6,4.8,6.7,77.1,silty,none,none,daily,3,50
cucumber,pipino_japanese,dry,tropical_highland,34.5,69.2,5.3,9.6,6.8,63.4,sandy,none,monthly,every_other_day,4,38
bottle_gourd,upo_long,dry,tropical_lowland,28.1,56.6,1.9,9.9,6.5,56.6,clay,mixed,weekly,every_other_day,3,45
cucumber,pipino_japanese,wet,tropical_lowland,28.2,81.9,19.1,5.4,7.1,59.8,silty,organic,biweekly,every_other_day,4,29
bottle_gourd,upo_round,wet,tropical_lowland,31.9,78.7,10.3,6.9,7.0,70.6,clay,organic,none,twice_daily,4,45
sponge_gourd,patola_smooth,dry,subtropical,32.0,70.1,3.0,8.4,7.1,73.5,silty,mixed,biweekly,every_other_day,3,43
bitter_gourd,ampalaya_oblong,wet,tropical_highland,28.0,79.8,22.7,4.0,7.1,69.0,silty,chemical,none,daily,3,46
bottle_gourd,upo_long,dry,tropical_lowland,28.5,64.4,2.1,9.8,6.3,51.8,clay,organic,monthly,twice_daily,5,47
cucumber,pipino_native,wet,tropical_lowland,28.0,73.2,22.4,7.0,6.4,57.4,clay,organic,weekly,twice_daily,5,32
bottle_gourd,upo_long,wet,tropical_lowland,28.0,81.2,16.1,4.2,6.9,53.6,clay,none,none,twice_daily,3,53
bottle_gourd,upo_smooth,dry,subtropical,34.7,56.7,3.6,8.9,7.1,58.7,clay,organic,weekly,every_other_day,3,48
squash,kalabasa_hybrid,dry,tropical_highland,31.8,69.1,4.8,8.4,6.2,54.9,clay,none,monthly,daily,4,47
sponge_gourd,patola_ridged,dry,tropical_highland,32.3,71.8,2.6,8.8,7.1,77.0,silty,organic,biweekly,daily,4,35
cucumber,pipino,dry,tropical_lowland,25.7,63.0,9.5,9.4,6.4,75.9,sandy,organic,none,daily,3,28
sponge_gourd,patola_smooth,dry,tropical_highland,24.1,61.0,1.4,7.5,6.8,58.1,sandy,chemical,biweekly,twice_daily,4,43
bottle_gourd,upo_round,wet,tropical_lowland,30.2,83.9,27.9,6.5,7.0,70.2,sandy,organic,monthly,twice_daily,4,47
squash,kalabasa,wet,tropical_lowland,31.5,79.5,28.1,4.9,6.8,54.9,clay,none,none,twice_daily,4,48
cucumber,pipino_japanese,wet,tropical_lowland,26.3,89.7,21.0,4.2,6.7,76.0,loamy,chemical,none,daily,4,32
bitter_gourd,ampalaya_bilog,dry,tropical_highland,29.4,64.7,8.9,8.8,7.1,72.1,sandy,none,none,every_other_day,3,44
bitter_gourd,ampalaya_bilog,wet,subtropical,32.0,71.2,14.3,6.9,6.4,79.6,loamy,mixed,biweekly,twice_daily,4,40
cucumber,pipino,dry,tropical_highland,31.9,62.9,6.5,7.6,7.1,67.8,sandy,none,biweekly,daily,4,36
bitter_gourd,ampalaya_hybrid,dry,subtropical,33.1,65.3,5.2,8.6,6.5,70.9,clay,organic,none,every_other_day,4,42
sponge_gourd,patola_smooth,wet,subtropical,30.8,80.2,15.9,4.4,6.1,51.7,clay,chemical,none,twice_daily,4,38
bitter_gourd,ampalaya_hybrid,wet,tropical_lowland,26.3,72.1,18.0,5.8,6.1,56.3,clay,none,none,every_other_day,3,45
sponge_gourd,patola_smooth,wet,tropical_lowland,30.9,70.8,12.4,6.7,6.5,72.4,loamy,organic,none,daily,5,38
squash,kalabasa_native,wet,tropical_lowland,29.8,84.7,11.2,6.7,6.7,71.9,sandy,mixed,none,daily,4,44
sponge_gourd,patola_ridged,wet,subtropical,28.8,79.8,28.9,4.3,6.1,74.5,clay,chemical,monthly,every_other_day,3,42
squash,kalabasa,wet,subtropical,28.3,88.2,28.9,7.0,7.0,77.7,sandy,chemical,none,twice_daily,3,49
squash,kalabasa_native,wet,tropical_lowland,27.7,77.2,16.9,4.5,6.5,79.4,silty,mixed,monthly,twice_daily,5,39
cucumber,pipino_japanese,wet,tropical_highland,31.5,74.8,27.1,6.1,6.4,58.8,sandy,mixed,monthly,daily,4,30
sponge_gourd,patola,wet,tropical_lowland,30.1,74.6,16.9,4.7,6.7,75.7,sandy,organic,weekly,every_other_day,4,35
bitter_gourd,ampalaya_bilog,dry,tropical_lowland,32.6,62.3,7.5,8.0,6.8,71.6,loamy,chemical,biweekly,daily,4,43
squash,kalabasa,wet,tropical_highland,27.2,82.2,12.7,4.5,7.1,54.2,clay,organic,weekly,daily,4,44
squash,kalabasa_native,dry,tropical_highland,35.0,56.6,2.3,8.7,6.5,52.8,silty,chemical,none,daily,3,46
sponge_gourd,patola_smooth,wet,subtropical,26.2,79.3,29.8,5.2,6.5,59.0,silty,chemical,none,daily,4,40
bitter_gourd,ampalaya_hybrid,dry,tropical_highland,30.8,71.5,7.9,8.7,7.0,73.6,loamy,none,monthly,every_other_day,3,46
cucumber,pipino,wet,subtropical,31.0,81.7,16.5,4.5,6.4,68.8,clay,chemical,biweekly,twice_daily,3,38
bottle_gourd,upo_round,wet,tropical_highland,28.0,77.7,17.2,4.7,6.7,57.3,loamy,chemical,biweekly,twice_daily,4,47
squash,kalabasa,wet,tropical_lowland,31.5,77.1,29.7,6.9,6.2,63.5,loamy,none,none,every_other_day,4,45
bottle_gourd,upo_smooth,wet,subtropical,30.1,77.2,20.6,5.7,6.6,73.1,silty,none,biweekly,every_other_day,4,51
squash,kalabasa_hybrid,wet,tropical_highland,30.1,75.0,23.3,4.5,6.2,51.7,sandy,mixed,biweekly,every_other_day,4,43
squash,kalabasa_hybrid,wet,subtropical,26.0,88.3,24.1,4.5,6.6,68.8,silty,chemical,monthly,daily,4,42
cucumber,pipino_japanese,wet,subtropical,31.5,82.1,15.7,6.5,6.4,52.4,silty,chemical,biweekly,every_other_day,4,37
bottle_gourd,upo_smooth,wet,tropical_lowland,27.1,89.7,11.1,4.8,6.9,54.0,clay,chemical,none,every_other_day,4,49
bitter_gourd,ampalaya_bilog,wet,tropical_lowland,26.7,78.0,10.3,6.3,7.1,59.0,sandy,chemical,monthly,daily,3,44
sponge_gourd,patola,wet,tropical_highland,29.3,86.9,24.5,5.7,6.2,50.9,clay,organic,monthly,daily,5,35
squash,kalabasa_hybrid,wet,subtropical,30.7,71.8,11.7,6.1,5.9,51.5,loamy,organic,none,twice_daily,5,42
squash,kalabasa_native,dry,tropical_lowland,28.1,63.9,1.9,8.8,6.5,70.0,loamy,mixed,biweekly,twice_daily,4,40
cucumber,pipino,dry,subtropical,28.3,58.9,6.8,8.2,6.0,60.0,loamy,chemical,monthly,twice_daily,4,30
bitter_gourd,ampalaya_hybrid,dry,tropical_highland,32.4,73.6,2.2,9.4,6.4,67.0,silty,organic,monthly,twice_daily,4,42
cucumber,pipino_native,dry,subtropical,26.8,58.0,1.6,9.5,6.9,50.6,sandy,mixed,none,every_other_day,3,33
cucumber,pipino_japanese,dry,tropical_lowland,27.8,72.6,8.2,8.3,6.0,54.8,sandy,chemical,monthly,daily,4,38
bitter_gourd,ampalaya_hybrid,wet,tropical_lowland,30.7,71.7,13.1,5.6,6.6,79.0,sandy,organic,biweekly,every_other_day,3,43
bottle_gourd,upo_long,wet,tropical_lowland,28.5,71.6,19.6,5.2,6.8,67.2,sandy,none,weekly,every_other_day,3,50
sponge_gourd,patola_ridged,dry,subtropical,33.1,61.3,2.9,8.4,6.2,68.3,sandy,organic,monthly,twice_daily,3,40
bitter_gourd,ampalaya_oblong,wet,tropical_lowland,29.7,76.4,25.5,5.3,6.0,54.8,sandy,none,biweekly,daily,4,45
squash,kalabasa_hybrid,wet,subtropical,26.5,80.8,18.5,6.8,5.8,78.6,clay,organic,weekly,daily,3,42
bottle_gourd,upo_long,wet,subtropical,27.5,78.2,13.3,6.5,6.2,69.7,silty,organic,weekly,every_other_day,4,46
bottle_gourd,upo_smooth,wet,tropical_lowland,29.8,74.4,28.4,5.1,7.0,69.5,sandy,none,biweekly,every_other_day,4,51
cucumber,pipino_native,dry,tropical_highland,31.9,66.7,1.9,8.8,6.8,75.5,clay,organic,weekly,every_other_day,4,32
squash,kalabasa_hybrid,wet,tropical_highland,30.1,75.7,13.7,4.3,6.6,58.2,silty,none,biweekly,daily,4,49
sponge_gourd,patola_ridged,wet,tropical_highland,27.1,77.1,23.4,6.7,7.1,57.4,sandy,none,none,every_other_day,3,45
squash,kalabasa_native,wet,tropical_highland,26.8,88.2,14.9,4.3,6.9,69.9,clay,none,none,daily,4,47
squash,kalabasa,wet,tropical_lowland,31.9,89.5,27.0,6.0,5.9,74.0,sandy,organic,monthly,daily,4,42
squash,kalabasa_hybrid,dry,subtropical,29.3,62.4,4.9,7.5,6.7,62.3,clay,none,none,twice_daily,4,44
bottle_gourd,upo_round,wet,tropical_highland,26.7,78.4,27.2,6.2,6.5,75.2,sandy,chemical,none,every_other_day,3,47
squash,kalabasa,wet,subtropical,28.3,80.3,19.5,7.0,6.1,72.9,clay,mixed,monthly,twice_daily,4,42
bitter_gourd,ampalaya_oblong,wet,tropical_lowland,29.1,86.9,18.8,6.3,6.4,78.7,loamy,chemical,biweekly,daily,4,40
squash,kalabasa,dry,tropical_highland,30.1,65.8,9.6,10.0,6.5,62.1,silty,organic,none,twice_daily,5,40
sponge_gourd,patola,dry,tropical_highland,33.0,58.6,9.5,9.9,6.6,52.4,loamy,organic,monthly,twice_daily,4,41
squash,kalabasa_native,dry,tropical_lowland,32.4,68.1,6.5,9.3,6.5,73.0,clay,chemical,monthly,twice_daily,3,44
bitter_gourd,ampalaya_hybrid,wet,tropical_highland,29.5,84.6,27.2,6.9,6.2,73.8,clay,organic,none,every_other_day,4,35
bitter_gourd,ampalaya_oblong,dry,subtropical,30.5,63.3,7.8,9.2,6.1,61.5,clay,organic,biweekly,daily,4,40
cucumber,pipino,wet,tropical_lowland,27.5,76.3,14.1,4.4,7.1,67.2,loamy,chemical,monthly,every_other_day,3,32
bitter_gourd,ampalaya_bilog,dry,subtropical,24.5,68.9,6.4,9.3,6.6,63.4,silty,mixed,biweekly,every_other_day,4,42
bitter_gourd,ampalaya_oblong,wet,tropical_lowland,30.9,82.9,21.4,6.5,6.9,78.1,sandy,none,none,every_other_day,3,48
cucumber,pipino_native,wet,subtropical,27.7,79.6,10.6,5.9,6.1,77.7,sandy,chemical,monthly,daily,4,33
cucumber,pipino_native,wet,subtropical,30.4,85.7,13.0,4.1,6.3,52.9,sandy,chemical,none,twice_daily,4,35
cucumber,pipino_japanese,wet,tropical_highland,26.9,86.0,14.5,4.7,6.1,54.5,clay,mixed,none,twice_daily,4,32
sponge_gourd,patola_smooth,dry,subtropical,31.2,70.0,6.8,8.5,7.2,71.1,loamy,none,none,daily,4,41
cucumber,pipino_japanese,dry,subtropical,24.2,64.1,2.6,8.8,6.8,77.5,clay,organic,weekly,twice_daily,4,32
sponge_gourd,patola_smooth,wet,tropical_highland,28.8,70.1,21.7,4.3,6.6,61.3,sandy,chemical,monthly,daily,3,44
squash,kalabasa,wet,tropical_lowland,29.6,77.5,15.3,6.1,7.2,65.8,clay,organic,weekly,daily,4,42
cucumber,pipino_japanese,wet,tropical_highland,30.7,85.5,19.4,6.6,6.3,68.2,sandy,mixed,weekly,every_other_day,4,31
sponge_gourd,patola,dry,subtropical,26.4,74.8,4.6,9.6,6.7,74.3,clay,chemical,biweekly,daily,4,37
bottle_gourd,upo_round,wet,tropical_lowland,29.8,81.3,27.8,6.3,6.8,62.3,silty,mixed,weekly,every_other_day,3,44
squash,kalabasa,dry,subtropical,34.5,71.5,2.5,8.6,6.1,64.0,silty,none,none,daily,4,49
bitter_gourd,ampalaya_bilog,dry,tropical_lowland,25.1,61.7,6.1,8.5,5.9,71.5,clay,organic,weekly,every_other_day,4,40
bottle_gourd,upo_round,wet,tropical_highland,28.0,89.9,11.7,5.8,6.8,54.3,sandy,chemical,biweekly,twice_daily,3,48
sponge_gourd,patola,dry,tropical_lowland,26.4,63.8,4.5,9.7,6.5,74.4,loamy,mixed,none,twice_daily,4,41
sponge_gourd,patola_smooth,wet,subtropical,30.9,79.1,10.1,4.4,5.9,66.0,sandy,none,monthly,daily,3,45
squash,kalabasa,dry,subtropical,29.5,72.4,8.6,7.5,5.9,63.3,silty,chemical,weekly,twice_daily,4,44
squash,kalabasa,wet,subtropical,29.3,86.4,12.0,6.1,6.4,55.8,silty,organic,monthly,daily,5,42
sponge_gourd,patola_ridged,dry,tropical_lowland,26.9,68.8,0.9,8.7,7.0,68.1,loamy,mixed,biweekly,every_other_day,5,36
bitter_gourd,ampalaya_bilog,dry,tropical_highland,29.2,67.9,1.6,7.1,6.9,77.1,loamy,none,monthly,every_other_day,4,44
cucumber,pipino_native,wet,tropical_lowland,30.9,74.7,28.6,5.1,7.0,62.8,loamy,none,weekly,every_other_day,4,37
sponge_gourd,patola_ridged,wet,subtropical,26.7,84.6,24.8,4.6,7.1,56.4,silty,mixed,none,twice_daily,4,39
bitter_gourd,ampalaya_oblong,wet,tropical_lowland,29.1,81.9,21.8,6.5,6.7,58.3,silty,none,weekly,daily,4,43
sponge_gourd,patola_ridged,wet,tropical_lowland,30.1,86.6,10.5,6.7,6.1,66.4,silty,mixed,biweekly,twice_daily,5,36
bitter_gourd,ampalaya_bilog,dry,tropical_lowland,24.8,55.3,6.6,8.4,6.8,78.7,loamy,none,monthly,every_other_day,3,42
squash,kalabasa,dry,tropical_highland,29.8,61.8,5.8,9.7,6.6,79.9,silty,chemical,none,every_other_day,4,41
squash,kalabasa_hybrid,wet,tropical_highland,28.9,70.9,22.6,7.0,6.8,68.4,clay,none,weekly,daily,3,50
bitter_gourd,ampalaya_oblong,wet,tropical_highland,31.0,80.3,13.9,4.8,5.9,57.7,clay,organic,none,every_other_day,3,40
cucumber,pipino_native,wet,subtropical,31.2,76.4,21.6,4.9,7.0,79.9,loamy,chemical,none,twice_daily,4,35
cucumber,pipino_japanese,dry,subtropical,33.1,62.0,5.3,7.4,6.6,64.1,silty,organic,none,every_other_day,4,32
squash,kalabasa_native,dry,tropical_highland,29.5,65.6,3.9,8.7,6.6,53.6,sandy,mixed,none,every_other_day,4,42
cucumber,pipino_native,wet,subtropical,27.7,71.0,21.6,4.7,6.1,69.5,sandy,chemical,weekly,daily,5,34
cucumber,pipino_japanese,dry,subtropical,34.0,67.7,4.7,7.7,6.8,59.4,loamy,chemical,monthly,every_other_day,4,33
bottle_gourd,upo_smooth,dry,tropical_lowland,24.6,69.1,9.3,7.2,6.0,61.2,clay,none,none,twice_daily,3,53
squash,kalabasa,dry,tropical_highland,28.1,73.4,1.9,9.8,6.8,57.8,sandy,none,none,daily,4,46
bottle_gourd,upo_long,wet,tropical_lowland,26.8,76.3,17.5,6.7,6.3,63.1,loamy,none,biweekly,daily,4,53
sponge_gourd,patola,dry,subtropical,25.0,64.6,8.6,8.0,6.5,59.8,silty,chemical,none,twice_daily,3,40
bitter_gourd,ampalaya_bilog,dry,subtropical,28.5,61.8,4.1,9.6,7.0,78.9,loamy,none,biweekly,every_other_day,3,47
cucumber,pipino_native,wet,subtropical,27.4,71.8,13.9,4.7,6.3,52.1,sandy,chemical,weekly,twice_daily,4,34
sponge_gourd,patola,dry,tropical_lowland,34.5,57.5,7.4,8.2,6.7,59.4,clay,mixed,monthly,every_other_day,3,37
sponge_gourd,patola_smooth,wet,tropical_highland,27.0,73.1,13.0,5.4,6.5,67.3,clay,mixed,weekly,daily,4,39
squash,kalabasa,dry,subtropical,30.5,66.4,4.0,8.4,6.0,74.3,loamy,organic,monthly,daily,5,38
bottle_gourd,upo_smooth,dry,subtropical,26.5,59.2,7.5,8.8,6.1,78.0,clay,chemical,biweekly,daily,4,51
sponge_gourd,patola_ridged,dry,tropical_lowland,33.8,70.5,5.7,7.1,7.1,74.5,loamy,mixed,none,twice_daily,4,37
squash,kalabasa_native,wet,tropical_highland,26.4,81.2,16.3,4.3,6.1,73.7,clay,none,biweekly,twice_daily,4,48
cucumber,pipino_japanese,dry,tropical_lowland,31.3,55.5,4.9,9.5,5.9,68.3,silty,chemical,monthly,every_other_day,3,33
bitter_gourd,ampalaya_bilog,dry,subtropical,27.8,71.5,5.0,8.1,6.9,76.7,silty,none,weekly,every_other_day,3,46
bitter_gourd,ampalaya_oblong,dry,tropical_highland,25.1,72.5,0.0,7.8,6.9,50.7,clay,none,biweekly,every_other_day,3,48
squash,kalabasa_native,wet,tropical_highland,26.0,77.4,28.0,5.4,6.6,78.2,sandy,chemical,biweekly,every_other_day,4,41
sponge_gourd,patola_ridged,dry,subtropical,32.1,63.3,6.6,9.3,6.3,76.8,sandy,chemical,biweekly,daily,3,41
bottle_gourd,upo_round,dry,tropical_highland,29.5,59.4,4.3,8.9,6.3,58.7,clay,chemical,weekly,daily,3,46
bottle_gourd,upo_long,wet,tropical_highland,26.9,80.5,15.0,5.5,7.1,51.2,silty,none,weekly,every_other_day,4,49
squash,kalabasa_hybrid,dry,subtropical,26.1,73.0,3.5,8.9,7.0,79.5,clay,organic,biweekly,daily,5,37
bitter_gourd,ampalaya_hybrid,dry,tropical_lowland,31.0,66.9,8.4,9.6,6.1,75.8,silty,none,weekly,twice_daily,4,45
bottle_gourd,upo_long,dry,subtropical,33.2,64.3,4.1,8.1,7.0,75.5,loamy,mixed,monthly,daily,3,45
cucumber,pipino,wet,subtropical,28.6,88.1,18.5,6.4,6.6,77.0,clay,mixed,weekly,twice_daily,3,35
bottle_gourd,upo_smooth,wet,subtropical,30.0,73.7,19.6,4.7,6.6,68.0,clay,mixed,none,every_other_day,3,46
bottle_gourd,upo_long,wet,tropical_highland,29.1,77.1,12.6,6.0,6.2,51.4,silty,chemical,monthly,twice_daily,4,46
squash,kalabasa,dry,tropical_highland,32.0,55.8,1.2,9.4,6.5,56.3,sandy,chemical,weekly,twice_daily,4,45
sponge_gourd,patola_ridged,dry,tropical_highland,29.1,61.0,8.7,8.5,6.8,52.6,silty,mixed,none,daily,4,41
bitter_gourd,ampalaya_bilog,dry,tropical_highland,26.5,69.9,0.4,7.7,7.1,59.7,clay,organic,none,daily,4,38
sponge_gourd,patola,wet,tropical_highland,28.3,85.8,24.9,5.1,7.0,68.5,silty,mixed,weekly,daily,4,41
squash,kalabasa_native,dry,subtropical,32.5,65.4,2.6,7.3,6.5,59.8,silty,organic,monthly,twice_daily,5,40
squash,kalabasa_hybrid,wet,tropical_lowland,30.6,83.2,11.1,5.4,7.0,68.0,silty,none,monthly,every_other_day,4,46
squash,kalabasa,dry,tropical_lowland,30.7,71.4,6.1,7.4,5.9,67.7,clay,mixed,none,every_other_day,3,48
squash,kalabasa_hybrid,dry,tropical_highland,26.2,62.3,8.9,9.3,6.7,61.0,silty,none,none,every_other_day,3,46
cucumber,pipino_japanese,dry,tropical_lowland,33.3,56.4,1.3,9.7,6.3,71.8,loamy,chemical,biweekly,daily,3,35
bitter_gourd,ampalaya_bilog,wet,subtropical,26.2,76.2,23.2,4.2,6.2,69.7,silty,organic,monthly,twice_daily,4,38
bitter_gourd,ampalaya_bilog,wet,tropical_lowland,30.9,72.6,23.5,5.5,6.2,61.4,silty,mixed,weekly,twice_daily,3,42
sponge_gourd,patola,wet,tropical_lowland,31.6,86.8,17.7,6.7,6.0,56.0,silty,none,none,every_other_day,4,43
bottle_gourd,upo_round,dry,subtropical,33.8,57.6,1.7,9.4,5.9,64.7,clay,mixed,monthly,every_other_day,3,46
bottle_gourd,upo_smooth,dry,subtropical,30.6,63.5,4.9,8.8,7.0,57.1,loamy,none,biweekly,daily,4,50
squash,kalabasa_native,wet,subtropical,31.7,74.6,14.4,5.6,6.5,69.7,loamy,chemical,weekly,daily,4,43
squash,kalabasa,wet,tropical_highland,31.7,79.7,13.8,4.3,6.5,55.7,loamy,organic,none,twice_daily,4,41
bottle_gourd,upo_long,wet,tropical_lowland,30.3,85.9,17.7,5.5,6.9,77.7,sandy,chemical,biweekly,twice_daily,3,46
bottle_gourd,upo_round,dry,tropical_lowland,33.1,67.4,2.9,7.5,7.0,75.6,sandy,organic,monthly,twice_daily,4,47
cucumber,pipino_native,wet,tropical_highland,27.0,74.5,28.2,4.7,7.1,72.7,sandy,mixed,biweekly,every_other_day,2,36
squash,kalabasa_hybrid,wet,subtropical,30.7,72.2,20.0,6.3,6.0,76.9,silty,chemical,biweekly,twice_daily,4,44
sponge_gourd,patola,wet,tropical_lowland,27.0,81.3,20.0,6.2,7.0,69.3,silty,none,weekly,twice_daily,4,44
squash,kalabasa_native,dry,subtropical,33.6,66.8,4.9,8.5,6.0,63.0,sandy,mixed,biweekly,daily,4,46
bitter_gourd,ampalaya_bilog,dry,tropical_highland,25.2,60.5,5.7,7.0,5.9,51.4,loamy,chemical,weekly,daily,2,48
bitter_gourd,ampalaya_bilog,wet,tropical_highland,31.1,86.9,26.7,5.9,6.4,71.2,clay,none,monthly,twice_daily,4,42
bottle_gourd,upo_smooth,dry,subtropical,25.8,60.8,4.4,7.6,6.8,54.2,silty,chemical,monthly,twice_daily,4,48
sponge_gourd,patola_ridged,wet,tropical_lowland,30.5,74.3,21.5,4.8,6.0,77.4,loamy,chemical,biweekly,daily,3,38
cucumber,pipino_native,dry,tropical_highland,25.9,60.9,1.2,9.0,6.0,63.3,silty,none,none,twice_daily,4,36
bottle_gourd,upo_smooth,dry,tropical_lowland,25.8,66.8,8.9,9.4,6.4,75.3,loamy,mixed,monthly,twice_daily,5,46
bitter_gourd,ampalaya_oblong,dry,tropical_highland,30.5,61.6,1.8,9.9,6.7,59.8,sandy,mixed,weekly,every_other_day,4,45
bottle_gourd,upo_long,dry,tropical_highland,33.1,55.9,2.3,9.5,6.8,63.0,clay,mixed,biweekly,twice_daily,4,45
sponge_gourd,patola,dry,tropical_lowland,32.2,63.2,7.5,7.3,6.4,71.8,clay,mixed,none,twice_daily,4,38
sponge_gourd,patola_ridged,dry,subtropical,26.9,65.4,1.5,7.0,6.0,74.7,loamy,mixed,biweekly,every_other_day,4,35
cucumber,pipino_japanese,dry,subtropical,26.1,58.8,9.6,8.5,6.2,54.5,sandy,mixed,weekly,every_other_day,4,29
sponge_gourd,patola_ridged,wet,tropical_lowland,27.1,82.2,12.4,6.9,5.9,71.0,loamy,organic,monthly,every_other_day,4,38
bottle_gourd,upo_smooth,dry,tropical_lowland,33.6,72.7,7.7,8.2,6.4,56.4,sandy,none,monthly,every_other_day,3,53
cucumber,pipino_japanese,wet,tropical_highland,31.7,89.3,28.8,6.1,6.1,60.0,loamy,organic,monthly,twice_daily,4,35
cucumber,pipino,dry,subtropical,32.2,60.4,5.5,7.5,7.2,65.9,silty,chemical,monthly,daily,4,32
bitter_gourd,ampalaya_hybrid,dry,tropical_highland,32.3,60.1,6.6,8.1,6.5,77.5,loamy,chemical,weekly,every_other_day,3,42
bottle_gourd,upo_smooth,dry,tropical_highland,26.2,64.9,4.6,8.2,6.7,72.2,silty,organic,weekly,every_other_day,4,42
bitter_gourd,ampalaya_hybrid,dry,subtropical,31.2,55.7,1.1,9.2,7.0,57.7,loamy,none,monthly,twice_daily,3,48
cucumber,pipino_japanese,dry,tropical_lowland,34.1,74.7,8.1,8.9,5.9,77.0,silty,chemical,none,daily,3,33
cucumber,pipino,dry,tropical_highland,28.3,70.3,6.3,7.4,6.2,76.3,clay,none,monthly,every_other_day,3,38
cucumber,pipino_native,dry,tropical_highland,25.5,63.7,3.6,9.5,6.0,75.5,loamy,organic,none,twice_daily,4,31
cucumber,pipino,dry,tropical_lowland,28.2,67.4,3.3,8.0,6.3,73.7,sandy,mixed,none,twice_daily,4,32
bottle_gourd,upo_long,dry,tropical_highland,28.1,72.7,8.9,9.1,6.5,54.6,loamy,none,none,daily,3,54
bottle_gourd,upo_long,dry,tropical_lowland,26.4,68.2,5.2,9.3,6.5,61.0,silty,chemical,monthly,daily,3,48
sponge_gourd,patola,wet,tropical_highland,26.1,75.4,28.3,4.9,6.6,67.4,silty,none,monthly,twice_daily,4,43
squash,kalabasa,wet,tropical_lowland,26.7,73.6,24.0,4.6,7.0,55.9,silty,mixed,biweekly,every_other_day,4,43
cucumber,pipino,dry,tropical_lowland,24.8,66.8,7.6,8.4,6.2,54.1,clay,chemical,monthly,twice_daily,4,33
bottle_gourd,upo_round,dry,tropical_lowland,28.2,72.0,1.0,7.5,6.8,60.4,sandy,none,monthly,twice_daily,4,45
bottle_gourd,upo_smooth,dry,subtropical,29.5,63.1,0.1,9.0,6.6,52.9,silty,mixed,monthly,every_other_day,4,49
bottle_gourd,upo_smooth,wet,tropical_lowland,30.8,78.4,18.0,5.6,6.3,76.0,silty,chemical,monthly,every_other_day,4,44
cucumber,pipino,dry,tropical_highland,27.2,61.9,3.2,7.0,6.9,67.2,clay,mixed,monthly,daily,5,30
bitter_gourd,ampalaya_oblong,wet,tropical_lowland,26.2,81.0,12.1,6.7,5.9,77.7,sandy,none,monthly,daily,4,46
sponge_gourd,patola,dry,tropical_highland,25.9,61.3,2.3,7.9,6.0,68.4,sandy,none,biweekly,twice_daily,3,42
bitter_gourd,ampalaya_bilog,dry,subtropical,31.2,67.6,2.8,9.1,6.5,73.3,sandy,mixed,none,every_other_day,5,39
sponge_gourd,patola,wet,tropical_lowland,27.3,88.7,19.4,6.6,7.1,52.3,silty,none,weekly,every_other_day,2,42
squash,kalabasa,dry,tropical_lowland,29.3,66.4,5.1,9.7,7.1,67.8,loamy,mixed,biweekly,every_other_day,3,39
squash,kalabasa,dry,subtropical,31.9,74.2,0.5,8.9,6.5,61.8,loamy,mixed,weekly,daily,4,41
bottle_gourd,upo_round,dry,tropical_highland,34.6,66.1,5.1,9.9,6.0,79.2,sandy,mixed,monthly,twice_daily,4,48
cucumber,pipino_native,dry,tropical_lowland,29.7,61.3,9.1,7.6,6.3,51.3,clay,mixed,biweekly,every_other_day,4,32
squash,kalabasa_hybrid,wet,tropical_highland,31.6,76.6,17.5,6.1,5.8,71.1,silty,chemical,weekly,twice_daily,3,42
bottle_gourd,upo_round,dry,subtropical,34.1,60.3,4.2,9.7,6.3,58.2,sandy,none,weekly,daily,3,55
bottle_gourd,upo_smooth,dry,tropical_lowland,26.0,67.6,10.0,8.5,6.9,71.2,loamy,chemical,weekly,daily,4,41
bottle_gourd,upo_round,dry,subtropical,32.5,71.0,3.3,7.9,6.5,60.5,silty,chemical,none,daily,3,44
cucumber,pipino_japanese,wet,subtropical,31.3,88.3,28.3,4.0,6.5,71.3,sandy,chemical,weekly,every_other_day,4,33
bottle_gourd,upo_long,dry,tropical_highland,24.4,67.4,9.9,9.4,6.1,70.9,clay,chemical,none,daily,3,47
bitter_gourd,ampalaya_oblong,dry,subtropical,31.6,62.8,8.5,8.4,6.7,55.5,silty,none,biweekly,every_other_day,4,45
squash,kalabasa_hybrid,dry,subtropical,27.0,68.7,2.4,8.4,6.2,79.8,silty,organic,monthly,every_other_day,4,42
bitter_gourd,ampalaya_hybrid,dry,tropical_highland,26.3,63.9,6.6,8.6,7.1,58.6,silty,mixed,biweekly,twice_daily,4,41
bitter_gourd,ampalaya_bilog,wet,tropical_highland,29.1,83.5,11.3,6.8,7.0,65.1,silty,mixed,monthly,twice_daily,4,42
bottle_gourd,upo_round,wet,tropical_highland,29.4,81.4,18.7,4.8,6.7,79.6,clay,chemical,monthly,every_other_day,3,48
bitter_gourd,ampalaya_bilog,dry,tropical_lowland,24.2,62.4,9.0,8.3,5.9,54.3,sandy,none,weekly,twice_daily,3,48
cucumber,pipino_japanese,wet,subtropical,31.3,77.2,13.7,5.1,7.2,77.4,loamy,none,none,every_other_day,3,38
sponge_gourd,patola_ridged,dry,subtropical,24.0,68.8,5.7,8.5,6.1,55.3,silty,organic,biweekly,every_other_day,4,40
sponge_gourd,patola_smooth,dry,tropical_highland,27.1,64.8,6.1,7.6,6.3,68.0,sandy,mixed,weekly,every_other_day,4,35
bottle_gourd,upo_long,wet,tropical_lowland,27.8,74.7,17.6,6.9,7.1,69.9,sandy,none,biweekly,daily,3,54
bitter_gourd,ampalaya_hybrid,dry,tropical_lowland,32.9,69.3,8.4,9.5,6.6,70.3,loamy,none,monthly,every_other_day,3,45
cucumber,pipino_japanese,dry,tropical_highland,33.3,70.8,7.3,7.5,6.2,62.6,silty,organic,none,twice_daily,5,35
squash,kalabasa_native,wet,tropical_lowland,28.6,76.7,19.0,4.1,5.9,52.2,sandy,organic,none,twice_daily,4,41
sponge_gourd,patola_ridged,wet,subtropical,27.9,87.9,16.1,6.0,7.1,79.8,loamy,mixed,monthly,twice_daily,4,38
bottle_gourd,upo_round,wet,tropical_highland,31.7,80.8,25.4,5.0,6.9,69.1,silty,mixed,monthly,twice_daily,4,45
cucumber,pipino_japanese,wet,subtropical,31.2,88.9,23.5,4.6,6.0,80.0,sandy,chemical,none,daily,5,33
bitter_gourd,ampalaya_oblong,wet,tropical_highland,28.4,88.7,15.9,5.4,6.8,52.7,clay,chemical,biweekly,daily,4,43
squash,kalabasa_native,dry,tropical_highland,26.6,70.5,2.4,9.4,6.1,51.9,clay,chemical,none,twice_daily,4,44
sponge_gourd,patola,wet,tropical_lowland,27.9,81.4,18.2,5.9,5.9,61.5,sandy,mixed,none,every_other_day,3,41
bottle_gourd,upo_long,dry,tropical_highland,30.1,63.6,6.2,8.3,6.3,79.3,clay,none,biweekly,every_other_day,3,52
cucumber,pipino_native,wet,tropical_lowland,30.3,72.3,28.1,4.4,6.4,72.9,silty,mixed,none,twice_daily,4,32
sponge_gourd,patola_ridged,wet,subtropical,31.1,70.8,24.0,6.6,6.3,64.5,sandy,none,none,twice_daily,4,39
bitter_gourd,ampalaya_bilog,wet,tropical_lowland,30.3,74.4,28.0,5.8,7.2,77.5,loamy,mixed,none,twice_daily,4,41
cucumber,pipino_native,dry,tropical_lowland,25.9,70.0,6.2,7.4,6.5,74.8,sandy,mixed,monthly,every_other_day,4,32
cucumber,pipino_native,dry,subtropical,34.0,63.0,9.4,9.6,5.8,70.1,loamy,chemical,monthly,every_other_day,4,32
bitter_gourd,ampalaya_hybrid,dry,tropical_lowland,30.5,66.9,9.7,9.3,6.3,69.1,loamy,none,weekly,every_other_day,4,44
sponge_gourd,patola_smooth,wet,tropical_highland,26.6,78.1,21.2,6.0,7.0,54.3,silty,none,none,twice_daily,4,43
squash,kalabasa_native,wet,tropical_lowland,30.6,84.8,11.2,6.2,7.1,64.2,silty,organic,weekly,twice_daily,3,44
bitter_gourd,ampalaya_bilog,dry,tropical_highland,28.2,63.2,8.3,7.8,6.1,63.9,clay,mixed,none,every_other_day,3,41
sponge_gourd,patola_smooth,dry,tropical_lowland,32.2,57.2,1.0,8.2,6.0,61.6,sandy,none,weekly,twice_daily,3,44
sponge_gourd,patola,dry,subtropical,33.9,55.6,5.4,8.0,7.1,55.0,loamy,chemical,monthly,every_other_day,3,40
bottle_gourd,upo_long,dry,subtropical,25.1,73.7,6.5,8.8,6.9,68.9,silty,chemical,monthly,daily,4,46
bottle_gourd,upo_long,wet,tropical_highland,29.0,87.8,17.7,4.1,6.9,68.5,clay,organic,monthly,twice_daily,4,43
bitter_gourd,ampalaya_bilog,dry,tropical_lowland,33.0,64.3,5.9,7.6,6.3,67.3,silty,none,none,daily,4,43
bottle_gourd,upo_smooth,wet,subtropical,30.9,87.2,20.8,4.5,6.1,78.4,silty,chemical,biweekly,every_other_day,3,45
sponge_gourd,patola,wet,subtropical,27.6,84.4,11.0,7.0,6.3,70.9,sandy,none,monthly,daily,4,41
cucumber,pipino,wet,tropical_highland,28.7,80.2,17.4,6.4,5.8,55.3,sandy,chemical,weekly,every_other_day,2,34
bottle_gourd,upo_long,wet,tropical_highland,31.3,83.7,23.4,6.8,7.1,56.2,sandy,mixed,monthly,twice_daily,4,44
bitter_gourd,ampalaya_oblong,wet,subtropical,28.0,74.1,16.9,4.4,6.3,64.8,clay,chemical,biweekly,twice_daily,3,43
squash,kalabasa_native,wet,tropical_highland,26.8,84.8,15.0,6.2,6.2,53.4,loamy,chemical,biweekly,twice_daily,3,48
sponge_gourd,patola_ridged,wet,subtropical,29.9,75.5,20.8,6.0,5.9,72.7,loamy,chemical,monthly,twice_daily,5,39
bitter_gourd,ampalaya_bilog,wet,tropical_highland,27.3,75.8,21.5,6.2,6.4,73.7,clay,organic,none,daily,3,43
sponge_gourd,patola_smooth,dry,tropical_lowland,33.3,65.9,5.4,9.6,6.9,73.6,silty,organic,biweekly,every_other_day,4,36
bitter_gourd,ampalaya_oblong,dry,tropical_highland,29.3,74.7,2.1,7.5,7.0,78.1,clay,organic,monthly,twice_daily,5,38
sponge_gourd,patola,wet,tropical_lowland,30.0,84.0,11.6,5.7,6.3,69.7,loamy,organic,monthly,twice_daily,5,38
cucumber,pipino_native,wet,tropical_highland,30.6,79.0,16.0,5.3,6.4,53.5,clay,mixed,none,daily,4,31
bottle_gourd,upo_smooth,dry,tropical_highland,24.7,71.4,5.9,7.9,6.6,66.1,clay,none,biweekly,daily,3,50
squash,kalabasa_native,dry,tropical_highland,29.5,66.0,3.0,8.4,7.0,75.8,sandy,organic,biweekly,twice_daily,4,41
bitter_gourd,ampalaya_hybrid,dry,tropical_lowland,30.4,73.2,3.1,8.1,6.1,76.7,clay,none,monthly,twice_daily,4,44
cucumber,pipino_native,dry,tropical_highland,28.6,55.9,3.2,9.2,6.5,72.3,silty,mixed,monthly,daily,5,32
bottle_gourd,upo_round,dry,tropical_highland,29.9,71.1,2.8,7.1,6.3,75.5,loamy,organic,monthly,twice_daily,4,42
bottle_gourd,upo_round,wet,tropical_highland,26.7,84.1,28.8,7.0,6.4,69.4,loamy,organic,biweekly,daily,4,45
bottle_gourd,upo_long,dry,subtropical,34.4,57.7,7.3,7.9,6.2,65.4,clay,chemical,biweekly,daily,5,45
cucumber,pipino_japanese,dry,tropical_lowland,29.6,59.6,0.9,9.7,6.0,69.0,sandy,mixed,weekly,twice_daily,4,34
bitter_gourd,ampalaya_hybrid,dry,tropical_highland,31.2,66.1,3.4,9.1,6.2,50.7,clay,mixed,none,every_other_day,4,39
cucumber,pipino,wet,subtropical,31.4,74.5,11.6,5.6,6.5,72.0,sandy,mixed,weekly,daily,4,32
sponge_gourd,patola_ridged,wet,tropical_lowland,26.3,88.7,27.6,4.3,6.6,68.6,clay,chemical,monthly,twice_daily,3,39
cucumber,pipino_native,dry,tropical_lowland,33.4,65.5,1.1,9.3,7.0,51.4,silty,none,biweekly,twice_daily,4,37
bitter_gourd,ampalaya_bilog,wet,subtropical,28.0,79.2,15.2,6.8,7.1,78.9,clay,mixed,weekly,every_other_day,4,37
cucumber,pipino_native,wet,tropical_lowland,30.4,82.7,13.2,6.0,7.2,67.6,loamy,mixed,none,daily,4,32
sponge_gourd,patola,dry,tropical_highland,29.8,62.1,1.2,8.8,6.5,71.5,silty,mixed,monthly,daily,4,38
bottle_gourd,upo_long,wet,tropical_highland,29.1,86.4,19.9,5.8,5.9,76.1,clay,none,monthly,daily,3,50
cucumber,pipino,dry,subtropical,31.4,70.2,5.6,7.1,6.5,75.0,silty,mixed,none,daily,5,29
bitter_gourd,ampalaya_bilog,dry,tropical_lowland,29.1,61.5,7.3,8.6,6.6,66.0,loamy,chemical,none,every_other_day,3,44
bitter_gourd,ampalaya_bilog,dry,subtropical,28.4,55.7,10.0,7.3,7.0,60.6,sandy,mixed,monthly,daily,3,40
bottle_gourd,upo_smooth,dry,tropical_highland,33.7,60.1,4.1,8.2,6.1,70.9,sandy,mixed,none,twice_daily,3,49
bitter_gourd,ampalaya_oblong,wet,tropical_lowland,30.5,86.2,15.2,6.8,5.9,66.4,silty,mixed,none,daily,4,37
bitter_gourd,ampalaya_oblong,dry,tropical_highland,34.9,67.8,5.3,7.2,6.2,66.8,silty,chemical,biweekly,every_other_day,4,46
bottle_gourd,upo_smooth,dry,tropical_lowland,25.6,57.9,5.8,9.3,5.8,57.8,silty,none,weekly,twice_daily,3,55
bitter_gourd,ampalaya_oblong,dry,subtropical,31.5,68.9,2.0,8.1,6.2,60.6,silty,organic,weekly,twice_daily,4,39
bitter_gourd,ampalaya_bilog,dry,tropical_highland,26.6,61.6,1.6,7.1,6.3,72.7,loamy,organic,none,twice_daily,4,39
cucumber,pipino,wet,tropical_highland,30.5,85.9,25.0,5.7,6.7,70.1,clay,mixed,biweekly,daily,4,38
cucumber,pipino,wet,tropical_highland,30.9,89.9,12.2,5.6,6.4,68.1,loamy,mixed,biweekly,twice_daily,4,36
bottle_gourd,upo_long,wet,subtropical,28.3,80.5,29.7,6.2,7.1,61.4,loamy,chemical,biweekly,twice_daily,3,49
bottle_gourd,upo_long,dry,tropical_highland,33.5,59.0,4.3,7.5,6.1,64.7,sandy,mixed,monthly,daily,4,45
bitter_gourd,ampalaya_hybrid,dry,subtropical,33.9,69.2,5.9,9.8,6.3,50.5,silty,mixed,biweekly,twice_daily,5,38
cucumber,pipino_native,wet,tropical_lowland,31.8,77.2,28.7,6.1,7.1,58.1,loamy,mixed,monthly,twice_daily,3,33
sponge_gourd,patola_ridged,wet,tropical_lowland,27.5,86.2,29.0,5.3,7.1,56.4,sandy,organic,monthly,every_other_day,4,40
bottle_gourd,upo_round,wet,tropical_lowland,26.8,89.1,15.1,4.8,7.1,77.3,clay,organic,none,twice_daily,4,45
bottle_gourd,upo_smooth,wet,subtropical,32.0,76.8,19.0,7.0,6.1,70.7,loamy,none,weekly,daily,4,51
cucumber,pipino_native,dry,tropical_highland,33.0,64.0,2.2,8.2,7.0,70.3,loamy,mixed,weekly,daily,5,33
sponge_gourd,patola,wet,tropical_lowland,26.5,88.1,17.3,4.3,6.5,78.7,silty,none,none,twice_daily,3,45
bottle_gourd,upo_long,wet,subtropical,30.5,81.6,12.0,5.8,6.9,63.2,loamy,organic,biweekly,every_other_day,4,46
bottle_gourd,upo_smooth,wet,tropical_highland,29.8,87.4,10.3,5.0,6.9,70.4,sandy,mixed,monthly,every_other_day,4,43
bitter_gourd,ampalaya_oblong,dry,tropical_highland,31.9,55.9,3.2,7.8,6.0,66.6,sandy,mixed,biweekly,daily,4,40
sponge_gourd,patola_smooth,dry,tropical_highland,29.7,65.3,3.9,9.4,6.0,76.4,silty,mixed,none,every_other_day,5,40
bitter_gourd,ampalaya_oblong,dry,tropical_lowland,31.4,73.7,2.9,8.0,5.9,72.2,silty,mixed,monthly,daily,4,39
bottle_gourd,upo_smooth,dry,tropical_highland,30.3,61.7,6.6,9.4,6.8,61.2,silty,mixed,monthly,twice_daily,5,46
squash,kalabasa_native,dry,tropical_highland,34.6,61.8,2.8,7.8,6.5,69.9,silty,none,none,twice_daily,5,46
bottle_gourd,upo_long,dry,subtropical,27.0,59.0,0.6,9.7,7.1,74.8,silty,none,biweekly,daily,4,47
cucumber,pipino_japanese,wet,tropical_lowland,29.6,81.4,18.0,5.5,6.2,70.9,sandy,organic,monthly,daily,4,32
bitter_gourd,ampalaya_hybrid,dry,subtropical,32.8,69.5,2.6,7.7,6.2,74.0,silty,chemical,none,twice_daily,5,39
bitter_gourd,ampalaya_oblong,wet,tropical_highland,30.4,84.8,14.1,4.1,6.0,59.4,clay,chemical,biweekly,twice_daily,4,43
bitter_gourd,ampalaya_bilog,dry,tropical_lowland,25.0,71.4,3.7,9.0,7.1,74.1,silty,organic,weekly,twice_daily,4,38
bitter_gourd,ampalaya_oblong,dry,tropical_highland,32.1,70.2,2.4,9.4,6.9,55.6,sandy,none,weekly,every_other_day,4,47
cucumber,pipino,wet,tropical_highland,30.9,76.1,28.9,6.4,6.9,51.4,silty,mixed,weekly,every_other_day,4,33
squash,kalabasa,wet,subtropical,31.4,89.8,21.1,4.2,7.2,63.0,sandy,chemical,monthly,every_other_day,2,42
squash,kalabasa,dry,tropical_lowland,29.1,59.4,0.2,8.6,6.1,60.3,clay,none,weekly,twice_daily,4,44
sponge_gourd,patola,dry,subtropical,24.2,73.3,9.1,7.0,5.8,54.9,clay,none,biweekly,twice_daily,4,43
cucumber,pipino_native,dry,tropical_highland,32.5,56.4,3.6,7.1,6.6,61.2,loamy,organic,biweekly,daily,4,34
squash,kalabasa_native,dry,tropical_highland,32.9,69.6,1.9,7.6,7.0,53.9,sandy,organic,biweekly,daily,4,42
bitter_gourd,ampalaya_bilog,wet,tropical_highland,27.6,86.3,27.5,5.4,6.7,57.0,silty,chemical,monthly,twice_daily,5,41
bitter_gourd,ampalaya_hybrid,wet,tropical_highland,28.7,82.1,11.6,7.0,6.8,57.8,silty,mixed,biweekly,daily,4,42
cucumber,pipino,wet,tropical_highland,31.7,82.8,17.0,5.6,7.2,54.2,sandy,none,monthly,twice_daily,4,38
sponge_gourd,patola,dry,tropical_lowland,26.4,72.0,5.1,7.4,6.8,67.8,silty,chemical,biweekly,every_other_day,3,41
cucumber,pipino_native,wet,tropical_lowland,29.9,85.6,10.5,4.2,6.8,51.6,silty,mixed,monthly,twice_daily,5,31
bitter_gourd,ampalaya_oblong,wet,subtropical,30.5,76.8,10.6,4.4,6.3,65.6,loamy,organic,none,every_other_day,4,41
squash,kalabasa,dry,tropical_lowland,26.1,69.0,4.1,9.5,6.2,66.8,clay,none,monthly,every_other_day,4,44
sponge_gourd,patola,wet,subtropical,27.1,73.9,16.1,4.4,6.8,64.3,sandy,mixed,weekly,twice_daily,4,36
bottle_gourd,upo_smooth,wet,tropical_highland,29.2,88.5,15.8,5.5,6.1,62.3,clay,mixed,none,twice_daily,4,44
cucumber,pipino_native,dry,subtropical,29.9,65.6,3.9,7.4,6.4,64.2,sandy,organic,none,every_other_day,4,33
cucumber,pipino,wet,subtropical,26.2,82.6,23.7,6.6,7.0,60.1,clay,none,weekly,twice_daily,4,35
sponge_gourd,patola,dry,subtropical,30.9,57.5,8.5,8.7,6.4,74.1,clay,none,weekly,daily,4,43
sponge_gourd,patola_ridged,dry,tropical_lowland,34.0,74.3,7.7,8.1,6.2,57.4,clay,chemical,weekly,daily,5,38
cucumber,pipino_native,dry,subtropical,31.5,57.9,6.3,9.6,7.0,60.8,silty,chemical,weekly,daily,4,35
bottle_gourd,upo_round,dry,tropical_lowland,29.6,67.9,1.5,7.4,7.2,75.1,sandy,chemical,weekly,every_other_day,2,54
sponge_gourd,patola_ridged,dry,tropical_highland,32.5,70.7,6.4,9.8,7.1,65.5,sandy,chemical,biweekly,daily,3,37
bottle_gourd,upo_long,wet,subtropical,26.4,89.9,23.2,4.2,6.8,68.3,sandy,none,weekly,twice_daily,4,51
cucumber,pipino_native,dry,subtropical,24.7,64.7,4.5,8.7,7.1,74.3,clay,organic,weekly,twice_daily,5,28
sponge_gourd,patola,dry,tropical_highland,34.4,60.2,2.2,7.6,6.2,72.3,loamy,none,weekly,daily,4,45
squash,kalabasa_native,wet,tropical_lowland,27.1,88.6,23.4,6.7,6.2,62.4,silty,mixed,weekly,daily,5,43
bottle_gourd,upo_long,wet,tropical_lowland,31.1,75.3,15.4,4.4,6.0,53.1,sandy,chemical,biweekly,twice_daily,4,44
squash,kalabasa,wet,tropical_highland,31.4,70.7,26.1,4.5,6.3,69.4,sandy,chemical,monthly,every_other_day,3,46
sponge_gourd,patola_ridged,dry,tropical_lowland,29.5,64.9,3.9,8.8,6.8,51.7,silty,organic,weekly,every_other_day,4,36
cucumber,pipino_native,dry,tropical_highland,34.9,73.4,6.1,8.2,6.3,76.0,loamy,organic,none,daily,4,32
bitter_gourd,ampalaya_oblong,wet,tropical_lowland,27.3,86.3,24.6,6.1,6.1,68.0,silty,organic,none,twice_daily,4,41
cucumber,pipino_native,wet,tropical_lowland,28.2,77.3,19.4,5.6,6.5,54.6,loamy,none,none,daily,4,35
bitter_gourd,ampalaya_bilog,dry,subtropical,27.0,56.4,9.4,8.6,6.4,78.0,loamy,mixed,biweekly,every_other_day,5,36
cucumber,pipino_native,dry,tropical_highland,34.5,58.6,9.4,7.8,7.1,68.3,sandy,organic,weekly,every_other_day,3,36
sponge_gourd,patola_smooth,dry,subtropical,29.9,70.3,1.2,7.8,6.3,72.0,clay,mixed,biweekly,every_other_day,3,35
sponge_gourd,patola_ridged,dry,tropical_highland,31.7,58.2,9.8,9.8,6.4,72.4,clay,organic,weekly,every_other_day,4,38
bitter_gourd,ampalaya_oblong,dry,subtropical,25.9,58.2,7.9,8.2,7.0,65.4,sandy,chemical,none,twice_daily,4,41
bitter_gourd,ampalaya_hybrid,wet,tropical_highland,26.3,90.0,12.7,4.5,6.0,51.4,sandy,chemical,monthly,daily,3,42
cucumber,pipino,wet,tropical_highland,27.2,79.5,13.8,6.9,7.1,65.7,sandy,mixed,none,every_other_day,3,33
cucumber,pipino_japanese,wet,tropical_highland,30.1,76.2,13.0,4.9,6.0,75.8,clay,mixed,monthly,daily,4,33
squash,kalabasa_native,dry,subtropical,30.8,58.0,2.1,7.7,6.5,66.6,silty,mixed,weekly,daily,4,41
bottle_gourd,upo_smooth,dry,tropical_highland,34.7,57.3,7.1,9.2,6.1,62.2,clay,organic,weekly,every_other_day,4,48
sponge_gourd,patola_ridged,wet,subtropical,27.6,89.5,26.1,6.3,6.9,61.6,loamy,mixed,biweekly,twice_daily,4,37
bitter_gourd,ampalaya_bilog,wet,tropical_lowland,27.8,74.2,28.0,6.6,6.7,74.3,loamy,organic,none,twice_daily,4,39
sponge_gourd,patola_smooth,dry,tropical_highland,27.2,62.4,0.3,8.3,6.2,51.4,loamy,none,weekly,daily,4,39
bottle_gourd,upo_round,dry,tropical_lowland,34.9,66.1,5.3,8.1,7.1,58.7,loamy,organic,none,every_other_day,4,49
cucumber,pipino,wet,tropical_lowland,30.2,74.6,19.9,4.1,6.7,64.9,silty,organic,biweekly,every_other_day,3,33
sponge_gourd,patola_ridged,wet,subtropical,30.1,71.8,21.8,6.8,7.1,79.7,clay,none,weekly,twice_daily,3,43
cucumber,pipino,wet,subtropical,29.4,76.9,10.1,5.7,7.2,79.9,loamy,none,none,every_other_day,4,37
bottle_gourd,upo_long,wet,subtropical,30.9,88.7,29.4,5.8,6.6,59.0,silty,none,biweekly,every_other_day,3,50
bottle_gourd,upo_long,wet,tropical_lowland,31.1,82.2,28.0,5.1,7.0,50.1,silty,mixed,monthly,daily,5,43
bitter_gourd,ampalaya_bilog,dry,tropical_lowland,28.3,72.2,1.1,7.7,6.8,70.0,silty,organic,weekly,twice_daily,4,41
sponge_gourd,patola,dry,subtropical,25.3,71.9,5.6,7.5,6.7,71.3,sandy,chemical,biweekly,twice_daily,3,40
bitter_gourd,ampalaya_oblong,wet,tropical_highland,30.6,88.7,24.4,4.7,6.9,67.3,clay,chemical,biweekly,every_other_day,3,40
squash,kalabasa_hybrid,dry,subtropical,30.9,67.0,9.8,9.1,6.5,60.4,sandy,chemical,monthly,every_other_day,3,47
sponge_gourd,patola_ridged,dry,tropical_lowland,30.0,71.0,2.3,8.8,5.8,63.5,sandy,organic,weekly,daily,4,35
squash,kalabasa_native,wet,tropical_highland,29.7,75.8,18.5,4.9,7.0,57.4,clay,mixed,monthly,daily,4,40
squash,kalabasa_native,dry,tropical_highland,27.9,61.5,3.0,9.0,6.2,60.2,loamy,none,none,twice_daily,4,46
bottle_gourd,upo_long,wet,tropical_lowland,26.9,83.1,21.2,6.6,7.0,62.0,sandy,chemical,monthly,every_other_day,3,50
cucumber,pipino_japanese,dry,subtropical,25.2,64.1,4.8,7.3,5.9,68.2,loamy,organic,biweekly,every_other_day,4,35
squash,kalabasa_hybrid,dry,tropical_highland,28.6,68.9,9.1,7.4,6.1,72.8,loamy,chemical,none,twice_daily,3,43
squash,kalabasa,dry,subtropical,33.7,59.6,7.4,9.1,6.9,53.8,loamy,chemical,weekly,twice_daily,4,48
bottle_gourd,upo_smooth,dry,tropical_lowland,32.9,65.4,5.7,7.2,6.0,72.5,silty,none,weekly,twice_daily,3,52
cucumber,pipino_japanese,dry,tropical_lowland,26.2,55.4,7.3,9.7,6.6,55.1,silty,none,biweekly,daily,3,38
bottle_gourd,upo_smooth,wet,subtropical,28.2,78.1,18.2,4.1,6.7,66.8,silty,mixed,weekly,twice_daily,4,48
sponge_gourd,patola,wet,tropical_lowland,30.4,72.4,13.9,6.9,6.4,62.1,silty,organic,biweekly,daily,5,36
bottle_gourd,upo_long,dry,tropical_lowland,29.1,64.7,6.6,7.4,6.7,60.9,loamy,mixed,none,daily,4,47
squash,kalabasa_native,dry,tropical_highland,26.6,67.8,7.9,7.6,6.6,55.4,clay,mixed,biweekly,every_other_day,3,48
bitter_gourd,ampalaya_hybrid,wet,tropical_lowland,28.8,85.6,24.9,4.0,6.0,57.2,silty,mixed,none,twice_daily,3,42
squash,kalabasa_hybrid,wet,subtropical,27.9,79.6,26.3,5.0,7.2,78.4,sandy,organic,none,daily,4,42
squash,kalabasa_hybrid,wet,subtropical,29.9,75.2,13.7,5.7,5.9,57.6,clay,chemical,weekly,daily,3,45
bitter_gourd,ampalaya_bilog,wet,subtropical,31.3,89.0,17.3,4.8,6.4,63.8,sandy,none,biweekly,twice_daily,4,45
sponge_gourd,patola_smooth,dry,subtropical,29.1,61.0,4.4,9.8,6.7,59.7,silty,none,monthly,every_other_day,3,39
sponge_gourd,patola,dry,tropical_lowland,26.7,62.5,3.9,7.6,6.7,73.2,loamy,chemical,none,every_other_day,4,39
bottle_gourd,upo_round,dry,subtropical,24.8,65.9,5.0,9.6,6.4,78.6,sandy,chemical,biweekly,daily,4,46
cucumber,pipino,wet,tropical_highland,26.0,77.0,21.4,5.8,6.9,66.3,loamy,mixed,monthly,twice_daily,4,31
sponge_gourd,patola_ridged,dry,subtropical,31.3,58.4,4.2,7.3,6.0,72.7,silty,mixed,none,twice_daily,4,38
sponge_gourd,patola,dry,subtropical,30.7,55.1,3.6,9.8,6.6,57.9,silty,chemical,weekly,twice_daily,4,39
bottle_gourd,upo_round,wet,tropical_highland,26.9,73.2,13.2,4.4,6.5,73.2,silty,chemical,weekly,daily,3,52
sponge_gourd,patola,wet,subtropical,30.5,73.8,22.3,5.0,6.1,79.9,silty,chemical,monthly,every_other_day,3,42
squash,kalabasa,dry,tropical_highland,32.3,69.7,3.4,9.8,7.1,58.2,sandy,chemical,none,every_other_day,3,44
cucumber,pipino_japanese,dry,subtropical,24.9,65.0,4.1,9.3,6.3,70.3,loamy,chemical,weekly,twice_daily,4,31
bottle_gourd,upo_round,wet,tropical_lowland,27.8,71.1,22.8,6.2,5.9,79.2,clay,mixed,monthly,twice_daily,4,47
bottle_gourd,upo_long,wet,subtropical,31.3,84.4,23.0,5.6,6.2,71.4,silty,none,monthly,every_other_day,3,49
cucumber,pipino,wet,tropical_lowland,29.5,85.3,27.3,5.8,7.0,70.1,silty,none,biweekly,daily,3,38
cucumber,pipino_japanese,wet,tropical_lowland,27.4,89.8,30.0,6.3,6.3,62.1,silty,organic,weekly,twice_daily,4,30
cucumber,pipino,dry,subtropical,34.5,72.1,7.6,7.3,6.5,68.4,clay,mixed,biweekly,every_other_day,3,35
bitter_gourd,ampalaya_hybrid,wet,tropical_highland,27.0,73.9,26.6,4.1,6.2,68.0,silty,none,monthly,daily,5,46
sponge_gourd,patola_ridged,wet,subtropical,30.9,74.0,23.9,7.0,6.4,64.0,loamy,chemical,biweekly,daily,4,35
squash,kalabasa_native,dry,subtropical,34.1,55.2,8.2,7.2,7.0,63.1,loamy,mixed,none,twice_daily,4,41
bitter_gourd,ampalaya_hybrid,dry,subtropical,29.2,55.4,8.8,8.9,7.0,56.5,clay,none,weekly,every_other_day,3,46
sponge_gourd,patola,dry,tropical_lowland,27.8,55.5,3.5,7.9,6.0,51.0,clay,none,monthly,daily,4,42
bitter_gourd,ampalaya_bilog,dry,subtropical,27.3,70.6,0.4,9.8,6.2,60.6,clay,chemical,weekly,twice_daily,3,42
bottle_gourd,upo_round,wet,subtropical,31.4,86.5,20.8,4.0,6.3,64.3,loamy,none,biweekly,every_other_day,3,48
bottle_gourd,upo_round,wet,tropical_highland,28.1,77.5,18.9,4.7,6.1,56.2,sandy,chemical,weekly,daily,3,50
bottle_gourd,upo_smooth,wet,tropical_lowland,26.6,79.0,25.0,6.5,6.7,76.9,silty,chemical,biweekly,every_other_day,4,42
cucumber,pipino_native,dry,tropical_lowland,31.6,62.6,6.6,8.3,5.8,75.3,loamy,mixed,weekly,twice_daily,4,36
cucumber,pipino_japanese,dry,tropical_lowland,32.0,62.3,6.0,7.2,6.8,56.0,loamy,organic,biweekly,every_other_day,3,33
cucumber,pipino,dry,tropical_highland,32.1,65.5,3.9,9.7,6.2,67.0,sandy,mixed,biweekly,every_other_day,4,34
squash,kalabasa_hybrid,dry,subtropical,32.7,68.1,6.0,7.1,6.9,65.0,sandy,mixed,monthly,daily,3,44
bitter_gourd,ampalaya_oblong,wet,tropical_highland,31.9,75.0,29.4,6.6,6.9,54.4,silty,mixed,biweekly,every_other_day,4,40
bottle_gourd,upo_smooth,dry,tropical_lowland,25.6,63.7,7.6,7.3,7.1,57.0,sandy,organic,monthly,twice_daily,4,41
squash,kalabasa_native,dry,tropical_highland,26.4,63.1,7.6,9.8,6.8,61.7,clay,none,weekly,every_other_day,3,47
bitter_gourd,ampalaya_oblong,wet,subtropical,28.7,73.7,17.9,5.0,6.0,51.7,clay,chemical,none,twice_daily,4,40
squash,kalabasa,dry,subtropical,29.8,64.5,5.5,8.5,6.4,74.2,clay,chemical,weekly,twice_daily,3,48
bottle_gourd,upo_long,wet,subtropical,26.8,73.0,26.1,6.8,6.6,58.9,silty,chemical,biweekly,twice_daily,4,47
squash,kalabasa_hybrid,dry,tropical_lowland,29.4,58.7,7.5,8.0,7.1,72.0,loamy,mixed,monthly,twice_daily,4,38
sponge_gourd,patola,dry,tropical_highland,28.0,67.3,9.2,9.2,5.8,78.4,silty,none,none,daily,3,43
sponge_gourd,patola_ridged,dry,subtropical,26.6,58.7,8.6,7.4,6.3,61.8,clay,chemical,biweekly,every_other_day,3,39
sponge_gourd,patola_smooth,dry,tropical_lowland,33.2,74.8,1.0,7.8,6.7,66.3,loamy,none,monthly,every_other_day,3,40
bottle_gourd,upo_smooth,wet,subtropical,26.0,70.5,17.9,6.7,6.2,54.0,silty,chemical,none,twice_daily,3,53
cucumber,pipino_native,dry,tropical_lowland,24.4,57.1,3.9,8.0,5.9,58.1,loamy,mixed,weekly,twice_daily,4,36
bitter_gourd,ampalaya_bilog,wet,tropical_highland,28.4,89.3,22.2,5.3,6.7,61.8,sandy,chemical,biweekly,every_other_day,3,42
squash,kalabasa,wet,tropical_highland,30.7,83.9,20.9,4.5,7.0,52.2,sandy,organic,monthly,daily,4,44
squash,kalabasa_native,dry,tropical_highland,27.5,69.1,5.7,8.3,7.2,73.9,silty,chemical,monthly,daily,5,41
cucumber,pipino_japanese,wet,tropical_highland,26.6,75.6,16.9,4.8,6.1,80.0,loamy,none,monthly,twice_daily,3,37
squash,kalabasa_native,wet,tropical_highland,29.2,79.2,13.6,6.3,6.5,74.6,clay,chemical,monthly,twice_daily,4,47
bitter_gourd,ampalaya_oblong,dry,subtropical,33.8,60.2,8.9,7.5,6.1,66.8,loamy,mixed,monthly,twice_daily,5,42
cucumber,pipino_japanese,dry,tropical_highland,24.1,74.9,3.5,8.5,5.9,64.2,loamy,chemical,none,every_other_day,3,36
cucumber,pipino_japanese,wet,subtropical,27.9,70.5,11.3,4.5,6.4,62.9,silty,chemical,biweekly,every_other_day,3,35
cucumber,pipino,wet,subtropical,30.8,72.8,13.0,4.5,6.8,50.6,clay,organic,biweekly,twice_daily,3,34
sponge_gourd,patola_smooth,wet,subtropical,28.9,89.0,17.3,4.3,5.9,75.5,sandy,chemical,monthly,every_other_day,2,40
bottle_gourd,upo_smooth,wet,tropical_lowland,27.4,82.9,22.1,5.1,6.6,58.8,silty,organic,biweekly,twice_daily,5,46
cucumber,pipino,wet,tropical_highland,31.3,79.3,20.9,5.8,6.7,68.9,loamy,none,monthly,every_other_day,3,34
bitter_gourd,ampalaya_oblong,wet,tropical_highland,26.6,75.7,13.8,4.3,6.2,51.2,sandy,mixed,weekly,daily,3,44
bitter_gourd,ampalaya_hybrid,dry,subtropical,31.9,58.7,9.6,9.5,5.9,52.9,clay,none,none,every_other_day,3,46
bottle_gourd,upo_long,dry,tropical_lowland,34.4,73.0,9.5,9.9,6.0,78.7,loamy,organic,biweekly,every_other_day,3,49
sponge_gourd,patola_smooth,wet,subtropical,30.1,76.4,10.6,5.8,7.1,74.6,sandy,organic,biweekly,twice_daily,3,37
sponge_gourd,patola_ridged,dry,tropical_lowland,34.7,56.3,3.7,10.0,5.8,51.6,clay,organic,biweekly,daily,3,37
cucumber,pipino_japanese,dry,tropical_highland,28.2,57.4,6.1,9.0,7.0,53.1,silty,none,biweekly,every_other_day,2,38
sponge_gourd,patola_smooth,wet,tropical_highland,30.7,84.7,27.2,6.6,6.3,66.0,sandy,organic,biweekly,daily,4,36
cucumber,pipino,wet,subtropical,31.3,72.1,29.9,5.8,6.8,63.4,clay,none,biweekly,twice_daily,4,37
cucumber,pipino_japanese,wet,tropical_highland,26.4,82.5,11.4,6.1,6.8,53.2,silty,mixed,weekly,every_other_day,4,33
sponge_gourd,patola,dry,tropical_lowland,31.6,55.1,5.2,7.3,6.1,75.5,loamy,chemical,none,twice_daily,5,37
bitter_gourd,ampalaya_hybrid,wet,subtropical,29.4,79.1,26.9,4.8,7.2,77.7,clay,organic,monthly,daily,5,39
squash,kalabasa,dry,tropical_lowland,24.3,74.7,6.6,8.6,6.7,78.3,loamy,none,weekly,every_other_day,3,48
cucumber,pipino,dry,subtropical,32.8,59.4,4.7,9.1,6.1,71.7,sandy,none,monthly,every_other_day,4,38
squash,kalabasa_hybrid,wet,tropical_highland,29.8,79.7,12.7,4.7,6.0,73.4,clay,none,monthly,daily,4,42
squash,kalabasa_native,dry,tropical_highland,26.7,72.4,3.4,9.6,7.0,68.2,loamy,mixed,biweekly,daily,5,40
squash,kalabasa,wet,tropical_lowland,30.9,84.7,27.7,4.1,6.7,63.2,clay,mixed,monthly,every_other_day,4,44
sponge_gourd,patola,wet,tropical_highland,31.9,81.0,19.4,5.4,6.8,77.2,loamy,mixed,monthly,twice_daily,4,41
squash,kalabasa_hybrid,dry,tropical_lowland,27.2,69.6,9.5,8.9,7.2,66.4,loamy,chemical,none,daily,4,42
squash,kalabasa_hybrid,dry,tropical_highland,27.0,59.4,2.9,7.4,6.6,57.2,sandy,none,biweekly,twice_daily,4,46
bitter_gourd,ampalaya_hybrid,wet,tropical_lowland,30.5,86.7,21.4,4.7,5.8,64.0,loamy,none,none,daily,4,48
bottle_gourd,upo_smooth,dry,tropical_highland,29.3,61.1,1.2,7.4,6.9,68.5,sandy,none,none,twice_daily,3,49
squash,kalabasa_hybrid,wet,tropical_highland,26.2,77.9,15.3,5.7,6.1,72.8,silty,mixed,monthly,twice_daily,4,41
bitter_gourd,ampalaya_oblong,wet,subtropical,28.6,85.5,10.2,4.2,7.0,68.0,clay,none,weekly,daily,4,45
cucumber,pipino_native,dry,tropical_lowland,25.3,62.0,2.8,9.9,5.9,50.6,sandy,mixed,weekly,daily,3,32
bottle_gourd,upo_round,wet,subtropical,30.6,88.4,17.2,4.9,7.0,77.4,loamy,chemical,weekly,twice_daily,4,48
bottle_gourd,upo_long,wet,tropical_highland,30.3,78.6,29.3,6.1,6.9,54.7,silty,chemical,none,twice_daily,4,49
bottle_gourd,upo_smooth,dry,subtropical,30.4,71.1,7.5,7.1,6.2,75.2,loamy,organic,none,twice_daily,4,44
bitter_gourd,ampalaya_bilog,dry,subtropical,34.0,59.7,8.4,9.3,6.5,54.9,sandy,mixed,biweekly,every_other_day,4,41
squash,kalabasa,wet,subtropical,31.9,83.3,11.6,4.2,5.9,63.9,clay,mixed,biweekly,every_other_day,4,42
bitter_gourd,ampalaya_oblong,wet,subtropical,28.9,88.8,18.4,5.3,7.0,60.2,clay,mixed,monthly,every_other_day,4,38
bottle_gourd,upo_smooth,wet,tropical_highland,31.8,82.0,10.6,6.1,6.9,59.8,clay,none,biweekly,daily,4,50
squash,kalabasa,wet,tropical_lowland,31.2,79.1,27.9,5.5,6.8,50.2,loamy,organic,none,every_other_day,4,44
cucumber,pipino_japanese,wet,tropical_highland,29.0,79.3,10.4,6.9,6.8,50.8,clay,chemical,none,twice_daily,3,33
sponge_gourd,patola_smooth,wet,tropical_lowland,26.3,75.8,28.2,6.5,6.6,57.6,clay,none,biweekly,every_other_day,3,45
cucumber,pipino,dry,subtropical,33.4,73.6,6.1,9.5,7.0,75.1,silty,organic,weekly,every_other_day,4,33
squash,kalabasa_native,dry,subtropical,28.6,55.3,8.3,7.7,6.8,79.9,sandy,organic,weekly,twice_daily,4,41
bottle_gourd,upo_smooth,wet,subtropical,27.9,72.3,19.9,5.8,7.2,79.3,sandy,none,monthly,every_other_day,3,51
cucumber,pipino_japanese,dry,subtropical,24.7,74.2,6.7,7.8,6.5,69.3,silty,chemical,biweekly,every_other_day,4,30
sponge_gourd,patola_ridged,wet,tropical_lowland,29.0,79.0,10.6,6.8,6.0,69.1,clay,chemical,monthly,every_other_day,3,40
bottle_gourd,upo_round,wet,tropical_lowland,27.9,71.6,14.8,5.4,6.3,64.4,silty,organic,biweekly,every_other_day,4,42
bottle_gourd,upo_smooth,dry,tropical_highland,31.2,73.3,7.6,7.3,6.7,57.9,clay,chemical,none,every_other_day,3,49
sponge_gourd,patola,wet,subtropical,27.6,85.9,13.1,4.6,5.9,67.7,sandy,mixed,none,every_other_day,4,39
bottle_gourd,upo_round,wet,subtropical,26.2,72.9,20.8,5.7,6.2,51.8,sandy,mixed,monthly,daily,4,46
squash,kalabasa_hybrid,wet,tropical_lowland,31.9,75.3,23.8,6.6,6.1,64.1,loamy,chemical,biweekly,daily,4,43
sponge_gourd,patola_smooth,wet,tropical_lowland,26.4,74.5,19.8,4.7,6.6,54.6,loamy,mixed,monthly,every_other_day,4,41
bitter_gourd,ampalaya_oblong,dry,tropical_lowland,24.2,64.0,7.0,8.0,6.8,57.3,clay,mixed,biweekly,every_other_day,4,35
sponge_gourd,patola_ridged,dry,tropical_highland,32.3,68.2,0.7,8.4,6.6,77.4,sandy,organic,monthly,every_other_day,4,39
squash,kalabasa_native,dry,subtropical,28.7,57.9,8.9,8.5,7.0,65.3,loamy,chemical,weekly,twice_daily,3,43
cucumber,pipino_native,dry,tropical_highland,26.9,67.9,3.8,8.0,7.2,67.1,sandy,none,none,daily,3,38
bottle_gourd,upo_long,wet,tropical_highland,29.4,80.5,19.8,5.5,5.8,69.6,sandy,mixed,biweekly,every_other_day,4,46
sponge_gourd,patola,wet,tropical_lowland,30.7,86.4,28.5,4.4,6.1,79.1,sandy,mixed,none,twice_daily,4,40
bitter_gourd,ampalaya_bilog,wet,tropical_highland,31.7,84.8,27.3,6.1,5.9,66.4,silty,organic,biweekly,twice_daily,4,42
bitter_gourd,ampalaya_bilog,dry,tropical_lowland,28.5,69.3,3.4,9.1,6.8,55.5,silty,chemical,monthly,twice_daily,3,41
bottle_gourd,upo_long,dry,subtropical,33.6,71.2,3.9,9.6,6.9,72.8,loamy,chemical,biweekly,daily,4,46
cucumber,pipino_japanese,dry,tropical_lowland,29.2,57.2,8.1,9.9,6.8,61.9,sandy,mixed,monthly,twice_daily,4,33
cucumber,pipino_native,dry,subtropical,30.7,74.5,5.3,8.1,6.0,65.9,silty,mixed,none,every_other_day,4,33
sponge_gourd,patola,wet,tropical_lowland,26.3,72.6,16.4,5.4,5.9,74.9,loamy,mixed,none,daily,4,36
sponge_gourd,patola_smooth,wet,tropical_highland,30.4,83.3,11.7,4.7,6.5,66.0,clay,organic,biweekly,daily,4,40
bottle_gourd,upo_smooth,dry,tropical_lowland,24.4,62.1,4.1,7.6,6.7,58.7,silty,chemical,monthly,daily,4,46
bitter_gourd,ampalaya_bilog,dry,subtropical,26.4,63.6,9.0,7.0,6.3,56.7,loamy,none,none,twice_daily,4,45
sponge_gourd,patola,wet,tropical_lowland,30.5,89.2,16.0,6.5,6.6,77.7,silty,none,none,twice_daily,5,39
cucumber,pipino_native,dry,tropical_lowland,26.9,56.1,5.3,9.2,6.5,63.5,loamy,chemical,biweekly,twice_daily,4,33
squash,kalabasa_native,wet,subtropical,28.0,82.4,20.2,6.5,6.2,55.8,clay,chemical,none,daily,3,43
squash,kalabasa_native,wet,tropical_highland,30.1,87.0,18.7,4.9,6.8,69.2,clay,mixed,biweekly,every_other_day,5,41
squash,kalabasa_native,dry,tropical_highland,34.6,64.4,10.0,8.0,6.4,68.1,clay,none,monthly,twice_daily,3,48
cucumber,pipino,wet,subtropical,30.5,75.0,11.8,5.1,7.1,60.6,sandy,chemical,monthly,every_other_day,3,37
sponge_gourd,patola_ridged,wet,tropical_highland,31.5,74.7,11.7,4.1,5.8,57.2,silty,chemical,monthly,daily,3,40
bottle_gourd,upo_smooth,dry,tropical_lowland,26.0,70.8,5.8,9.5,7.0,75.3,sandy,mixed,weekly,daily,4,45
bitter_gourd,ampalaya_oblong,wet,subtropical,27.3,89.5,11.4,5.1,6.7,73.2,silty,chemical,biweekly,every_other_day,3,46
cucumber,pipino_native,dry,tropical_highland,33.0,59.8,0.5,8.2,6.8,78.3,sandy,mixed,biweekly,twice_daily,5,31
bottle_gourd,upo_long,dry,subtropical,34.8,65.1,0.9,9.6,6.0,62.1,silty,organic,weekly,daily,5,44
squash,kalabasa_native,dry,tropical_highland,33.8,61.8,7.9,7.9,7.2,56.8,clay,none,none,every_other_day,3,50
squash,kalabasa_native,dry,tropical_lowland,28.8,69.5,1.4,9.0,6.7,76.0,silty,organic,weekly,twice_daily,4,40
squash,kalabasa_hybrid,dry,tropical_highland,27.0,62.2,7.9,8.8,6.6,64.9,clay,none,none,daily,4,46
sponge_gourd,patola_smooth,dry,tropical_lowland,34.0,68.7,1.8,8.5,6.7,65.9,sandy,chemical,biweekly,twice_daily,4,41
bottle_gourd,upo_long,dry,tropical_lowland,34.9,61.3,0.3,9.2,5.9,59.0,silty,mixed,weekly,twice_daily,5,42
bitter_gourd,ampalaya_oblong,wet,tropical_lowland,26.3,70.5,27.7,4.2,6.3,64.6,sandy,organic,biweekly,daily,3,39
bottle_gourd,upo_round,dry,subtropical,34.8,67.6,1.5,7.4,6.0,58.5,clay,chemical,monthly,daily,5,48
bottle_gourd,upo_smooth,wet,subtropical,30.4,85.5,29.3,6.8,7.1,72.8,loamy,none,none,daily,4,48
cucumber,pipino,wet,subtropical,28.4,79.5,18.6,4.6,6.0,79.1,silty,none,monthly,every_other_day,2,38
cucumber,pipino_native,dry,subtropical,35.0,63.6,2.0,8.2,6.8,66.8,loamy,mixed,none,every_other_day,3,35
squash,kalabasa,wet,subtropical,30.4,71.2,29.4,6.6,6.9,70.0,loamy,none,biweekly,daily,4,49
bottle_gourd,upo_smooth,wet,tropical_highland,31.2,88.1,24.2,6.7,7.1,58.8,clay,mixed,none,daily,4,45
bottle_gourd,upo_smooth,dry,tropical_lowland,28.5,69.5,5.4,8.6,7.0,73.8,loamy,chemical,biweekly,daily,4,45
squash,kalabasa_hybrid,wet,tropical_lowland,31.9,76.6,21.3,5.6,6.6,74.9,loamy,chemical,biweekly,twice_daily,4,41
cucumber,pipino_native,wet,subtropical,31.5,79.5,11.8,5.4,6.2,71.2,silty,chemical,none,daily,3,38
cucumber,pipino_native,dry,tropical_highland,33.0,56.2,1.9,9.2,6.6,54.7,loamy,mixed,weekly,twice_daily,5,33
cucumber,pipino_native,dry,tropical_highland,32.8,68.8,7.9,7.0,6.2,65.7,loamy,organic,weekly,daily,4,37
bitter_gourd,ampalaya_bilog,wet,tropical_highland,26.4,85.3,25.7,7.0,6.1,68.7,silty,none,none,daily,5,40
bottle_gourd,upo_round,wet,tropical_lowland,26.7,83.4,24.3,6.6,6.2,74.5,clay,organic,monthly,every_other_day,4,44
cucumber,pipino,dry,tropical_lowland,26.4,58.1,0.7,7.7,6.4,69.0,sandy,none,monthly,every_other_day,3,35
bitter_gourd,ampalaya_bilog,wet,tropical_highland,26.6,79.0,18.9,6.3,7.0,60.5,sandy,chemical,biweekly,twice_daily,3,42
bitter_gourd,ampalaya_hybrid,wet,tropical_lowland,30.0,79.5,21.2,5.6,7.2,65.8,clay,chemical,biweekly,daily,4,42
sponge_gourd,patola,dry,tropical_lowland,26.1,56.5,2.7,7.7,6.6,59.3,sandy,none,biweekly,daily,2,45
sponge_gourd,patola,wet,tropical_lowland,31.9,73.4,13.1,4.9,6.1,71.9,clay,none,monthly,every_other_day,2,45
bottle_gourd,upo_long,dry,subtropical,25.0,63.3,9.6,9.3,6.8,54.8,sandy,mixed,weekly,twice_daily,5,43
sponge_gourd,patola_smooth,wet,subtropical,26.4,76.1,29.4,4.4,6.4,68.8,sandy,none,weekly,daily,3,45
bitter_gourd,ampalaya_bilog,wet,subtropical,31.7,85.9,13.9,5.8,6.5,60.1,loamy,chemical,monthly,twice_daily,4,42
bottle_gourd,upo_smooth,wet,tropical_highland,26.6,81.6,23.2,4.5,6.8,70.3,sandy,none,biweekly,twice_daily,4,48
bottle_gourd,upo_round,wet,subtropical,28.5,82.5,25.1,5.4,6.5,72.1,clay,none,monthly,twice_daily,4,48
squash,kalabasa,dry,tropical_lowland,32.2,65.1,9.7,9.8,6.8,78.8,clay,organic,biweekly,daily,4,41
sponge_gourd,patola_ridged,wet,subtropical,26.6,85.1,15.8,4.6,5.9,75.3,silty,organic,biweekly,daily,5,35
bottle_gourd,upo_smooth,dry,tropical_highland,31.4,70.4,1.9,9.6,7.0,72.8,sandy,mixed,weekly,every_other_day,4,46
cucumber,pipino,dry,tropical_lowland,25.2,56.6,2.9,8.0,6.0,55.1,loamy,organic,none,every_other_day,4,31
bitter_gourd,ampalaya_bilog,wet,tropical_lowland,30.6,72.0,11.1,5.5,6.8,79.0,silty,organic,monthly,daily,3,38
squash,kalabasa,wet,tropical_lowland,26.7,79.2,27.5,4.5,6.9,77.7,silty,chemical,none,daily,4,44
cucumber,pipino,dry,tropical_highland,32.8,73.0,7.1,8.7,5.8,65.9,sandy,none,weekly,twice_daily,3,38
bottle_gourd,upo_smooth,wet,subtropical,29.5,76.4,28.6,5.4,6.2,56.7,sandy,mixed,biweekly,daily,5,46
cucumber,pipino_native,wet,tropical_lowland,29.1,79.2,28.4,6.0,6.9,75.5,clay,none,weekly,every_other_day,4,37
cucumber,pipino_native,wet,subtropical,29.0,84.2,13.6,6.8,6.0,72.5,loamy,none,biweekly,daily,4,37
cucumber,pipino_native,dry,subtropical,33.4,56.4,3.8,8.8,5.9,57.2,silty,organic,weekly,every_other_day,4,30
cucumber,pipino_native,dry,tropical_highland,27.9,72.2,6.3,8.4,6.1,51.9,sandy,mixed,weekly,daily,5,28
bitter_gourd,ampalaya_oblong,dry,tropical_lowland,26.9,73.9,0.8,7.4,6.5,79.1,loamy,mixed,biweekly,twice_daily,5,42
squash,kalabasa_hybrid,dry,tropical_lowland,32.4,66.3,6.1,7.4,6.6,51.7,silty,organic,biweekly,every_other_day,4,43
squash,kalabasa_native,dry,tropical_highland,29.6,71.3,1.7,8.5,7.0,61.2,clay,chemical,none,every_other_day,3,39
sponge_gourd,patola,dry,tropical_lowland,27.0,73.2,8.0,9.7,6.0,65.6,silty,mixed,monthly,every_other_day,4,37
squash,kalabasa_native,wet,tropical_lowland,31.9,77.8,28.7,7.0,5.8,64.5,clay,organic,biweekly,every_other_day,3,40
cucumber,pipino_japanese,dry,subtropical,28.6,58.1,3.2,7.2,6.5,63.0,clay,chemical,biweekly,every_other_day,3,38
bitter_gourd,ampalaya_hybrid,wet,tropical_lowland,30.3,77.3,28.6,6.8,7.2,57.5,sandy,chemical,biweekly,twice_daily,3,41
bottle_gourd,upo_round,wet,tropical_lowland,30.4,72.7,21.8,6.6,6.2,51.3,sandy,none,none,every_other_day,3,46
squash,kalabasa_native,wet,tropical_lowland,28.9,89.0,12.2,5.1,6.5,79.7,clay,chemical,none,twice_daily,4,42
squash,kalabasa,dry,tropical_highland,24.4,67.2,5.7,9.0,7.0,67.4,sandy,organic,biweekly,every_other_day,3,43
sponge_gourd,patola_smooth,wet,subtropical,29.9,88.1,13.9,6.5,5.8,73.5,silty,chemical,none,daily,3,40
bottle_gourd,upo_long,wet,subtropical,29.7,73.4,17.9,6.1,6.8,55.9,clay,chemical,weekly,every_other_day,4,45
bitter_gourd,ampalaya_hybrid,wet,subtropical,27.9,73.4,10.8,6.0,6.6,61.5,silty,mixed,weekly,twice_daily,4,39
cucumber,pipino_japanese,dry,tropical_highland,26.0,62.0,3.8,7.8,6.0,65.6,loamy,mixed,weekly,daily,4,29
bottle_gourd,upo_smooth,wet,tropical_highland,30.0,89.5,27.5,6.4,7.0,68.4,loamy,organic,weekly,daily,3,48
squash,kalabasa_native,dry,tropical_lowland,27.9,64.1,4.3,7.2,5.9,62.5,sandy,chemical,biweekly,every_other_day,4,43
bitter_gourd,ampalaya_oblong,dry,tropical_highland,30.4,59.5,0.2,8.3,6.7,55.8,loamy,organic,none,daily,5,41
sponge_gourd,patola_ridged,dry,subtropical,26.8,64.0,6.2,9.6,6.6,57.5,sandy,organic,biweekly,twice_daily,4,36
cucumber,pipino,wet,tropical_lowland,30.3,87.5,21.3,4.8,6.8,64.3,sandy,organic,biweekly,daily,3,33
sponge_gourd,patola,wet,subtropical,30.8,77.6,22.7,4.4,6.9,70.0,loamy,none,monthly,daily,3,45
bottle_gourd,upo_round,dry,subtropical,31.8,58.0,3.4,7.7,6.0,65.6,sandy,organic,monthly,every_other_day,4,44
squash,kalabasa,wet,subtropical,30.4,74.5,22.5,6.1,6.3,58.0,sandy,organic,monthly,every_other_day,4,40
squash,kalabasa_hybrid,wet,subtropical,30.8,71.0,17.3,4.7,7.0,79.2,silty,mixed,weekly,every_other_day,5,44
squash,kalabasa_native,wet,tropical_highland,31.3,81.1,20.8,4.6,6.9,67.6,clay,none,weekly,daily,3,48
sponge_gourd,patola_ridged,dry,tropical_highland,27.2,56.2,6.9,8.5,6.3,71.5,silty,none,none,every_other_day,3,45
squash,kalabasa_hybrid,wet,tropical_highland,29.8,73.3,21.3,5.6,6.1,72.3,sandy,organic,biweekly,twice_daily,5,40
bitter_gourd,ampalaya_hybrid,dry,tropical_lowland,28.0,74.3,2.3,8.4,7.1,66.5,loamy,mixed,biweekly,every_other_day,4,41
sponge_gourd,patola_smooth,dry,tropical_lowland,33.3,63.4,4.9,9.9,6.8,68.6,clay,none,monthly,twice_daily,3,45
squash,kalabasa_native,dry,tropical_lowland,24.0,74.9,5.8,9.1,7.2,62.3,silty,organic,none,twice_daily,4,42
sponge_gourd,patola_ridged,dry,subtropical,24.9,73.7,9.4,8.2,5.9,78.9,clay,none,monthly,every_other_day,3,42
bitter_gourd,ampalaya_hybrid,wet,subtropical,26.2,88.5,24.9,4.4,6.7,55.7,loamy,none,monthly,every_other_day,3,48
bottle_gourd,upo_smooth,wet,tropical_lowland,26.7,75.4,15.4,4.6,5.9,68.5,silty,none,biweekly,daily,3,55
cucumber,pipino_japanese,dry,subtropical,24.6,66.2,2.9,7.6,6.2,76.0,sandy,organic,monthly,every_other_day,4,32
cucumber,pipino_japanese,dry,subtropical,28.4,57.3,0.5,8.8,5.9,74.6,sandy,mixed,biweekly,twice_daily,3,29
cucumber,pipino,wet,tropical_highland,31.2,87.2,26.6,4.9,6.3,76.7,silty,none,none,twice_daily,4,34
cucumber,pipino_native,dry,subtropical,30.1,74.6,0.0,9.0,6.1,54.2,silty,chemical,biweekly,every_other_day,3,31
bottle_gourd,upo_smooth,wet,tropical_highland,29.5,84.2,25.2,5.7,6.0,57.9,silty,organic,monthly,twice_daily,4,43
squash,kalabasa_hybrid,dry,subtropical,34.2,63.7,3.0,8.6,6.9,73.6,loamy,none,biweekly,daily,4,45
bottle_gourd,upo_round,dry,tropical_highland,33.2,68.8,8.5,8.4,6.6,57.0,clay,none,biweekly,twice_daily,4,49
bottle_gourd,upo_round,dry,subtropical,25.2,71.9,0.2,8.5,6.3,53.9,sandy,none,biweekly,daily,3,51
bottle_gourd,upo_round,wet,tropical_highland,26.0,72.0,23.8,4.9,6.2,61.3,silty,none,monthly,every_other_day,4,51
cucumber,pipino,dry,tropical_highland,25.7,57.1,7.5,9.3,6.7,63.4,silty,chemical,none,daily,3,34
bitter_gourd,ampalaya_bilog,dry,subtropical,27.3,61.4,6.6,7.5,6.2,68.2,loamy,organic,weekly,every_other_day,4,36
cucumber,pipino_native,dry,tropical_highland,34.3,74.5,9.7,8.0,6.3,59.8,sandy,mixed,weekly,twice_daily,5,33
cucumber,pipino,dry,tropical_highland,25.7,65.9,6.9,8.2,7.0,72.2,silty,organic,none,every_other_day,4,31
bottle_gourd,upo_round,dry,subtropical,25.4,73.0,1.2,8.4,5.9,52.0,silty,organic,biweekly,every_other_day,3,44
squash,kalabasa_native,wet,tropical_lowland,26.5,72.1,28.9,5.9,5.9,68.4,clay,organic,biweekly,daily,4,40
bottle_gourd,upo_smooth,dry,subtropical,28.0,70.9,0.4,8.8,5.8,50.1,loamy,none,weekly,every_other_day,3,49
sponge_gourd,patola_smooth,dry,tropical_highland,29.3,74.8,4.8,8.5,5.9,74.5,loamy,organic,none,daily,3,38
sponge_gourd,patola_ridged,dry,tropical_highland,24.7,72.5,9.1,7.0,5.9,60.9,silty,organic,none,daily,4,36
bitter_gourd,ampalaya_oblong,wet,tropical_lowland,29.8,76.4,20.9,5.6,5.9,63.2,clay,none,none,every_other_day,2,48
bitter_gourd,ampalaya_oblong,wet,tropical_highland,27.5,75.5,14.0,5.6,6.4,63.0,loamy,chemical,none,every_other_day,4,46
sponge_gourd,patola,dry,tropical_highland,24.0,64.3,5.1,9.2,5.8,65.5,silty,chemical,weekly,every_other_day,3,45
squash,kalabasa,wet,tropical_lowland,30.3,72.6,24.5,4.1,6.8,60.5,sandy,organic,biweekly,daily,4,42
bottle_gourd,upo_long,wet,tropical_lowland,26.8,77.7,23.9,4.3,6.2,53.8,silty,none,none,every_other_day,4,48
bitter_gourd,ampalaya_oblong,wet,subtropical,28.0,86.6,18.0,6.3,5.9,74.0,clay,mixed,monthly,every_other_day,3,38
bitter_gourd,ampalaya_bilog,dry,tropical_lowland,25.7,56.7,5.6,9.5,6.2,74.8,clay,chemical,monthly,twice_daily,4,38
bitter_gourd,ampalaya_hybrid,wet,subtropical,29.7,76.5,16.6,6.1,6.8,79.6,silty,none,monthly,daily,4,47
squash,kalabasa,dry,tropical_lowland,31.8,71.1,7.4,9.4,5.8,62.5,loamy,chemical,none,every_other_day,3,43
sponge_gourd,patola_smooth,dry,subtropical,27.7,59.9,7.6,8.3,7.1,60.8,clay,chemical,monthly,daily,3,44
bitter_gourd,ampalaya_bilog,wet,tropical_highland,26.8,72.0,26.3,5.0,6.2,56.1,silty,mixed,weekly,daily,4,41
bitter_gourd,ampalaya_oblong,dry,tropical_lowland,26.2,72.6,2.1,9.2,5.9,58.6,sandy,chemical,biweekly,daily,4,41
bitter_gourd,ampalaya_hybrid,wet,subtropical,30.5,71.4,24.8,4.6,6.7,52.9,loamy,organic,biweekly,every_other_day,4,41
sponge_gourd,patola_ridged,wet,tropical_highland,27.3,72.9,13.9,4.3,6.2,74.8,sandy,mixed,weekly,daily,3,44
squash,kalabasa_native,dry,subtropical,32.1,59.0,0.8,7.2,7.0,61.8,clay,chemical,none,daily,4,43
sponge_gourd,patola_ridged,wet,subtropical,27.8,70.7,13.2,4.4,6.5,56.9,clay,organic,none,twice_daily,3,40
squash,kalabasa_native,wet,subtropical,28.4,72.1,13.3,6.1,7.2,70.0,clay,mixed,monthly,daily,4,44
bitter_gourd,ampalaya_bilog,dry,subtropical,26.5,73.2,0.7,7.4,6.4,67.7,sandy,mixed,biweekly,daily,4,37
sponge_gourd,patola_smooth,dry,tropical_lowland,24.5,70.9,9.1,9.3,7.0,69.5,silty,chemical,biweekly,daily,4,38
bottle_gourd,upo_smooth,wet,tropical_lowland,26.4,82.4,19.0,4.1,6.8,79.8,loamy,none,monthly,every_other_day,3,53
bitter_gourd,ampalaya_hybrid,dry,tropical_highland,25.5,57.0,9.0,9.7,6.1,75.0,sandy,organic,none,every_other_day,4,38
sponge_gourd,patola,dry,tropical_lowland,31.8,69.9,5.3,8.8,6.2,58.7,loamy,chemical,weekly,twice_daily,3,41
bottle_gourd,upo_round,wet,tropical_lowland,30.3,81.9,17.3,6.0,6.6,65.3,silty,mixed,none,twice_daily,5,45
bitter_gourd,ampalaya_bilog,wet,tropical_highland,31.2,88.0,19.6,4.9,6.3,62.4,sandy,mixed,weekly,daily,3,45
bitter_gourd,ampalaya_oblong,dry,tropical_highland,33.1,74.9,3.6,7.5,7.0,51.3,loamy,none,biweekly,daily,4,46
sponge_gourd,patola,dry,subtropical,30.0,65.5,3.5,8.8,6.1,57.8,sandy,organic,monthly,every_other_day,3,38
bottle_gourd,upo_smooth,dry,tropical_highland,26.0,58.3,5.9,9.9,6.8,57.7,clay,chemical,monthly,twice_daily,3,50
sponge_gourd,patola_ridged,dry,tropical_lowland,30.9,70.4,4.6,9.6,6.2,58.5,silty,chemical,none,daily,3,43
bottle_gourd,upo_round,wet,tropical_highland,29.5,90.0,26.2,4.6,7.1,60.3,sandy,none,weekly,every_other_day,3,51
sponge_gourd,patola,wet,tropical_highland,26.7,89.3,26.2,5.7,6.6,72.6,clay,mixed,monthly,every_other_day,4,37
cucumber,pipino,dry,tropical_lowland,32.1,66.7,3.0,8.8,6.6,53.9,clay,none,biweekly,daily,4,38
cucumber,pipino,dry,subtropical,26.6,65.4,2.1,8.6,6.9,68.6,clay,mixed,biweekly,twice_daily,4,35
squash,kalabasa_hybrid,dry,tropical_highland,34.8,74.7,7.1,7.2,6.6,55.6,clay,mixed,none,twice_daily,4,39
bitter_gourd,ampalaya_bilog,wet,tropical_highland,28.9,90.0,27.8,5.9,6.6,77.9,sandy,none,monthly,daily,4,46
sponge_gourd,patola_ridged,wet,subtropical,26.5,77.7,16.6,6.6,6.5,64.0,sandy,organic,weekly,daily,4,36
bottle_gourd,upo_round,wet,tropical_highland,28.1,80.6,16.9,4.3,5.9,60.2,clay,mixed,biweekly,every_other_day,4,46
sponge_gourd,patola_smooth,wet,tropical_highland,31.0,73.2,23.9,4.3,7.1,62.2,sandy,mixed,biweekly,every_other_day,3,42
bitter_gourd,ampalaya_bilog,dry,tropical_lowland,24.1,65.9,1.6,9.4,6.3,56.5,sandy,organic,biweekly,twice_daily,5,42
squash,kalabasa_hybrid,dry,subtropical,31.1,74.0,5.4,7.5,6.7,79.4,sandy,chemical,biweekly,daily,3,46
cucumber,pipino,dry,subtropical,34.8,62.3,5.1,10.0,6.3,61.1,clay,chemical,monthly,every_other_day,3,36
bottle_gourd,upo_smooth,dry,tropical_lowland,34.7,71.6,4.7,8.0,5.8,61.6,clay,chemical,none,every_other_day,3,49
cucumber,pipino,wet,tropical_lowland,31.6,79.8,25.7,6.8,6.6,57.9,loamy,none,none,every_other_day,3,38
squash,kalabasa,wet,tropical_highland,29.9,76.2,19.7,6.9,5.9,69.7,clay,organic,none,daily,4,45
squash,kalabasa_hybrid,wet,tropical_lowland,31.7,86.6,28.7,4.4,7.0,75.2,sandy,chemical,monthly,daily,3,40
sponge_gourd,patola,dry,subtropical,28.0,55.7,3.2,9.0,7.0,58.4,clay,mixed,weekly,daily,4,42
squash,kalabasa,wet,tropical_highland,28.0,82.3,16.6,4.5,5.8,72.4,silty,none,biweekly,every_other_day,3,50
cucumber,pipino,wet,tropical_lowland,28.0,88.2,29.5,4.7,6.1,54.4,clay,none,monthly,daily,4,38
cucumber,pipino_japanese,wet,tropical_lowland,31.2,74.8,20.5,6.3,6.0,65.6,loamy,none,biweekly,twice_daily,4,38
cucumber,pipino,dry,tropical_lowland,28.0,63.7,5.4,9.4,6.5,55.7,sandy,chemical,none,every_other_day,3,36
squash,kalabasa_hybrid,dry,subtropical,24.9,62.8,8.2,7.7,6.0,67.3,sandy,none,biweekly,every_other_day,3,50
cucumber,pipino_native,dry,subtropical,34.1,57.9,3.8,7.1,6.1,62.7,silty,organic,none,twice_daily,4,31
bottle_gourd,upo_round,dry,subtropical,34.2,61.4,3.3,8.7,6.2,56.4,loamy,mixed,biweekly,every_other_day,3,46
cucumber,pipino_japanese,dry,tropical_lowland,24.8,65.0,1.1,7.8,6.0,63.4,clay,none,biweekly,twice_daily,3,34
bitter_gourd,ampalaya_oblong,wet,subtropical,30.1,85.3,17.2,5.4,5.8,56.4,loamy,organic,weekly,every_other_day,4,36
sponge_gourd,patola_smooth,dry,tropical_lowland,29.2,57.9,4.3,9.7,6.5,80.0,clay,none,monthly,twice_daily,3,43
bitter_gourd,ampalaya_oblong,wet,tropical_lowland,27.4,79.4,29.3,5.1,6.7,57.8,sandy,organic,monthly,twice_daily,4,36
cucumber,pipino_native,dry,tropical_highland,32.1,64.7,8.3,8.2,6.3,63.3,sandy,mixed,weekly,twice_daily,4,34
squash,kalabasa,wet,tropical_lowland,27.4,88.5,24.4,4.7,7.0,72.0,loamy,chemical,monthly,every_other_day,5,39
squash,kalabasa_hybrid,wet,tropical_lowland,28.1,89.4,19.5,6.2,6.4,75.4,clay,chemical,monthly,daily,3,43
bottle_gourd,upo_smooth,dry,tropical_lowland,25.2,72.6,5.7,9.6,5.8,50.3,clay,none,weekly,every_other_day,3,52
cucumber,pipino,dry,tropical_highland,34.3,55.2,7.4,9.6,7.0,77.5,silty,mixed,weekly,daily,4,34
bottle_gourd,upo_smooth,dry,tropical_highland,26.1,71.9,8.2,9.7,5.8,75.3,silty,none,none,every_other_day,4,49
bitter_gourd,ampalaya_bilog,dry,tropical_highland,33.1,61.4,4.5,9.6,6.4,65.8,loamy,chemical,biweekly,daily,4,41
bottle_gourd,upo_round,wet,tropical_highland,30.2,72.8,19.5,6.2,6.2,65.5,clay,none,biweekly,daily,4,48
bottle_gourd,upo_smooth,wet,tropical_lowland,26.0,89.2,16.7,6.9,6.5,77.2,silty,mixed,monthly,every_other_day,4,43
sponge_gourd,patola_ridged,dry,tropical_highland,31.2,66.2,5.5,9.5,6.4,51.8,sandy,organic,biweekly,twice_daily,4,37
squash,kalabasa_native,wet,tropical_highland,27.0,85.5,29.1,6.3,6.9,78.9,sandy,mixed,monthly,daily,5,43
cucumber,pipino_native,wet,tropical_lowland,29.2,87.3,14.3,5.9,6.5,62.4,clay,organic,weekly,every_other_day,5,32
bitter_gourd,ampalaya_bilog,wet,tropical_lowland,28.0,73.2,22.3,6.5,6.4,59.0,clay,organic,monthly,every_other_day,4,40
cucumber,pipino_native,wet,tropical_highland,27.7,70.1,21.2,6.7,6.6,52.5,loamy,none,none,every_other_day,3,37
cucumber,pipino,wet,tropical_highland,30.4,86.0,20.5,6.0,6.2,79.3,silty,organic,monthly,twice_daily,4,31
cucumber,pipino_japanese,dry,tropical_lowland,29.0,61.8,2.1,7.4,5.9,73.2,loamy,none,none,every_other_day,3,37
sponge_gourd,patola_smooth,wet,tropical_lowland,29.4,70.3,21.6,4.4,6.0,71.3,clay,mixed,weekly,daily,3,38
bitter_gourd,ampalaya_hybrid,wet,tropical_highland,31.8,76.9,18.9,6.5,6.4,53.7,loamy,chemical,none,every_other_day,3,40
squash,kalabasa_hybrid,dry,subtropical,33.9,70.0,9.4,9.2,6.2,75.2,clay,none,none,twice_daily,5,46
cucumber,pipino,wet,tropical_highland,30.6,88.6,15.1,4.9,7.0,59.7,silty,mixed,monthly,daily,5,33
bottle_gourd,upo_round,dry,tropical_highland,24.7,63.0,8.6,7.3,6.5,69.4,silty,none,none,twice_daily,4,51
cucumber,pipino_native,dry,tropical_highland,29.3,64.0,8.0,8.3,6.0,53.1,clay,mixed,weekly,twice_daily,4,35
bottle_gourd,upo_smooth,dry,tropical_highland,32.0,60.7,2.7,8.2,5.8,54.8,loamy,none,biweekly,every_other_day,4,48
squash,kalabasa_native,wet,tropical_lowland,28.9,76.2,27.8,6.8,6.6,69.6,silty,mixed,weekly,every_other_day,3,42
bottle_gourd,upo_smooth,dry,tropical_lowland,30.1,73.7,7.3,8.7,6.8,60.0,sandy,mixed,biweekly,every_other_day,3,44
cucumber,pipino,dry,tropical_lowland,28.4,60.5,2.4,8.3,6.0,79.9,loamy,none,none,twice_daily,4,37
bitter_gourd,ampalaya_oblong,wet,tropical_highland,27.7,80.1,21.6,5.5,6.0,79.7,clay,chemical,monthly,twice_daily,3,43
bottle_gourd,upo_smooth,dry,tropical_lowland,33.7,71.5,2.4,8.5,6.8,59.2,clay,chemical,weekly,every_other_day,3,48
squash,kalabasa_native,dry,subtropical,30.3,72.8,8.3,7.4,6.4,78.5,silty,none,none,daily,4,44
cucumber,pipino,dry,tropical_lowland,26.2,67.4,8.8,9.4,6.8,53.3,loamy,chemical,none,twice_daily,3,33
cucumber,pipino,dry,subtropical,27.7,67.9,7.2,7.5,7.0,72.2,loamy,none,none,daily,3,38
sponge_gourd,patola,dry,subtropical,30.8,69.7,2.8,7.4,6.9,58.1,loamy,chemical,weekly,daily,4,42
bitter_gourd,ampalaya_hybrid,dry,tropical_lowland,25.6,56.2,3.4,9.5,6.1,57.8,silty,none,biweekly,twice_daily,4,45
cucumber,pipino_native,wet,tropical_highland,31.3,85.2,20.4,5.8,6.2,79.2,sandy,mixed,weekly,every_other_day,4,35
sponge_gourd,patola,wet,tropical_highland,29.3,84.4,24.9,5.4,5.9,61.9,silty,chemical,weekly,daily,4,38
cucumber,pipino,wet,tropical_lowland,27.9,88.1,28.7,4.7,6.6,70.6,loamy,chemical,monthly,every_other_day,4,32
bitter_gourd,ampalaya_oblong,wet,tropical_lowland,27.5,80.5,16.9,6.6,6.6,72.2,silty,organic,biweekly,daily,4,40
bottle_gourd,upo_smooth,wet,subtropical,26.3,79.9,12.0,4.5,6.8,52.0,clay,chemical,weekly,daily,3,49
cucumber,pipino,wet,subtropical,28.8,78.3,26.2,4.9,6.0,50.1,clay,organic,monthly,every_other_day,4,30
bitter_gourd,ampalaya_hybrid,dry,tropical_highland,26.5,61.9,2.4,9.2,6.2,60.6,sandy,none,weekly,daily,4,44
sponge_gourd,patola,wet,tropical_lowland,27.1,74.0,28.0,6.8,7.1,62.1,loamy,organic,weekly,every_other_day,5,39
bitter_gourd,ampalaya_bilog,wet,tropical_highland,26.5,78.9,18.5,5.5,6.3,74.7,sandy,chemical,none,every_other_day,4,43
sponge_gourd,patola_ridged,dry,subtropical,25.7,65.7,0.1,7.8,7.0,68.0,clay,none,biweekly,every_other_day,2,44
squash,kalabasa_native,wet,subtropical,30.3,82.0,17.8,4.7,6.3,67.8,sandy,organic,weekly,every_other_day,5,38
bottle_gourd,upo_long,dry,tropical_lowland,30.2,73.3,3.9,8.9,5.9,70.3,sandy,organic,biweekly,daily,5,43
bitter_gourd,ampalaya_hybrid,dry,tropical_highland,31.8,56.7,1.7,7.4,6.3,52.8,loamy,none,none,daily,4,45
bottle_gourd,upo_smooth,dry,tropical_highland,24.9,62.5,8.6,7.9,6.7,72.2,loamy,chemical,biweekly,twice_daily,4,45
squash,kalabasa,wet,subtropical,30.4,87.7,13.0,5.9,6.3,76.5,loamy,organic,none,twice_daily,4,43
cucumber,pipino_japanese,wet,tropical_lowland,28.4,76.8,12.8,4.5,6.0,59.8,sandy,mixed,monthly,every_other_day,4,33
cucumber,pipino_japanese,dry,tropical_lowland,25.6,72.1,6.7,7.8,7.1,78.6,silty,chemical,weekly,twice_daily,3,36
squash,kalabasa,dry,subtropical,24.3,58.2,4.6,7.5,6.4,56.4,loamy,mixed,weekly,daily,4,42
bitter_gourd,ampalaya_oblong,dry,tropical_lowland,26.0,55.9,0.4,8.9,6.3,69.2,sandy,none,none,twice_daily,4,45
bitter_gourd,ampalaya_hybrid,wet,subtropical,28.8,70.5,19.2,6.2,6.3,69.3,loamy,mixed,biweekly,twice_daily,4,37
cucumber,pipino_native,wet,subtropical,30.4,77.0,24.4,6.0,6.0,64.6,clay,chemical,biweekly,twice_daily,4,34
bottle_gourd,upo_round,wet,subtropical,29.8,89.3,21.4,4.3,7.2,57.3,clay,none,biweekly,daily,3,48
cucumber,pipino_japanese,dry,tropical_lowland,28.0,72.8,0.9,9.9,6.0,51.4,silty,mixed,monthly,every_other_day,4,32
sponge_gourd,patola_ridged,wet,tropical_highland,27.3,77.1,22.8,5.6,7.1,61.3,sandy,chemical,monthly,every_other_day,3,41
sponge_gourd,patola_smooth,dry,subtropical,32.0,67.1,4.5,9.4,6.7,79.0,silty,chemical,biweekly,every_other_day,4,40
squash,kalabasa_hybrid,dry,subtropical,26.5,60.7,2.1,8.8,7.1,78.8,silty,mixed,none,twice_daily,4,41
squash,kalabasa,wet,subtropical,27.3,87.9,14.1,5.4,6.1,77.6,silty,mixed,none,twice_daily,5,40
cucumber,pipino_native,dry,subtropical,27.8,65.4,5.9,9.5,6.5,51.3,clay,chemical,biweekly,twice_daily,4,34
squash,kalabasa_native,wet,tropical_lowland,26.7,74.5,20.1,5.9,5.8,61.6,sandy,mixed,weekly,every_other_day,4,45
bitter_gourd,ampalaya_oblong,dry,tropical_lowland,29.0,73.8,6.1,9.2,6.8,66.7,clay,mixed,monthly,daily,4,41
bitter_gourd,ampalaya_oblong,wet,subtropical,31.8,84.3,19.0,6.7,6.4,71.5,loamy,organic,weekly,daily,4,38
sponge_gourd,patola_smooth,dry,subtropical,32.7,59.0,5.6,8.3,6.6,66.5,sandy,none,none,twice_daily,4,39
squash,kalabasa_native,dry,subtropical,24.3,64.5,3.9,7.5,6.1,52.6,clay,none,monthly,daily,4,44
cucumber,pipino_japanese,dry,tropical_highland,25.0,61.5,1.3,7.1,7.0,69.0,loamy,chemical,monthly,twice_daily,5,33
cucumber,pipino_native,dry,tropical_highland,27.0,70.8,0.7,7.1,6.4,71.2,sandy,none,weekly,twice_daily,3,38
sponge_gourd,patola,wet,tropical_highland,30.4,86.2,14.8,4.8,6.9,75.6,clay,none,monthly,every_other_day,3,45
squash,kalabasa_native,dry,tropical_lowland,26.7,55.9,3.1,9.4,6.1,57.0,sandy,mixed,biweekly,twice_daily,4,44
sponge_gourd,patola_smooth,dry,subtropical,26.6,60.1,1.7,7.3,6.0,56.9,clay,mixed,weekly,every_other_day,4,39
squash,kalabasa_native,wet,subtropical,26.3,88.1,25.2,5.6,6.1,52.7,sandy,organic,none,daily,4,42
bitter_gourd,ampalaya_oblong,dry,subtropical,31.4,60.3,3.2,8.5,7.2,63.5,loamy,mixed,monthly,daily,4,38
sponge_gourd,patola,dry,tropical_lowland,33.5,71.5,8.6,10.0,6.6,51.9,sandy,chemical,none,twice_daily,3,45
bitter_gourd,ampalaya_hybrid,wet,tropical_lowland,26.7,78.8,22.0,4.7,6.2,72.1,loamy,mixed,weekly,twice_daily,5,41
sponge_gourd,patola_smooth,dry,subtropical,32.6,60.2,6.4,9.1,6.0,51.6,sandy,organic,weekly,twice_daily,4,41
cucumber,pipino_native,dry,subtropical,28.2,64.2,3.1,7.6,6.9,76.5,clay,chemical,weekly,daily,3,36
sponge_gourd,patola_ridged,dry,tropical_lowland,32.7,55.4,0.8,9.9,6.2,76.4,loamy,chemical,weekly,daily,4,41
cucumber,pipino_native,wet,tropical_lowland,29.0,73.9,24.3,4.4,6.7,68.9,sandy,chemical,monthly,every_other_day,4,32
sponge_gourd,patola_ridged,dry,subtropical,29.5,55.0,4.6,9.2,6.6,59.4,sandy,none,biweekly,every_other_day,3,45
bitter_gourd,ampalaya_oblong,wet,subtropical,30.9,78.1,19.7,5.9,6.5,53.3,sandy,organic,biweekly,twice_daily,4,38
bottle_gourd,upo_long,dry,tropical_highland,27.5,58.1,9.7,8.4,7.0,64.5,loamy,none,monthly,twice_daily,5,45
cucumber,pipino_japanese,wet,subtropical,27.7,76.5,28.9,6.7,5.9,79.6,sandy,chemical,biweekly,every_other_day,3,34
cucumber,pipino_native,dry,tropical_lowland,24.6,57.7,3.6,8.0,6.6,60.5,loamy,organic,none,twice_daily,4,28
squash,kalabasa_native,wet,tropical_highland,30.9,73.8,20.9,6.1,6.3,74.3,clay,mixed,biweekly,daily,4,43
sponge_gourd,patola,wet,tropical_highland,26.7,87.2,22.1,4.2,6.5,76.6,sandy,mixed,weekly,daily,5,37
bottle_gourd,upo_round,dry,tropical_highland,26.0,69.1,7.0,7.0,6.3,71.7,loamy,organic,none,every_other_day,4,43
bitter_gourd,ampalaya_oblong,dry,tropical_highland,31.9,61.4,7.8,9.2,7.1,55.7,silty,chemical,monthly,every_other_day,3,41
bitter_gourd,ampalaya_oblong,dry,tropical_highland,30.6,63.6,8.1,7.6,6.5,60.6,loamy,mixed,weekly,daily,4,43
sponge_gourd,patola_smooth,dry,subtropical,34.5,68.7,9.6,7.8,6.6,55.3,clay,mixed,biweekly,daily,5,39
sponge_gourd,patola_smooth,wet,tropical_highland,27.7,79.2,10.6,5.7,6.8,56.1,loamy,organic,biweekly,twice_daily,3,37
squash,kalabasa,dry,tropical_lowland,34.6,56.7,8.4,8.7,7.1,69.4,sandy,none,monthly,daily,3,50
cucumber,pipino_japanese,wet,tropical_lowland,28.0,85.0,29.2,4.4,6.5,69.5,sandy,organic,none,twice_daily,5,29
bitter_gourd,ampalaya_bilog,wet,tropical_lowland,31.7,81.7,27.7,4.9,6.5,56.6,sandy,organic,none,twice_daily,4,39
bottle_gourd,upo_round,wet,tropical_lowland,27.6,88.5,14.7,4.5,6.4,70.2,silty,chemical,biweekly,twice_daily,4,49
cucumber,pipino,dry,tropical_lowland,30.1,70.4,6.8,8.7,7.0,73.1,silty,chemical,biweekly,daily,4,35
bottle_gourd,upo_smooth,wet,tropical_highland,29.8,82.5,25.2,6.4,7.2,72.9,loamy,organic,weekly,twice_daily,4,43
sponge_gourd,patola_smooth,dry,subtropical,32.5,66.6,9.8,9.5,7.0,73.9,silty,mixed,monthly,every_other_day,3,41
bottle_gourd,upo_long,wet,tropical_lowland,29.3,89.7,19.7,6.3,6.6,64.2,loamy,organic,monthly,every_other_day,4,46
bottle_gourd,upo_long,dry,tropical_highland,24.6,56.0,9.9,9.1,6.9,76.0,loamy,organic,biweekly,daily,4,45
bitter_gourd,ampalaya_oblong,dry,tropical_lowland,34.3,71.2,1.4,8.1,6.3,78.1,silty,mixed,monthly,twice_daily,5,35
sponge_gourd,patola,dry,tropical_lowland,30.1,60.1,0.4,8.6,6.3,64.0,loamy,none,monthly,every_other_day,3,45
bottle_gourd,upo_round,wet,subtropical,30.5,70.8,11.2,4.3,7.0,55.1,loamy,none,weekly,daily,3,54
bottle_gourd,upo_round,wet,subtropical,26.6,74.2,20.8,6.1,6.7,50.1,sandy,mixed,weekly,daily,4,41
sponge_gourd,patola,dry,subtropical,28.2,56.7,6.3,7.4,6.2,65.2,clay,organic,none,twice_daily,3,38
squash,kalabasa_native,dry,subtropical,26.7,57.7,1.5,8.1,6.8,71.6,silty,none,biweekly,daily,4,42
bottle_gourd,upo_round,dry,subtropical,29.3,57.5,4.4,7.9,6.4,76.9,sandy,chemical,monthly,twice_daily,3,46
bottle_gourd,upo_smooth,dry,subtropical,24.2,63.3,4.3,7.9,6.2,56.3,loamy,organic,none,every_other_day,4,46
sponge_gourd,patola_smooth,wet,subtropical,29.0,81.8,21.7,6.1,6.4,71.8,silty,chemical,monthly,daily,4,41
squash,kalabasa,wet,tropical_lowland,30.6,76.5,13.5,6.9,7.2,58.3,loamy,organic,monthly,daily,4,40
bitter_gourd,ampalaya_bilog,wet,subtropical,31.6,75.0,30.0,4.4,7.1,54.9,sandy,organic,monthly,twice_daily,4,41
sponge_gourd,patola_ridged,wet,tropical_highland,30.3,86.5,29.6,4.2,6.9,61.4,sandy,organic,none,twice_daily,4,35
bottle_gourd,upo_smooth,dry,tropical_lowland,31.9,71.5,6.5,8.4,6.2,53.2,loamy,mixed,monthly,daily,4,41
bitter_gourd,ampalaya_hybrid,wet,subtropical,29.4,77.1,24.4,6.5,7.1,63.3,clay,none,none,every_other_day,4,47
squash,kalabasa_native,dry,subtropical,34.3,61.5,5.8,9.0,5.9,69.3,silty,organic,biweekly,daily,4,43
sponge_gourd,patola_ridged,wet,subtropical,30.9,85.7,14.2,5.8,6.9,70.1,sandy,none,monthly,twice_daily,4,39
bitter_gourd,ampalaya_bilog,wet,tropical_highland,31.6,84.8,20.5,4.6,6.4,52.8,sandy,chemical,weekly,every_other_day,3,42
squash,kalabasa,wet,tropical_lowland,31.7,71.7,10.4,5.3,6.0,57.0,loamy,none,biweekly,twice_daily,4,46
bitter_gourd,ampalaya_hybrid,wet,tropical_highland,28.5,79.1,23.5,6.6,7.2,79.6,loamy,mixed,weekly,twice_daily,4,41
bitter_gourd,ampalaya_oblong,dry,subtropical,31.6,70.8,3.2,9.1,7.0,70.1,sandy,none,none,every_other_day,3,47
bitter_gourd,ampalaya_hybrid,wet,tropical_lowland,31.6,78.7,19.1,6.4,6.3,54.1,loamy,organic,monthly,twice_daily,4,41
bitter_gourd,ampalaya_hybrid,dry,subtropical,33.8,63.9,2.5,8.1,6.1,71.0,sandy,none,biweekly,twice_daily,3,47
bitter_gourd,ampalaya_oblong,wet,tropical_lowland,29.8,87.4,17.7,4.5,6.8,65.6,loamy,organic,monthly,every_other_day,5,42
bottle_gourd,upo_long,wet,tropical_lowland,28.5,81.1,18.7,5.9,7.0,74.4,clay,none,weekly,twice_daily,4,48
bottle_gourd,upo_smooth,dry,tropical_highland,34.0,67.6,6.9,7.8,6.0,79.7,loamy,none,monthly,twice_daily,4,49
bottle_gourd,upo_long,wet,subtropical,30.7,72.0,28.7,4.2,6.3,64.1,loamy,chemical,none,twice_daily,3,47
sponge_gourd,patola_ridged,dry,tropical_highland,31.0,57.7,4.2,7.4,6.4,78.4,loamy,organic,weekly,twice_daily,4,37
sponge_gourd,patola_smooth,wet,tropical_lowland,26.4,77.0,14.8,6.2,6.8,59.9,silty,chemical,weekly,twice_daily,3,43
bottle_gourd,upo_long,dry,subtropical,28.1,68.3,7.8,7.3,6.4,68.6,clay,chemical,biweekly,every_other_day,4,43
bottle_gourd,upo_round,dry,subtropical,28.9,70.9,4.9,9.3,6.2,68.8,clay,mixed,biweekly,twice_daily,4,45
sponge_gourd,patola_smooth,dry,subtropical,32.6,72.4,8.7,9.2,6.3,74.3,sandy,mixed,weekly,twice_daily,5,35
sponge_gourd,patola_ridged,dry,subtropical,24.9,73.4,1.7,7.5,6.6,65.7,clay,chemical,monthly,every_other_day,3,38
bitter_gourd,ampalaya_bilog,wet,subtropical,27.9,70.1,23.7,4.7,6.6,55.6,sandy,chemical,none,daily,4,39
bottle_gourd,upo_smooth,dry,tropical_highland,27.1,56.5,6.0,7.5,6.2,60.2,sandy,organic,none,every_other_day,4,47
sponge_gourd,patola_ridged,dry,tropical_lowland,27.0,69.6,7.7,9.4,6.9,71.6,sandy,none,none,every_other_day,3,45
sponge_gourd,patola_smooth,dry,tropical_lowland,28.1,62.0,2.2,8.4,6.9,61.4,loamy,chemical,monthly,twice_daily,3,41
sponge_gourd,patola_ridged,wet,subtropical,27.3,79.8,16.5,4.6,6.2,53.3,silty,mixed,none,daily,4,40
bitter_gourd,ampalaya_oblong,dry,tropical_highland,26.5,57.5,4.3,9.7,6.6,66.8,silty,organic,weekly,every_other_day,3,40
bitter_gourd,ampalaya_oblong,wet,tropical_lowland,26.5,76.5,26.6,6.3,7.1,67.6,silty,mixed,weekly,daily,4,38
sponge_gourd,patola,wet,tropical_lowland,28.4,83.3,13.1,5.5,6.3,65.6,loamy,none,biweekly,twice_daily,4,43
sponge_gourd,patola_ridged,wet,subtropical,30.4,83.4,13.2,5.0,6.7,60.3,clay,chemical,biweekly,twice_daily,3,40
sponge_gourd,patola,wet,tropical_lowland,30.9,80.2,10.8,6.3,6.8,62.0,sandy,organic,biweekly,every_other_day,5,36
bitter_gourd,ampalaya_oblong,wet,subtropical,28.2,79.3,21.2,4.2,6.6,51.6,sandy,mixed,monthly,twice_daily,4,42
sponge_gourd,patola_smooth,dry,tropical_lowland,34.6,63.6,2.6,8.0,6.9,64.9,loamy,mixed,monthly,twice_daily,5,37
squash,kalabasa_hybrid,dry,tropical_highland,26.0,56.1,3.9,9.4,6.3,74.3,sandy,organic,weekly,every_other_day,4,43
bottle_gourd,upo_round,dry,tropical_highland,32.5,62.3,0.0,9.2,6.3,60.0,loamy,mixed,biweekly,twice_daily,4,48
bottle_gourd,upo_round,dry,subtropical,32.2,65.6,2.4,9.3,6.6,58.8,clay,none,monthly,daily,4,54
sponge_gourd,patola_smooth,wet,subtropical,31.2,77.3,28.8,5.9,7.2,50.2,silty,organic,weekly,twice_daily,4,36
squash,kalabasa_hybrid,dry,tropical_lowland,29.9,59.4,8.1,9.4,6.0,51.2,silty,mixed,monthly,twice_daily,4,41
bitter_gourd,ampalaya_bilog,wet,tropical_highland,28.4,89.2,15.7,6.2,6.9,62.8,silty,chemical,biweekly,twice_daily,4,42
cucumber,pipino_japanese,dry,tropical_highland,25.0,61.5,1.4,9.9,6.9,60.7,clay,none,weekly,every_other_day,2,37
sponge_gourd,patola_smooth,dry,subtropical,27.2,65.1,8.4,7.5,5.9,77.4,sandy,chemical,weekly,twice_daily,3,41
sponge_gourd,patola_smooth,wet,subtropical,26.6,85.3,19.7,6.6,5.9,54.4,loamy,mixed,biweekly,daily,4,41
sponge_gourd,patola_smooth,wet,tropical_highland,26.3,80.4,15.9,5.7,7.0,58.6,loamy,organic,none,twice_daily,4,38
bitter_gourd,ampalaya_oblong,wet,subtropical,29.9,81.1,14.3,4.4,6.1,65.5,silty,none,none,daily,4,45
bottle_gourd,upo_long,wet,tropical_highland,28.7,78.6,22.1,6.9,7.1,76.4,sandy,chemical,weekly,daily,3,49
sponge_gourd,patola_ridged,wet,subtropical,29.5,72.7,29.2,5.4,6.9,64.8,clay,organic,monthly,every_other_day,4,37
bottle_gourd,upo_long,wet,subtropical,26.4,85.6,28.6,5.5,6.9,68.3,sandy,organic,weekly,twice_daily,3,48
bitter_gourd,ampalaya_hybrid,wet,tropical_highland,31.3,82.4,17.8,6.1,7.0,50.7,loamy,mixed,none,twice_daily,4,39
bottle_gourd,upo_smooth,wet,tropical_lowland,26.2,77.0,19.7,5.6,5.9,74.9,sandy,chemical,monthly,every_other_day,3,46
bitter_gourd,ampalaya_bilog,wet,tropical_lowland,31.7,89.8,17.0,5.8,5.8,73.2,silty,chemical,weekly,twice_daily,4,43
bitter_gourd,ampalaya_hybrid,wet,tropical_lowland,29.2,74.2,19.0,5.4,5.9,75.1,loamy,none,none,daily,4,43
squash,kalabasa,dry,subtropical,25.8,61.1,4.2,8.8,7.1,50.5,loamy,none,monthly,every_other_day,3,46
sponge_gourd,patola_smooth,dry,tropical_highland,32.1,73.3,5.9,9.0,7.1,74.4,sandy,none,weekly,every_other_day,3,45
bitter_gourd,ampalaya_hybrid,dry,subtropical,31.5,55.0,4.1,7.9,5.9,59.0,sandy,none,biweekly,daily,4,43
sponge_gourd,patola_ridged,dry,subtropical,24.2,64.3,9.8,8.7,6.9,66.1,sandy,chemical,monthly,every_other_day,3,40
cucumber,pipino_native,dry,tropical_lowland,27.7,74.5,9.2,8.6,6.8,74.3,sandy,none,monthly,every_other_day,3,38
bitter_gourd,ampalaya_bilog,dry,subtropical,33.1,59.0,7.4,8.9,7.1,67.7,loamy,organic,none,daily,4,38
cucumber,pipino_native,wet,tropical_lowland,31.8,80.8,23.3,4.5,6.3,74.3,loamy,none,monthly,every_other_day,3,38
sponge_gourd,patola_ridged,dry,tropical_lowland,27.5,69.1,6.3,7.4,6.7,78.0,sandy,none,biweekly,every_other_day,4,45
bitter_gourd,ampalaya_bilog,wet,tropical_highland,26.7,72.4,24.4,6.5,7.2,77.8,clay,mixed,biweekly,twice_daily,4,40
bottle_gourd,upo_long,dry,tropical_highland,24.9,59.4,4.1,8.5,6.8,56.3,silty,mixed,none,every_other_day,4,50
sponge_gourd,patola_ridged,dry,subtropical,24.2,63.8,3.0,7.3,6.9,76.0,sandy,mixed,none,twice_daily,5,40
cucumber,pipino_japanese,dry,subtropical,24.4,57.9,4.0,9.4,6.5,63.2,sandy,mixed,monthly,daily,5,32
sponge_gourd,patola_ridged,wet,subtropical,29.4,71.2,24.4,5.2,6.8,64.1,clay,none,monthly,twice_daily,3,42
sponge_gourd,patola_ridged,dry,tropical_highland,24.4,74.9,4.3,7.8,5.9,54.3,clay,mixed,biweekly,twice_daily,4,38
bottle_gourd,upo_round,dry,tropical_highland,26.0,65.2,2.4,7.3,6.8,65.8,loamy,none,none,every_other_day,3,51
squash,kalabasa_hybrid,wet,tropical_lowland,30.2,70.4,11.4,5.5,6.0,50.7,clay,chemical,weekly,twice_daily,4,44
sponge_gourd,patola_ridged,dry,tropical_lowland,28.9,72.7,6.5,9.7,6.8,66.4,sandy,none,none,every_other_day,4,43
squash,kalabasa_native,dry,tropical_highland,32.4,60.3,2.0,9.8,5.8,74.1,sandy,mixed,none,every_other_day,3,46
sponge_gourd,patola_ridged,wet,subtropical,26.3,81.1,12.1,5.7,6.5,70.1,silty,organic,weekly,twice_daily,4,39
squash,kalabasa_hybrid,dry,tropical_lowland,29.0,67.6,6.2,7.7,7.1,58.1,loamy,none,weekly,daily,4,50
bottle_gourd,upo_long,dry,subtropical,29.6,66.8,1.2,9.1,6.8,52.5,sandy,chemical,weekly,every_other_day,3,49
squash,kalabasa_native,dry,tropical_lowland,27.8,55.5,2.9,8.0,6.5,54.6,clay,mixed,monthly,daily,4,41
squash,kalabasa,wet,tropical_highland,29.6,81.3,25.7,6.1,5.9,65.5,sandy,chemical,weekly,twice_daily,2,45
cucumber,pipino_japanese,wet,subtropical,29.5,75.6,21.9,4.9,6.2,57.8,silty,none,none,twice_daily,4,33
bitter_gourd,ampalaya_bilog,wet,subtropical,29.3,77.2,29.6,5.4,5.8,60.5,silty,organic,none,twice_daily,4,37
bitter_gourd,ampalaya_hybrid,dry,tropical_lowland,26.9,60.2,1.5,9.5,6.9,64.0,clay,chemical,biweekly,daily,3,40
bottle_gourd,upo_round,wet,subtropical,29.2,81.4,25.2,4.3,6.5,56.6,clay,chemical,monthly,daily,4,46
squash,kalabasa_native,wet,subtropical,26.1,77.7,18.2,6.6,6.8,52.6,silty,chemical,monthly,twice_daily,4,43
bottle_gourd,upo_smooth,dry,tropical_lowland,25.7,66.6,9.4,8.8,6.4,74.2,clay,mixed,none,twice_daily,4,48
cucumber,pipino,wet,tropical_lowland,30.7,74.2,15.1,4.5,7.0,64.6,silty,organic,weekly,daily,4,32
bitter_gourd,ampalaya_hybrid,dry,tropical_highland,25.5,57.8,5.0,9.4,6.7,73.8,clay,mixed,biweekly,daily,4,41
squash,kalabasa_hybrid,wet,subtropical,26.0,80.4,24.0,4.1,6.8,69.8,loamy,none,biweekly,daily,4,47
bottle_gourd,upo_round,dry,tropical_lowland,26.5,65.1,7.8,8.1,7.0,64.9,sandy,mixed,biweekly,daily,4,43
cucumber,pipino_native,dry,subtropical,25.5,55.7,7.3,7.1,7.2,57.3,loamy,organic,monthly,daily,4,35
bottle_gourd,upo_long,dry,subtropical,32.4,60.4,7.5,8.1,6.7,62.3,sandy,mixed,biweekly,daily,4,48
cucumber,pipino_japanese,dry,tropical_highland,24.8,59.4,1.7,7.6,7.1,64.9,clay,mixed,weekly,every_other_day,4,29
cucumber,pipino,wet,tropical_lowland,30.6,88.6,20.5,6.3,5.8,69.2,loamy,organic,monthly,daily,3,34
sponge_gourd,patola_ridged,dry,tropical_lowland,27.4,67.9,1.7,9.8,6.3,54.6,silty,chemical,none,every_other_day,4,39
sponge_gourd,patola_ridged,wet,tropical_highland,27.2,79.9,20.5,6.7,6.7,76.0,sandy,chemical,weekly,daily,4,41
sponge_gourd,patola,wet,tropical_highland,26.1,87.7,10.5,6.1,6.4,52.0,sandy,organic,weekly,daily,5,40
sponge_gourd,patola_smooth,dry,tropical_highland,28.5,72.2,3.0,8.8,7.2,60.8,silty,chemical,biweekly,daily,4,40
bitter_gourd,ampalaya_bilog,dry,subtropical,33.8,69.2,0.6,9.3,5.9,60.2,silty,chemical,biweekly,twice_daily,4,46
cucumber,pipino_native,wet,subtropical,30.1,75.8,21.9,5.5,5.9,75.4,silty,organic,biweekly,every_other_day,4,33
cucumber,pipino_japanese,dry,tropical_lowland,30.8,74.5,6.2,8.2,5.9,72.7,loamy,organic,monthly,daily,4,32
bitter_gourd,ampalaya_bilog,dry,subtropical,32.1,66.9,2.1,8.0,6.4,61.8,clay,none,weekly,twice_daily,3,48
bitter_gourd,ampalaya_hybrid,dry,tropical_highland,30.4,61.7,0.4,8.0,5.8,66.1,silty,mixed,none,daily,5,39
bitter_gourd,ampalaya_oblong,wet,tropical_lowland,29.7,72.5,12.2,4.9,6.4,79.7,silty,mixed,weekly,daily,5,42
cucumber,pipino_native,wet,tropical_highland,29.1,82.5,19.3,4.1,6.0,68.3,clay,chemical,monthly,daily,4,32
cucumber,pipino_native,dry,tropical_highland,25.0,70.7,5.8,8.6,6.9,78.4,sandy,organic,biweekly,twice_daily,4,32
sponge_gourd,patola_ridged,dry,subtropical,28.9,64.9,2.6,8.4,6.3,79.5,silty,chemical,monthly,every_other_day,3,41
bitter_gourd,ampalaya_hybrid,dry,tropical_lowland,29.5,59.4,9.1,9.4,6.8,51.1,sandy,chemical,monthly,daily,3,43
sponge_gourd,patola_smooth,wet,tropical_lowland,30.1,75.1,28.8,5.1,6.4,54.4,silty,chemical,none,every_other_day,3,45
squash,kalabasa,dry,tropical_highland,29.4,62.7,2.9,7.3,6.2,58.2,silty,organic,weekly,daily,4,40
bitter_gourd,ampalaya_hybrid,dry,tropical_lowland,34.1,66.0,3.5,7.7,6.3,51.3,sandy,mixed,none,every_other_day,4,43
sponge_gourd,patola,dry,subtropical,32.2,56.3,1.9,8.3,7.0,77.3,loamy,organic,monthly,twice_daily,4,37
cucumber,pipino,dry,subtropical,33.7,73.4,3.5,9.2,5.9,67.2,loamy,chemical,biweekly,twice_daily,3,38
bottle_gourd,upo_round,dry,subtropical,31.4,62.8,3.3,7.9,6.3,57.0,sandy,none,monthly,every_other_day,3,54
squash,kalabasa_native,wet,tropical_highland,31.6,70.1,24.3,5.3,6.6,65.9,sandy,chemical,weekly,daily,3,44
sponge_gourd,patola_ridged,dry,tropical_lowland,29.9,56.3,5.1,8.8,7.1,61.0,sandy,none,biweekly,twice_daily,3,41
squash,kalabasa,wet,tropical_highland,27.7,71.8,11.5,6.0,7.1,71.7,silty,none,biweekly,twice_daily,4,45
bottle_gourd,upo_smooth,wet,tropical_highland,26.1,75.3,27.6,6.5,6.1,57.4,silty,organic,weekly,daily,4,46
bottle_gourd,upo_round,wet,tropical_highland,28.2,82.3,20.7,6.0,6.6,77.3,loamy,mixed,monthly,every_other_day,5,44
bottle_gourd,upo_long,wet,tropical_lowland,29.5,72.7,20.5,4.1,5.8,58.7,silty,chemical,none,twice_daily,4,48
cucumber,pipino,wet,subtropical,28.4,83.5,16.1,5.4,6.7,52.0,clay,chemical,monthly,twice_daily,3,35
sponge_gourd,patola,dry,tropical_lowland,24.8,69.0,9.3,8.0,6.4,72.0,loamy,organic,none,daily,5,39
bitter_gourd,ampalaya_oblong,wet,subtropical,28.5,84.1,27.2,5.9,7.0,69.7,clay,none,none,every_other_day,3,48
squash,kalabasa_native,wet,tropical_lowland,29.3,78.6,28.8,4.1,6.0,76.9,sandy,chemical,monthly,daily,4,41
bottle_gourd,upo_smooth,wet,tropical_lowland,30.2,81.7,20.4,4.9,6.7,78.4,silty,none,monthly,every_other_day,3,53
sponge_gourd,patola,dry,subtropical,31.0,63.0,3.2,10.0,6.6,51.9,silty,chemical,monthly,daily,4,39
bottle_gourd,upo_round,wet,tropical_lowland,30.9,76.7,21.8,4.0,7.1,58.4,silty,mixed,none,twice_daily,4,46
cucumber,pipino_native,wet,tropical_lowland,31.7,88.6,18.0,6.2,6.6,71.1,clay,mixed,biweekly,daily,4,35
bottle_gourd,upo_smooth,dry,subtropical,33.1,56.9,3.0,9.7,5.9,79.9,loamy,mixed,monthly,daily,4,47
sponge_gourd,patola,dry,subtropical,24.9,62.9,5.9,9.5,6.5,72.5,loamy,chemical,none,daily,3,43
bottle_gourd,upo_round,dry,tropical_highland,31.7,57.0,8.3,9.7,5.9,56.8,clay,chemical,biweekly,daily,4,48
bottle_gourd,upo_long,wet,tropical_highland,27.0,78.3,25.3,6.7,7.1,50.0,clay,none,biweekly,twice_daily,3,51
sponge_gourd,patola_smooth,wet,subtropical,30.6,89.5,21.6,6.5,5.9,59.1,silty,mixed,monthly,twice_daily,4,41
cucumber,pipino_native,wet,tropical_lowland,26.7,84.0,11.6,5.3,6.3,70.4,clay,chemical,monthly,daily,3,36
cucumber,pipino_native,dry,tropical_highland,26.7,59.3,1.7,7.6,6.9,79.0,clay,mixed,none,every_other_day,4,31
bottle_gourd,upo_smooth,dry,tropical_lowland,24.2,62.5,3.8,8.0,6.8,70.2,silty,none,none,every_other_day,3,53
cucumber,pipino_japanese,wet,tropical_lowland,30.3,70.1,23.8,5.6,6.3,67.2,silty,organic,weekly,every_other_day,4,31
cucumber,pipino_native,wet,tropical_highland,31.3,72.4,17.0,4.1,6.2,73.9,clay,none,biweekly,twice_daily,4,38
cucumber,pipino_japanese,wet,subtropical,26.4,78.5,19.4,4.3,6.9,71.8,sandy,organic,monthly,daily,4,30
squash,kalabasa_native,dry,tropical_highland,29.7,66.5,8.9,8.2,6.3,76.7,silty,chemical,none,daily,4,46
sponge_gourd,patola_ridged,dry,subtropical,32.5,71.7,1.7,9.6,6.0,62.2,loamy,mixed,none,twice_daily,5,38
squash,kalabasa_hybrid,dry,subtropical,29.6,71.3,9.0,8.3,6.4,56.4,sandy,organic,none,every_other_day,4,42
bitter_gourd,ampalaya_oblong,wet,tropical_highland,31.3,83.4,13.7,5.1,6.1,58.7,loamy,mixed,weekly,every_other_day,4,41
sponge_gourd,patola_ridged,wet,subtropical,28.7,78.7,18.4,4.4,6.6,58.4,clay,none,biweekly,twice_daily,4,45
squash,kalabasa,wet,subtropical,26.7,85.1,14.3,6.6,6.8,63.4,silty,none,biweekly,every_other_day,4,43
squash,kalabasa_native,wet,tropical_highland,31.0,71.6,24.9,5.5,5.9,59.1,sandy,organic,none,daily,4,42
bottle_gourd,upo_long,wet,tropical_lowland,29.6,87.6,25.2,5.3,6.7,56.1,clay,none,none,daily,4,52
bottle_gourd,upo_smooth,dry,tropical_highland,27.5,70.0,1.9,8.2,7.1,77.5,loamy,none,biweekly,every_other_day,3,52
bottle_gourd,upo_long,dry,tropical_lowland,26.2,63.6,1.4,8.0,6.4,59.4,clay,chemical,weekly,twice_daily,4,46
cucumber,pipino_native,wet,tropical_lowland,29.2,77.2,30.0,6.1,6.9,55.8,loamy,chemical,biweekly,every_other_day,4,32
bottle_gourd,upo_smooth,wet,tropical_lowland,29.2,84.7,18.7,6.3,6.5,53.5,sandy,none,monthly,twice_daily,3,50
sponge_gourd,patola_smooth,dry,tropical_lowland,25.3,74.3,5.2,9.7,6.8,56.3,silty,none,none,twice_daily,3,45
squash,kalabasa_hybrid,dry,tropical_highland,33.2,58.1,9.3,8.3,6.7,62.7,silty,mixed,weekly,every_other_day,4,45
squash,kalabasa_hybrid,dry,tropical_lowland,29.8,65.3,8.8,8.1,6.9,67.2,loamy,chemical,biweekly,twice_daily,4,42
squash,kalabasa,dry,tropical_lowland,29.6,66.0,2.9,8.2,6.8,76.0,loamy,organic,monthly,every_other_day,3,43
cucumber,pipino,wet,subtropical,26.3,74.7,26.9,4.8,6.4,53.5,clay,chemical,weekly,every_other_day,3,38
bitter_gourd,ampalaya_oblong,wet,tropical_lowland,27.3,74.3,10.4,6.4,6.5,77.8,loamy,chemical,monthly,twice_daily,4,40
cucumber,pipino_native,dry,tropical_highland,28.2,60.3,3.8,9.1,6.4,64.2,silty,mixed,biweekly,twice_daily,4,37
bitter_gourd,ampalaya_bilog,wet,subtropical,31.5,76.3,20.9,4.5,5.9,69.9,sandy,none,weekly,daily,3,44
cucumber,pipino_native,dry,tropical_lowland,29.3,71.7,4.7,8.7,6.2,66.2,sandy,organic,none,every_other_day,5,31
bitter_gourd,ampalaya_hybrid,wet,tropical_highland,31.6,78.5,22.3,6.1,6.9,64.6,silty,organic,weekly,every_other_day,4,39
bitter_gourd,ampalaya_oblong,dry,subtropical,24.6,64.7,6.7,7.9,7.1,54.4,loamy,mixed,monthly,twice_daily,4,45
cucumber,pipino_japanese,dry,subtropical,33.5,64.0,6.0,9.8,5.9,65.6,loamy,organic,monthly,daily,5,31
cucumber,pipino_native,dry,tropical_lowland,24.8,55.4,1.9,9.4,6.2,71.5,clay,organic,biweekly,every_other_day,5,28
bottle_gourd,upo_round,dry,tropical_lowland,29.6,58.0,5.1,9.0,6.5,53.5,loamy,none,biweekly,every_other_day,3,52
bitter_gourd,ampalaya_oblong,wet,tropical_highland,27.0,70.6,25.5,6.4,6.6,63.7,silty,none,biweekly,every_other_day,3,48
sponge_gourd,patola,dry,subtropical,34.9,63.7,2.0,9.9,5.8,78.9,silty,none,weekly,twice_daily,4,45
sponge_gourd,patola,dry,subtropical,30.6,72.7,8.3,8.3,6.6,74.7,loamy,mixed,monthly,every_other_day,4,41
bitter_gourd,ampalaya_bilog,wet,tropical_lowland,26.7,70.2,29.6,7.0,6.6,63.2,sandy,chemical,none,daily,3,43
cucumber,pipino,dry,tropical_lowland,32.0,74.9,7.9,9.0,6.1,60.8,silty,chemical,none,daily,4,38
sponge_gourd,patola_smooth,dry,tropical_highland,24.8,61.3,1.3,7.9,6.9,61.9,loamy,chemical,none,every_other_day,3,42
cucumber,pipino_japanese,dry,tropical_lowland,28.0,69.5,0.9,7.3,6.6,50.9,silty,chemical,biweekly,daily,3,34
bottle_gourd,upo_long,wet,subtropical,30.1,80.4,12.8,5.8,6.5,74.8,silty,chemical,monthly,every_other_day,3,47
bitter_gourd,ampalaya_oblong,wet,tropical_highland,28.0,82.7,24.2,4.6,6.1,58.5,sandy,chemical,weekly,daily,4,41
squash,kalabasa_hybrid,dry,tropical_highland,32.3,72.3,1.6,8.2,6.6,64.7,silty,none,monthly,twice_daily,3,50
bottle_gourd,upo_smooth,wet,tropical_lowland,26.3,89.5,23.6,4.9,6.4,57.4,loamy,organic,weekly,daily,5,45
cucumber,pipino_native,dry,tropical_lowland,25.9,72.3,2.5,7.5,6.7,54.0,sandy,none,weekly,twice_daily,2,38
sponge_gourd,patola_ridged,wet,tropical_highland,30.2,77.4,12.9,6.2,6.3,79.4,clay,organic,none,daily,4,37
squash,kalabasa_hybrid,dry,tropical_highland,27.9,57.3,7.4,9.5,6.3,58.3,silty,none,biweekly,twice_daily,4,44
squash,kalabasa_native,dry,tropical_lowland,26.8,64.6,3.7,9.5,6.0,55.7,sandy,organic,monthly,twice_daily,3,46
sponge_gourd,patola,dry,tropical_highland,24.3,74.4,3.8,9.8,6.5,67.1,silty,chemical,weekly,daily,4,38
bottle_gourd,upo_round,wet,subtropical,27.1,88.6,15.1,4.2,6.0,53.8,sandy,organic,none,twice_daily,4,43
bottle_gourd,upo_long,dry,tropical_highland,28.1,73.0,4.8,9.8,6.1,51.1,loamy,chemical,biweekly,twice_daily,4,52
bottle_gourd,upo_round,dry,tropical_lowland,27.1,56.4,0.7,8.1,7.1,64.8,silty,none,biweekly,twice_daily,3,49
sponge_gourd,patola,dry,tropical_highland,28.6,74.4,0.2,8.8,6.8,52.7,sandy,chemical,monthly,every_other_day,4,41
bottle_gourd,upo_smooth,wet,subtropical,29.8,78.5,22.3,6.6,6.4,62.7,silty,none,monthly,daily,4,47
squash,kalabasa_hybrid,dry,tropical_lowland,29.7,66.9,3.5,9.1,6.9,68.1,sandy,organic,biweekly,every_other_day,4,41
bottle_gourd,upo_smooth,dry,tropical_highland,26.4,65.9,4.9,7.6,7.1,76.8,sandy,mixed,biweekly,twice_daily,4,47
bitter_gourd,ampalaya_oblong,wet,tropical_lowland,27.6,87.4,15.6,5.9,6.8,68.7,loamy,organic,biweekly,daily,5,36
sponge_gourd,patola,dry,tropical_highland,31.5,73.0,4.0,10.0,6.2,62.1,clay,chemical,biweekly,daily,4,39
bottle_gourd,upo_smooth,wet,tropical_highland,29.4,71.7,11.6,6.7,6.9,79.0,sandy,chemical,biweekly,every_other_day,4,45
bottle_gourd,upo_long,dry,tropical_lowland,33.3,63.0,0.4,8.1,6.0,52.8,clay,organic,monthly,daily,4,47
squash,kalabasa,wet,subtropical,26.5,89.1,25.3,5.5,7.1,73.1,loamy,organic,weekly,every_other_day,4,42
cucumber,pipino,wet,tropical_lowland,28.0,78.9,12.1,4.4,6.4,57.3,clay,none,weekly,daily,4,34
sponge_gourd,patola_ridged,wet,tropical_lowland,28.9,87.2,19.2,6.8,7.1,51.1,clay,chemical,none,twice_daily,3,41
squash,kalabasa_hybrid,dry,subtropical,31.5,69.0,5.1,7.4,6.9,76.7,clay,mixed,none,daily,5,42
squash,kalabasa_native,wet,subtropical,31.6,75.4,24.2,4.5,5.9,62.7,loamy,chemical,weekly,twice_daily,4,45
cucumber,pipino,dry,tropical_highland,28.0,56.4,2.6,8.7,7.1,74.6,sandy,none,biweekly,every_other_day,3,36
bottle_gourd,upo_long,dry,tropical_lowland,24.7,56.3,5.2,7.1,6.5,65.9,clay,chemical,weekly,twice_daily,4,45
squash,kalabasa_hybrid,wet,tropical_highland,28.8,75.3,10.4,4.1,6.7,76.1,sandy,chemical,none,twice_daily,4,46
bottle_gourd,upo_long,wet,tropical_lowland,28.5,80.6,24.5,4.2,7.1,63.3,silty,none,biweekly,every_other_day,3,52
sponge_gourd,patola_ridged,dry,tropical_lowland,28.9,70.8,2.7,7.7,7.1,52.1,loamy,chemical,weekly,twice_daily,3,41
bottle_gourd,upo_smooth,wet,tropical_lowland,30.4,76.2,23.4,4.0,6.8,77.5,sandy,chemical,biweekly,twice_daily,4,47
sponge_gourd,patola_smooth,dry,tropical_lowland,28.3,63.7,9.2,9.0,6.7,69.9,sandy,none,weekly,every_other_day,3,43
sponge_gourd,patola,wet,tropical_lowland,28.7,81.2,15.7,5.9,6.3,78.8,loamy,none,weekly,twice_daily,4,43
bottle_gourd,upo_smooth,dry,tropical_highland,26.7,63.5,1.3,8.0,6.6,53.6,silty,organic,weekly,every_other_day,3,49
squash,kalabasa_native,dry,subtropical,27.0,69.5,2.1,7.2,6.6,77.6,clay,chemical,monthly,twice_daily,4,41
bitter_gourd,ampalaya_hybrid,dry,tropical_lowland,29.2,58.4,4.7,7.3,6.7,53.1,loamy,organic,none,every_other_day,4,42
squash,kalabasa_hybrid,dry,tropical_highland,31.5,57.5,0.4,7.7,6.3,50.6,silty,organic,none,every_other_day,4,43
bitter_gourd,ampalaya_bilog,wet,subtropical,26.6,81.8,21.7,5.2,6.0,78.0,loamy,none,biweekly,twice_daily,4,47
sponge_gourd,patola_ridged,wet,subtropical,29.8,83.3,24.3,6.9,6.9,67.2,clay,chemical,weekly,every_other_day,3,43
sponge_gourd,patola_ridged,wet,tropical_highland,30.9,78.2,24.0,5.1,6.7,54.4,silty,none,none,every_other_day,3,44
sponge_gourd,patola_smooth,dry,tropical_highland,27.7,65.7,8.4,7.6,6.2,71.8,loamy,mixed,biweekly,twice_daily,5,39
bottle_gourd,upo_smooth,wet,tropical_lowland,29.6,88.1,14.1,5.5,5.9,79.1,loamy,chemical,weekly,twice_daily,3,49
bitter_gourd,ampalaya_hybrid,wet,tropical_lowland,26.4,76.8,22.7,5.3,7.2,79.3,sandy,none,monthly,daily,3,46
squash,kalabasa_hybrid,wet,subtropical,27.3,88.9,22.2,6.9,6.6,65.9,silty,none,weekly,twice_daily,3,47
squash,kalabasa,dry,subtropical,28.2,70.8,8.7,9.7,6.3,68.0,loamy,chemical,monthly,daily,4,47
bitter_gourd,ampalaya_hybrid,dry,tropical_lowland,27.1,57.8,1.7,9.6,7.0,63.1,sandy,chemical,weekly,every_other_day,3,43
sponge_gourd,patola,dry,tropical_highland,26.9,64.0,1.7,7.2,6.0,57.1,loamy,chemical,biweekly,twice_daily,4,43
cucumber,pipino,dry,tropical_lowland,29.7,57.7,5.5,8.3,6.0,53.4,clay,mixed,none,twice_daily,5,29
sponge_gourd,patola,wet,tropical_lowland,26.6,74.7,28.2,4.6,6.2,61.9,loamy,organic,weekly,daily,4,39
bottle_gourd,upo_long,wet,tropical_lowland,31.1,80.7,17.3,5.0,5.9,76.8,silty,mixed,none,every_other_day,4,43
squash,kalabasa_native,wet,tropical_highland,31.1,82.4,17.3,4.0,6.7,71.6,sandy,organic,monthly,every_other_day,4,41
bottle_gourd,upo_long,wet,tropical_highland,30.5,72.6,11.4,4.1,6.8,73.7,silty,mixed,monthly,every_other_day,3,46
squash,kalabasa_hybrid,dry,subtropical,31.9,73.5,3.3,8.9,7.1,56.8,loamy,none,biweekly,daily,3,50
bottle_gourd,upo_long,dry,subtropical,31.7,65.1,5.6,9.1,6.9,56.9,sandy,none,weekly,every_other_day,5,50
sponge_gourd,patola,dry,tropical_lowland,34.0,61.7,1.6,7.1,6.2,76.1,silty,none,none,every_other_day,4,40
bitter_gourd,ampalaya_oblong,wet,tropical_lowland,26.8,82.7,27.6,6.3,5.9,73.5,sandy,mixed,biweekly,twice_daily,4,41
cucumber,pipino,wet,subtropical,28.6,80.6,10.9,5.4,6.7,72.5,silty,chemical,monthly,twice_daily,4,33
bitter_gourd,ampalaya_hybrid,wet,subtropical,28.4,75.3,17.1,4.5,6.2,61.8,loamy,none,biweekly,every_other_day,3,43
squash,kalabasa_hybrid,dry,subtropical,26.3,67.7,0.8,9.0,6.5,68.2,silty,chemical,biweekly,every_other_day,3,46
squash,kalabasa,dry,tropical_lowland,32.8,59.9,2.2,8.5,6.8,60.2,loamy,organic,none,every_other_day,4,43
bottle_gourd,upo_long,dry,subtropical,28.6,66.0,2.2,7.3,6.6,67.5,silty,mixed,none,daily,5,46
bottle_gourd,upo_long,dry,tropical_lowland,27.2,73.3,8.9,7.8,6.2,78.6,sandy,organic,none,twice_daily,4,45
squash,kalabasa_native,wet,tropical_highland,28.2,79.6,25.9,6.3,6.6,54.2,clay,mixed,monthly,every_other_day,4,44
cucumber,pipino_japanese,wet,subtropical,26.7,84.2,29.4,4.8,5.8,64.6,loamy,mixed,biweekly,daily,3,35
cucumber,pipino_japanese,dry,tropical_highland,34.5,58.7,6.0,7.4,5.8,51.2,loamy,organic,weekly,twice_daily,5,29
bottle_gourd,upo_round,wet,subtropical,28.1,76.3,24.4,6.9,5.8,52.1,sandy,none,monthly,every_other_day,3,54
bitter_gourd,ampalaya_oblong,wet,subtropical,30.2,83.0,28.9,4.7,6.3,55.7,clay,chemical,weekly,twice_daily,4,43
squash,kalabasa_hybrid,wet,subtropical,28.9,71.9,19.5,6.7,6.4,60.2,loamy,none,biweekly,daily,4,47
bitter_gourd,ampalaya_oblong,wet,tropical_lowland,27.7,79.6,12.4,5.4,6.3,64.5,loamy,mixed,monthly,twice_daily,4,42
sponge_gourd,patola,dry,tropical_highland,24.6,59.6,8.9,8.1,7.1,54.9,silty,mixed,weekly,twice_daily,5,37
bitter_gourd,ampalaya_oblong,dry,tropical_highland,27.6,55.7,1.3,8.0,7.0,73.4,silty,organic,biweekly,twice_daily,4,41
bottle_gourd,upo_round,wet,subtropical,30.2,84.0,22.1,6.7,7.1,56.9,loamy,none,none,every_other_day,3,48
bitter_gourd,ampalaya_oblong,dry,tropical_highland,34.5,69.4,7.4,7.2,6.6,51.3,silty,none,none,daily,4,45
cucumber,pipino_japanese,dry,subtropical,24.9,56.9,4.9,8.0,5.8,66.3,clay,mixed,biweekly,every_other_day,4,29
sponge_gourd,patola_ridged,dry,tropical_lowland,32.9,61.5,7.0,7.6,6.7,61.0,silty,chemical,none,twice_daily,5,38
bitter_gourd,ampalaya_hybrid,wet,tropical_lowland,26.9,88.2,20.0,5.4,6.6,63.4,sandy,organic,none,every_other_day,4,41
bitter_gourd,ampalaya_bilog,wet,subtropical,29.1,74.6,12.1,6.1,6.5,51.8,silty,chemical,weekly,every_other_day,4,40
cucumber,pipino_japanese,wet,tropical_highland,29.4,88.6,24.8,6.3,6.9,79.6,sandy,none,none,twice_daily,4,36
bitter_gourd,ampalaya_bilog,dry,tropical_lowland,29.2,74.3,8.3,9.5,7.2,54.5,sandy,none,biweekly,every_other_day,3,47
squash,kalabasa_hybrid,wet,tropical_highland,26.9,88.2,25.9,5.5,6.8,80.0,clay,none,none,every_other_day,3,46
bottle_gourd,upo_round,wet,subtropical,29.4,87.2,12.6,5.9,7.0,76.2,loamy,organic,monthly,every_other_day,3,41
bitter_gourd,ampalaya_hybrid,wet,tropical_lowland,31.2,76.3,16.2,5.7,6.1,72.6,clay,organic,monthly,every_other_day,4,36
bottle_gourd,upo_smooth,dry,tropical_lowland,34.8,69.1,4.9,7.4,6.6,57.2,silty,mixed,weekly,every_other_day,4,45
bitter_gourd,ampalaya_oblong,wet,subtropical,31.8,74.0,16.6,4.5,7.0,51.1,loamy,mixed,biweekly,twice_daily,4,41
cucumber,pipino_native,wet,subtropical,31.2,82.7,17.0,5.1,5.9,61.7,silty,none,none,daily,3,37
sponge_gourd,patola,wet,tropical_lowland,29.7,85.5,19.4,4.4,6.6,57.6,silty,none,none,twice_daily,4,45
squash,kalabasa_native,dry,subtropical,27.4,69.4,1.4,7.3,6.5,63.8,silty,organic,none,twice_daily,4,43
bitter_gourd,ampalaya_bilog,dry,subtropical,33.3,67.0,2.2,8.2,7.1,59.7,sandy,chemical,weekly,every_other_day,4,42
bottle_gourd,upo_smooth,wet,tropical_highland,26.8,76.0,22.1,6.8,6.3,65.6,loamy,organic,none,twice_daily,4,47
bottle_gourd,upo_long,wet,tropical_lowland,31.0,82.2,11.4,5.1,6.4,74.8,sandy,mixed,monthly,every_other_day,4,48
squash,kalabasa_native,dry,tropical_highland,24.0,68.4,9.6,9.6,6.9,58.5,silty,organic,biweekly,every_other_day,4,43
squash,kalabasa,wet,tropical_highland,30.6,86.7,16.5,6.9,6.3,77.9,clay,none,none,daily,3,48
squash,kalabasa_hybrid,wet,tropical_lowland,26.5,71.0,28.2,4.7,6.3,65.1,silty,organic,weekly,daily,5,40
sponge_gourd,patola,wet,subtropical,26.1,87.3,18.0,6.4,6.8,68.6,sandy,none,biweekly,daily,4,41
bottle_gourd,upo_long,wet,tropical_highland,29.5,82.9,16.5,6.0,5.9,57.6,clay,mixed,none,every_other_day,3,47
sponge_gourd,patola_smooth,wet,tropical_highland,29.4,83.7,15.0,6.7,6.6,79.4,silty,mixed,monthly,every_other_day,4,36
bottle_gourd,upo_smooth,wet,tropical_highland,29.3,80.4,29.8,6.2,6.8,56.5,silty,organic,biweekly,every_other_day,4,46
squash,kalabasa_hybrid,wet,tropical_highland,31.0,82.0,10.0,5.7,7.1,69.0,sandy,chemical,monthly,twice_daily,4,44
cucumber,pipino_native,wet,subtropical,31.2,89.8,29.9,5.2,6.9,79.5,silty,chemical,biweekly,daily,3,34
sponge_gourd,patola,dry,tropical_lowland,33.2,58.5,7.3,10.0,7.2,57.3,sandy,none,monthly,every_other_day,2,45
cucumber,pipino_japanese,dry,subtropical,33.9,66.9,7.4,8.0,6.3,65.4,sandy,none,none,twice_daily,4,38
sponge_gourd,patola_ridged,dry,tropical_highland,30.4,68.5,3.5,8.1,6.9,63.2,clay,mixed,biweekly,daily,5,35
bottle_gourd,upo_round,dry,subtropical,28.8,61.8,2.4,8.4,6.0,52.2,sandy,chemical,biweekly,every_other_day,3,47
bottle_gourd,upo_smooth,wet,subtropical,31.3,71.5,11.8,6.6,6.9,63.7,loamy,mixed,none,twice_daily,5,47
sponge_gourd,patola,wet,tropical_highland,32.0,89.9,19.2,6.7,6.4,58.4,loamy,none,weekly,daily,4,36
sponge_gourd,patola_smooth,wet,subtropical,29.4,83.6,12.7,4.4,6.0,66.9,loamy,organic,none,every_other_day,4,35
sponge_gourd,patola_ridged,dry,subtropical,28.0,69.6,2.8,8.1,7.2,61.6,sandy,none,none,daily,3,45
squash,kalabasa_native,wet,subtropical,28.1,81.2,26.0,5.8,6.1,71.1,loamy,organic,none,daily,5,41
cucumber,pipino_japanese,wet,subtropical,30.3,78.7,23.9,4.6,5.8,53.7,loamy,chemical,biweekly,every_other_day,4,31
cucumber,pipino,wet,subtropical,31.9,76.2,26.4,5.6,6.1,75.8,silty,mixed,biweekly,twice_daily,5,32
cucumber,pipino,dry,tropical_highland,29.0,57.6,1.3,9.1,5.9,64.7,sandy,mixed,monthly,every_other_day,4,30
cucumber,pipino,dry,subtropical,33.4,62.7,2.1,7.2,6.8,57.9,silty,mixed,none,every_other_day,3,34
bottle_gourd,upo_smooth,dry,tropical_highland,29.6,67.8,2.3,8.0,6.3,58.4,sandy,mixed,none,every_other_day,3,46
sponge_gourd,patola,dry,subtropical,30.1,72.8,8.9,9.3,6.6,66.4,loamy,organic,none,twice_daily,5,36
bottle_gourd,upo_smooth,wet,tropical_lowland,26.6,73.2,21.4,4.3,6.7,66.6,silty,none,none,daily,3,47
sponge_gourd,patola,dry,tropical_highland,31.5,71.4,2.1,8.1,7.0,58.1,clay,mixed,weekly,daily,5,40
bitter_gourd,ampalaya_oblong,wet,tropical_lowland,31.5,83.9,20.6,5.0,6.6,78.2,loamy,organic,none,every_other_day,5,39
bottle_gourd,upo_round,wet,tropical_lowland,28.6,82.7,20.4,5.3,6.0,72.4,sandy,mixed,biweekly,every_other_day,5,40
sponge_gourd,patola_smooth,wet,tropical_highland,31.9,88.5,17.1,4.1,6.1,59.2,clay,none,weekly,twice_daily,3,44
bottle_gourd,upo_long,wet,tropical_highland,29.5,87.8,23.9,5.4,6.3,50.0,sandy,chemical,biweekly,twice_daily,3,48
squash,kalabasa_native,dry,tropical_lowland,25.2,70.7,2.6,7.3,6.1,60.0,silty,organic,biweekly,twice_daily,4,43
sponge_gourd,patola_ridged,dry,tropical_lowland,27.1,56.6,4.4,7.1,5.9,75.0,clay,mixed,monthly,daily,3,40
squash,kalabasa,dry,tropical_lowland,27.4,63.8,5.7,7.5,6.7,78.6,silty,chemical,monthly,daily,4,43
bottle_gourd,upo_long,dry,tropical_highland,31.6,69.9,8.1,7.3,7.0,58.1,sandy,none,monthly,twice_daily,3,50
bitter_gourd,ampalaya_oblong,wet,tropical_highland,29.0,83.5,28.3,6.6,6.3,74.3,sandy,none,weekly,twice_daily,4,41
sponge_gourd,patola_ridged,dry,tropical_highland,27.8,59.7,1.0,7.5,6.3,68.4,silty,organic,biweekly,twice_daily,4,41
sponge_gourd,patola_ridged,dry,tropical_lowland,27.0,59.2,2.0,8.5,6.6,54.8,loamy,organic,none,daily,5,36
sponge_gourd,patola,dry,tropical_highland,27.1,56.4,0.3,8.6,6.3,72.9,silty,none,none,twice_daily,5,41
sponge_gourd,patola_smooth,wet,subtropical,30.2,85.7,23.0,6.5,6.1,77.0,silty,mixed,none,twice_daily,4,37
bitter_gourd,ampalaya_oblong,dry,subtropical,34.9,73.9,0.7,9.4,6.3,74.2,loamy,mixed,weekly,daily,4,40
bottle_gourd,upo_smooth,wet,subtropical,27.4,83.0,16.9,6.7,6.6,65.5,clay,organic,biweekly,twice_daily,4,45
squash,kalabasa_hybrid,wet,tropical_lowland,26.5,79.3,29.7,7.0,6.5,76.5,clay,chemical,monthly,every_other_day,3,43
cucumber,pipino,dry,tropical_lowland,27.1,71.1,0.4,9.3,6.5,58.1,loamy,chemical,monthly,every_other_day,3,30
bitter_gourd,ampalaya_bilog,dry,tropical_lowland,29.6,73.8,6.1,9.2,6.5,68.7,clay,chemical,none,daily,3,42
squash,kalabasa_native,dry,tropical_highland,29.9,61.9,0.1,9.2,7.1,50.2,silty,chemical,monthly,daily,3,45
cucumber,pipino_native,dry,tropical_highland,27.0,64.6,9.2,7.6,6.8,71.2,clay,organic,monthly,every_other_day,4,32
squash,kalabasa_hybrid,dry,tropical_lowland,34.4,58.2,0.7,8.1,7.1,61.1,sandy,chemical,weekly,every_other_day,2,49
cucumber,pipino_native,dry,tropical_highland,33.1,56.6,3.9,9.2,6.9,68.7,sandy,organic,biweekly,twice_daily,3,33
cucumber,pipino,wet,tropical_highland,31.3,72.5,23.7,5.2,6.4,77.7,clay,mixed,biweekly,daily,4,30
sponge_gourd,patola_ridged,dry,tropical_highland,32.9,69.6,9.0,9.2,7.0,62.5,sandy,none,monthly,every_other_day,3,44
squash,kalabasa_native,dry,tropical_lowland,31.0,59.3,4.3,9.6,7.1,77.4,loamy,chemical,biweekly,daily,4,43
squash,kalabasa_native,wet,tropical_highland,27.8,85.6,14.1,5.1,6.5,66.1,silty,mixed,weekly,every_other_day,5,43
sponge_gourd,patola_smooth,wet,tropical_lowland,27.1,78.6,12.4,5.9,6.9,68.2,silty,organic,biweekly,twice_daily,4,40
cucumber,pipino,dry,subtropical,32.0,64.7,0.9,9.2,6.4,60.8,sandy,mixed,weekly,twice_daily,4,35
bitter_gourd,ampalaya_bilog,wet,tropical_lowland,31.2,76.3,16.8,4.1,6.8,73.1,sandy,none,monthly,twice_daily,4,46
bitter_gourd,ampalaya_oblong,wet,tropical_highland,30.3,79.5,14.7,4.4,6.1,60.3,clay,mixed,none,daily,4,41
bottle_gourd,upo_smooth,dry,tropical_highland,33.0,66.6,5.1,9.3,6.4,68.6,clay,mixed,none,every_other_day,4,48
bottle_gourd,upo_long,wet,subtropical,29.3,85.1,24.9,4.3,6.3,79.7,clay,mixed,weekly,daily,4,43
bitter_gourd,ampalaya_hybrid,dry,subtropical,34.7,57.2,2.7,8.8,6.0,72.2,loamy,organic,none,daily,5,39
bottle_gourd,upo_round,dry,tropical_highland,27.4,68.3,0.8,7.9,6.6,67.1,clay,organic,biweekly,daily,4,49
squash,kalabasa_hybrid,wet,tropical_lowland,29.4,70.7,24.1,5.8,6.3,68.0,loamy,none,monthly,every_other_day,3,45
bottle_gourd,upo_round,dry,tropical_lowland,26.6,56.2,2.7,9.5,6.5,51.3,silty,organic,weekly,daily,5,43
cucumber,pipino_japanese,dry,subtropical,32.7,55.8,6.7,8.2,7.2,58.7,loamy,chemical,none,every_other_day,3,37
bottle_gourd,upo_long,dry,subtropical,25.5,69.3,1.6,8.3,7.1,54.8,loamy,organic,none,twice_daily,4,47
bitter_gourd,ampalaya_oblong,dry,subtropical,33.6,59.3,9.0,7.5,7.0,70.9,clay,mixed,biweekly,every_other_day,3,40
cucumber,pipino_native,dry,tropical_highland,24.7,62.4,7.1,8.1,7.1,57.0,silty,mixed,weekly,twice_daily,4,30
bottle_gourd,upo_round,wet,tropical_lowland,30.1,72.2,19.7,6.5,6.8,56.3,silty,chemical,weekly,every_other_day,3,48
bottle_gourd,upo_smooth,wet,subtropical,28.6,84.7,28.1,4.7,6.0,72.5,clay,organic,monthly,twice_daily,4,45
squash,kalabasa_native,wet,tropical_highland,32.0,73.5,23.5,4.7,5.9,79.7,clay,none,monthly,daily,3,48
cucumber,pipino,wet,subtropical,28.6,85.3,11.2,4.2,6.3,73.7,silty,chemical,biweekly,every_other_day,4,33
bottle_gourd,upo_round,dry,tropical_highland,24.6,64.7,0.5,9.3,6.3,68.3,loamy,none,biweekly,daily,4,51
bottle_gourd,upo_smooth,dry,tropical_highland,35.0,57.0,5.1,8.1,6.3,72.6,clay,organic,biweekly,daily,4,41
bottle_gourd,upo_long,wet,tropical_lowland,29.0,86.9,12.8,6.5,6.8,66.8,clay,chemical,none,daily,3,44
bottle_gourd,upo_smooth,dry,subtropical,29.0,73.3,6.3,9.0,6.1,52.1,sandy,organic,biweekly,every_other_day,4,41
sponge_gourd,patola_smooth,wet,subtropical,26.3,82.3,12.5,5.5,6.8,65.8,clay,organic,none,every_other_day,4,35
sponge_gourd,patola,wet,tropical_lowland,29.1,80.1,22.8,4.6,6.9,56.7,clay,mixed,weekly,daily,4,39
squash,kalabasa,wet,tropical_highland,30.3,80.3,20.7,4.9,6.8,63.9,clay,mixed,biweekly,daily,4,39
bitter_gourd,ampalaya_hybrid,wet,tropical_lowland,26.3,89.2,13.1,4.5,7.0,73.9,loamy,organic,none,every_other_day,5,40
squash,kalabasa_hybrid,dry,tropical_highland,32.0,73.0,4.5,8.8,6.5,50.1,sandy,chemical,biweekly,twice_daily,3,46
bottle_gourd,upo_smooth,wet,tropical_lowland,26.7,89.4,13.1,6.5,6.5,68.0,sandy,chemical,none,every_other_day,3,48
cucumber,pipino_native,dry,tropical_lowland,32.6,65.3,6.8,7.9,7.0,79.3,clay,none,monthly,twice_daily,3,38
squash,kalabasa_hybrid,wet,subtropical,31.5,75.7,17.3,6.6,7.0,52.5,silty,chemical,weekly,twice_daily,3,43
cucumber,pipino,dry,tropical_lowland,33.2,58.4,5.0,8.5,5.8,68.3,clay,none,none,twice_daily,3,37
cucumber,pipino_native,wet,tropical_lowland,29.2,78.2,29.2,6.9,5.9,59.0,sandy,chemical,weekly,twice_daily,4,32
squash,kalabasa,wet,tropical_highland,29.5,87.6,10.4,4.8,6.8,69.4,clay,chemical,monthly,twice_daily,4,45
sponge_gourd,patola,dry,tropical_highland,27.3,67.9,9.6,9.6,6.1,72.4,loamy,chemical,weekly,twice_daily,4,40
bottle_gourd,upo_round,dry,tropical_lowland,27.7,67.1,4.0,7.5,6.0,61.8,silty,chemical,biweekly,daily,3,50
cucumber,pipino_native,wet,subtropical,31.3,83.4,17.8,5.5,6.3,78.5,silty,none,none,twice_daily,3,37
squash,kalabasa_native,dry,tropical_lowland,34.2,66.6,4.5,8.4,7.1,61.0,loamy,organic,weekly,daily,4,43
bottle_gourd,upo_smooth,dry,tropical_highland,32.4,69.1,6.7,8.2,7.1,60.8,sandy,none,monthly,every_other_day,4,48
bitter_gourd,ampalaya_oblong,dry,tropical_highland,31.3,60.0,6.6,7.5,5.8,67.4,sandy,mixed,weekly,daily,3,42
cucumber,pipino_japanese,dry,tropical_lowland,32.6,57.1,6.4,9.9,5.8,64.0,silty,organic,biweekly,every_other_day,4,33
squash,kalabasa_hybrid,dry,tropical_highland,33.6,73.2,2.3,10.0,6.9,53.0,clay,chemical,monthly,daily,4,48
squash,kalabasa_hybrid,dry,subtropical,33.7,58.0,5.8,9.7,6.9,56.2,sandy,organic,biweekly,daily,4,40
bitter_gourd,ampalaya_oblong,wet,tropical_highland,28.8,89.8,23.9,5.1,7.1,58.9,sandy,chemical,monthly,twice_daily,3,46
sponge_gourd,patola_ridged,wet,tropical_highland,30.6,85.1,10.8,5.6,6.4,57.4,sandy,chemical,monthly,daily,4,38
squash,kalabasa,wet,subtropical,30.4,76.0,12.0,5.7,6.4,63.5,loamy,none,weekly,twice_daily,3,47
bitter_gourd,ampalaya_oblong,wet,tropical_highland,29.9,77.7,12.2,5.2,6.6,50.9,sandy,chemical,monthly,every_other_day,3,43
cucumber,pipino_japanese,wet,tropical_highland,26.5,87.0,19.5,5.0,6.6,72.0,clay,mixed,none,twice_daily,4,28
bitter_gourd,ampalaya_oblong,wet,tropical_highland,31.7,89.0,24.2,5.2,6.2,79.0,clay,mixed,weekly,daily,3,39
bottle_gourd,upo_smooth,dry,subtropical,25.8,67.3,6.3,9.2,6.2,59.0,sandy,chemical,biweekly,daily,4,46
bitter_gourd,ampalaya_bilog,wet,tropical_lowland,29.7,74.4,23.9,7.0,7.0,61.2,sandy,organic,monthly,twice_daily,4,39
sponge_gourd,patola_smooth,dry,tropical_highland,31.1,57.1,7.9,8.4,6.0,71.9,clay,mixed,monthly,every_other_day,3,40
sponge_gourd,patola_ridged,dry,tropical_highland,24.5,64.5,5.6,8.9,6.2,78.6,silty,organic,weekly,daily,4,39
sponge_gourd,patola_ridged,wet,tropical_lowland,31.4,74.3,10.2,5.2,5.8,57.5,loamy,chemical,none,every_other_day,4,35
bitter_gourd,ampalaya_hybrid,dry,subtropical,31.6,61.5,5.0,7.6,6.1,67.1,loamy,chemical,none,twice_daily,4,39
bitter_gourd,ampalaya_oblong,dry,tropical_lowland,31.7,68.3,6.3,9.7,6.1,68.1,sandy,none,none,daily,4,42
cucumber,pipino,dry,tropical_highland,34.4,58.9,5.5,8.3,6.6,64.4,silty,none,weekly,daily,4,38
sponge_gourd,patola_smooth,wet,subtropical,26.2,81.2,12.6,4.3,7.1,50.9,clay,organic,weekly,twice_daily,3,39
bitter_gourd,ampalaya_bilog,wet,tropical_highland,27.1,74.8,10.6,5.1,5.9,68.5,sandy,mixed,biweekly,daily,4,41
bottle_gourd,upo_long,wet,tropical_highland,30.3,71.8,13.8,6.3,6.5,59.8,loamy,mixed,biweekly,daily,5,44
bottle_gourd,upo_round,dry,tropical_highland,33.8,74.9,1.5,7.4,6.5,79.4,silty,organic,weekly,daily,3,45
squash,kalabasa_hybrid,dry,tropical_lowland,31.1,74.4,7.3,7.2,5.9,54.3,clay,mixed,none,every_other_day,4,45
bitter_gourd,ampalaya_hybrid,wet,tropical_highland,29.3,79.3,27.1,4.6,6.6,50.6,silty,organic,weekly,every_other_day,4,42
cucumber,pipino_japanese,wet,subtropical,29.3,79.8,26.9,6.7,6.3,77.0,sandy,none,weekly,daily,3,38
squash,kalabasa,wet,tropical_lowland,29.5,72.3,25.8,6.1,6.9,52.9,sandy,none,monthly,twice_daily,4,48
bottle_gourd,upo_smooth,dry,subtropical,24.2,58.3,3.9,8.0,6.8,59.0,silty,chemical,weekly,daily,4,45
squash,kalabasa,wet,subtropical,28.8,80.7,11.6,5.7,6.2,73.2,clay,chemical,biweekly,twice_daily,3,45
cucumber,pipino,dry,tropical_lowland,32.4,66.1,3.0,7.8,6.3,59.3,clay,organic,weekly,every_other_day,4,35
bottle_gourd,upo_round,wet,subtropical,26.3,80.8,11.1,6.0,6.7,55.4,loamy,mixed,weekly,twice_daily,5,42
squash,kalabasa_native,wet,tropical_highland,31.8,73.7,22.4,6.7,6.3,61.2,sandy,none,none,twice_daily,3,47
squash,kalabasa,wet,subtropical,27.2,84.6,22.3,6.9,7.1,75.1,loamy,organic,none,every_other_day,4,40
sponge_gourd,patola,wet,tropical_lowland,28.9,82.5,28.0,4.4,6.1,53.6,clay,none,weekly,daily,4,40
squash,kalabasa_native,wet,tropical_lowland,29.6,75.5,27.4,5.9,6.7,76.5,sandy,organic,monthly,daily,5,45
cucumber,pipino_native,wet,subtropical,30.3,88.2,26.7,4.1,6.2,69.5,sandy,mixed,monthly,daily,4,33
cucumber,pipino_japanese,dry,tropical_highland,27.3,72.1,7.3,9.9,6.0,79.7,loamy,mixed,biweekly,every_other_day,3,33
bitter_gourd,ampalaya_bilog,wet,tropical_lowland,30.5,72.8,25.5,4.2,6.0,71.1,clay,organic,monthly,every_other_day,4,37
sponge_gourd,patola_smooth,wet,subtropical,27.1,85.4,19.5,5.2,6.5,69.3,sandy,chemical,weekly,daily,4,37
bitter_gourd,ampalaya_oblong,wet,subtropical,29.3,76.1,22.7,4.8,6.4,67.1,silty,none,monthly,daily,4,46
squash,kalabasa_hybrid,wet,tropical_highland,30.1,75.7,24.7,4.6,6.8,50.3,silty,mixed,monthly,every_other_day,3,43
cucumber,pipino_native,wet,subtropical,29.2,76.2,15.0,5.8,7.1,51.3,sandy,none,monthly,every_other_day,2,38
cucumber,pipino_japanese,dry,subtropical,32.1,63.6,9.1,8.0,6.0,79.3,clay,organic,biweekly,twice_daily,4,34
bottle_gourd,upo_long,dry,subtropical,35.0,74.6,1.0,8.7,6.1,58.5,loamy,organic,monthly,every_other_day,3,50
squash,kalabasa,dry,tropical_lowland,24.0,57.2,1.0,8.2,6.4,59.7,silty,mixed,monthly,every_other_day,4,42
cucumber,pipino_native,dry,subtropical,33.6,69.6,8.9,8.0,7.0,74.9,silty,mixed,biweekly,every_other_day,4,34
squash,kalabasa_hybrid,wet,tropical_lowland,31.2,82.5,11.1,6.6,7.1,52.1,silty,organic,biweekly,twice_daily,4,42
cucumber,pipino_japanese,dry,subtropical,26.2,61.3,0.2,7.5,5.9,68.8,silty,chemical,biweekly,every_other_day,4,31
bitter_gourd,ampalaya_bilog,dry,tropical_lowland,31.1,61.1,8.8,8.9,7.2,78.8,clay,none,biweekly,daily,3,46
bitter_gourd,ampalaya_bilog,dry,subtropical,33.2,61.4,8.9,7.3,7.1,68.4,loamy,organic,none,twice_daily,5,39
sponge_gourd,patola,dry,subtropical,34.9,58.0,9.5,8.0,6.1,53.2,silty,mixed,weekly,twice_daily,5,38
sponge_gourd,patola,wet,tropical_lowland,30.6,85.8,22.8,4.5,6.0,72.4,clay,organic,weekly,daily,4,37
sponge_gourd,patola_ridged,dry,tropical_highland,25.7,68.0,8.0,9.1,6.3,70.0,loamy,chemical,none,every_other_day,3,35
bitter_gourd,ampalaya_bilog,wet,tropical_highland,28.9,87.0,13.6,6.3,6.4,65.0,silty,chemical,monthly,daily,4,45
cucumber,pipino_japanese,dry,tropical_lowland,29.4,74.7,7.5,9.9,6.1,70.6,sandy,mixed,weekly,twice_daily,5,29
bottle_gourd,upo_smooth,wet,subtropical,26.1,80.5,17.7,4.3,6.3,67.0,silty,mixed,biweekly,twice_daily,4,46
squash,kalabasa,dry,tropical_highland,28.2,60.4,9.1,8.4,6.9,63.4,silty,organic,monthly,every_other_day,5,40
squash,kalabasa_native,dry,subtropical,29.4,57.2,3.4,7.8,6.0,69.2,loamy,chemical,weekly,twice_daily,4,42
squash,kalabasa_hybrid,dry,tropical_highland,28.9,68.2,1.9,7.4,7.1,74.6,clay,organic,monthly,every_other_day,4,40
cucumber,pipino_japanese,dry,tropical_lowland,31.8,64.2,0.2,9.0,6.6,64.6,clay,organic,biweekly,twice_daily,4,33
sponge_gourd,patola,wet,tropical_highland,29.1,82.9,22.2,4.6,6.0,57.6,clay,chemical,monthly,daily,4,39
cucumber,pipino,dry,tropical_lowland,31.0,73.1,3.8,9.3,6.6,72.9,clay,mixed,none,twice_daily,4,31
sponge_gourd,patola_smooth,wet,subtropical,27.4,81.1,15.2,6.3,6.8,73.6,clay,mixed,none,every_other_day,4,39
cucumber,pipino,dry,tropical_lowland,28.6,69.4,8.5,9.3,6.6,54.9,silty,chemical,biweekly,every_other_day,4,33
sponge_gourd,patola,dry,tropical_highland,28.3,62.0,4.7,9.1,7.0,61.0,sandy,mixed,none,twice_daily,5,38
squash,kalabasa_hybrid,wet,tropical_highland,27.9,86.4,24.1,6.2,7.0,59.6,sandy,organic,weekly,every_other_day,4,40
squash,kalabasa_hybrid,dry,tropical_highland,34.5,58.2,0.6,8.3,6.0,65.3,loamy,organic,none,daily,4,40
bitter_gourd,ampalaya_bilog,dry,subtropical,34.9,74.0,7.4,8.4,7.0,66.8,silty,organic,monthly,every_other_day,3,41
squash,kalabasa_native,dry,tropical_highland,24.5,70.4,9.4,7.8,5.8,74.3,sandy,organic,none,daily,3,42
sponge_gourd,patola_ridged,dry,tropical_lowland,26.9,71.0,1.2,7.8,7.1,59.3,loamy,organic,monthly,every_other_day,4,37
bottle_gourd,upo_round,dry,tropical_highland,33.3,72.5,8.0,7.1,5.9,62.2,silty,chemical,none,twice_daily,4,47
sponge_gourd,patola_smooth,wet,tropical_highland,26.6,89.9,26.1,6.3,6.6,53.6,clay,chemical,none,every_other_day,4,39
squash,kalabasa_hybrid,dry,tropical_lowland,24.2,66.8,4.5,7.6,6.2,78.0,sandy,none,monthly,twice_daily,4,47
bitter_gourd,ampalaya_oblong,wet,tropical_lowland,26.8,75.0,17.2,4.1,6.8,54.5,loamy,organic,none,daily,5,39
cucumber,pipino,wet,tropical_highland,28.0,82.9,13.1,6.8,7.1,71.0,clay,organic,none,daily,4,32
bitter_gourd,ampalaya_oblong,dry,tropical_lowland,27.9,69.2,9.2,7.8,6.5,70.0,loamy,chemical,weekly,twice_daily,4,42
cucumber,pipino,dry,tropical_lowland,33.3,68.3,8.1,9.7,7.2,53.4,loamy,none,monthly,daily,4,35
cucumber,pipino,dry,tropical_lowland,31.1,63.8,9.7,9.0,6.5,51.2,loamy,none,weekly,daily,3,38
sponge_gourd,patola_ridged,wet,tropical_lowland,27.3,70.5,16.5,6.5,6.2,75.3,loamy,mixed,biweekly,daily,4,39
bottle_gourd,upo_smooth,wet,subtropical,26.3,74.8,18.4,4.7,6.3,54.3,silty,none,none,daily,4,49
sponge_gourd,patola_ridged,dry,tropical_lowland,31.7,61.5,1.4,7.2,6.4,64.3,loamy,chemical,monthly,twice_daily,4,35
squash,kalabasa_native,wet,tropical_lowland,29.3,82.8,26.5,4.4,6.0,77.1,sandy,none,monthly,twice_daily,3,49
sponge_gourd,patola,wet,subtropical,29.7,87.1,21.3,5.7,6.5,78.8,loamy,mixed,monthly,every_other_day,5,36
bottle_gourd,upo_round,wet,tropical_lowland,29.3,79.9,27.1,4.4,6.6,70.3,silty,mixed,none,daily,4,46
bottle_gourd,upo_long,dry,tropical_lowland,30.1,57.9,1.1,9.8,6.8,53.7,sandy,mixed,none,daily,4,47
squash,kalabasa_hybrid,dry,tropical_lowland,27.4,64.6,9.1,8.1,6.9,50.3,silty,organic,weekly,twice_daily,4,39
squash,kalabasa_hybrid,wet,tropical_highland,30.9,77.0,16.2,4.3,6.7,54.7,loamy,organic,biweekly,daily,4,42
sponge_gourd,patola,dry,tropical_highland,32.4,57.4,3.4,7.9,6.1,58.6,clay,chemical,weekly,every_other_day,3,42
cucumber,pipino_native,wet,subtropical,30.1,79.8,26.3,4.3,6.0,71.2,clay,chemical,weekly,twice_daily,4,33
bitter_gourd,ampalaya_bilog,wet,subtropical,27.7,81.0,20.4,6.3,6.6,72.4,silty,organic,weekly,daily,5,38
bottle_gourd,upo_smooth,wet,subtropical,30.0,73.7,21.3,5.2,6.6,50.6,loamy,none,biweekly,every_other_day,4,44
cucumber,pipino,dry,subtropical,26.5,69.9,0.6,8.4,7.1,73.2,loamy,mixed,monthly,every_other_day,3,33
sponge_gourd,patola_ridged,wet,tropical_highland,27.2,70.8,20.8,4.3,6.1,64.4,clay,chemical,weekly,daily,4,39
cucumber,pipino_native,dry,tropical_highland,31.0,75.0,4.0,8.0,6.6,52.2,sandy,none,monthly,daily,5,36
bottle_gourd,upo_long,dry,tropical_highland,28.0,70.4,2.2,8.0,5.9,76.6,loamy,none,none,twice_daily,4,50
sponge_gourd,patola,wet,tropical_highland,29.0,85.2,29.4,5.8,6.8,77.2,loamy,chemical,none,every_other_day,4,41
bottle_gourd,upo_long,wet,tropical_highland,26.7,77.8,12.6,5.2,7.1,73.5,silty,mixed,biweekly,daily,4,45
cucumber,pipino,dry,tropical_highland,31.3,65.7,2.7,8.1,6.1,51.9,clay,none,monthly,twice_daily,3,38
squash,kalabasa_hybrid,wet,tropical_lowland,31.8,77.0,18.8,4.3,6.0,69.3,silty,organic,biweekly,daily,4,47
bitter_gourd,ampalaya_hybrid,wet,subtropical,29.1,84.7,24.8,6.5,6.5,65.0,loamy,none,monthly,daily,4,44
cucumber,pipino,wet,tropical_lowland,28.3,81.9,20.8,6.6,6.0,55.8,sandy,none,none,daily,3,38
bottle_gourd,upo_round,wet,tropical_lowland,31.3,79.6,10.5,5.0,6.3,72.9,sandy,mixed,none,every_other_day,3,48
bottle_gourd,upo_long,wet,subtropical,29.4,71.4,25.2,5.4,7.1,71.2,clay,none,biweekly,every_other_day,3,52
cucumber,pipino_native,wet,tropical_lowland,30.8,73.5,13.8,5.7,6.5,68.8,silty,chemical,biweekly,daily,4,36
sponge_gourd,patola,wet,subtropical,31.9,89.2,29.6,5.6,6.5,65.5,sandy,none,biweekly,every_other_day,3,43
cucumber,pipino_japanese,dry,tropical_highland,32.9,60.5,8.8,7.8,6.3,61.8,silty,organic,weekly,daily,3,32
sponge_gourd,patola_smooth,wet,tropical_lowland,29.6,84.9,23.0,6.4,7.1,67.7,silty,chemical,biweekly,every_other_day,4,42
sponge_gourd,patola_smooth,wet,subtropical,26.2,72.5,25.5,5.8,7.2,77.6,loamy,chemical,monthly,daily,3,39
bitter_gourd,ampalaya_bilog,dry,subtropical,29.7,74.6,5.1,8.4,5.8,52.6,sandy,chemical,monthly,twice_daily,3,44
cucumber,pipino_native,dry,tropical_highland,32.1,63.4,7.0,7.4,6.3,68.9,silty,chemical,none,every_other_day,3,36
bottle_gourd,upo_long,dry,subtropical,25.9,71.9,9.4,10.0,6.9,68.2,clay,organic,biweekly,daily,5,40
bitter_gourd,ampalaya_hybrid,wet,tropical_lowland,31.2,87.6,15.8,4.1,6.1,56.8,clay,none,biweekly,daily,4,38
cucumber,pipino_native,wet,subtropical,27.0,81.7,26.8,4.6,6.9,57.6,silty,mixed,biweekly,daily,5,31
cucumber,pipino,wet,tropical_highland,30.3,83.2,13.3,6.5,6.2,59.1,sandy,chemical,biweekly,daily,3,34
bitter_gourd,ampalaya_bilog,dry,tropical_lowland,24.9,61.1,9.6,8.4,6.0,65.1,silty,chemical,monthly,every_other_day,3,46
sponge_gourd,patola,wet,tropical_highland,31.8,83.7,18.9,6.6,6.4,69.3,loamy,none,biweekly,every_other_day,4,43
squash,kalabasa,dry,subtropical,29.8,59.9,9.9,8.7,6.6,76.2,loamy,chemical,biweekly,twice_daily,3,50
sponge_gourd,patola_smooth,dry,tropical_highland,26.3,66.5,3.2,8.7,6.5,63.9,loamy,mixed,none,daily,4,35
squash,kalabasa_native,wet,tropical_highland,27.3,71.5,10.5,5.7,6.8,52.8,silty,mixed,weekly,daily,4,42
squash,kalabasa,wet,subtropical,27.6,80.2,29.4,4.1,7.1,54.5,clay,none,biweekly,every_other_day,3,45
cucumber,pipino_japanese,dry,tropical_lowland,24.9,73.1,8.0,9.8,6.8,51.7,sandy,none,weekly,twice_daily,4,37
bitter_gourd,ampalaya_hybrid,wet,tropical_highland,28.9,87.6,24.2,6.2,6.3,61.0,silty,organic,none,every_other_day,4,40
bitter_gourd,ampalaya_bilog,dry,subtropical,33.6,64.9,6.6,8.7,6.2,75.9,loamy,none,biweekly,every_other_day,3,48
bitter_gourd,ampalaya_hybrid,wet,subtropical,30.0,79.7,29.9,5.5,6.4,56.5,clay,none,weekly,every_other_day,3,48
bitter_gourd,ampalaya_bilog,wet,subtropical,31.2,72.4,28.3,6.0,6.5,51.8,loamy,chemical,biweekly,every_other_day,5,38
bottle_gourd,upo_round,dry,subtropical,33.4,55.8,1.4,9.5,6.3,61.5,clay,chemical,weekly,daily,4,46
sponge_gourd,patola_ridged,dry,tropical_highland,29.7,68.6,4.0,7.5,6.6,60.7,loamy,mixed,none,every_other_day,4,38
bitter_gourd,ampalaya_oblong,dry,tropical_highland,28.9,70.4,5.6,9.5,6.2,74.7,silty,none,none,twice_daily,4,44
bitter_gourd,ampalaya_oblong,wet,tropical_lowland,28.3,76.9,27.5,5.3,6.7,64.3,silty,mixed,monthly,every_other_day,4,39
squash,kalabasa_hybrid,wet,tropical_highland,28.0,84.3,28.7,5.7,5.9,51.3,loamy,mixed,none,twice_daily,3,45
cucumber,pipino_native,wet,subtropical,29.5,87.4,29.7,6.5,6.9,61.1,sandy,none,weekly,twice_daily,3,38
cucumber,pipino,wet,subtropical,31.5,89.8,14.0,5.0,6.8,61.1,loamy,organic,biweekly,twice_daily,5,30
cucumber,pipino,wet,subtropical,31.9,75.1,24.9,4.5,6.1,69.8,clay,organic,weekly,daily,5,30
sponge_gourd,patola,dry,tropical_lowland,34.0,56.6,1.2,8.8,6.3,50.5,loamy,organic,biweekly,daily,4,39
cucumber,pipino_native,wet,tropical_highland,27.9,81.1,13.9,6.1,6.4,60.7,silty,mixed,biweekly,daily,5,33
cucumber,pipino_japanese,dry,tropical_highland,25.7,73.0,5.7,9.0,7.0,74.0,silty,mixed,biweekly,daily,4,33
cucumber,pipino_japanese,wet,subtropical,27.8,79.6,27.5,6.3,6.4,58.8,loamy,none,biweekly,daily,4,34
sponge_gourd,patola_smooth,wet,tropical_lowland,30.9,74.1,18.4,5.4,7.2,75.0,sandy,chemical,weekly,daily,3,38
cucumber,pipino_native,wet,tropical_lowland,30.9,76.8,18.0,5.0,7.1,68.9,clay,none,none,daily,3,38
squash,kalabasa_hybrid,dry,tropical_highland,25.3,64.2,0.9,9.8,6.2,61.4,loamy,chemical,biweekly,every_other_day,4,40
squash,kalabasa,dry,tropical_highland,28.5,64.3,6.7,9.2,7.1,66.1,loamy,chemical,none,every_other_day,4,44
bitter_gourd,ampalaya_hybrid,wet,tropical_highland,30.2,73.2,12.0,6.1,6.6,73.1,clay,chemical,weekly,every_other_day,4,39
bottle_gourd,upo_smooth,dry,subtropical,27.5,59.0,4.8,8.6,7.2,64.7,silty,chemical,monthly,daily,4,50
bitter_gourd,ampalaya_bilog,dry,tropical_highland,26.0,73.6,9.0,9.0,6.1,59.4,silty,none,biweekly,every_other_day,4,43
bitter_gourd,ampalaya_bilog,wet,tropical_lowland,31.1,70.5,29.4,6.9,6.3,66.5,clay,chemical,monthly,daily,3,42
bottle_gourd,upo_round,dry,tropical_lowland,25.7,70.6,1.5,9.7,5.9,71.9,silty,none,biweekly,twice_daily,4,51
sponge_gourd,patola_smooth,wet,subtropical,31.7,73.6,27.0,6.9,6.6,55.9,sandy,organic,weekly,twice_daily,5,35
sponge_gourd,patola,wet,tropical_highland,31.3,77.0,10.9,4.4,5.8,72.9,silty,none,weekly,daily,3,45
squash,kalabasa_native,dry,tropical_lowland,32.4,64.2,1.7,7.0,5.8,65.3,clay,none,biweekly,every_other_day,3,50
bitter_gourd,ampalaya_bilog,dry,tropical_highland,26.6,74.9,5.4,7.3,6.3,51.2,sandy,none,biweekly,twice_daily,4,43
sponge_gourd,patola_ridged,wet,tropical_highland,27.2,72.7,11.3,6.3,6.1,72.1,clay,chemical,none,daily,4,39
cucumber,pipino_japanese,wet,subtropical,28.5,84.6,13.9,6.4,6.8,59.5,clay,mixed,weekly,twice_daily,4,32
squash,kalabasa_hybrid,dry,tropical_lowland,29.6,55.2,8.7,9.0,6.8,64.4,clay,chemical,none,daily,4,43
bitter_gourd,ampalaya_hybrid,wet,tropical_lowland,28.5,85.6,27.4,5.6,6.6,52.6,silty,mixed,monthly,every_other_day,3,40
squash,kalabasa_hybrid,wet,tropical_highland,26.7,81.7,13.9,4.5,6.5,66.3,loamy,mixed,none,every_other_day,5,41
bitter_gourd,ampalaya_bilog,dry,tropical_lowland,34.3,61.9,9.6,8.7,6.1,50.5,sandy,organic,biweekly,twice_daily,5,39
squash,kalabasa,wet,tropical_lowland,27.5,82.6,10.5,6.8,6.9,79.3,sandy,organic,biweekly,twice_daily,4,40
squash,kalabasa,wet,tropical_lowland,29.9,80.2,12.1,5.7,5.9,57.4,sandy,none,weekly,twice_daily,2,48
squash,kalabasa_hybrid,dry,subtropical,29.9,72.0,6.9,8.3,6.9,54.8,sandy,mixed,weekly,every_other_day,3,44
sponge_gourd,patola,wet,subtropical,29.4,89.9,14.1,4.7,7.0,70.3,clay,chemical,none,every_other_day,4,41
sponge_gourd,patola_smooth,dry,tropical_highland,25.6,63.4,1.6,9.1,6.7,77.0,loamy,chemical,monthly,every_other_day,3,40
sponge_gourd,patola_ridged,wet,tropical_highland,28.6,87.9,22.7,5.0,6.5,68.2,loamy,chemical,biweekly,daily,4,41
cucumber,pipino_native,dry,subtropical,33.5,64.9,3.3,7.9,6.0,72.2,sandy,none,none,twice_daily,4,38
sponge_gourd,patola,wet,subtropical,31.2,76.1,29.1,6.6,6.7,77.2,clay,none,monthly,daily,4,43
squash,kalabasa,wet,subtropical,29.7,83.1,16.6,5.8,6.9,71.3,clay,mixed,none,twice_daily,4,43
cucumber,pipino,wet,tropical_lowland,27.8,79.7,27.4,5.0,5.9,51.8,silty,organic,monthly,every_other_day,3,31
bitter_gourd,ampalaya_hybrid,wet,subtropical,26.2,73.2,17.6,6.4,6.5,67.0,clay,mixed,monthly,twice_daily,5,39
squash,kalabasa_hybrid,wet,tropical_highland,27.6,84.4,22.9,5.0,6.2,76.4,sandy,organic,weekly,every_other_day,4,39
bottle_gourd,upo_round,dry,subtropical,29.6,58.0,7.0,7.2,6.6,62.3,clay,organic,biweekly,daily,4,43
sponge_gourd,patola_ridged,wet,tropical_highland,26.5,71.3,20.7,5.8,6.0,54.5,clay,none,monthly,every_other_day,3,45
cucumber,pipino,wet,tropical_highland,26.2,75.8,18.9,5.0,7.1,77.7,sandy,mixed,none,daily,3,31
cucumber,pipino_native,dry,tropical_highland,34.8,74.0,1.1,9.2,6.9,75.0,silty,chemical,biweekly,daily,4,28
cucumber,pipino,dry,subtropical,28.8,73.4,4.1,8.5,5.9,77.1,loamy,chemical,weekly,daily,3,38
bottle_gourd,upo_long,wet,tropical_highland,31.5,83.4,24.3,6.1,6.7,78.8,sandy,chemical,biweekly,twice_daily,4,46
squash,kalabasa_native,dry,tropical_lowland,27.8,56.1,3.7,7.6,5.9,57.8,clay,chemical,none,twice_daily,3,44
sponge_gourd,patola_ridged,dry,tropical_lowland,30.3,59.5,9.6,8.5,6.9,78.3,loamy,mixed,monthly,twice_daily,4,35
bottle_gourd,upo_round,wet,tropical_lowland,26.7,81.5,28.9,4.2,6.2,78.1,loamy,organic,biweekly,daily,4,49
squash,kalabasa,dry,tropical_highland,25.0,63.7,1.6,7.6,6.6,75.5,clay,chemical,monthly,daily,3,48
squash,kalabasa_hybrid,wet,tropical_lowland,27.9,89.7,11.4,4.6,6.8,70.3,loamy,organic,monthly,every_other_day,4,40
bottle_gourd,upo_smooth,wet,subtropical,31.8,88.8,16.6,5.6,6.8,75.2,silty,mixed,monthly,daily,4,47
cucumber,pipino_japanese,dry,tropical_lowland,31.1,65.3,1.6,9.9,6.0,70.6,loamy,chemical,weekly,twice_daily,4,37
bottle_gourd,upo_round,wet,tropical_lowland,31.3,87.3,22.5,4.5,6.5,69.8,silty,none,none,daily,3,52
squash,kalabasa_native,dry,tropical_lowland,30.4,56.2,0.6,7.5,6.0,50.1,sandy,none,monthly,daily,4,49
cucumber,pipino_native,wet,tropical_highland,31.2,81.3,24.8,5.9,7.0,54.0,clay,mixed,biweekly,every_other_day,3,34
squash,kalabasa_native,wet,subtropical,27.1,70.6,15.5,6.9,6.7,53.5,silty,chemical,none,daily,3,45
bottle_gourd,upo_smooth,dry,tropical_lowland,24.2,67.7,4.4,9.4,6.8,61.3,loamy,organic,weekly,daily,4,44
sponge_gourd,patola_smooth,dry,tropical_lowland,34.2,57.9,8.7,9.2,6.3,55.6,loamy,none,weekly,every_other_day,3,45
squash,kalabasa_native,dry,subtropical,34.3,57.2,1.7,9.7,6.5,79.1,sandy,none,biweekly,daily,3,46
bitter_gourd,ampalaya_hybrid,wet,tropical_highland,29.6,84.5,21.8,6.3,6.6,79.2,loamy,chemical,biweekly,daily,4,43
squash,kalabasa,wet,tropical_highland,30.1,82.5,26.0,6.9,6.5,51.0,silty,chemical,weekly,every_other_day,4,43
sponge_gourd,patola_ridged,wet,subtropical,30.9,80.8,10.9,6.0,7.2,77.0,loamy,chemical,biweekly,twice_daily,3,42
cucumber,pipino_japanese,dry,tropical_highland,34.0,59.2,9.4,8.5,5.9,70.3,silty,organic,biweekly,twice_daily,3,37
sponge_gourd,patola_smooth,wet,subtropical,30.4,76.3,12.3,5.9,6.3,53.6,silty,chemical,monthly,every_other_day,2,42
bitter_gourd,ampalaya_hybrid,wet,subtropical,29.6,76.4,22.0,5.4,6.8,59.9,sandy,organic,weekly,twice_daily,4,42
bitter_gourd,ampalaya_hybrid,dry,tropical_lowland,27.5,71.0,1.4,9.3,6.6,68.4,sandy,organic,biweekly,twice_daily,4,42
bitter_gourd,ampalaya_oblong,wet,subtropical,27.9,85.2,25.8,6.1,6.6,68.6,loamy,chemical,weekly,daily,3,40
squash,kalabasa_hybrid,dry,tropical_lowland,28.4,71.6,1.0,8.5,6.3,73.2,silty,chemical,biweekly,daily,4,40
bitter_gourd,ampalaya_hybrid,wet,subtropical,29.8,83.3,18.8,4.5,6.2,60.0,loamy,none,monthly,daily,3,47
cucumber,pipino,wet,tropical_lowland,27.6,89.1,27.6,4.0,6.3,69.7,clay,none,biweekly,every_other_day,3,38
cucumber,pipino_japanese,wet,subtropical,28.4,77.3,29.7,5.7,7.0,55.8,silty,none,none,every_other_day,4,34
bottle_gourd,upo_round,wet,tropical_highland,29.6,72.4,19.7,6.8,7.1,79.7,sandy,organic,biweekly,twice_daily,4,43
cucumber,pipino,dry,tropical_highland,28.3,63.3,5.8,9.3,6.8,64.3,loamy,organic,weekly,every_other_day,4,36
squash,kalabasa_native,wet,tropical_highland,27.2,79.3,16.6,4.4,6.2,62.3,loamy,none,none,daily,5,50
squash,kalabasa_hybrid,wet,subtropical,31.2,76.0,14.8,6.8,6.5,63.3,sandy,organic,biweekly,twice_daily,4,41
cucumber,pipino_japanese,wet,subtropical,31.3,82.0,20.8,6.2,6.6,59.3,loamy,chemical,monthly,daily,3,33
squash,kalabasa,wet,tropical_highland,28.8,70.4,18.1,6.0,6.2,69.3,sandy,chemical,biweekly,twice_daily,4,44
bottle_gourd,upo_long,dry,tropical_lowland,30.4,56.9,2.1,8.8,6.3,53.6,clay,mixed,biweekly,every_other_day,3,45
cucumber,pipino,wet,subtropical,30.8,89.4,22.7,6.3,6.2,59.7,loamy,chemical,monthly,daily,3,35
sponge_gourd,patola_ridged,dry,tropical_lowland,31.1,74.3,3.9,9.8,7.1,73.6,sandy,none,monthly,daily,4,45
bitter_gourd,ampalaya_bilog,dry,subtropical,32.5,65.7,7.0,8.6,6.3,55.7,sandy,none,weekly,twice_daily,4,43
bottle_gourd,upo_round,wet,tropical_highland,26.4,71.2,15.9,4.2,5.8,64.5,clay,chemical,monthly,daily,3,49
sponge_gourd,patola_ridged,dry,tropical_highland,25.0,57.3,5.1,8.5,7.0,54.7,silty,organic,none,every_other_day,4,39
bottle_gourd,upo_smooth,wet,tropical_highland,31.6,83.3,15.2,6.4,6.6,68.9,clay,mixed,biweekly,twice_daily,4,46
cucumber,pipino_japanese,dry,tropical_lowland,26.5,67.8,1.5,8.4,6.2,59.9,sandy,chemical,none,daily,4,31
sponge_gourd,patola_smooth,wet,tropical_highland,30.7,72.2,17.6,6.3,6.1,60.3,clay,mixed,biweekly,daily,4,41
sponge_gourd,patola,wet,tropical_lowland,30.0,78.5,10.0,6.5,6.3,51.8,silty,chemical,none,every_other_day,3,41
squash,kalabasa_native,wet,tropical_highland,31.1,71.6,14.2,4.5,7.1,74.0,loamy,organic,weekly,every_other_day,4,39
sponge_gourd,patola_smooth,wet,subtropical,26.9,83.2,11.4,4.5,6.5,56.4,loamy,chemical,none,every_other_day,3,45
squash,kalabasa_hybrid,dry,tropical_lowland,34.4,63.4,1.0,9.2,6.7,60.9,loamy,mixed,none,daily,5,42
bottle_gourd,upo_round,wet,tropical_highland,28.8,90.0,25.1,6.6,6.3,66.7,silty,none,biweekly,twice_daily,3,51
squash,kalabasa_native,wet,tropical_lowland,29.8,78.8,15.0,4.3,6.1,72.7,loamy,mixed,monthly,twice_daily,4,46
bottle_gourd,upo_smooth,dry,tropical_lowland,28.4,58.5,9.9,7.4,6.0,72.3,clay,none,monthly,twice_daily,3,50
bottle_gourd,upo_long,wet,tropical_highland,27.4,72.5,19.3,4.9,5.9,62.6,loamy,organic,weekly,twice_daily,4,47
squash,kalabasa_native,dry,tropical_lowland,30.0,62.0,7.1,7.8,6.7,50.7,clay,mixed,monthly,daily,4,45
squash,kalabasa_native,dry,tropical_highland,27.0,55.3,1.2,7.4,6.6,75.5,clay,chemical,biweekly,daily,4,43
squash,kalabasa,wet,subtropical,28.1,71.5,16.1,5.6,7.1,75.9,silty,organic,monthly,every_other_day,4,40
bitter_gourd,ampalaya_hybrid,wet,tropical_lowland,26.1,88.9,28.2,4.3,6.5,54.1,loamy,organic,weekly,twice_daily,3,40
bottle_gourd,upo_long,wet,tropical_lowland,31.9,85.2,24.7,6.7,7.0,58.0,clay,chemical,weekly,twice_daily,3,48
bitter_gourd,ampalaya_oblong,wet,subtropical,27.2,76.1,22.4,6.9,6.0,57.6,sandy,chemical,monthly,every_other_day,3,44
bottle_gourd,upo_round,dry,tropical_lowland,31.3,57.1,6.5,9.1,6.0,72.0,sandy,chemical,none,daily,4,51
bitter_gourd,ampalaya_hybrid,wet,tropical_highland,30.0,76.9,16.8,5.8,6.5,76.9,loamy,none,weekly,every_other_day,3,45
bitter_gourd,ampalaya_oblong,dry,tropical_lowland,27.8,67.5,8.5,7.6,6.1,65.2,sandy,mixed,weekly,twice_daily,4,40
bottle_gourd,upo_smooth,wet,subtropical,27.8,84.9,11.3,5.9,6.7,70.6,silty,none,weekly,twice_daily,4,49
sponge_gourd,patola_smooth,wet,tropical_lowland,30.9,82.5,16.9,5.2,6.1,59.0,loamy,organic,none,every_other_day,4,37
bitter_gourd,ampalaya_hybrid,dry,tropical_lowland,34.2,66.1,4.9,7.1,6.4,63.0,sandy,mixed,monthly,twice_daily,5,43
bitter_gourd,ampalaya_hybrid,dry,tropical_highland,34.0,64.4,5.2,9.2,7.2,71.8,loamy,none,none,twice_daily,4,43
bottle_gourd,upo_long,wet,tropical_lowland,31.1,80.8,24.8,5.7,7.2,68.6,silty,none,biweekly,daily,3,50
cucumber,pipino_japanese,wet,tropical_highland,28.0,81.3,22.4,5.1,6.6,53.2,silty,mixed,weekly,every_other_day,4,33
bitter_gourd,ampalaya_hybrid,dry,tropical_lowland,26.1,59.4,1.4,8.2,5.9,76.1,loamy,mixed,none,twice_daily,3,44
squash,kalabasa_hybrid,dry,tropical_lowland,30.5,70.8,8.6,8.9,6.7,74.7,silty,organic,biweekly,daily,4,39
cucumber,pipino_japanese,dry,tropical_lowland,33.5,63.7,8.0,9.3,5.8,76.6,clay,none,monthly,twice_daily,4,38
squash,kalabasa,wet,tropical_highland,26.8,73.9,27.6,5.2,5.8,72.8,clay,organic,monthly,twice_daily,3,42
sponge_gourd,patola,wet,subtropical,28.0,80.6,29.1,4.1,6.8,66.4,clay,organic,weekly,daily,4,35
cucumber,pipino_native,dry,subtropical,28.2,59.6,5.0,8.0,6.9,60.8,silty,chemical,none,twice_daily,4,35
bottle_gourd,upo_smooth,dry,subtropical,28.2,67.4,4.4,8.4,6.3,71.5,clay,organic,monthly,daily,5,47
sponge_gourd,patola_ridged,dry,subtropical,24.6,72.6,5.4,9.1,6.5,67.1,sandy,chemical,none,daily,3,42
bottle_gourd,upo_round,dry,subtropical,24.4,60.4,5.1,9.5,6.4,56.7,sandy,organic,none,daily,4,43
sponge_gourd,patola,wet,subtropical,27.2,85.0,22.2,5.1,6.1,70.8,loamy,none,none,daily,5,40
sponge_gourd,patola_smooth,dry,subtropical,33.8,59.9,2.3,7.2,6.4,62.3,clay,chemical,monthly,every_other_day,3,42
sponge_gourd,patola_smooth,wet,subtropical,29.8,70.7,16.8,5.6,7.0,57.2,loamy,organic,weekly,daily,4,37
squash,kalabasa_native,dry,tropical_highland,29.3,67.5,1.8,9.9,6.3,61.1,silty,chemical,none,daily,4,44
bitter_gourd,ampalaya_bilog,dry,tropical_highland,30.0,55.7,5.9,8.4,6.3,63.7,sandy,mixed,biweekly,every_other_day,4,40
bitter_gourd,ampalaya_bilog,dry,tropical_highland,35.0,63.8,9.1,8.1,6.5,72.4,loamy,mixed,weekly,daily,3,41
cucumber,pipino_japanese,wet,tropical_lowland,26.1,73.8,17.4,5.8,6.2,79.8,clay,mixed,monthly,daily,4,33
bottle_gourd,upo_round,dry,tropical_highland,30.3,70.4,7.9,9.9,6.7,79.0,sandy,organic,monthly,twice_daily,4,44
squash,kalabasa,dry,subtropical,34.7,71.1,5.2,7.1,5.8,57.2,silty,mixed,weekly,daily,3,43
sponge_gourd,patola,wet,tropical_lowland,31.4,89.9,16.0,4.9,7.2,79.2,sandy,none,weekly,every_other_day,3,41
sponge_gourd,patola,dry,subtropical,30.9,63.5,0.1,7.3,6.3,75.2,clay,chemical,weekly,daily,3,39
sponge_gourd,patola_smooth,dry,tropical_lowland,31.4,65.8,1.0,7.4,6.6,66.3,clay,organic,biweekly,every_other_day,3,41
squash,kalabasa_native,dry,tropical_highland,25.9,65.5,4.3,8.4,5.9,79.1,loamy,mixed,biweekly,twice_daily,4,45
cucumber,pipino,wet,subtropical,27.0,70.2,24.5,6.6,6.7,55.1,clay,mixed,weekly,every_other_day,3,33
bottle_gourd,upo_smooth,wet,subtropical,28.8,74.9,22.0,4.8,6.7,57.2,sandy,none,weekly,daily,4,53
cucumber,pipino,wet,tropical_highland,30.3,72.8,19.0,5.6,6.4,55.1,sandy,mixed,none,twice_daily,4,37
cucumber,pipino,wet,tropical_highland,28.7,87.5,17.8,6.3,6.3,58.6,loamy,none,biweekly,every_other_day,3,38
cucumber,pipino,wet,tropical_highland,29.4,89.5,13.6,7.0,6.0,75.4,silty,none,monthly,twice_daily,4,37
cucumber,pipino,dry,tropical_lowland,32.3,69.0,0.2,9.3,6.6,78.3,silty,none,monthly,every_other_day,4,35
sponge_gourd,patola_smooth,wet,tropical_highland,27.1,77.0,24.2,4.9,6.8,62.6,sandy,none,none,every_other_day,4,43
squash,kalabasa_native,wet,subtropical,31.5,81.5,23.4,5.1,6.1,70.6,loamy,mixed,monthly,twice_daily,4,42
sponge_gourd,patola_ridged,wet,subtropical,29.8,72.2,10.0,6.3,7.0,65.2,clay,organic,weekly,daily,4,37
bottle_gourd,upo_long,wet,tropical_highland,27.8,87.4,22.7,5.3,6.4,73.9,sandy,mixed,biweekly,daily,4,45
sponge_gourd,patola_ridged,dry,subtropical,29.1,73.7,3.3,8.1,6.0,67.0,loamy,none,biweekly,daily,4,41
sponge_gourd,patola_ridged,wet,tropical_highland,27.8,86.8,13.4,6.8,6.1,64.5,clay,chemical,none,daily,4,39
squash,kalabasa,wet,tropical_highland,28.0,75.3,10.8,6.9,6.3,57.4,silty,none,none,twice_daily,4,47
bottle_gourd,upo_smooth,wet,tropical_lowland,29.1,75.7,18.3,6.0,6.6,51.5,loamy,chemical,none,daily,4,44
cucumber,pipino_native,dry,tropical_lowland,30.6,64.5,4.4,9.3,6.0,70.7,clay,none,weekly,twice_daily,4,38
bottle_gourd,upo_round,wet,tropical_lowland,28.8,73.5,26.3,4.6,6.1,72.1,clay,chemical,none,twice_daily,3,46
bottle_gourd,upo_long,wet,subtropical,27.7,82.9,11.7,5.2,6.8,73.2,sandy,organic,none,daily,4,47
sponge_gourd,patola_ridged,dry,tropical_lowland,24.5,55.5,7.2,9.4,6.0,58.2,sandy,mixed,monthly,every_other_day,3,39
cucumber,pipino,wet,tropical_highland,27.6,79.7,15.7,6.0,6.7,58.3,sandy,none,monthly,every_other_day,3,38
sponge_gourd,patola_smooth,dry,subtropical,29.0,71.6,9.7,7.7,6.1,78.4,sandy,mixed,none,every_other_day,3,41
squash,kalabasa_native,wet,tropical_lowland,29.4,76.2,19.0,5.9,7.2,60.4,silty,none,weekly,daily,3,45
sponge_gourd,patola,dry,tropical_highland,24.0,60.8,2.9,9.1,6.0,52.9,silty,chemical,weekly,every_other_day,4,40
bitter_gourd,ampalaya_hybrid,dry,tropical_lowland,29.1,70.1,6.4,8.0,6.5,57.8,clay,chemical,none,daily,3,43
sponge_gourd,patola_ridged,wet,tropical_highland,26.7,82.9,20.6,5.3,5.8,71.0,silty,mixed,monthly,daily,4,39
bitter_gourd,ampalaya_bilog,wet,tropical_lowland,26.8,72.5,11.7,6.6,6.5,55.5,clay,none,none,every_other_day,3,46
cucumber,pipino_native,dry,tropical_highland,34.4,57.9,8.9,7.8,6.3,64.1,loamy,chemical,monthly,every_other_day,5,35
bitter_gourd,ampalaya_bilog,wet,tropical_highland,30.5,71.3,16.4,6.7,6.5,78.5,sandy,chemical,biweekly,daily,4,41
bitter_gourd,ampalaya_oblong,dry,subtropical,29.6,67.0,4.6,7.6,7.1,73.3,silty,organic,none,daily,3,42
bottle_gourd,upo_long,dry,tropical_highland,27.9,61.7,1.4,9.9,6.8,52.0,loamy,mixed,weekly,twice_daily,3,44
cucumber,pipino_japanese,wet,tropical_highland,31.3,85.3,25.1,5.6,6.5,72.9,clay,none,monthly,twice_daily,3,37
cucumber,pipino_japanese,dry,subtropical,28.5,63.4,5.8,9.2,6.2,75.9,sandy,chemical,weekly,daily,3,33
bitter_gourd,ampalaya_hybrid,wet,subtropical,27.0,81.8,25.3,4.5,6.3,79.1,loamy,mixed,none,every_other_day,3,40
cucumber,pipino_native,dry,subtropical,30.8,58.0,5.6,9.1,7.0,78.9,silty,mixed,biweekly,every_other_day,4,33
bottle_gourd,upo_smooth,wet,tropical_lowland,27.8,82.3,10.1,5.9,6.9,75.8,loamy,none,monthly,every_other_day,3,51
squash,kalabasa_native,wet,tropical_highland,29.5,85.4,26.2,6.3,6.0,50.8,silty,chemical,monthly,every_other_day,4,43
bottle_gourd,upo_round,wet,subtropical,27.7,77.0,11.5,5.6,6.3,67.4,clay,chemical,weekly,every_other_day,3,46
bottle_gourd,upo_long,dry,subtropical,33.4,72.4,5.5,9.6,6.5,74.7,silty,none,none,every_other_day,3,53
bitter_gourd,ampalaya_hybrid,wet,subtropical,28.0,78.4,10.5,6.5,6.6,79.6,silty,chemical,weekly,daily,3,40
bottle_gourd,upo_round,wet,subtropical,31.9,82.1,28.1,4.5,6.7,69.0,silty,organic,monthly,daily,5,45
bottle_gourd,upo_round,wet,tropical_highland,28.8,71.1,19.0,5.1,6.1,54.1,clay,organic,none,daily,3,50
cucumber,pipino_japanese,dry,tropical_highland,26.9,72.9,2.0,7.1,7.1,58.1,clay,mixed,monthly,twice_daily,4,30
sponge_gourd,patola_smooth,wet,tropical_lowland,31.1,80.0,27.2,6.9,6.9,61.3,clay,none,none,every_other_day,4,38
cucumber,pipino_native,dry,tropical_highland,29.0,71.4,7.7,8.4,5.8,65.5,silty,none,biweekly,twice_daily,3,38
squash,kalabasa_native,dry,tropical_lowland,33.8,68.3,3.5,8.1,6.1,61.4,clay,mixed,none,daily,5,38
bottle_gourd,upo_smooth,wet,tropical_highland,29.8,82.3,18.1,5.2,6.8,71.1,clay,chemical,none,every_other_day,4,41
bottle_gourd,upo_smooth,dry,tropical_highland,27.4,59.9,4.0,7.0,6.9,68.5,clay,chemical,none,daily,4,50
squash,kalabasa_native,dry,tropical_lowland,34.4,56.4,3.5,9.0,6.6,77.7,silty,organic,monthly,daily,4,41
bottle_gourd,upo_round,wet,tropical_lowland,27.0,84.0,25.3,4.8,6.6,73.4,silty,organic,weekly,daily,4,43
bitter_gourd,ampalaya_bilog,wet,tropical_lowland,30.2,70.5,26.8,5.3,6.0,65.3,sandy,organic,biweekly,every_other_day,3,42
bottle_gourd,upo_round,wet,tropical_highland,28.1,79.1,13.3,4.8,6.2,55.0,clay,none,biweekly,every_other_day,4,51
bottle_gourd,upo_long,dry,subtropical,34.7,69.1,5.3,7.7,6.0,74.4,loamy,none,none,twice_daily,3,50
cucumber,pipino,wet,tropical_highland,28.4,87.0,21.9,4.4,6.6,55.4,clay,chemical,none,twice_daily,3,36
bottle_gourd,upo_long,dry,tropical_lowland,26.5,68.7,5.7,7.9,6.6,57.0,silty,mixed,biweekly,twice_daily,5,44
bottle_gourd,upo_long,dry,tropical_lowland,27.4,66.0,0.7,7.7,5.9,53.9,sandy,organic,weekly,every_other_day,3,45
bottle_gourd,upo_round,dry,subtropical,31.8,60.2,6.0,8.4,6.0,79.7,sandy,mixed,weekly,twice_daily,5,45
squash,kalabasa_hybrid,wet,tropical_highland,30.3,86.3,13.0,5.6,5.9,71.0,loamy,none,monthly,every_other_day,3,49
sponge_gourd,patola,dry,subtropical,30.6,61.9,0.7,8.4,6.2,65.4,loamy,organic,weekly,daily,4,35
bitter_gourd,ampalaya_hybrid,dry,subtropical,30.9,55.3,2.2,9.4,6.7,78.3,loamy,none,none,daily,4,43
sponge_gourd,patola_smooth,wet,tropical_highland,26.2,87.4,19.0,4.8,7.1,50.1,loamy,none,biweekly,twice_daily,3,45
bitter_gourd,ampalaya_bilog,dry,tropical_highland,34.9,72.0,3.3,8.3,7.0,70.6,silty,chemical,none,every_other_day,3,46
bitter_gourd,ampalaya_bilog,dry,tropical_lowland,25.0,56.2,3.1,8.7,6.9,57.4,sandy,organic,monthly,daily,3,44
sponge_gourd,patola,wet,tropical_lowland,30.4,80.9,18.1,4.8,7.1,72.2,clay,chemical,weekly,every_other_day,3,39
bottle_gourd,upo_smooth,dry,subtropical,30.0,61.5,2.6,9.6,6.3,63.1,loamy,chemical,biweekly,twice_daily,3,50
bottle_gourd,upo_smooth,dry,subtropical,24.4,71.8,6.3,7.8,6.7,56.3,sandy,mixed,none,every_other_day,4,44
bitter_gourd,ampalaya_oblong,wet,tropical_highland,29.5,74.2,16.9,6.6,6.1,78.3,loamy,mixed,none,twice_daily,5,35
cucumber,pipino_japanese,wet,tropical_lowland,28.2,80.6,20.0,4.9,6.1,55.9,silty,none,weekly,every_other_day,3,38
squash,kalabasa_native,dry,tropical_lowland,24.2,68.8,9.1,7.9,6.6,57.9,sandy,none,weekly,twice_daily,3,46
sponge_gourd,patola_ridged,wet,subtropical,27.1,83.7,27.5,6.1,7.1,67.4,loamy,organic,none,twice_daily,3,40
cucumber,pipino_japanese,wet,tropical_highland,29.0,78.8,12.2,4.1,7.0,68.6,loamy,mixed,none,twice_daily,4,33
squash,kalabasa,wet,tropical_lowland,26.8,70.5,26.7,4.2,6.1,69.8,loamy,none,monthly,every_other_day,4,47
squash,kalabasa_hybrid,wet,subtropical,31.9,79.3,26.8,4.8,6.1,51.0,loamy,mixed,monthly,every_other_day,4,40
bottle_gourd,upo_smooth,dry,tropical_highland,26.4,70.8,9.8,9.9,6.9,79.4,loamy,none,monthly,every_other_day,3,50
bitter_gourd,ampalaya_bilog,dry,tropical_highland,31.2,55.2,6.6,9.0,6.8,76.0,sandy,chemical,weekly,every_other_day,4,41
squash,kalabasa,wet,tropical_highland,29.6,82.6,14.1,5.7,7.0,60.8,loamy,chemical,monthly,daily,4,44
squash,kalabasa_native,wet,tropical_lowland,31.3,86.1,16.0,4.6,6.6,65.0,clay,none,biweekly,every_other_day,3,46
sponge_gourd,patola_ridged,wet,subtropical,26.6,84.2,18.9,4.6,6.7,54.1,loamy,organic,biweekly,twice_daily,4,38
cucumber,pipino_native,dry,tropical_highland,25.4,65.2,7.4,7.1,6.1,64.2,silty,chemical,weekly,every_other_day,4,35
squash,kalabasa_native,dry,tropical_lowland,30.1,70.1,0.7,9.7,6.8,69.3,sandy,chemical,weekly,every_other_day,3,44
bottle_gourd,upo_round,dry,tropical_highland,33.4,72.2,8.4,7.3,6.2,70.7,loamy,organic,none,daily,5,43
bitter_gourd,ampalaya_hybrid,dry,tropical_lowland,24.2,63.6,4.8,7.0,6.0,66.3,clay,none,weekly,daily,3,47
bitter_gourd,ampalaya_hybrid,wet,subtropical,28.1,72.2,21.6,5.6,5.8,61.5,sandy,mixed,biweekly,daily,4,39
bottle_gourd,upo_long,wet,tropical_lowland,26.5,83.5,24.2,4.6,6.9,51.0,silty,chemical,biweekly,daily,4,47
squash,kalabasa_hybrid,dry,tropical_lowland,24.3,73.9,3.8,9.0,6.1,78.3,loamy,none,none,twice_daily,4,45
bitter_gourd,ampalaya_hybrid,wet,tropical_highland,30.3,77.1,12.8,5.1,6.7,50.0,loamy,mixed,weekly,daily,4,41
bitter_gourd,ampalaya_oblong,dry,tropical_highland,27.2,61.6,0.3,8.6,6.9,74.6,loamy,none,biweekly,daily,3,48
squash,kalabasa_hybrid,dry,tropical_lowland,30.8,68.5,5.5,8.7,6.5,59.6,silty,mixed,monthly,every_other_day,4,41
bitter_gourd,ampalaya_bilog,dry,tropical_highland,26.4,73.3,9.7,9.8,6.5,68.5,silty,mixed,none,every_other_day,4,41
squash,kalabasa,wet,tropical_highland,28.6,73.8,16.0,5.1,6.2,53.0,silty,none,none,every_other_day,3,46
squash,kalabasa_native,wet,tropical_lowland,27.6,76.1,27.7,5.4,5.8,57.8,sandy,chemical,monthly,twice_daily,4,46
squash,kalabasa_hybrid,wet,subtropical,31.7,88.6,22.8,5.2,6.9,72.2,loamy,chemical,biweekly,twice_daily,4,41
bottle_gourd,upo_round,wet,tropical_highland,31.8,88.3,26.8,5.7,6.8,68.4,clay,mixed,monthly,every_other_day,4,45
bottle_gourd,upo_smooth,dry,tropical_lowland,27.1,63.3,10.0,9.0,6.7,63.1,clay,none,weekly,daily,4,48
bitter_gourd,ampalaya_bilog,dry,subtropical,32.6,71.3,8.1,8.2,6.5,50.7,silty,mixed,biweekly,daily,4,41
bottle_gourd,upo_long,wet,tropical_highland,26.0,73.2,28.8,4.8,6.1,63.8,loamy,mixed,biweekly,twice_daily,4,44
bottle_gourd,upo_long,dry,tropical_highland,32.6,68.5,4.5,8.3,6.1,74.9,clay,chemical,monthly,daily,4,50
bitter_gourd,ampalaya_hybrid,wet,subtropical,27.6,77.2,26.1,4.1,6.9,60.2,loamy,chemical,none,twice_daily,4,40
bitter_gourd,ampalaya_oblong,dry,tropical_highland,26.7,73.4,4.2,9.2,6.1,59.8,sandy,none,none,twice_daily,3,45
sponge_gourd,patola_smooth,wet,subtropical,30.6,84.6,28.4,4.7,7.1,52.7,silty,organic,biweekly,twice_daily,4,37
bottle_gourd,upo_round,wet,subtropical,29.8,72.0,18.9,4.5,6.7,78.5,loamy,organic,monthly,twice_daily,4,45
squash,kalabasa,dry,tropical_lowland,28.0,55.6,5.6,9.6,5.9,57.4,clay,organic,monthly,daily,3,42
bitter_gourd,ampalaya_hybrid,dry,tropical_lowland,31.7,71.3,8.5,7.3,6.1,53.3,silty,chemical,biweekly,every_other_day,3,45
bitter_gourd,ampalaya_bilog,dry,subtropical,27.9,66.3,8.1,9.8,6.1,60.6,loamy,chemical,none,twice_daily,3,42
bottle_gourd,upo_smooth,wet,tropical_lowland,27.2,86.5,24.3,6.3,5.9,64.1,sandy,mixed,weekly,daily,3,47
squash,kalabasa_native,wet,tropical_lowland,29.6,88.5,19.1,5.5,6.0,62.3,clay,chemical,monthly,every_other_day,3,43
sponge_gourd,patola_ridged,wet,tropical_highland,30.1,77.9,10.4,5.1,5.9,53.7,clay,mixed,none,daily,4,40
squash,kalabasa_hybrid,wet,subtropical,31.8,85.7,29.7,6.7,6.8,61.5,silty,chemical,weekly,daily,4,46
cucumber,pipino,dry,tropical_highland,25.7,66.8,0.1,8.6,5.9,50.5,sandy,none,biweekly,every_other_day,2,38
squash,kalabasa_hybrid,wet,tropical_highland,29.8,76.4,29.0,5.8,6.1,57.0,loamy,mixed,monthly,every_other_day,5,42
cucumber,pipino_native,dry,tropical_highland,29.7,58.6,1.4,9.9,6.1,51.2,loamy,chemical,biweekly,every_other_day,4,33
sponge_gourd,patola,wet,subtropical,30.2,71.4,12.4,4.6,6.2,60.8,loamy,none,monthly,every_other_day,4,44
bottle_gourd,upo_round,wet,subtropical,28.1,72.7,12.7,5.0,6.4,77.5,loamy,chemical,weekly,daily,3,44
sponge_gourd,patola_ridged,wet,tropical_highland,28.2,78.1,21.5,4.1,6.6,50.1,sandy,organic,none,daily,5,35
squash,kalabasa_native,wet,subtropical,31.7,88.4,11.7,5.9,6.1,67.3,silty,none,none,twice_daily,3,49
sponge_gourd,patola,wet,tropical_highland,29.9,87.8,24.4,4.0,6.4,52.7,sandy,organic,none,daily,5,36
bottle_gourd,upo_long,dry,tropical_highland,28.0,57.0,5.2,8.2,6.1,74.2,silty,organic,none,every_other_day,5,44
bitter_gourd,ampalaya_oblong,dry,tropical_highland,31.5,60.5,2.4,7.4,6.0,75.7,silty,mixed,none,every_other_day,4,41
cucumber,pipino,dry,tropical_highland,31.3,73.5,1.9,9.9,7.1,52.1,loamy,chemical,none,daily,3,34
bitter_gourd,ampalaya_bilog,wet,subtropical,29.5,79.7,17.3,4.3,6.5,51.0,silty,chemical,none,twice_daily,4,41
bottle_gourd,upo_smooth,dry,tropical_highland,32.4,65.1,7.1,9.1,6.5,72.2,loamy,organic,biweekly,twice_daily,4,45
bitter_gourd,ampalaya_oblong,wet,subtropical,28.2,77.6,14.6,5.7,6.5,63.8,silty,chemical,none,every_other_day,4,45
bottle_gourd,upo_smooth,wet,subtropical,29.6,73.0,14.5,5.9,6.6,56.3,clay,none,monthly,every_other_day,4,49
squash,kalabasa_hybrid,wet,subtropical,26.4,76.8,22.5,5.0,6.1,52.1,sandy,mixed,biweekly,every_other_day,4,43
sponge_gourd,patola_ridged,wet,subtropical,29.4,80.6,17.7,5.9,6.9,69.2,clay,organic,none,daily,4,36
sponge_gourd,patola,wet,subtropical,27.2,84.8,27.9,6.5,6.5,56.9,loamy,none,monthly,daily,3,41
bitter_gourd,ampalaya_bilog,dry,tropical_lowland,26.8,65.6,2.0,9.2,6.6,53.1,clay,none,biweekly,twice_daily,3,47
bitter_gourd,ampalaya_oblong,dry,subtropical,31.9,63.0,6.4,9.2,6.2,63.4,clay,mixed,weekly,daily,4,38
cucumber,pipino_japanese,dry,subtropical,28.1,56.0,2.0,8.9,6.8,71.2,loamy,none,monthly,twice_daily,3,38
bottle_gourd,upo_long,dry,subtropical,26.0,75.0,7.8,8.8,6.5,74.5,clay,chemical,weekly,daily,3,46
bottle_gourd,upo_smooth,wet,tropical_highland,29.2,84.8,13.1,4.3,6.2,76.5,clay,none,biweekly,twice_daily,4,51
bottle_gourd,upo_long,dry,tropical_highland,31.5,55.0,0.9,7.3,6.1,64.8,sandy,organic,weekly,daily,5,45
bitter_gourd,ampalaya_hybrid,wet,tropical_highland,31.2,81.0,22.7,6.4,6.9,74.7,loamy,organic,biweekly,twice_daily,4,38
squash,kalabasa,wet,tropical_lowland,30.3,87.4,29.9,6.6,7.2,54.4,loamy,none,weekly,twice_daily,3,45
cucumber,pipino,wet,tropical_highland,27.6,83.4,28.0,4.3,5.8,64.0,sandy,none,weekly,twice_daily,4,38
bitter_gourd,ampalaya_bilog,wet,tropical_highland,30.0,71.9,22.1,5.4,6.0,70.6,clay,chemical,weekly,every_other_day,3,45
bottle_gourd,upo_round,wet,tropical_highland,31.4,71.0,14.1,6.3,6.2,73.7,loamy,none,monthly,every_other_day,4,53
sponge_gourd,patola_smooth,wet,tropical_lowland,27.6,73.8,12.9,6.4,7.2,51.0,clay,organic,none,twice_daily,4,39
squash,kalabasa_native,wet,tropical_lowland,30.7,73.7,10.6,5.5,6.6,56.5,clay,mixed,biweekly,twice_daily,4,38
squash,kalabasa_hybrid,dry,subtropical,24.0,59.4,3.9,9.6,7.0,58.8,clay,chemical,biweekly,daily,3,50
bottle_gourd,upo_long,wet,tropical_highland,29.9,83.5,21.8,5.9,7.1,62.5,loamy,chemical,biweekly,every_other_day,3,49
sponge_gourd,patola,wet,subtropical,26.3,77.9,11.5,6.7,5.9,54.1,loamy,mixed,none,twice_daily,3,42
sponge_gourd,patola_ridged,wet,subtropical,29.9,77.5,24.2,5.3,7.0,56.1,silty,mixed,weekly,twice_daily,5,37
cucumber,pipino_japanese,wet,tropical_highland,28.7,79.2,27.0,5.4,6.0,60.7,loamy,mixed,none,daily,4,28
bottle_gourd,upo_long,wet,subtropical,28.8,80.9,21.2,5.9,6.4,54.5,loamy,chemical,weekly,twice_daily,4,46
bottle_gourd,upo_long,dry,tropical_lowland,34.8,60.7,0.9,7.6,6.8,57.8,loamy,organic,biweekly,twice_daily,4,47
bottle_gourd,upo_round,dry,tropical_highland,27.0,59.0,4.9,9.4,6.0,65.8,silty,organic,monthly,twice_daily,4,45
cucumber,pipino,wet,subtropical,29.9,80.4,20.3,6.3,6.4,57.1,clay,chemical,none,twice_daily,3,37
squash,kalabasa_native,dry,subtropical,24.5,62.1,2.4,8.2,6.4,69.0,silty,organic,monthly,twice_daily,5,41
cucumber,pipino_native,dry,tropical_highland,28.7,63.9,4.0,9.8,6.1,70.3,loamy,none,biweekly,daily,4,35
bottle_gourd,upo_long,wet,tropical_lowland,31.6,88.3,23.9,4.8,6.7,55.2,sandy,organic,biweekly,every_other_day,4,45
bitter_gourd,ampalaya_oblong,wet,tropical_lowland,28.2,89.6,10.5,6.9,7.1,61.8,loamy,organic,monthly,every_other_day,4,41
cucumber,pipino_japanese,dry,tropical_highland,26.4,58.6,9.1,8.4,6.8,58.6,loamy,chemical,none,twice_daily,3,35
sponge_gourd,patola_smooth,wet,tropical_lowland,28.2,74.4,25.9,6.8,6.3,62.9,clay,mixed,biweekly,daily,4,37
cucumber,pipino_native,dry,subtropical,31.2,66.8,4.0,8.3,6.7,63.9,clay,organic,biweekly,daily,4,32
squash,kalabasa,dry,subtropical,28.0,58.1,0.9,7.8,6.5,69.1,sandy,none,none,twice_daily,4,47
squash,kalabasa_native,dry,tropical_lowland,28.5,67.4,2.7,9.5,6.7,66.6,sandy,none,weekly,daily,3,48
cucumber,pipino,wet,tropical_highland,28.9,87.0,22.2,6.1,6.5,70.1,sandy,chemical,biweekly,every_other_day,4,35
sponge_gourd,patola,dry,subtropical,24.3,68.8,8.3,7.5,6.7,77.7,loamy,none,weekly,daily,3,45
bitter_gourd,ampalaya_oblong,dry,tropical_lowland,30.1,67.9,4.0,8.4,6.8,74.5,silty,organic,weekly,daily,4,36
bottle_gourd,upo_round,dry,subtropical,30.2,66.2,2.5,8.5,7.1,66.6,clay,mixed,weekly,daily,4,44
squash,kalabasa_native,dry,tropical_highland,25.2,56.2,9.2,7.3,6.5,78.3,sandy,mixed,none,every_other_day,3,41
cucumber,pipino_native,dry,subtropical,34.9,61.6,6.2,7.2,6.5,79.2,clay,chemical,biweekly,every_other_day,4,34
bottle_gourd,upo_round,dry,subtropical,31.8,58.4,2.5,8.0,5.8,67.8,clay,mixed,biweekly,daily,4,44
cucumber,pipino_native,wet,tropical_lowland,30.7,81.9,24.1,6.3,7.1,74.4,loamy,none,biweekly,twice_daily,3,37
squash,kalabasa,wet,tropical_lowland,30.7,85.4,19.2,5.2,5.9,68.2,clay,organic,monthly,twice_daily,4,41
bitter_gourd,ampalaya_bilog,wet,subtropical,28.2,85.7,16.5,5.3,6.4,72.9,clay,chemical,weekly,daily,3,42
bitter_gourd,ampalaya_hybrid,dry,tropical_lowland,24.6,69.8,7.8,9.8,6.4,54.5,sandy,mixed,none,daily,4,38
cucumber,pipino,wet,tropical_lowland,31.1,72.4,10.9,5.7,7.0,66.5,sandy,chemical,weekly,twice_daily,3,36
squash,kalabasa_hybrid,dry,tropical_lowland,25.9,69.0,5.6,8.7,6.7,61.1,loamy,none,monthly,twice_daily,4,49
bottle_gourd,upo_round,dry,tropical_highland,25.2,60.1,9.8,7.0,5.8,76.5,clay,mixed,weekly,every_other_day,3,47
cucumber,pipino_native,wet,tropical_highland,28.4,81.6,14.6,4.8,6.5,67.9,clay,mixed,weekly,twice_daily,4,33
sponge_gourd,patola_smooth,wet,subtropical,26.7,75.7,19.9,5.4,6.3,50.3,clay,mixed,biweekly,every_other_day,3,39
bitter_gourd,ampalaya_hybrid,dry,tropical_lowland,26.7,60.2,3.3,7.2,6.8,58.6,loamy,chemical,weekly,twice_daily,4,41
squash,kalabasa_native,wet,tropical_lowland,28.4,73.3,10.6,6.3,6.7,65.8,sandy,mixed,biweekly,twice_daily,4,41
sponge_gourd,patola_ridged,dry,tropical_highland,29.1,61.7,7.4,7.2,7.0,50.9,silty,organic,none,twice_daily,4,38
squash,kalabasa,wet,subtropical,30.6,74.1,26.7,6.4,6.7,70.4,clay,none,none,twice_daily,3,46
bottle_gourd,upo_smooth,wet,tropical_highland,31.6,87.7,14.6,6.9,6.6,52.6,clay,organic,biweekly,twice_daily,3,42
squash,kalabasa_native,dry,tropical_lowland,28.3,57.8,4.7,8.1,5.9,61.5,clay,mixed,monthly,twice_daily,5,44
bottle_gourd,upo_long,dry,subtropical,24.4,60.2,2.2,9.7,7.1,68.0,clay,none,none,every_other_day,3,49
bottle_gourd,upo_round,wet,tropical_lowland,28.8,88.1,20.7,5.6,5.8,63.5,sandy,mixed,none,twice_daily,4,43
bottle_gourd,upo_long,dry,tropical_lowland,30.3,71.9,3.1,7.5,6.7,72.9,silty,mixed,none,daily,3,47
bitter_gourd,ampalaya_bilog,wet,subtropical,27.4,87.8,19.5,5.4,6.2,51.3,clay,none,monthly,daily,4,41
squash,kalabasa,wet,subtropical,26.9,70.7,13.0,5.6,6.6,70.1,sandy,chemical,weekly,daily,4,45
bitter_gourd,ampalaya_bilog,dry,tropical_lowland,24.2,65.6,8.0,7.9,6.3,65.0,loamy,none,none,every_other_day,3,46
bottle_gourd,upo_smooth,dry,tropical_lowland,29.5,59.5,9.8,7.1,7.0,67.8,silty,none,weekly,every_other_day,3,48
bottle_gourd,upo_round,dry,subtropical,32.8,66.2,2.8,8.2,5.8,73.1,loamy,chemical,none,daily,3,49
sponge_gourd,patola_smooth,dry,tropical_lowland,34.7,68.9,4.8,9.1,7.2,73.8,sandy,mixed,monthly,every_other_day,4,38
bitter_gourd,ampalaya_hybrid,wet,tropical_lowland,29.1,80.6,24.5,4.9,5.9,56.3,loamy,mixed,none,every_other_day,3,44
sponge_gourd,patola,dry,subtropical,30.1,74.7,8.6,7.7,6.5,65.9,clay,chemical,none,twice_daily,3,41
cucumber,pipino_japanese,dry,subtropical,29.8,74.6,0.9,8.1,6.4,54.5,loamy,none,monthly,twice_daily,3,37
squash,kalabasa_hybrid,dry,subtropical,25.1,69.1,7.3,8.2,7.0,76.3,sandy,none,none,every_other_day,3,49
cucumber,pipino_japanese,wet,tropical_highland,28.5,76.0,22.1,6.6,6.7,76.6,silty,mixed,weekly,every_other_day,4,33
bottle_gourd,upo_round,wet,tropical_highland,31.8,82.2,17.3,5.7,6.6,53.5,loamy,mixed,none,twice_daily,5,48
sponge_gourd,patola_smooth,wet,tropical_lowland,27.6,79.7,11.0,6.7,6.3,63.7,clay,none,none,every_other_day,4,45
bitter_gourd,ampalaya_hybrid,wet,subtropical,29.6,73.3,11.9,4.5,6.9,73.7,loamy,chemical,monthly,daily,4,43
bitter_gourd,ampalaya_oblong,wet,tropical_highland,30.1,84.2,23.6,6.9,7.2,68.9,silty,organic,none,daily,4,38
sponge_gourd,patola,dry,tropical_lowland,29.5,65.3,7.5,9.1,6.7,58.5,sandy,organic,monthly,daily,4,41
squash,kalabasa_hybrid,dry,subtropical,25.3,59.8,9.4,9.4,6.8,61.3,silty,none,none,twice_daily,4,42
bottle_gourd,upo_long,dry,tropical_highland,34.7,56.8,8.2,7.6,7.1,65.0,sandy,chemical,weekly,daily,3,51
bottle_gourd,upo_smooth,dry,subtropical,33.8,62.3,2.0,8.3,6.8,57.9,clay,organic,biweekly,daily,4,47
bottle_gourd,upo_long,dry,tropical_highland,30.1,63.3,6.1,7.3,6.0,58.7,clay,none,biweekly,every_other_day,3,50
sponge_gourd,patola_ridged,dry,tropical_lowland,28.8,67.2,4.5,9.1,5.9,51.5,loamy,mixed,none,twice_daily,4,37
bottle_gourd,upo_smooth,dry,tropical_highland,32.1,65.5,3.7,9.2,6.3,73.3,silty,chemical,biweekly,twice_daily,4,48
squash,kalabasa,dry,tropical_highland,27.8,65.9,7.2,8.0,6.1,70.8,clay,none,biweekly,daily,4,46
cucumber,pipino,wet,subtropical,31.3,76.7,16.1,5.6,6.6,54.3,sandy,none,none,daily,3,35
cucumber,pipino,wet,subtropical,31.0,76.1,21.3,6.1,7.1,51.6,clay,organic,monthly,twice_daily,3,33
bitter_gourd,ampalaya_oblong,wet,tropical_highland,29.2,74.8,20.4,4.4,7.1,74.7,silty,chemical,none,daily,3,41
sponge_gourd,patola,wet,subtropical,26.9,78.5,12.6,5.5,6.4,79.5,clay,mixed,monthly,twice_daily,5,40
sponge_gourd,patola,wet,subtropical,29.4,85.2,26.6,4.3,6.4,57.0,sandy,mixed,monthly,daily,5,35
bottle_gourd,upo_long,wet,subtropical,28.2,76.4,16.2,6.8,6.4,52.6,clay,mixed,none,twice_daily,5,43
cucumber,pipino_native,wet,tropical_highland,30.5,71.6,15.1,5.1,6.7,54.8,loamy,organic,biweekly,daily,5,32
bottle_gourd,upo_round,dry,tropical_highland,29.6,71.7,0.7,8.8,7.0,62.4,loamy,mixed,monthly,twice_daily,5,45
cucumber,pipino_japanese,wet,subtropical,29.5,80.1,27.1,4.0,6.2,73.3,clay,none,weekly,every_other_day,3,35
cucumber,pipino,wet,tropical_highland,27.0,80.9,20.8,4.3,7.1,68.6,clay,none,monthly,daily,3,38
bitter_gourd,ampalaya_bilog,dry,subtropical,25.4,72.1,3.0,9.6,6.9,74.6,loamy,organic,biweekly,every_other_day,3,43
bitter_gourd,ampalaya_oblong,dry,tropical_lowland,33.4,57.3,3.3,9.5,6.2,66.7,clay,organic,biweekly,every_other_day,4,40
bottle_gourd,upo_long,dry,tropical_lowland,34.1,59.0,1.3,7.9,6.0,55.8,silty,chemical,biweekly,twice_daily,4,46
cucumber,pipino,wet,tropical_lowland,30.6,80.4,27.1,4.3,6.0,63.5,clay,chemical,monthly,daily,4,35
bitter_gourd,ampalaya_oblong,wet,tropical_highland,26.7,89.8,17.4,5.7,6.3,50.1,sandy,mixed,monthly,every_other_day,4,40
squash,kalabasa,wet,tropical_lowland,30.8,75.1,26.7,6.8,5.8,70.1,clay,chemical,monthly,twice_daily,3,48
cucumber,pipino_japanese,wet,tropical_lowland,27.2,75.2,16.8,5.0,5.9,71.0,silty,mixed,biweekly,every_other_day,3,34
bitter_gourd,ampalaya_bilog,dry,subtropical,34.1,74.3,9.9,8.3,6.3,62.8,clay,mixed,none,twice_daily,4,38
cucumber,pipino,dry,tropical_lowland,32.8,63.4,2.6,7.5,7.1,54.0,clay,organic,none,daily,3,36
bottle_gourd,upo_round,dry,tropical_highland,33.4,69.0,7.1,8.5,6.1,63.1,loamy,chemical,biweekly,twice_daily,3,52
sponge_gourd,patola,dry,tropical_highland,26.7,69.2,8.6,7.8,6.2,51.2,clay,chemical,none,daily,4,41
squash,kalabasa_hybrid,wet,tropical_lowland,27.4,82.5,14.6,6.7,7.0,78.4,loamy,organic,biweekly,twice_daily,4,42
squash,kalabasa,wet,tropical_lowland,26.1,81.1,19.7,5.0,6.7,50.8,silty,organic,biweekly,every_other_day,3,41
bitter_gourd,ampalaya_bilog,wet,subtropical,26.9,75.7,25.4,5.4,7.2,55.1,silty,none,biweekly,twice_daily,4,43
bottle_gourd,upo_round,dry,tropical_highland,25.2,58.9,6.0,9.4,6.0,60.7,clay,none,weekly,every_other_day,4,48
bitter_gourd,ampalaya_oblong,dry,tropical_highland,33.4,61.2,6.5,9.0,6.6,67.8,loamy,chemical,monthly,every_other_day,3,46
cucumber,pipino,wet,subtropical,30.8,88.8,18.3,7.0,6.4,75.6,clay,organic,biweekly,every_other_day,4,30
cucumber,pipino,wet,tropical_highland,29.4,76.6,21.2,5.0,5.9,50.4,sandy,organic,biweekly,every_other_day,4,28
sponge_gourd,patola_ridged,wet,tropical_lowland,26.4,89.1,16.2,4.8,6.8,71.5,sandy,organic,biweekly,twice_daily,4,37
cucumber,pipino_native,wet,tropical_lowland,30.2,83.3,23.4,6.2,6.8,73.4,clay,chemical,biweekly,twice_daily,3,33
cucumber,pipino,dry,subtropical,30.0,62.1,7.5,9.4,6.0,69.0,silty,chemical,monthly,twice_daily,3,35
cucumber,pipino_japanese,wet,subtropical,28.4,70.0,17.2,4.4,5.8,56.3,clay,mixed,none,every_other_day,4,33
bitter_gourd,ampalaya_hybrid,dry,tropical_highland,27.0,59.4,0.6,9.1,7.2,77.4,silty,mixed,none,every_other_day,4,42
bottle_gourd,upo_smooth,dry,tropical_highland,26.1,58.5,9.3,7.3,7.1,61.7,loamy,organic,weekly,twice_daily,4,44
cucumber,pipino,dry,tropical_highland,27.5,67.4,4.9,7.7,7.0,67.6,silty,organic,weekly,twice_daily,4,31
squash,kalabasa,dry,subtropical,31.7,56.3,7.1,8.4,7.0,67.2,loamy,none,weekly,twice_daily,3,50
bottle_gourd,upo_round,dry,tropical_highland,33.1,66.6,5.5,9.7,7.1,53.9,loamy,chemical,monthly,daily,4,46
sponge_gourd,patola,wet,tropical_highland,26.3,70.1,26.3,4.3,6.0,77.9,sandy,none,biweekly,every_other_day,4,41
bottle_gourd,upo_round,wet,tropical_lowland,28.9,71.4,18.6,5.7,6.7,66.0,silty,chemical,weekly,daily,3,48
bottle_gourd,upo_smooth,dry,subtropical,34.3,66.3,6.7,9.9,6.7,72.9,silty,mixed,weekly,twice_daily,5,44
bitter_gourd,ampalaya_oblong,wet,tropical_lowland,28.7,80.0,28.3,4.2,6.5,54.5,clay,organic,monthly,every_other_day,4,38
squash,kalabasa_native,wet,tropical_highland,28.4,89.8,26.6,5.4,6.8,60.0,silty,mixed,monthly,every_other_day,4,43
sponge_gourd,patola_ridged,dry,tropical_lowland,29.6,60.6,7.8,7.2,6.1,72.8,loamy,chemical,none,twice_daily,4,39
squash,kalabasa_native,wet,tropical_highland,29.5,77.6,24.6,5.1,6.0,57.0,clay,organic,weekly,every_other_day,4,43
sponge_gourd,patola_smooth,dry,tropical_highland,30.1,57.6,0.5,7.3,6.2,60.9,sandy,chemical,monthly,daily,4,37
sponge_gourd,patola,wet,subtropical,26.1,83.0,15.7,4.3,6.9,67.8,clay,none,weekly,daily,3,45
cucumber,pipino_japanese,dry,subtropical,33.7,72.5,0.3,9.3,6.3,60.2,sandy,chemical,weekly,twice_daily,3,34
sponge_gourd,patola_ridged,wet,tropical_lowland,30.8,84.7,13.1,5.3,6.6,60.3,loamy,mixed,monthly,every_other_day,3,37
squash,kalabasa,dry,subtropical,25.4,72.5,3.6,7.9,6.9,65.6,silty,none,biweekly,twice_daily,4,48
squash,kalabasa_native,dry,subtropical,26.8,56.1,8.5,8.3,7.1,60.7,silty,mixed,none,every_other_day,3,46
bottle_gourd,upo_smooth,wet,subtropical,29.1,83.5,27.4,5.3,7.1,75.3,sandy,organic,weekly,every_other_day,4,43
sponge_gourd,patola_smooth,wet,subtropical,29.8,70.9,16.7,4.1,5.8,79.4,clay,mixed,none,every_other_day,3,39
bottle_gourd,upo_long,wet,tropical_highland,26.6,83.2,13.5,5.3,6.7,63.4,sandy,organic,weekly,every_other_day,4,46
sponge_gourd,patola,wet,tropical_highland,31.4,81.3,12.8,6.5,6.8,55.3,sandy,mixed,weekly,every_other_day,4,39
bitter_gourd,ampalaya_hybrid,dry,tropical_lowland,33.8,60.6,7.5,7.9,6.7,75.2,silty,organic,weekly,twice_daily,4,39
cucumber,pipino_native,wet,subtropical,26.6,88.2,24.9,5.9,6.4,50.0,loamy,mixed,monthly,daily,5,33
squash,kalabasa_native,dry,tropical_lowland,27.4,75.0,1.8,9.6,6.1,59.7,sandy,chemical,biweekly,every_other_day,3,46
cucumber,pipino,wet,subtropical,26.9,82.3,17.0,4.1,7.2,74.4,clay,chemical,none,every_other_day,3,34
cucumber,pipino,dry,subtropical,33.1,70.3,3.3,9.7,6.1,71.1,loamy,chemical,none,twice_daily,4,33
squash,kalabasa_hybrid,wet,tropical_lowland,27.2,72.2,11.9,5.5,6.8,78.0,silty,chemical,monthly,twice_daily,4,42
cucumber,pipino,dry,tropical_lowland,30.1,67.0,5.8,7.6,6.0,68.2,sandy,chemical,weekly,twice_daily,3,37
bitter_gourd,ampalaya_bilog,wet,tropical_highland,31.3,89.1,13.5,4.5,6.7,71.7,loamy,mixed,none,daily,5,40
sponge_gourd,patola_ridged,wet,tropical_lowland,29.0,87.6,11.5,5.6,6.8,60.5,sandy,organic,biweekly,twice_daily,3,36
cucumber,pipino_native,wet,tropical_highland,31.8,87.5,16.5,6.0,6.0,66.5,clay,mixed,monthly,every_other_day,3,33
bottle_gourd,upo_round,wet,subtropical,31.9,79.1,26.1,5.0,6.8,60.3,silty,mixed,monthly,daily,5,45
sponge_gourd,patola,dry,tropical_lowland,31.5,74.7,5.7,7.9,5.9,64.1,sandy,chemical,biweekly,daily,4,40
bottle_gourd,upo_smooth,dry,tropical_highland,28.8,71.6,2.2,8.1,6.3,69.5,loamy,organic,weekly,daily,3,46
sponge_gourd,patola_ridged,dry,tropical_lowland,25.0,60.2,0.7,9.5,6.9,59.5,silty,none,weekly,every_other_day,3,44
bottle_gourd,upo_round,dry,subtropical,30.6,69.3,9.9,9.8,6.3,57.5,loamy,none,none,every_other_day,3,52
bottle_gourd,upo_smooth,wet,tropical_lowland,30.6,74.5,21.8,5.5,6.3,61.7,clay,chemical,biweekly,every_other_day,3,51
cucumber,pipino_japanese,dry,subtropical,24.6,55.9,5.0,9.6,6.2,54.2,silty,mixed,none,twice_daily,5,32
squash,kalabasa_hybrid,dry,subtropical,32.7,71.6,5.2,7.5,6.5,69.6,silty,none,weekly,daily,3,50
bitter_gourd,ampalaya_bilog,wet,tropical_highland,28.3,72.9,22.0,5.9,6.1,78.1,clay,none,biweekly,daily,3,45
cucumber,pipino_native,wet,subtropical,31.2,87.1,27.3,6.0,6.4,56.5,silty,chemical,weekly,twice_daily,3,36
bitter_gourd,ampalaya_hybrid,wet,tropical_highland,28.5,86.0,27.5,4.1,7.0,58.0,loamy,none,weekly,every_other_day,3,46
sponge_gourd,patola_smooth,wet,tropical_highland,31.3,86.0,18.0,6.6,5.8,65.1,sandy,chemical,biweekly,daily,3,36
cucumber,pipino,wet,tropical_highland,29.2,71.5,11.8,6.2,7.0,69.6,sandy,none,biweekly,every_other_day,4,37
cucumber,pipino,dry,tropical_highland,26.8,67.1,2.0,8.1,5.9,70.2,clay,chemical,weekly,daily,4,36
bitter_gourd,ampalaya_bilog,wet,tropical_lowland,27.7,89.1,27.3,5.2,5.9,68.0,loamy,none,monthly,daily,3,43
bitter_gourd,ampalaya_hybrid,wet,subtropical,27.1,76.2,27.7,4.1,7.2,58.9,silty,organic,monthly,twice_daily,4,41
sponge_gourd,patola,dry,subtropical,26.2,60.6,7.3,7.6,6.6,58.6,clay,chemical,biweekly,twice_daily,3,43
bottle_gourd,upo_long,dry,tropical_highland,30.0,56.4,1.4,7.7,5.8,62.2,clay,chemical,none,every_other_day,3,54
squash,kalabasa_native,wet,tropical_highland,27.3,84.7,24.7,6.6,5.8,64.6,sandy,mixed,biweekly,daily,5,43
sponge_gourd,patola_ridged,wet,tropical_lowland,30.9,88.7,23.0,6.5,6.4,74.3,clay,chemical,biweekly,daily,5,40
cucumber,pipino_japanese,dry,tropical_highland,32.2,70.4,5.2,7.7,6.2,60.8,clay,chemical,biweekly,every_other_day,3,32
squash,kalabasa,wet,tropical_highland,32.0,70.8,21.4,4.7,6.5,64.3,loamy,chemical,monthly,every_other_day,4,45
sponge_gourd,patola_ridged,dry,tropical_lowland,28.8,69.0,6.2,9.0,6.9,76.0,loamy,mixed,monthly,daily,4,40
bitter_gourd,ampalaya_oblong,wet,tropical_lowland,27.7,89.5,12.6,5.0,6.4,56.1,loamy,mixed,weekly,every_other_day,4,37
sponge_gourd,patola,dry,tropical_lowland,31.5,60.2,6.0,7.1,6.2,68.9,loamy,organic,monthly,twice_daily,5,35
sponge_gourd,patola_ridged,wet,tropical_lowland,29.8,71.1,10.7,6.5,5.9,50.8,clay,organic,weekly,daily,4,36
bottle_gourd,upo_round,dry,tropical_lowland,27.1,58.1,2.1,8.2,6.0,76.5,silty,mixed,weekly,every_other_day,4,46
squash,kalabasa_hybrid,dry,tropical_highland,33.5,62.5,5.0,7.5,5.9,61.6,sandy,mixed,weekly,daily,4,43
bitter_gourd,ampalaya_bilog,wet,subtropical,27.7,83.4,24.4,4.4,6.8,70.3,clay,none,weekly,daily,3,47
squash,kalabasa,wet,tropical_highland,27.1,75.8,21.3,7.0,6.4,60.4,clay,mixed,weekly,twice_daily,4,40
cucumber,pipino,wet,tropical_lowland,30.1,72.5,28.8,6.5,5.8,55.3,loamy,mixed,monthly,every_other_day,4,30
cucumber,pipino,wet,tropical_lowland,27.3,80.9,14.9,5.0,5.9,50.6,sandy,chemical,monthly,daily,3,34
bitter_gourd,ampalaya_hybrid,wet,subtropical,29.2,83.8,24.4,6.7,6.3,55.9,loamy,chemical,weekly,twice_daily,2,44
sponge_gourd,patola_smooth,dry,tropical_highland,29.1,72.6,5.5,9.5,6.9,59.8,clay,organic,biweekly,every_other_day,3,42
cucumber,pipino_japanese,wet,tropical_highland,26.5,79.3,20.2,5.9,6.5,80.0,clay,chemical,monthly,every_other_day,3,34
sponge_gourd,patola,wet,tropical_highland,28.5,86.2,27.7,4.3,6.7,59.1,loamy,mixed,monthly,twice_daily,4,39
bottle_gourd,upo_long,dry,subtropical,31.9,58.3,0.8,9.0,7.0,55.8,silty,chemical,biweekly,twice_daily,3,47
sponge_gourd,patola_smooth,wet,tropical_lowland,29.2,72.4,15.3,5.2,6.7,67.1,clay,mixed,none,every_other_day,5,37
bottle_gourd,upo_round,dry,subtropical,28.4,57.0,4.4,7.4,7.0,66.3,loamy,organic,biweekly,daily,4,43
squash,kalabasa_native,wet,tropical_highland,28.4,89.6,13.9,5.0,6.5,70.3,loamy,none,monthly,every_other_day,4,47
squash,kalabasa,wet,subtropical,29.0,79.5,11.4,5.9,6.5,76.6,silty,organic,biweekly,daily,4,41
sponge_gourd,patola,wet,tropical_lowland,30.3,87.5,12.1,5.6,6.8,55.5,clay,organic,none,every_other_day,4,37
squash,kalabasa_hybrid,wet,tropical_lowland,27.0,79.8,18.6,5.6,6.5,68.8,silty,none,biweekly,daily,5,43
squash,kalabasa,dry,tropical_highland,31.5,73.1,8.8,8.0,6.0,52.0,silty,none,biweekly,every_other_day,4,45
bitter_gourd,ampalaya_bilog,dry,subtropical,30.5,63.6,6.2,7.6,6.9,65.3,clay,chemical,weekly,daily,3,45
sponge_gourd,patola_ridged,wet,tropical_lowland,30.0,78.6,24.3,6.2,5.8,67.5,silty,chemical,none,daily,2,40
bitter_gourd,ampalaya_bilog,dry,tropical_lowland,26.9,70.4,3.6,8.1,5.8,52.1,clay,mixed,monthly,daily,3,43
bottle_gourd,upo_round,dry,subtropical,28.4,65.1,1.3,8.5,5.9,60.5,loamy,organic,none,daily,5,44
cucumber,pipino,wet,tropical_highland,31.4,82.4,24.7,6.4,6.2,79.4,loamy,organic,none,daily,5,35
sponge_gourd,patola_smooth,dry,tropical_highland,24.5,59.9,10.0,7.6,6.3,73.9,sandy,chemical,monthly,daily,4,38
cucumber,pipino_japanese,wet,tropical_lowland,27.9,83.9,26.7,6.8,6.0,56.6,sandy,none,none,twice_daily,4,37
squash,kalabasa,dry,tropical_highland,27.0,55.3,7.8,9.2,5.8,52.6,clay,organic,biweekly,twice_daily,3,44
bottle_gourd,upo_long,wet,tropical_highland,29.4,83.6,14.5,6.3,5.9,76.3,clay,organic,monthly,every_other_day,4,41
sponge_gourd,patola_ridged,wet,tropical_highland,31.5,85.5,29.0,6.5,6.3,68.4,silty,mixed,monthly,daily,4,35
bitter_gourd,ampalaya_hybrid,dry,tropical_highland,32.7,62.5,1.1,7.3,6.8,57.8,sandy,chemical,weekly,every_other_day,3,41
sponge_gourd,patola_smooth,wet,tropical_highland,28.0,72.8,13.4,5.4,6.8,64.3,silty,none,biweekly,daily,3,45
bitter_gourd,ampalaya_bilog,wet,subtropical,27.5,79.6,21.7,4.8,6.9,72.8,sandy,organic,monthly,twice_daily,4,40
bottle_gourd,upo_smooth,dry,subtropical,29.5,56.2,8.7,7.1,6.4,69.7,clay,organic,biweekly,every_other_day,4,41
squash,kalabasa,dry,subtropical,32.4,64.2,6.9,9.0,7.0,55.2,sandy,none,biweekly,daily,5,45
squash,kalabasa_native,dry,subtropical,31.6,65.7,0.8,8.2,6.5,78.7,clay,chemical,monthly,twice_daily,4,46
bitter_gourd,ampalaya_oblong,wet,subtropical,26.2,70.9,17.6,6.0,6.1,67.0,loamy,chemical,biweekly,every_other_day,4,40
cucumber,pipino_japanese,wet,tropical_highland,28.7,86.0,11.2,6.3,6.6,77.6,silty,none,weekly,every_other_day,2,38
bitter_gourd,ampalaya_oblong,wet,subtropical,30.7,86.5,29.5,6.6,6.7,56.4,clay,organic,biweekly,every_other_day,3,38
squash,kalabasa,dry,tropical_lowland,29.5,57.7,4.7,9.8,7.1,62.6,loamy,chemical,weekly,twice_daily,4,46
squash,kalabasa,dry,tropical_highland,34.2,73.8,9.6,7.2,6.3,71.2,silty,mixed,monthly,twice_daily,4,45
squash,kalabasa_native,wet,tropical_highland,27.5,80.6,19.4,7.0,7.1,76.3,loamy,none,monthly,daily,3,47
sponge_gourd,patola_smooth,wet,subtropical,26.1,83.9,25.6,6.7,5.9,73.4,sandy,none,monthly,every_other_day,4,43
bottle_gourd,upo_long,dry,tropical_highland,24.9,68.8,8.9,9.3,6.7,67.1,sandy,organic,none,twice_daily,3,48
bitter_gourd,ampalaya_hybrid,dry,tropical_lowland,33.1,64.2,3.9,7.1,6.3,50.5,sandy,chemical,biweekly,every_other_day,4,42
bottle_gourd,upo_round,wet,subtropical,27.1,88.7,21.6,4.4,6.8,73.3,loamy,mixed,monthly,daily,5,46
cucumber,pipino_native,wet,tropical_lowland,28.5,71.0,11.9,6.2,6.1,60.5,sandy,mixed,biweekly,daily,4,32
cucumber,pipino_native,wet,subtropical,26.1,71.2,23.1,6.0,6.7,66.0,clay,chemical,none,every_other_day,3,36
bitter_gourd,ampalaya_hybrid,dry,tropical_lowland,34.9,64.4,3.9,7.9,6.9,52.0,silty,mixed,biweekly,twice_daily,5,40
bitter_gourd,ampalaya_oblong,wet,subtropical,30.1,74.3,11.5,6.1,6.7,76.1,silty,mixed,weekly,daily,4,41
sponge_gourd,patola,dry,tropical_lowland,30.6,72.4,7.2,7.9,6.0,68.8,silty,mixed,biweekly,twice_daily,5,40
cucumber,pipino,wet,tropical_highland,28.4,85.6,18.5,5.9,6.7,61.7,silty,none,biweekly,every_other_day,3,38
squash,kalabasa_native,wet,tropical_highland,29.5,84.1,22.6,6.1,6.5,67.7,clay,mixed,monthly,every_other_day,4,38
bottle_gourd,upo_round,wet,subtropical,30.1,74.1,25.2,6.6,6.3,68.8,loamy,none,monthly,daily,4,50
sponge_gourd,patola_ridged,dry,subtropical,27.4,73.3,4.8,8.1,6.5,68.2,loamy,organic,biweekly,twice_daily,4,36
sponge_gourd,patola_ridged,wet,tropical_lowland,30.7,74.8,13.6,6.5,6.4,67.5,sandy,mixed,none,every_other_day,4,37
squash,kalabasa_hybrid,dry,subtropical,27.6,57.9,4.8,7.2,6.0,55.9,clay,organic,biweekly,twice_daily,4,42
bitter_gourd,ampalaya_bilog,wet,tropical_highland,31.8,74.1,15.1,6.6,5.8,63.5,clay,chemical,weekly,daily,4,40
bitter_gourd,ampalaya_oblong,dry,tropical_highland,33.5,62.2,8.9,7.6,7.2,76.6,loamy,mixed,biweekly,daily,3,43
sponge_gourd,patola_ridged,wet,tropical_lowland,28.5,73.5,13.0,6.4,6.3,62.6,loamy,mixed,biweekly,twice_daily,5,37
squash,kalabasa,wet,tropical_highland,29.5,76.6,25.3,5.4,6.1,76.9,silty,organic,monthly,every_other_day,4,41
sponge_gourd,patola_ridged,dry,subtropical,33.4,71.8,8.6,7.9,5.9,74.3,sandy,none,monthly,every_other_day,3,45
bottle_gourd,upo_long,wet,subtropical,29.6,73.2,28.6,4.8,6.5,57.7,loamy,organic,none,daily,4,40
sponge_gourd,patola,dry,subtropical,27.8,58.2,5.8,7.2,6.6,63.9,clay,none,weekly,daily,3,43
bitter_gourd,ampalaya_bilog,wet,subtropical,28.5,88.6,16.6,5.4,6.9,58.4,loamy,chemical,weekly,daily,4,41
sponge_gourd,patola_smooth,wet,tropical_lowland,31.4,84.6,26.2,4.6,6.1,61.7,loamy,mixed,weekly,daily,4,36
cucumber,pipino_native,wet,subtropical,27.0,85.7,17.1,4.6,7.1,74.6,clay,chemical,monthly,daily,3,32
squash,kalabasa,wet,subtropical,31.1,70.1,10.8,6.6,6.9,72.1,sandy,organic,none,daily,4,41
sponge_gourd,patola_smooth,wet,tropical_highland,28.2,70.9,14.2,5.3,7.0,60.7,sandy,mixed,none,daily,4,39
cucumber,pipino,dry,subtropical,25.0,67.5,6.7,9.6,6.0,79.3,sandy,none,none,twice_daily,4,36
bitter_gourd,ampalaya_oblong,dry,subtropical,30.8,65.9,9.6,9.7,6.8,74.9,sandy,none,biweekly,every_other_day,4,45
bottle_gourd,upo_round,dry,tropical_highland,31.7,65.3,8.0,7.9,7.1,52.4,loamy,mixed,none,daily,4,48
squash,kalabasa_hybrid,wet,subtropical,30.6,72.2,22.3,5.3,7.2,60.2,clay,chemical,weekly,daily,3,47
sponge_gourd,patola_ridged,dry,tropical_lowland,28.3,65.8,3.9,8.6,6.5,53.2,sandy,none,monthly,twice_daily,4,45
cucumber,pipino,dry,tropical_highland,29.7,55.7,3.5,9.8,6.7,75.9,loamy,chemical,biweekly,every_other_day,3,36
bitter_gourd,ampalaya_hybrid,dry,tropical_lowland,34.7,73.7,8.8,7.6,6.8,75.5,silty,organic,biweekly,daily,5,40
squash,kalabasa_hybrid,wet,subtropical,30.2,88.3,17.5,4.7,6.5,75.7,sandy,chemical,none,daily,4,45
squash,kalabasa_hybrid,wet,tropical_highland,28.9,78.2,18.5,5.1,7.1,50.1,clay,none,none,daily,4,48
sponge_gourd,patola,wet,tropical_highland,31.0,87.9,10.3,4.9,6.1,79.7,loamy,none,biweekly,daily,4,44
cucumber,pipino_japanese,dry,tropical_highland,30.2,59.2,6.8,7.2,6.0,58.8,sandy,organic,monthly,every_other_day,3,31
sponge_gourd,patola_ridged,wet,tropical_lowland,28.8,72.3,22.5,6.2,5.8,75.0,clay,mixed,biweekly,daily,4,41
squash,kalabasa,dry,tropical_highland,26.8,59.1,6.3,7.5,6.8,69.6,sandy,chemical,none,every_other_day,3,45
bottle_gourd,upo_round,dry,tropical_highland,32.2,61.2,5.4,9.5,6.4,54.3,clay,chemical,biweekly,daily,3,48
squash,kalabasa_native,wet,subtropical,28.6,83.7,29.4,7.0,6.7,60.9,clay,mixed,weekly,twice_daily,4,42
squash,kalabasa_native,wet,subtropical,27.9,83.3,26.2,6.2,6.2,65.6,silty,none,monthly,every_other_day,4,46
bitter_gourd,ampalaya_hybrid,wet,tropical_highland,28.7,79.5,26.7,4.4,7.1,57.0,clay,organic,weekly,twice_daily,4,43
bottle_gourd,upo_long,wet,tropical_highland,30.7,73.4,29.3,6.9,7.2,53.0,silty,chemical,weekly,twice_daily,4,48
sponge_gourd,patola_smooth,dry,tropical_lowland,27.6,67.6,3.0,8.3,7.0,79.1,silty,chemical,weekly,daily,4,40
sponge_gourd,patola_smooth,wet,subtropical,31.4,84.1,12.6,6.1,6.6,73.6,silty,none,weekly,twice_daily,3,44
cucumber,pipino_japanese,dry,tropical_lowland,27.8,73.7,4.6,9.6,6.0,63.7,loamy,chemical,weekly,daily,3,37
cucumber,pipino,dry,tropical_lowland,34.4,57.7,1.9,10.0,6.4,66.8,clay,none,none,twice_daily,4,38
cucumber,pipino,wet,tropical_highland,28.6,78.4,16.5,6.5,6.0,68.2,loamy,none,weekly,every_other_day,4,35
cucumber,pipino,wet,subtropical,27.6,74.0,15.3,4.8,6.3,79.8,sandy,none,weekly,every_other_day,3,38
bitter_gourd,ampalaya_oblong,wet,tropical_lowland,31.9,85.5,25.1,5.4,6.6,66.0,sandy,chemical,weekly,daily,4,41
bitter_gourd,ampalaya_oblong,dry,tropical_lowland,25.8,64.1,4.9,9.1,6.6,57.4,clay,organic,monthly,twice_daily,5,40
cucumber,pipino_japanese,dry,subtropical,29.5,70.2,3.6,9.8,6.3,60.8,sandy,chemical,none,twice_daily,5,30
bottle_gourd,upo_smooth,dry,subtropical,31.3,61.6,3.1,7.7,7.0,68.2,sandy,mixed,biweekly,daily,5,44
sponge_gourd,patola_ridged,wet,tropical_lowland,31.6,84.4,27.5,7.0,6.2,72.6,loamy,chemical,biweekly,twice_daily,4,39
squash,kalabasa,wet,subtropical,29.1,78.4,15.5,6.1,6.2,65.4,silty,organic,none,twice_daily,4,41
bottle_gourd,upo_smooth,wet,tropical_highland,28.1,83.3,25.3,4.8,6.0,69.7,clay,none,none,daily,4,47
cucumber,pipino_native,wet,tropical_lowland,30.3,73.0,18.0,5.1,6.7,60.7,loamy,none,weekly,daily,3,38
squash,kalabasa,wet,tropical_highland,30.4,76.6,24.1,5.8,7.0,64.1,loamy,none,none,twice_daily,3,48
cucumber,pipino_native,wet,subtropical,30.0,77.5,11.7,5.2,5.9,50.6,clay,chemical,weekly,every_other_day,2,36
sponge_gourd,patola_ridged,dry,tropical_highland,32.8,69.0,4.8,7.1,6.7,79.0,silty,organic,monthly,daily,5,38
sponge_gourd,patola_ridged,wet,tropical_lowland,30.0,73.4,27.5,6.4,6.8,60.2,clay,mixed,weekly,twice_daily,5,39
sponge_gourd,patola_smooth,dry,subtropical,25.8,55.9,9.7,8.9,6.9,60.8,loamy,organic,biweekly,daily,5,39
sponge_gourd,patola_smooth,wet,tropical_lowland,28.0,81.7,16.0,5.4,6.7,79.3,loamy,none,none,twice_daily,3,45
bottle_gourd,upo_smooth,dry,subtropical,26.3,58.6,9.7,7.1,7.1,77.9,clay,mixed,biweekly,daily,4,46
squash,kalabasa,wet,tropical_lowland,27.1,83.4,29.8,5.2,5.9,60.3,sandy,mixed,monthly,every_other_day,4,42
cucumber,pipino,wet,tropical_lowland,29.5,72.1,21.7,4.0,7.2,68.9,sandy,none,weekly,every_other_day,3,36
bottle_gourd,upo_smooth,wet,tropical_lowland,27.3,85.0,28.9,5.1,7.1,53.0,loamy,none,biweekly,twice_daily,4,46
bitter_gourd,ampalaya_bilog,dry,tropical_highland,28.9,59.8,8.0,9.3,6.3,67.4,clay,chemical,weekly,daily,4,41
bottle_gourd,upo_long,dry,tropical_lowland,33.6,68.3,3.6,9.9,6.6,64.5,sandy,mixed,none,daily,4,49
bitter_gourd,ampalaya_bilog,wet,tropical_lowland,31.6,81.3,10.6,5.7,7.0,54.3,sandy,mixed,weekly,twice_daily,5,37
sponge_gourd,patola_ridged,dry,tropical_highland,31.2,71.4,3.0,8.1,6.3,61.5,clay,chemical,weekly,every_other_day,4,41
bitter_gourd,ampalaya_bilog,wet,tropical_highland,26.4,82.7,14.6,4.3,5.9,66.8,sandy,chemical,monthly,every_other_day,2,43
cucumber,pipino,dry,tropical_lowland,31.2,62.3,5.8,8.0,6.5,64.5,loamy,none,weekly,twice_daily,4,37
sponge_gourd,patola_smooth,wet,subtropical,30.2,77.8,17.6,5.3,5.9,58.5,sandy,mixed,none,every_other_day,3,38
squash,kalabasa,wet,subtropical,31.1,87.2,23.1,4.7,6.1,62.4,silty,organic,biweekly,daily,4,42
cucumber,pipino_native,wet,tropical_highland,27.6,83.9,21.3,4.0,6.3,56.5,clay,organic,weekly,daily,4,32
squash,kalabasa_native,dry,subtropical,32.9,59.1,7.5,9.1,7.0,73.6,silty,mixed,monthly,every_other_day,4,42
bottle_gourd,upo_round,dry,tropical_highland,30.0,59.8,9.7,7.9,7.2,54.8,loamy,chemical,none,twice_daily,3,46
bottle_gourd,upo_long,wet,tropical_highland,31.2,78.4,22.8,6.1,6.8,62.4,loamy,mixed,none,daily,4,48
bitter_gourd,ampalaya_hybrid,dry,tropical_lowland,30.7,72.6,4.8,9.6,7.1,78.2,silty,chemical,biweekly,every_other_day,4,37
sponge_gourd,patola_ridged,dry,subtropical,34.7,70.6,2.8,8.7,7.2,70.6,loamy,chemical,biweekly,daily,3,40
bitter_gourd,ampalaya_oblong,wet,tropical_lowland,28.7,70.2,13.9,5.2,7.2,52.9,silty,mixed,biweekly,daily,5,37
squash,kalabasa_hybrid,dry,subtropical,30.7,68.8,0.1,9.8,6.0,53.3,silty,none,none,twice_daily,3,50
sponge_gourd,patola_smooth,wet,tropical_lowland,26.9,73.9,15.4,7.0,6.9,50.1,sandy,chemical,monthly,every_other_day,3,45
bottle_gourd,upo_round,dry,tropical_lowland,31.3,56.1,2.4,7.3,6.2,50.6,clay,organic,monthly,twice_daily,5,45
squash,kalabasa_hybrid,dry,subtropical,25.0,73.2,6.0,9.3,6.7,75.5,loamy,chemical,biweekly,twice_daily,4,44
bottle_gourd,upo_long,wet,tropical_highland,26.5,75.9,29.0,4.7,6.8,54.2,clay,none,weekly,every_other_day,3,51
bitter_gourd,ampalaya_oblong,wet,subtropical,28.9,76.8,18.3,4.7,7.0,62.6,silty,none,weekly,daily,4,44
bottle_gourd,upo_long,wet,subtropical,30.1,78.3,28.3,6.4,5.8,60.4,sandy,mixed,monthly,every_other_day,3,46
squash,kalabasa_native,wet,tropical_lowland,26.3,76.5,19.3,4.5,6.1,53.2,loamy,organic,none,twice_daily,5,42
squash,kalabasa_native,wet,tropical_lowland,29.8,70.6,20.7,5.0,6.7,67.3,clay,chemical,none,every_other_day,3,42
bottle_gourd,upo_round,wet,tropical_lowland,28.9,72.0,13.0,6.6,6.5,69.5,loamy,mixed,biweekly,every_other_day,4,43
cucumber,pipino,dry,subtropical,28.9,70.6,8.9,7.6,7.0,59.9,loamy,chemical,none,twice_daily,4,30
bitter_gourd,ampalaya_hybrid,dry,tropical_highland,29.8,73.2,6.8,7.2,5.9,76.4,clay,organic,weekly,daily,4,35
sponge_gourd,patola_ridged,dry,tropical_lowland,29.1,72.7,9.9,7.4,6.2,75.9,loamy,chemical,biweekly,daily,4,42
squash,kalabasa_hybrid,dry,tropical_lowland,28.0,65.0,1.7,9.4,6.6,66.6,sandy,organic,weekly,daily,4,43
bottle_gourd,upo_long,wet,subtropical,30.6,79.2,10.4,4.6,7.0,74.5,silty,none,biweekly,twice_daily,4,50
bitter_gourd,ampalaya_hybrid,dry,tropical_highland,28.5,66.5,8.5,9.8,7.2,55.6,clay,chemical,weekly,every_other_day,3,42
squash,kalabasa_hybrid,dry,tropical_highland,34.4,70.9,8.5,9.8,6.3,58.3,silty,mixed,weekly,daily,5,42
bitter_gourd,ampalaya_bilog,dry,subtropical,27.6,56.1,4.9,7.6,5.8,58.3,sandy,organic,weekly,every_other_day,3,40
bitter_gourd,ampalaya_bilog,wet,tropical_lowland,30.1,82.9,11.0,5.4,6.9,71.0,clay,organic,weekly,twice_daily,4,41
squash,kalabasa,wet,tropical_highland,26.2,84.8,18.4,6.9,6.5,61.2,clay,organic,monthly,twice_daily,4,40
bitter_gourd,ampalaya_bilog,dry,tropical_lowland,32.1,61.6,1.9,9.0,5.9,69.0,loamy,organic,weekly,twice_daily,3,42
bitter_gourd,ampalaya_hybrid,dry,subtropical,29.8,74.7,7.3,8.1,6.5,52.8,silty,none,monthly,daily,4,43
sponge_gourd,patola_ridged,wet,tropical_highland,28.3,77.9,22.7,4.7,6.9,50.6,silty,mixed,none,twice_daily,4,40
sponge_gourd,patola_ridged,wet,tropical_highland,27.4,71.8,14.6,5.8,7.1,60.7,silty,mixed,weekly,daily,5,35
bottle_gourd,upo_round,wet,tropical_highland,31.0,77.0,25.9,6.0,6.7,56.3,sandy,mixed,weekly,twice_daily,4,46
bitter_gourd,ampalaya_hybrid,wet,tropical_highland,29.5,74.7,24.3,5.4,7.0,64.3,clay,none,none,daily,3,47
squash,kalabasa_native,dry,tropical_highland,26.0,55.6,1.4,9.0,6.6,77.7,sandy,organic,none,twice_daily,4,42
cucumber,pipino_native,dry,tropical_highland,34.5,69.9,1.9,9.7,6.9,61.3,clay,organic,monthly,daily,4,31
bitter_gourd,ampalaya_oblong,wet,tropical_lowland,29.2,80.8,24.5,5.7,6.7,51.8,sandy,mixed,biweekly,every_other_day,4,38
squash,kalabasa,wet,tropical_lowland,30.0,79.1,16.6,5.0,6.4,50.7,loamy,chemical,biweekly,every_other_day,3,47
cucumber,pipino_japanese,dry,subtropical,24.4,60.7,2.6,7.6,6.1,57.9,clay,chemical,monthly,daily,3,33
bitter_gourd,ampalaya_bilog,dry,subtropical,33.5,65.5,1.9,8.6,5.8,50.4,clay,chemical,none,daily,4,42
cucumber,pipino_japanese,dry,subtropical,32.0,72.0,4.0,9.9,6.5,70.6,sandy,organic,none,daily,4,29
cucumber,pipino_japanese,wet,tropical_lowland,28.1,89.8,23.0,6.4,6.0,76.5,clay,mixed,biweekly,twice_daily,3,32
cucumber,pipino,wet,tropical_highland,28.6,89.9,27.7,5.9,6.1,69.3,sandy,chemical,monthly,every_other_day,3,37
cucumber,pipino_japanese,wet,subtropical,26.1,81.5,21.7,5.5,6.9,68.4,clay,none,biweekly,every_other_day,3,33
sponge_gourd,patola_smooth,dry,tropical_highland,25.0,66.7,4.8,9.1,6.8,76.3,clay,chemical,weekly,daily,4,37
bitter_gourd,ampalaya_oblong,dry,tropical_lowland,34.9,65.2,7.7,7.1,7.0,57.3,silty,none,none,daily,4,45
squash,kalabasa,dry,subtropical,31.5,55.5,7.5,7.8,6.8,75.7,sandy,mixed,none,every_other_day,4,40
cucumber,pipino,dry,tropical_highland,30.1,65.1,8.5,9.7,6.4,57.1,sandy,organic,weekly,twice_daily,4,31
sponge_gourd,patola_ridged,wet,tropical_highland,28.6,72.6,15.4,6.0,6.9,63.6,sandy,none,weekly,twice_daily,4,43
sponge_gourd,patola_ridged,wet,subtropical,28.9,83.1,23.1,4.2,6.5,51.5,silty,none,monthly,twice_daily,4,40
squash,kalabasa_hybrid,wet,tropical_lowland,28.1,88.1,22.1,6.7,6.8,79.1,clay,chemical,monthly,twice_daily,3,46
sponge_gourd,patola,wet,subtropical,30.2,75.8,18.8,6.4,6.9,65.5,silty,none,weekly,daily,4,40
bitter_gourd,ampalaya_hybrid,dry,tropical_highland,30.4,72.6,7.9,8.4,6.8,54.9,loamy,chemical,monthly,twice_daily,4,40
bottle_gourd,upo_round,wet,tropical_lowland,26.5,89.3,25.1,7.0,6.0,78.8,silty,organic,monthly,twice_daily,4,43
cucumber,pipino_japanese,dry,subtropical,33.3,67.8,7.2,8.5,6.4,66.0,sandy,organic,none,daily,3,35
squash,kalabasa_native,dry,subtropical,30.5,64.9,1.4,7.6,6.0,68.9,silty,chemical,monthly,twice_daily,4,41
sponge_gourd,patola_ridged,wet,tropical_lowland,30.4,87.5,26.6,4.4,7.2,79.6,loamy,mixed,monthly,twice_daily,4,42
squash,kalabasa_hybrid,wet,tropical_lowland,28.7,80.6,28.6,5.0,6.9,64.3,sandy,none,none,every_other_day,3,49
cucumber,pipino_japanese,dry,tropical_lowland,30.7,70.1,2.3,8.3,7.1,71.9,loamy,chemical,none,daily,4,35
sponge_gourd,patola,dry,subtropical,34.1,63.5,10.0,8.5,6.1,72.5,loamy,organic,biweekly,twice_daily,4,42
bitter_gourd,ampalaya_oblong,wet,tropical_lowland,27.3,84.0,18.1,5.0,5.9,71.8,loamy,chemical,monthly,twice_daily,4,41
cucumber,pipino,wet,tropical_lowland,26.8,79.9,20.2,4.4,6.4,79.7,loamy,chemical,none,every_other_day,4,32
bottle_gourd,upo_long,dry,tropical_highland,27.1,63.1,3.2,9.7,6.6,75.6,sandy,none,biweekly,daily,4,49
sponge_gourd,patola_smooth,wet,tropical_highland,31.2,76.0,13.9,4.4,6.7,76.1,sandy,chemical,weekly,every_other_day,3,45
cucumber,pipino_japanese,wet,tropical_highland,26.0,74.3,27.4,6.1,5.9,52.3,sandy,none,monthly,daily,4,38
cucumber,pipino,dry,tropical_lowland,27.2,70.4,5.2,9.3,6.6,75.6,silty,mixed,weekly,twice_daily,4,31
bitter_gourd,ampalaya_bilog,wet,subtropical,28.9,80.5,22.5,6.4,7.1,72.1,silty,organic,monthly,twice_daily,4,40
squash,kalabasa_hybrid,dry,tropical_lowland,26.6,55.5,0.5,7.3,6.7,58.5,sandy,chemical,monthly,twice_daily,3,42
squash,kalabasa,wet,tropical_highland,31.3,84.7,12.5,6.1,5.9,75.3,sandy,mixed,weekly,twice_daily,5,42
squash,kalabasa_native,dry,tropical_lowland,29.4,67.4,3.5,9.0,6.8,78.5,silty,mixed,weekly,twice_daily,4,40
sponge_gourd,patola,wet,tropical_lowland,26.8,81.9,14.8,6.9,6.4,58.9,clay,organic,none,daily,4,35
sponge_gourd,patola_ridged,wet,tropical_highland,26.2,87.8,25.7,5.3,6.5,53.8,loamy,none,biweekly,every_other_day,3,44
bottle_gourd,upo_smooth,wet,tropical_highland,28.1,70.5,14.0,6.4,6.8,61.6,silty,mixed,none,twice_daily,4,47
bottle_gourd,upo_long,dry,tropical_lowland,31.6,67.1,3.8,9.2,6.7,50.3,silty,organic,biweekly,every_other_day,4,44
sponge_gourd,patola_ridged,dry,tropical_lowland,27.4,61.4,0.9,9.7,6.4,77.3,silty,organic,monthly,daily,5,35
sponge_gourd,patola,wet,subtropical,26.2,74.6,28.2,5.9,5.8,54.2,loamy,none,weekly,daily,3,45
bitter_gourd,ampalaya_hybrid,dry,tropical_lowland,31.6,55.7,4.4,10.0,6.3,67.9,loamy,mixed,none,twice_daily,5,41
bottle_gourd,upo_smooth,dry,tropical_lowland,30.7,67.3,6.0,9.5,6.4,69.1,sandy,organic,biweekly,twice_daily,4,48
sponge_gourd,patola_smooth,dry,tropical_highland,24.9,72.9,8.5,8.0,6.8,68.0,silty,none,biweekly,twice_daily,4,41
cucumber,pipino_native,wet,subtropical,31.4,87.1,24.8,6.9,6.6,59.5,silty,organic,weekly,daily,3,34
cucumber,pipino_japanese,dry,subtropical,28.4,67.0,6.1,8.9,6.6,79.3,loamy,none,none,every_other_day,4,35
squash,kalabasa,dry,tropical_highland,29.3,70.6,1.9,9.9,6.3,67.4,sandy,chemical,weekly,every_other_day,3,44
bitter_gourd,ampalaya_hybrid,dry,tropical_lowland,24.8,65.4,6.9,9.5,6.2,50.8,loamy,chemical,monthly,every_other_day,3,44
cucumber,pipino_japanese,dry,tropical_lowland,27.5,64.1,2.2,8.9,7.1,58.5,loamy,chemical,monthly,every_other_day,3,36
bottle_gourd,upo_smooth,dry,tropical_lowland,26.6,66.3,2.2,7.4,6.4,59.3,sandy,chemical,biweekly,twice_daily,3,46
cucumber,pipino_japanese,wet,tropical_highland,30.0,87.1,28.2,4.6,7.0,54.4,silty,chemical,biweekly,every_other_day,4,31
cucumber,pipino_native,wet,tropical_lowland,30.0,85.7,14.8,4.9,7.2,59.2,clay,mixed,none,twice_daily,4,35
bitter_gourd,ampalaya_bilog,wet,tropical_highland,31.0,80.0,20.4,6.8,6.3,73.5,loamy,none,monthly,twice_daily,4,45
bottle_gourd,upo_round,wet,tropical_lowland,30.0,89.2,16.4,4.3,7.0,51.0,clay,mixed,biweekly,every_other_day,3,46
bitter_gourd,ampalaya_oblong,wet,subtropical,31.7,71.0,10.8,6.8,6.9,71.9,loamy,mixed,biweekly,every_other_day,4,42
sponge_gourd,patola,wet,tropical_lowland,31.6,84.5,29.6,4.7,6.0,53.3,sandy,organic,weekly,twice_daily,4,37
cucumber,pipino,dry,tropical_highland,29.2,58.7,3.1,8.4,6.9,72.3,loamy,chemical,weekly,daily,4,34
squash,kalabasa,dry,tropical_lowland,34.4,62.0,9.0,9.5,5.9,53.7,silty,chemical,monthly,every_other_day,4,43
sponge_gourd,patola_smooth,dry,tropical_lowland,34.5,65.5,2.0,9.4,6.1,62.5,clay,organic,biweekly,daily,4,35
squash,kalabasa_hybrid,wet,tropical_lowland,31.3,85.5,26.2,6.8,7.1,62.6,loamy,chemical,monthly,twice_daily,4,43
bitter_gourd,ampalaya_oblong,wet,subtropical,31.3,89.7,24.8,4.0,6.3,52.6,loamy,mixed,none,twice_daily,4,40
cucumber,pipino_japanese,dry,tropical_lowland,34.1,62.6,8.9,9.1,5.9,71.2,silty,mixed,none,every_other_day,4,34
cucumber,pipino_japanese,dry,subtropical,34.2,55.4,9.9,9.3,7.1,57.7,clay,mixed,weekly,every_other_day,5,32
bitter_gourd,ampalaya_oblong,wet,subtropical,31.0,83.9,23.7,6.4,7.1,66.1,clay,mixed,none,every_other_day,3,43
bitter_gourd,ampalaya_oblong,wet,tropical_lowland,26.6,75.9,14.0,5.0,6.4,65.7,sandy,organic,weekly,every_other_day,4,39
squash,kalabasa,dry,tropical_highland,27.4,61.9,6.8,8.5,7.1,74.7,clay,organic,biweekly,daily,3,42
bottle_gourd,upo_round,dry,subtropical,27.2,56.4,8.0,8.7,6.4,70.1,clay,none,biweekly,twice_daily,2,52
bitter_gourd,ampalaya_bilog,dry,subtropical,34.7,65.1,7.4,8.6,7.2,67.0,sandy,mixed,weekly,every_other_day,3,39
squash,kalabasa_native,wet,tropical_lowland,27.9,88.7,23.5,6.1,6.7,71.0,clay,chemical,none,daily,4,41
sponge_gourd,patola,wet,tropical_highland,27.4,87.3,19.8,5.1,6.4,71.0,loamy,organic,biweekly,every_other_day,4,39
squash,kalabasa_native,dry,tropical_lowland,31.6,60.2,8.7,7.5,5.8,78.4,sandy,none,biweekly,daily,3,44
squash,kalabasa,wet,tropical_lowland,29.3,84.2,25.4,4.8,6.4,77.2,loamy,chemical,none,twice_daily,4,42
bitter_gourd,ampalaya_bilog,wet,subtropical,27.2,75.5,19.2,6.2,6.2,59.8,sandy,mixed,monthly,twice_daily,4,38
sponge_gourd,patola_smooth,wet,tropical_highland,28.8,73.5,18.0,4.5,5.9,51.1,sandy,chemical,weekly,daily,3,41
squash,kalabasa_hybrid,dry,tropical_highland,34.6,59.5,5.6,7.7,6.6,58.5,clay,organic,weekly,twice_daily,4,43
bitter_gourd,ampalaya_hybrid,wet,subtropical,27.3,86.3,12.7,4.3,6.4,71.1,clay,chemical,biweekly,every_other_day,3,42
sponge_gourd,patola_ridged,dry,subtropical,32.9,69.3,9.7,7.1,6.0,71.4,sandy,chemical,weekly,every_other_day,4,36
sponge_gourd,patola_ridged,dry,subtropical,25.6,62.6,8.8,9.2,6.3,68.9,loamy,none,biweekly,every_other_day,3,42
sponge_gourd,patola_smooth,wet,tropical_highland,27.7,71.5,18.9,5.8,7.0,74.9,sandy,organic,none,every_other_day,4,37
sponge_gourd,patola_ridged,dry,tropical_lowland,24.4,71.8,8.4,7.7,7.0,79.8,sandy,organic,monthly,twice_daily,3,43
squash,kalabasa_native,dry,tropical_lowland,26.1,60.0,1.9,7.0,6.9,66.2,clay,organic,monthly,daily,4,41
bottle_gourd,upo_long,wet,tropical_highland,27.2,72.1,15.3,5.4,7.2,69.0,sandy,none,biweekly,every_other_day,4,49
sponge_gourd,patola,dry,subtropical,34.9,68.8,2.9,9.9,6.7,79.8,sandy,organic,biweekly,daily,5,35
squash,kalabasa_hybrid,wet,subtropical,32.0,79.1,25.2,6.6,6.1,69.2,sandy,none,none,twice_daily,4,45
cucumber,pipino,dry,subtropical,34.9,74.4,6.0,8.3,7.0,67.8,loamy,none,none,every_other_day,4,37
sponge_gourd,patola_smooth,dry,tropical_lowland,33.9,69.9,1.2,7.1,6.1,79.9,silty,mixed,none,twice_daily,4,39
bitter_gourd,ampalaya_hybrid,dry,tropical_lowland,29.6,61.3,8.0,7.8,6.4,55.3,silty,organic,monthly,daily,4,35
bottle_gourd,upo_smooth,dry,tropical_lowland,24.6,71.7,8.2,9.8,7.0,53.7,clay,organic,biweekly,daily,3,45
cucumber,pipino_native,dry,tropical_lowland,25.7,59.3,3.7,7.6,6.3,80.0,sandy,none,monthly,twice_daily,4,38
cucumber,pipino,dry,tropical_lowland,25.3,56.5,8.2,8.0,7.0,79.6,loamy,organic,monthly,every_other_day,4,30
cucumber,pipino_japanese,dry,tropical_lowland,25.4,58.4,3.2,9.5,6.0,64.9,silty,chemical,biweekly,daily,3,35
cucumber,pipino_japanese,dry,tropical_highland,30.2,67.7,9.7,7.2,6.6,50.9,loamy,organic,biweekly,twice_daily,5,32
cucumber,pipino_native,wet,tropical_highland,26.8,72.2,17.0,5.2,7.2,77.8,sandy,organic,biweekly,every_other_day,3,34
bitter_gourd,ampalaya_hybrid,dry,tropical_highland,33.3,67.7,8.6,7.2,6.2,57.9,sandy,chemical,weekly,every_other_day,3,45
squash,kalabasa,wet,subtropical,29.5,77.0,19.3,5.6,6.6,57.3,silty,none,none,twice_daily,4,44
sponge_gourd,patola_ridged,wet,subtropical,30.4,74.3,21.5,5.1,6.7,52.8,loamy,organic,weekly,daily,4,35
cucumber,pipino_native,wet,tropical_highland,28.4,71.4,19.5,6.2,6.6,72.3,loamy,organic,monthly,daily,5,30
sponge_gourd,patola_ridged,wet,subtropical,27.9,78.5,13.5,4.1,6.6,63.7,clay,none,none,every_other_day,4,43
squash,kalabasa_native,dry,tropical_lowland,33.3,68.0,0.3,8.7,6.7,71.5,loamy,organic,none,every_other_day,4,42
sponge_gourd,patola_ridged,dry,subtropical,26.9,74.6,0.9,7.3,6.8,61.0,loamy,none,biweekly,every_other_day,3,44
cucumber,pipino_native,wet,tropical_lowland,30.0,76.6,19.4,5.1,6.3,61.4,silty,none,weekly,daily,4,36
bottle_gourd,upo_long,dry,tropical_lowland,33.7,66.5,9.2,8.9,6.1,57.9,sandy,mixed,none,daily,5,47
squash,kalabasa_hybrid,wet,tropical_highland,26.1,87.6,14.9,6.8,5.9,51.7,loamy,none,monthly,twice_daily,4,48
squash,kalabasa,wet,subtropical,32.0,78.8,12.8,6.7,6.7,67.7,clay,mixed,biweekly,daily,3,44
sponge_gourd,patola_ridged,wet,tropical_highland,30.2,78.6,11.4,6.1,6.6,56.1,silty,mixed,none,daily,5,36
sponge_gourd,patola_smooth,dry,tropical_highland,28.6,72.7,4.1,8.2,5.8,66.0,loamy,organic,weekly,daily,4,36
cucumber,pipino,wet,subtropical,26.5,87.7,15.7,4.3,6.5,58.2,sandy,chemical,biweekly,every_other_day,3,32
cucumber,pipino_japanese,wet,subtropical,29.4,85.3,23.5,6.9,6.8,73.0,sandy,none,weekly,twice_daily,4,33
bitter_gourd,ampalaya_hybrid,dry,tropical_lowland,33.3,62.7,4.5,8.6,6.1,72.8,silty,mixed,weekly,twice_daily,5,41
cucumber,pipino_japanese,dry,tropical_lowland,33.8,61.2,6.2,7.5,6.6,63.8,loamy,mixed,biweekly,twice_daily,5,34
cucumber,pipino_native,dry,subtropical,29.6,64.1,6.9,9.7,6.3,63.2,silty,mixed,monthly,twice_daily,5,28
sponge_gourd,patola_smooth,wet,tropical_lowland,29.5,73.1,13.0,5.7,6.8,67.7,sandy,chemical,none,twice_daily,4,39
cucumber,pipino_native,wet,tropical_highland,30.4,70.4,24.3,4.3,6.8,77.0,clay,none,monthly,every_other_day,3,38
cucumber,pipino,dry,subtropical,32.2,68.4,3.4,7.2,6.9,71.3,sandy,none,none,daily,3,36
bottle_gourd,upo_smooth,wet,tropical_lowland,30.6,84.1,13.1,6.5,6.6,59.0,sandy,mixed,monthly,twice_daily,5,43
squash,kalabasa,wet,tropical_lowland,30.8,70.3,29.5,6.5,5.9,61.9,loamy,mixed,weekly,twice_daily,3,43
cucumber,pipino,dry,tropical_lowland,25.2,58.7,8.1,9.7,6.7,57.3,clay,chemical,biweekly,every_other_day,3,35
cucumber,pipino,dry,subtropical,30.1,60.4,9.7,9.0,6.1,71.6,sandy,organic,monthly,every_other_day,3,32
squash,kalabasa,wet,tropical_lowland,28.6,76.2,20.2,4.4,6.6,74.9,loamy,chemical,none,twice_daily,3,48
bottle_gourd,upo_long,wet,tropical_lowland,28.7,73.5,10.3,6.4,7.2,70.2,sandy,mixed,none,daily,4,44
bitter_gourd,ampalaya_bilog,wet,subtropical,29.3,74.1,28.6,5.4,6.1,67.8,loamy,mixed,weekly,daily,5,38
sponge_gourd,patola,wet,tropical_lowland,28.3,72.5,26.9,6.0,6.8,55.1,clay,chemical,monthly,twice_daily,4,39
squash,kalabasa_native,dry,tropical_highland,31.3,61.8,3.0,7.3,7.1,58.4,sandy,chemical,biweekly,every_other_day,3,45
squash,kalabasa,dry,subtropical,25.9,66.1,5.8,7.3,6.6,52.4,silty,organic,monthly,every_other_day,4,42
squash,kalabasa,wet,tropical_highland,31.5,78.4,27.8,4.2,5.9,63.3,clay,chemical,monthly,twice_daily,4,44
sponge_gourd,patola_ridged,wet,tropical_lowland,30.2,87.9,17.1,6.1,5.9,66.7,sandy,chemical,biweekly,daily,3,42
cucumber,pipino_native,dry,tropical_lowland,24.4,69.9,5.7,8.7,7.1,57.0,loamy,chemical,monthly,every_other_day,4,36
cucumber,pipino,wet,subtropical,28.5,81.5,23.0,4.4,6.8,67.6,silty,organic,biweekly,twice_daily,4,31
bitter_gourd,ampalaya_oblong,wet,subtropical,30.3,77.6,12.8,5.6,5.8,60.4,sandy,chemical,biweekly,every_other_day,4,39
bottle_gourd,upo_round,dry,subtropical,26.7,62.1,7.0,7.9,7.0,76.1,sandy,chemical,biweekly,every_other_day,3,51
bottle_gourd,upo_smooth,dry,tropical_lowland,28.8,67.3,3.2,9.1,6.4,67.7,loamy,organic,none,twice_daily,5,43
cucumber,pipino_japanese,wet,tropical_highland,30.6,86.3,16.6,5.6,6.1,67.5,sandy,chemical,weekly,every_other_day,3,38
squash,kalabasa,wet,subtropical,30.7,75.1,23.0,4.2,6.9,57.1,clay,chemical,biweekly,twice_daily,4,41
bottle_gourd,upo_round,wet,subtropical,31.9,72.7,28.9,6.3,6.2,67.5,loamy,mixed,none,twice_daily,4,46
bottle_gourd,upo_round,dry,subtropical,25.2,59.0,7.7,7.9,7.1,51.3,clay,mixed,none,twice_daily,4,45
squash,kalabasa_hybrid,wet,subtropical,30.7,88.4,13.2,6.9,6.6,54.2,sandy,mixed,monthly,daily,4,44
bottle_gourd,upo_round,wet,subtropical,29.5,83.9,23.3,4.6,6.0,78.9,loamy,chemical,none,twice_daily,4,45
sponge_gourd,patola,wet,subtropical,29.7,74.5,15.7,5.6,6.4,60.7,loamy,none,none,twice_daily,3,45
bitter_gourd,ampalaya_bilog,wet,tropical_lowland,31.5,71.4,18.6,5.3,6.5,52.4,clay,organic,weekly,daily,5,42
bitter_gourd,ampalaya_hybrid,dry,subtropical,33.8,73.6,2.5,7.8,6.0,62.2,loamy,none,none,twice_daily,4,43
bitter_gourd,ampalaya_bilog,wet,tropical_lowland,29.1,74.2,19.7,4.9,7.0,62.0,sandy,organic,monthly,every_other_day,4,39
cucumber,pipino,dry,tropical_lowland,28.2,74.6,6.2,7.9,6.6,72.3,loamy,chemical,biweekly,every_other_day,3,36
bitter_gourd,ampalaya_hybrid,dry,tropical_highland,26.7,55.5,6.2,7.9,6.2,50.9,clay,organic,weekly,every_other_day,3,44
bottle_gourd,upo_smooth,wet,tropical_lowland,28.5,80.5,22.0,4.4,6.6,78.5,clay,chemical,weekly,daily,4,47
bitter_gourd,ampalaya_oblong,dry,subtropical,24.4,73.9,2.3,7.8,6.0,79.5,loamy,none,monthly,daily,4,48
cucumber,pipino,dry,tropical_lowland,34.2,57.2,0.0,7.8,6.1,55.0,clay,organic,monthly,daily,4,33
cucumber,pipino_japanese,dry,tropical_highland,32.3,63.6,8.9,8.2,6.8,68.3,loamy,none,none,every_other_day,3,38
sponge_gourd,patola_ridged,wet,tropical_lowland,27.0,78.8,19.1,6.3,6.5,63.8,loamy,none,monthly,daily,3,38
sponge_gourd,patola_ridged,wet,tropical_lowland,26.4,73.1,24.2,6.8,6.0,78.4,silty,chemical,biweekly,twice_daily,3,40
bottle_gourd,upo_round,wet,tropical_lowland,26.2,73.9,19.0,4.1,6.2,60.3,sandy,mixed,biweekly,every_other_day,4,46
bottle_gourd,upo_round,dry,subtropical,28.4,61.3,5.0,9.9,5.8,50.5,clay,mixed,weekly,every_other_day,3,46
sponge_gourd,patola_ridged,wet,tropical_lowland,27.1,73.2,26.7,5.4,6.4,57.4,sandy,organic,biweekly,twice_daily,4,35
bottle_gourd,upo_round,dry,tropical_highland,31.6,68.9,3.2,7.1,5.8,54.3,loamy,organic,weekly,twice_daily,3,49
cucumber,pipino_native,dry,tropical_lowland,28.5,56.7,7.0,8.8,6.6,64.6,loamy,mixed,biweekly,daily,4,30
squash,kalabasa_hybrid,dry,subtropical,32.7,63.0,2.1,7.1,6.7,53.7,sandy,organic,weekly,every_other_day,5,37
cucumber,pipino,dry,subtropical,33.8,71.0,6.4,7.4,6.4,70.6,loamy,chemical,biweekly,every_other_day,4,35
bottle_gourd,upo_smooth,dry,subtropical,24.5,71.3,2.5,7.3,6.9,56.1,silty,none,none,twice_daily,3,52
squash,kalabasa,dry,subtropical,25.6,62.1,9.0,8.5,6.0,52.2,silty,none,weekly,twice_daily,4,44
bottle_gourd,upo_long,dry,subtropical,27.0,68.8,7.5,9.7,6.8,51.5,sandy,organic,none,every_other_day,3,48
sponge_gourd,patola,wet,tropical_lowland,29.5,70.3,19.4,4.6,6.5,79.4,loamy,mixed,biweekly,every_other_day,3,39
bottle_gourd,upo_smooth,wet,tropical_lowland,28.3,80.3,23.3,4.5,6.9,62.5,clay,mixed,biweekly,twice_daily,4,46
cucumber,pipino,wet,tropical_highland,29.9,75.5,13.5,4.3,7.1,67.1,sandy,none,weekly,daily,3,38
sponge_gourd,patola,wet,subtropical,29.3,80.7,24.7,4.9,7.2,58.6,clay,organic,weekly,every_other_day,4,39
bottle_gourd,upo_round,wet,tropical_highland,28.0,79.5,23.2,4.4,6.2,78.1,sandy,organic,none,daily,4,48
sponge_gourd,patola,wet,subtropical,29.0,79.0,25.6,5.3,7.0,64.1,loamy,chemical,none,daily,3,39
sponge_gourd,patola_smooth,dry,tropical_highland,30.8,63.2,7.9,7.3,6.2,73.8,clay,organic,weekly,twice_daily,3,39
squash,kalabasa,wet,tropical_lowland,28.7,78.0,24.1,6.4,6.4,68.0,clay,mixed,none,daily,4,45
cucumber,pipino,dry,tropical_highland,27.6,57.8,0.9,8.7,6.5,69.1,loamy,organic,none,twice_daily,5,31
sponge_gourd,patola,wet,subtropical,28.0,77.6,18.6,5.3,6.9,63.6,clay,chemical,none,daily,3,39
squash,kalabasa,dry,tropical_highland,33.3,63.8,8.6,8.1,6.9,50.8,loamy,chemical,none,every_other_day,4,42
bottle_gourd,upo_round,dry,tropical_lowland,32.5,67.9,0.6,9.5,6.4,73.4,sandy,mixed,weekly,twice_daily,4,44
squash,kalabasa_native,dry,tropical_highland,30.0,58.9,4.3,9.6,6.3,69.8,clay,organic,monthly,twice_daily,4,40
bitter_gourd,ampalaya_bilog,dry,tropical_highland,29.5,63.3,0.2,8.4,6.0,79.1,sandy,chemical,biweekly,daily,3,39
bottle_gourd,upo_smooth,wet,tropical_highland,27.2,71.9,24.1,5.7,5.8,65.4,loamy,chemical,biweekly,twice_daily,3,47
bitter_gourd,ampalaya_oblong,dry,tropical_lowland,33.5,70.3,7.1,7.9,6.8,70.8,sandy,none,monthly,every_other_day,3,47
squash,kalabasa_hybrid,dry,tropical_lowland,25.7,68.9,0.3,9.5,6.8,59.8,silty,mixed,biweekly,daily,4,43
bitter_gourd,ampalaya_bilog,dry,tropical_highland,31.1,66.5,1.6,9.9,7.0,67.1,sandy,mixed,monthly,every_other_day,3,43
cucumber,pipino_native,dry,subtropical,26.7,61.9,8.9,9.7,6.2,57.1,clay,mixed,monthly,twice_daily,4,34
cucumber,pipino_japanese,wet,tropical_highland,29.6,88.7,17.5,6.0,6.6,70.4,silty,none,monthly,daily,4,35
squash,kalabasa,wet,tropical_highland,29.6,76.8,20.2,4.4,6.5,60.8,sandy,none,none,twice_daily,4,48
cucumber,pipino_native,dry,subtropical,29.1,68.2,4.1,8.4,6.4,66.8,clay,mixed,biweekly,twice_daily,4,32
bitter_gourd,ampalaya_oblong,dry,subtropical,29.0,57.8,3.3,8.2,6.0,54.8,loamy,chemical,none,twice_daily,4,43
cucumber,pipino_native,dry,tropical_highland,26.1,74.5,7.6,7.2,6.1,67.9,sandy,mixed,weekly,every_other_day,4,33
bottle_gourd,upo_smooth,dry,subtropical,25.9,62.9,9.8,7.7,7.2,76.3,silty,none,monthly,twice_daily,3,55
squash,kalabasa_hybrid,dry,subtropical,29.0,73.3,1.5,9.9,6.5,67.5,sandy,organic,monthly,daily,4,46
cucumber,pipino,wet,tropical_lowland,28.5,88.5,20.8,4.0,6.6,61.4,silty,none,weekly,daily,4,34
cucumber,pipino_native,dry,tropical_lowland,29.6,73.1,2.2,7.2,6.8,52.6,clay,organic,monthly,twice_daily,5,29
bottle_gourd,upo_smooth,wet,tropical_lowland,30.2,73.7,15.6,6.7,6.9,69.8,clay,none,weekly,every_other_day,4,54
bottle_gourd,upo_round,dry,subtropical,24.8,66.8,2.9,7.2,6.5,70.0,sandy,chemical,monthly,every_other_day,3,50
cucumber,pipino_native,dry,tropical_highland,27.0,68.8,6.4,7.9,6.3,52.6,silty,mixed,none,every_other_day,4,28
bottle_gourd,upo_round,wet,tropical_lowland,28.7,77.4,11.4,5.1,5.8,69.5,silty,none,weekly,twice_daily,5,49
sponge_gourd,patola_ridged,wet,subtropical,30.1,89.8,25.5,6.1,7.0,73.6,clay,chemical,none,daily,4,37
bottle_gourd,upo_long,dry,subtropical,30.5,69.0,5.8,9.1,7.0,79.4,clay,mixed,biweekly,twice_daily,5,46
squash,kalabasa,dry,subtropical,24.2,59.3,9.5,8.3,6.2,70.5,silty,none,none,twice_daily,4,47
cucumber,pipino_native,dry,tropical_lowland,31.5,62.3,4.9,9.1,5.9,61.6,sandy,mixed,monthly,daily,4,31
bitter_gourd,ampalaya_oblong,dry,subtropical,28.2,70.1,8.2,8.1,6.4,62.3,clay,mixed,weekly,daily,4,43
sponge_gourd,patola_smooth,wet,tropical_highland,27.8,82.3,23.5,6.8,6.9,62.5,loamy,mixed,none,twice_daily,5,38
sponge_gourd,patola_ridged,wet,subtropical,27.6,78.9,10.8,5.5,6.6,54.4,loamy,mixed,monthly,daily,4,37
sponge_gourd,patola_ridged,wet,subtropical,29.8,79.5,15.2,5.2,6.2,63.2,sandy,chemical,weekly,twice_daily,4,39
bitter_gourd,ampalaya_hybrid,wet,subtropical,30.4,81.9,14.0,6.9,6.7,79.2,sandy,mixed,monthly,twice_daily,5,39
squash,kalabasa_native,wet,tropical_highland,28.8,88.0,29.1,5.1,6.2,68.7,silty,none,monthly,twice_daily,4,47
bitter_gourd,ampalaya_hybrid,dry,tropical_lowland,33.5,68.1,7.6,7.6,6.4,72.1,sandy,chemical,monthly,daily,4,42
bitter_gourd,ampalaya_bilog,wet,tropical_highland,26.7,72.1,10.8,5.2,6.9,69.9,loamy,none,biweekly,every_other_day,3,45
sponge_gourd,patola_ridged,wet,tropical_highland,27.5,84.7,24.2,5.6,5.8,63.7,silty,organic,biweekly,every_other_day,4,37
bitter_gourd,ampalaya_oblong,wet,tropical_highland,30.8,82.8,27.9,5.7,7.2,79.0,clay,none,biweekly,twice_daily,5,44
bitter_gourd,ampalaya_bilog,dry,subtropical,34.3,64.9,1.3,7.4,6.5,66.4,clay,none,monthly,every_other_day,4,47
bottle_gourd,upo_round,dry,tropical_highland,28.7,68.7,0.9,7.7,7.0,51.0,clay,chemical,weekly,every_other_day,3,49
bottle_gourd,upo_smooth,wet,subtropical,29.4,72.6,13.1,4.8,6.4,74.9,clay,mixed,biweekly,every_other_day,3,46
squash,kalabasa_native,dry,tropical_lowland,28.6,57.3,3.4,8.9,6.7,59.3,silty,mixed,biweekly,every_other_day,4,40
bottle_gourd,upo_round,wet,tropical_highland,31.4,76.0,29.6,4.1,5.9,63.9,loamy,organic,biweekly,every_other_day,4,42
bitter_gourd,ampalaya_hybrid,wet,tropical_lowland,26.8,81.4,12.2,5.4,5.9,57.9,sandy,none,monthly,every_other_day,3,47
bottle_gourd,upo_round,wet,tropical_lowland,26.9,71.0,18.0,5.0,6.9,58.1,loamy,mixed,biweekly,every_other_day,4,45
cucumber,pipino_japanese,wet,subtropical,26.8,73.1,10.7,7.0,6.4,60.9,sandy,chemical,none,daily,3,35
bottle_gourd,upo_round,wet,tropical_lowland,26.0,72.7,15.8,5.1,6.7,58.4,silty,none,none,daily,4,52
sponge_gourd,patola_ridged,dry,tropical_lowland,34.8,57.0,5.9,8.4,6.3,71.1,clay,none,none,every_other_day,3,43
bottle_gourd,upo_long,dry,tropical_lowland,28.4,58.9,2.1,9.2,6.9,74.2,loamy,mixed,biweekly,every_other_day,4,47
squash,kalabasa,wet,tropical_highland,29.7,76.4,22.4,4.7,5.9,77.6,silty,organic,none,twice_daily,4,42
bottle_gourd,upo_smooth,wet,subtropical,31.8,71.0,13.6,4.3,6.4,62.8,silty,chemical,none,every_other_day,3,50
sponge_gourd,patola_ridged,wet,subtropical,29.5,84.3,19.2,4.3,6.3,58.3,loamy,organic,monthly,daily,4,35
sponge_gourd,patola_smooth,wet,tropical_highland,30.1,88.6,25.4,5.8,6.4,74.5,sandy,mixed,monthly,daily,4,37
squash,kalabasa,dry,tropical_highland,30.3,71.7,3.9,9.4,6.1,59.8,sandy,none,weekly,twice_daily,5,43
squash,kalabasa,dry,tropical_lowland,30.8,65.5,1.2,9.4,7.1,77.3,loamy,mixed,weekly,daily,3,47
sponge_gourd,patola_ridged,wet,tropical_highland,28.4,84.9,28.1,5.6,6.2,68.0,clay,mixed,biweekly,daily,3,40
sponge_gourd,patola_ridged,wet,tropical_highland,29.9,84.9,13.2,4.9,6.1,62.3,clay,mixed,weekly,daily,5,36
bitter_gourd,ampalaya_bilog,dry,subtropical,28.3,57.1,1.1,7.2,6.7,69.4,clay,mixed,weekly,every_other_day,4,39
cucumber,pipino,wet,subtropical,26.2,75.5,15.9,5.0,6.4,63.3,loamy,chemical,none,every_other_day,4,30
squash,kalabasa,dry,subtropical,29.4,67.9,9.1,7.3,6.3,54.9,clay,mixed,biweekly,daily,5,43
bitter_gourd,ampalaya_hybrid,wet,subtropical,28.5,75.0,29.7,4.2,7.1,59.4,loamy,chemical,weekly,every_other_day,3,43
bottle_gourd,upo_round,dry,tropical_highland,34.1,61.1,1.4,9.0,7.1,68.5,clay,chemical,weekly,twice_daily,3,49
squash,kalabasa_native,dry,tropical_highland,28.0,55.5,7.0,9.1,7.0,71.3,silty,none,biweekly,daily,5,46
bitter_gourd,ampalaya_hybrid,dry,tropical_lowland,25.5,73.7,2.5,9.8,6.9,55.7,silty,mixed,biweekly,every_other_day,4,39
squash,kalabasa_native,wet,tropical_highland,30.0,86.4,13.5,4.1,6.6,62.4,sandy,none,weekly,daily,4,47
bitter_gourd,ampalaya_hybrid,dry,subtropical,27.3,64.2,9.7,7.9,6.0,50.4,sandy,mixed,biweekly,twice_daily,4,41
bottle_gourd,upo_smooth,wet,tropical_lowland,28.2,73.5,12.4,5.8,6.9,79.6,loamy,chemical,monthly,daily,4,41
bottle_gourd,upo_round,dry,tropical_lowland,32.2,63.9,6.1,9.6,6.8,52.6,loamy,chemical,none,twice_daily,4,49
bitter_gourd,ampalaya_bilog,dry,tropical_lowland,26.1,59.5,4.5,7.8,7.2,68.0,silty,chemical,monthly,daily,3,42
cucumber,pipino,wet,tropical_highland,26.3,84.6,26.1,6.6,6.8,61.1,loamy,organic,none,every_other_day,4,32
bottle_gourd,upo_round,dry,subtropical,24.7,55.1,3.8,7.5,6.1,61.6,sandy,chemical,none,twice_daily,4,46
sponge_gourd,patola_ridged,wet,tropical_highland,29.3,78.3,21.7,4.4,6.6,65.4,loamy,organic,none,twice_daily,5,35
bitter_gourd,ampalaya_oblong,wet,tropical_highland,27.6,82.1,28.4,5.5,5.9,73.0,clay,chemical,none,daily,4,42
bitter_gourd,ampalaya_bilog,dry,subtropical,28.0,66.3,8.1,7.9,6.7,78.1,sandy,none,none,daily,4,46
squash,kalabasa,dry,subtropical,29.7,56.1,0.7,7.6,6.8,59.7,silty,mixed,monthly,twice_daily,5,41
cucumber,pipino,dry,subtropical,32.3,67.0,3.8,9.4,7.0,59.8,loamy,organic,monthly,every_other_day,4,36
bitter_gourd,ampalaya_bilog,wet,subtropical,28.9,84.4,12.5,4.0,6.1,50.2,loamy,mixed,monthly,daily,5,43
bitter_gourd,ampalaya_hybrid,wet,tropical_lowland,28.2,71.5,15.9,4.5,7.0,77.0,loamy,chemical,none,every_other_day,4,43
sponge_gourd,patola_smooth,dry,tropical_lowland,32.7,55.6,2.4,8.1,6.5,71.1,loamy,organic,weekly,twice_daily,5,35
cucumber,pipino_japanese,wet,tropical_lowland,29.8,70.5,23.5,7.0,5.9,70.1,sandy,chemical,weekly,every_other_day,2,37
bitter_gourd,ampalaya_bilog,wet,tropical_highland,26.1,85.6,29.8,6.0,6.3,50.6,loamy,chemical,weekly,twice_daily,3,47
cucumber,pipino_japanese,dry,subtropical,29.1,55.9,9.6,8.3,5.9,79.6,sandy,none,weekly,twice_daily,3,38
squash,kalabasa_native,wet,subtropical,28.6,72.0,19.1,6.3,6.1,67.5,sandy,none,weekly,daily,3,47
bottle_gourd,upo_long,dry,tropical_lowland,28.5,66.2,4.7,8.9,6.5,66.4,silty,none,weekly,daily,4,52
bitter_gourd,ampalaya_oblong,wet,tropical_highland,27.6,73.4,16.3,5.9,7.1,77.9,silty,mixed,none,twice_daily,4,39
bitter_gourd,ampalaya_bilog,wet,tropical_highland,27.2,86.9,16.7,6.4,6.9,65.0,loamy,chemical,monthly,every_other_day,4,41
bottle_gourd,upo_round,wet,subtropical,28.5,82.4,25.3,6.2,6.6,62.8,clay,none,biweekly,daily,4,46
sponge_gourd,patola,wet,subtropical,31.5,84.3,16.1,6.8,7.2,68.6,loamy,chemical,none,every_other_day,3,38
squash,kalabasa_hybrid,dry,subtropical,31.0,73.4,5.1,8.3,7.1,51.4,loamy,organic,biweekly,every_other_day,4,41
sponge_gourd,patola_smooth,wet,tropical_highland,31.2,74.6,29.9,4.9,6.4,76.9,silty,mixed,none,daily,5,37
bitter_gourd,ampalaya_hybrid,dry,tropical_highland,34.6,57.0,8.6,9.3,7.1,74.1,clay,mixed,none,daily,3,44
sponge_gourd,patola_smooth,dry,subtropical,27.6,67.3,6.3,9.7,5.8,72.5,clay,none,weekly,every_other_day,4,43
bitter_gourd,ampalaya_bilog,dry,subtropical,31.3,72.2,6.7,9.5,6.3,76.1,clay,none,weekly,twice_daily,4,41
cucumber,pipino,dry,tropical_highland,28.2,57.3,6.9,9.3,6.2,65.5,clay,chemical,monthly,twice_daily,4,35
cucumber,pipino_native,dry,tropical_highland,31.5,67.4,9.9,7.5,6.9,66.0,clay,chemical,none,every_other_day,3,35
sponge_gourd,patola_ridged,wet,subtropical,30.1,74.7,12.2,4.3,7.0,69.8,loamy,chemical,monthly,daily,3,40
bitter_gourd,ampalaya_bilog,dry,tropical_highland,31.0,61.5,2.4,8.5,6.5,71.5,loamy,chemical,none,daily,4,38
bitter_gourd,ampalaya_bilog,dry,subtropical,35.0,57.8,9.7,8.5,6.2,65.0,silty,chemical,weekly,twice_daily,4,43
bitter_gourd,ampalaya_bilog,dry,tropical_highland,30.5,56.7,9.2,9.9,6.0,57.2,loamy,organic,weekly,every_other_day,3,36
bottle_gourd,upo_long,dry,subtropical,32.8,72.0,7.2,9.5,6.4,54.9,silty,none,none,every_other_day,4,52
sponge_gourd,patola,dry,subtropical,29.0,73.0,8.6,7.9,6.5,65.5,sandy,chemical,biweekly,twice_daily,3,40
cucumber,pipino_native,dry,tropical_highland,33.1,56.0,3.7,7.6,6.4,63.5,silty,mixed,monthly,daily,4,34
bitter_gourd,ampalaya_bilog,dry,tropical_lowland,34.7,67.0,8.6,8.9,6.3,51.6,sandy,mixed,biweekly,every_other_day,4,41
squash,kalabasa,wet,tropical_highland,31.7,85.4,27.7,5.5,6.8,70.1,sandy,mixed,none,twice_daily,4,43
cucumber,pipino_japanese,dry,subtropical,24.4,68.5,0.8,9.1,6.9,79.0,sandy,chemical,biweekly,every_other_day,3,34
bitter_gourd,ampalaya_hybrid,dry,subtropical,34.4,63.8,8.3,8.5,6.7,51.9,silty,none,monthly,every_other_day,3,46
bottle_gourd,upo_long,wet,tropical_lowland,29.0,78.1,11.0,5.8,6.0,71.4,clay,mixed,monthly,every_other_day,4,48
squash,kalabasa,wet,subtropical,31.0,77.3,25.6,6.6,6.1,50.7,sandy,organic,monthly,twice_daily,5,36
bottle_gourd,upo_long,wet,subtropical,31.7,78.4,22.8,4.0,6.1,70.7,silty,chemical,none,daily,3,50
sponge_gourd,patola_smooth,wet,subtropical,31.7,76.0,28.0,6.9,7.1,54.8,sandy,mixed,monthly,every_other_day,3,42
bottle_gourd,upo_round,wet,subtropical,27.0,73.1,25.4,4.7,6.7,71.4,clay,organic,weekly,daily,4,45
bottle_gourd,upo_long,dry,tropical_highland,34.2,69.1,4.3,8.4,6.3,51.9,clay,organic,biweekly,every_other_day,4,45
sponge_gourd,patola_ridged,dry,tropical_lowland,33.5,55.9,6.7,7.0,6.7,71.4,loamy,mixed,none,twice_daily,3,39
bottle_gourd,upo_round,wet,tropical_lowland,31.0,75.2,22.7,4.9,6.2,65.3,loamy,mixed,weekly,daily,4,43
bottle_gourd,upo_round,dry,tropical_lowland,31.8,62.5,2.0,8.7,6.8,70.8,loamy,none,weekly,every_other_day,3,51
bottle_gourd,upo_round,wet,subtropical,30.4,74.8,10.6,6.8,6.1,56.6,clay,none,weekly,daily,3,52
squash,kalabasa_hybrid,dry,subtropical,33.0,61.8,1.7,7.9,6.3,62.6,sandy,none,weekly,daily,3,46
cucumber,pipino,wet,tropical_highland,27.0,82.7,22.7,6.3,6.8,78.9,sandy,organic,biweekly,every_other_day,4,31
cucumber,pipino_japanese,dry,subtropical,28.1,73.4,9.6,7.3,6.8,74.0,loamy,organic,none,twice_daily,5,30
bitter_gourd,ampalaya_oblong,wet,tropical_highland,30.4,86.7,23.5,4.5,6.1,63.7,silty,none,weekly,every_other_day,3,46
cucumber,pipino_japanese,wet,subtropical,27.4,84.9,24.4,4.7,6.8,50.5,sandy,none,none,daily,4,35
bitter_gourd,ampalaya_bilog,wet,tropical_highland,29.3,75.4,27.7,5.1,5.9,72.2,silty,chemical,biweekly,every_other_day,3,42
cucumber,pipino,wet,subtropical,31.7,89.8,11.5,4.7,5.8,68.4,sandy,organic,none,daily,3,32
sponge_gourd,patola,dry,tropical_lowland,31.6,69.1,5.2,9.2,6.7,59.1,silty,none,none,daily,4,43
sponge_gourd,patola_smooth,wet,subtropical,27.7,87.8,25.8,4.9,6.2,75.6,sandy,none,none,daily,4,38
cucumber,pipino_native,dry,tropical_lowland,30.7,61.6,4.4,8.1,6.7,78.2,silty,mixed,monthly,every_other_day,4,33
bitter_gourd,ampalaya_bilog,dry,tropical_highland,27.0,73.3,2.9,8.1,6.8,62.4,loamy,chemical,none,twice_daily,4,38
bottle_gourd,upo_long,dry,subtropical,27.2,72.5,2.5,7.1,6.4,60.1,loamy,mixed,monthly,every_other_day,3,44
sponge_gourd,patola,dry,tropical_highland,26.0,55.7,3.4,8.2,6.3,78.6,clay,mixed,monthly,every_other_day,4,38
bottle_gourd,upo_smooth,dry,tropical_highland,27.9,71.4,4.8,9.5,6.4,54.9,loamy,organic,monthly,twice_daily,5,44
cucumber,pipino,dry,tropical_lowland,27.7,69.6,3.9,8.6,6.4,76.9,silty,organic,monthly,twice_daily,5,30
cucumber,pipino_japanese,dry,tropical_lowland,28.5,55.5,1.2,9.6,6.3,78.6,clay,chemical,none,every_other_day,3,32
bottle_gourd,upo_smooth,dry,tropical_lowland,31.9,62.0,2.7,9.0,7.1,56.5,sandy,organic,weekly,every_other_day,3,50
bitter_gourd,ampalaya_bilog,wet,tropical_lowland,30.5,85.6,29.5,5.5,6.0,68.3,sandy,mixed,weekly,daily,4,39
squash,kalabasa_native,dry,tropical_highland,28.8,61.1,4.0,7.1,6.0,56.7,sandy,organic,biweekly,every_other_day,4,39
sponge_gourd,patola_ridged,wet,tropical_highland,30.8,88.4,16.8,6.5,7.2,60.1,sandy,chemical,weekly,every_other_day,3,39
cucumber,pipino_native,dry,subtropical,35.0,66.8,3.2,7.6,6.2,57.2,clay,none,monthly,every_other_day,4,38
cucumber,pipino,wet,tropical_lowland,28.0,76.6,24.1,4.5,5.9,51.4,sandy,chemical,weekly,every_other_day,2,38
squash,kalabasa_native,dry,tropical_lowland,30.1,70.1,9.0,9.0,6.1,55.9,clay,organic,monthly,twice_daily,4,41
bottle_gourd,upo_smooth,wet,tropical_highland,31.9,70.8,12.1,4.2,7.0,62.7,sandy,chemical,biweekly,daily,3,49
squash,kalabasa_hybrid,wet,tropical_highland,31.6,88.5,23.0,5.2,6.8,66.8,loamy,organic,weekly,daily,5,41
squash,kalabasa,wet,tropical_highland,27.9,89.3,22.7,5.6,6.4,66.4,clay,none,weekly,every_other_day,4,46
sponge_gourd,patola,wet,subtropical,29.3,79.4,29.8,5.0,6.1,66.8,silty,none,monthly,every_other_day,4,43
cucumber,pipino,wet,tropical_highland,27.7,79.8,18.4,4.2,6.2,70.5,loamy,organic,monthly,daily,3,32
cucumber,pipino,dry,subtropical,25.6,72.7,8.8,8.2,6.8,64.8,loamy,organic,none,twice_daily,4,32
bitter_gourd,ampalaya_oblong,wet,subtropical,26.9,84.4,22.5,5.7,6.8,53.8,loamy,mixed,weekly,twice_daily,5,40
bitter_gourd,ampalaya_bilog,wet,tropical_highland,27.3,75.9,29.4,5.1,7.1,59.4,silty,organic,weekly,daily,5,37
squash,kalabasa_hybrid,dry,tropical_lowland,31.2,61.4,3.9,8.1,6.3,60.9,sandy,chemical,none,daily,4,41
bitter_gourd,ampalaya_bilog,wet,tropical_highland,28.1,78.5,24.5,6.8,6.4,57.5,sandy,chemical,monthly,twice_daily,3,39
squash,kalabasa_native,wet,subtropical,27.2,77.2,20.4,4.6,5.9,72.1,sandy,organic,monthly,daily,4,41
sponge_gourd,patola_ridged,wet,tropical_lowland,29.3,73.2,12.0,5.3,6.4,52.9,loamy,none,none,daily,3,43
bitter_gourd,ampalaya_bilog,dry,tropical_highland,32.2,70.8,8.1,7.9,6.8,50.8,sandy,none,biweekly,every_other_day,4,44
bitter_gourd,ampalaya_bilog,wet,tropical_highland,27.4,85.3,11.1,5.1,5.9,55.9,loamy,organic,monthly,daily,4,39
cucumber,pipino_japanese,dry,tropical_lowland,26.8,62.7,7.7,7.8,5.9,51.9,clay,chemical,biweekly,every_other_day,4,32
sponge_gourd,patola_ridged,dry,subtropical,33.4,61.8,5.2,8.6,6.8,60.6,loamy,mixed,biweekly,every_other_day,5,36
bottle_gourd,upo_smooth,dry,subtropical,27.8,74.1,5.8,7.8,6.3,63.6,silty,mixed,weekly,every_other_day,4,49
cucumber,pipino_japanese,dry,tropical_lowland,34.6,71.6,1.5,7.8,6.9,72.9,loamy,organic,monthly,daily,4,29
bitter_gourd,ampalaya_oblong,wet,subtropical,29.5,79.2,18.7,4.6,6.1,64.4,loamy,mixed,none,twice_daily,5,41
bottle_gourd,upo_round,wet,tropical_highland,32.0,89.0,13.3,5.3,6.3,62.0,silty,mixed,biweekly,every_other_day,3,45
cucumber,pipino_japanese,dry,subtropical,29.0,70.5,7.6,9.7,6.6,60.0,silty,none,none,daily,4,34
bottle_gourd,upo_round,dry,tropical_highland,28.4,69.0,2.1,8.5,6.2,62.8,loamy,none,biweekly,every_other_day,4,46
sponge_gourd,patola_ridged,dry,tropical_highland,24.4,63.9,10.0,8.5,7.2,69.7,clay,organic,none,twice_daily,3,39
bottle_gourd,upo_long,wet,tropical_lowland,31.1,72.8,22.9,6.0,6.0,68.1,sandy,chemical,biweekly,every_other_day,4,47
bitter_gourd,ampalaya_bilog,dry,tropical_lowland,29.2,61.5,3.3,9.1,6.4,77.7,sandy,none,weekly,twice_daily,3,46
bitter_gourd,ampalaya_oblong,dry,subtropical,27.8,73.3,0.5,9.4,6.0,71.4,silty,none,weekly,daily,3,47
squash,kalabasa,dry,tropical_lowland,31.9,63.1,2.4,7.2,7.2,57.4,silty,organic,biweekly,twice_daily,5,44
sponge_gourd,patola,wet,subtropical,30.7,85.9,28.7,6.5,6.3,67.2,clay,organic,weekly,daily,4,37
bitter_gourd,ampalaya_hybrid,wet,tropical_highland,27.1,85.1,17.0,6.4,6.0,62.8,silty,none,monthly,every_other_day,4,44
squash,kalabasa_hybrid,wet,tropical_highland,28.6,83.7,11.4,6.7,6.1,62.3,sandy,organic,monthly,daily,4,42
cucumber,pipino_native,dry,tropical_highland,30.6,63.4,1.2,8.8,5.9,55.3,sandy,chemical,monthly,every_other_day,3,32
squash,kalabasa_native,wet,tropical_lowland,28.1,73.4,16.1,5.2,7.1,51.9,silty,mixed,none,twice_daily,4,43
sponge_gourd,patola_smooth,wet,tropical_lowland,31.9,71.9,10.3,5.3,5.8,52.9,sandy,mixed,biweekly,daily,5,35
bitter_gourd,ampalaya_bilog,dry,tropical_lowland,34.4,66.0,3.1,7.7,6.2,73.9,silty,mixed,none,every_other_day,3,40
sponge_gourd,patola,wet,tropical_highland,27.6,76.7,25.8,6.6,6.1,57.8,loamy,organic,none,daily,5,35
squash,kalabasa_native,dry,subtropical,31.7,66.4,5.0,9.3,6.3,71.7,clay,none,weekly,daily,3,46
bitter_gourd,ampalaya_hybrid,wet,tropical_highland,31.5,75.1,10.9,4.3,6.0,50.4,clay,none,none,daily,3,44
cucumber,pipino_native,dry,tropical_lowland,31.1,72.7,4.1,8.3,5.8,74.5,clay,none,monthly,twice_daily,4,38
bottle_gourd,upo_smooth,dry,tropical_highland,34.3,68.2,5.5,9.1,6.3,64.2,sandy,mixed,biweekly,daily,4,45
squash,kalabasa,wet,tropical_highland,31.7,86.5,25.8,5.5,6.1,50.7,loamy,none,monthly,every_other_day,3,49
bottle_gourd,upo_round,dry,tropical_lowland,28.1,62.7,4.3,9.0,6.9,57.4,sandy,none,weekly,daily,3,48
bitter_gourd,ampalaya_hybrid,wet,subtropical,30.2,71.7,10.1,4.5,6.8,60.7,clay,chemical,none,every_other_day,3,44
bottle_gourd,upo_long,dry,tropical_lowland,34.9,69.7,1.6,8.0,6.2,72.3,loamy,mixed,biweekly,every_other_day,4,43
bitter_gourd,ampalaya_bilog,dry,tropical_highland,24.9,66.4,4.6,9.0,6.4,64.0,sandy,chemical,biweekly,daily,4,43
cucumber,pipino_native,dry,subtropical,27.4,68.0,2.7,8.5,6.1,54.9,silty,organic,monthly,twice_daily,4,32
bottle_gourd,upo_smooth,wet,tropical_lowland,29.8,79.5,14.8,5.4,6.5,72.7,silty,none,biweekly,daily,4,46
bitter_gourd,ampalaya_bilog,dry,tropical_lowland,26.2,68.1,5.4,9.6,6.9,77.7,sandy,chemical,biweekly,daily,3,41
squash,kalabasa_hybrid,dry,subtropical,24.2,63.6,7.7,7.1,5.9,66.5,loamy,organic,weekly,twice_daily,4,42
bottle_gourd,upo_long,wet,subtropical,29.5,83.5,17.5,6.4,5.9,62.0,clay,none,monthly,daily,3,51
bitter_gourd,ampalaya_oblong,wet,subtropical,28.2,71.4,21.5,6.9,6.8,76.6,loamy,none,weekly,daily,3,48
cucumber,pipino_japanese,wet,tropical_lowland,29.4,87.3,19.8,5.9,7.1,53.3,clay,chemical,weekly,every_other_day,3,35
cucumber,pipino_japanese,dry,tropical_lowland,24.5,65.9,8.8,7.8,6.2,76.3,silty,mixed,monthly,daily,4,32
sponge_gourd,patola,dry,tropical_lowland,28.2,70.4,8.2,9.1,6.1,72.0,sandy,none,biweekly,twice_daily,4,43
sponge_gourd,patola,wet,tropical_highland,27.3,75.3,20.9,4.4,6.9,55.2,loamy,mixed,weekly,daily,5,35
cucumber,pipino_japanese,wet,subtropical,26.7,89.0,14.8,6.0,6.4,64.5,sandy,organic,monthly,twice_daily,4,30
squash,kalabasa_hybrid,dry,subtropical,34.4,73.3,4.6,7.4,6.5,67.3,clay,chemical,none,every_other_day,3,50
bitter_gourd,ampalaya_bilog,dry,tropical_highland,27.1,69.8,7.9,7.8,6.7,51.1,sandy,organic,monthly,daily,3,40
sponge_gourd,patola_ridged,wet,subtropical,26.3,75.1,17.0,5.4,6.9,59.8,loamy,none,monthly,twice_daily,3,44
sponge_gourd,patola_smooth,dry,subtropical,24.7,61.4,4.1,8.1,6.4,75.1,clay,mixed,monthly,twice_daily,4,35
bottle_gourd,upo_round,wet,subtropical,29.5,86.6,14.6,5.2,5.9,63.9,loamy,none,weekly,every_other_day,4,52
bottle_gourd,upo_smooth,wet,tropical_lowland,28.3,79.6,14.3,6.3,6.2,76.9,sandy,none,none,daily,3,46
bitter_gourd,ampalaya_hybrid,dry,tropical_highland,30.1,74.9,3.8,8.0,6.3,74.9,sandy,none,monthly,every_other_day,3,47
bitter_gourd,ampalaya_oblong,dry,tropical_highland,33.3,59.7,1.3,9.2,6.2,64.7,clay,chemical,weekly,every_other_day,4,40
sponge_gourd,patola_smooth,dry,tropical_highland,27.0,72.7,8.9,7.7,6.9,65.1,silty,chemical,biweekly,twice_daily,3,40
cucumber,pipino_japanese,dry,subtropical,28.2,67.9,1.5,7.1,6.5,62.2,sandy,mixed,monthly,twice_daily,4,32
sponge_gourd,patola,wet,tropical_highland,28.2,73.7,11.5,5.0,6.3,79.2,clay,chemical,none,daily,4,40
squash,kalabasa_hybrid,dry,tropical_highland,29.0,70.9,7.0,7.6,6.1,51.4,sandy,mixed,biweekly,twice_daily,3,47
bitter_gourd,ampalaya_oblong,wet,tropical_lowland,31.0,86.9,12.1,6.2,6.7,75.5,loamy,organic,monthly,daily,5,38
bitter_gourd,ampalaya_bilog,dry,tropical_lowland,24.0,56.5,8.3,8.3,6.7,70.6,sandy,mixed,none,twice_daily,4,41
cucumber,pipino_native,dry,tropical_highland,29.9,69.3,6.1,7.8,6.6,60.9,loamy,none,monthly,twice_daily,4,36
bottle_gourd,upo_long,wet,tropical_highland,27.7,89.6,26.2,4.9,6.6,67.0,sandy,organic,monthly,twice_daily,4,43
bitter_gourd,ampalaya_bilog,wet,subtropical,29.3,89.0,27.5,5.4,6.0,62.6,loamy,none,monthly,twice_daily,5,42
bitter_gourd,ampalaya_hybrid,wet,tropical_highland,28.2,83.3,15.7,4.2,7.1,53.5,sandy,organic,monthly,twice_daily,4,43
sponge_gourd,patola_smooth,wet,tropical_highland,26.1,89.3,14.2,7.0,6.1,71.0,sandy,mixed,biweekly,twice_daily,3,36
bottle_gourd,upo_round,dry,tropical_lowland,24.9,74.4,6.1,9.3,6.1,68.2,clay,organic,weekly,every_other_day,4,48
squash,kalabasa_native,dry,tropical_highland,26.2,72.6,0.6,9.0,6.6,70.9,clay,mixed,biweekly,daily,5,42
squash,kalabasa_hybrid,wet,tropical_lowland,28.9,84.4,25.6,5.2,6.4,79.2,loamy,none,monthly,daily,4,47
cucumber,pipino_native,dry,subtropical,28.3,61.4,9.2,10.0,7.0,57.2,sandy,none,monthly,every_other_day,3,36
bottle_gourd,upo_smooth,dry,subtropical,30.7,74.1,3.7,9.6,6.6,66.3,clay,organic,none,twice_daily,5,44
squash,kalabasa,dry,tropical_lowland,33.5,71.2,8.2,7.0,6.7,64.5,clay,none,weekly,daily,4,47
bitter_gourd,ampalaya_hybrid,dry,subtropical,25.7,69.6,2.7,7.9,6.3,52.9,loamy,none,none,every_other_day,3,46
bottle_gourd,upo_long,dry,tropical_highland,27.7,63.7,3.9,9.6,6.4,58.4,loamy,organic,biweekly,twice_daily,4,41
bitter_gourd,ampalaya_hybrid,dry,subtropical,29.2,65.7,4.0,8.0,6.8,70.2,sandy,chemical,biweekly,every_other_day,4,38
sponge_gourd,patola_smooth,wet,tropical_highland,30.4,74.0,26.7,4.9,6.3,51.9,loamy,none,weekly,twice_daily,4,41
cucumber,pipino_native,wet,subtropical,31.6,74.5,11.0,5.0,6.5,67.5,loamy,mixed,monthly,twice_daily,4,35
sponge_gourd,patola_smooth,wet,subtropical,29.3,84.7,24.2,4.5,7.0,57.6,clay,organic,weekly,daily,4,37
cucumber,pipino_native,dry,tropical_lowland,28.9,70.6,2.6,9.5,7.1,68.6,silty,organic,biweekly,every_other_day,3,35
cucumber,pipino_native,dry,tropical_highland,32.9,69.1,4.0,7.2,6.3,54.4,sandy,organic,monthly,daily,4,30
squash,kalabasa_hybrid,dry,subtropical,29.4,74.0,6.9,9.9,6.5,50.6,clay,chemical,biweekly,daily,4,42
cucumber,pipino_japanese,wet,tropical_lowland,30.1,80.2,15.7,6.6,6.5,57.9,loamy,chemical,biweekly,daily,4,36
bitter_gourd,ampalaya_hybrid,wet,tropical_lowland,31.7,81.8,21.7,6.1,6.0,60.9,loamy,chemical,none,twice_daily,3,45
bottle_gourd,upo_round,wet,tropical_lowland,28.3,79.4,23.2,6.2,7.2,57.6,sandy,chemical,monthly,every_other_day,3,46
squash,kalabasa,dry,tropical_lowland,31.6,73.1,8.9,7.5,6.8,53.3,loamy,chemical,weekly,twice_daily,4,44
sponge_gourd,patola,dry,tropical_lowland,28.3,59.5,1.3,7.2,5.8,55.5,silty,organic,monthly,twice_daily,4,35
squash,kalabasa_native,wet,subtropical,27.4,75.1,28.7,6.0,6.3,72.0,loamy,organic,biweekly,every_other_day,4,42
cucumber,pipino_native,dry,subtropical,33.4,59.5,8.3,9.0,6.8,50.5,sandy,none,none,daily,3,38
bottle_gourd,upo_smooth,wet,subtropical,31.5,89.8,28.7,6.7,6.4,74.4,silty,mixed,monthly,daily,5,50
sponge_gourd,patola_ridged,dry,tropical_lowland,26.6,59.6,4.8,7.1,6.8,74.7,clay,organic,none,every_other_day,4,35
bitter_gourd,ampalaya_hybrid,dry,subtropical,32.5,64.4,4.1,9.1,6.1,72.6,clay,none,none,daily,4,48
squash,kalabasa_native,wet,tropical_lowland,27.7,77.8,16.9,4.6,7.1,62.8,clay,chemical,weekly,every_other_day,2,50
squash,kalabasa_hybrid,dry,tropical_lowland,31.9,66.6,3.4,8.6,6.1,69.9,loamy,none,weekly,twice_daily,5,45
bottle_gourd,upo_smooth,dry,subtropical,30.3,70.2,8.3,8.5,6.9,56.8,sandy,chemical,none,twice_daily,4,46
sponge_gourd,patola,wet,tropical_lowland,29.8,86.8,29.8,5.3,6.9,63.5,silty,organic,biweekly,daily,4,36
squash,kalabasa_native,wet,subtropical,30.3,73.7,27.3,6.8,6.3,61.1,silty,mixed,monthly,daily,4,40
bitter_gourd,ampalaya_oblong,wet,tropical_lowland,26.0,77.0,23.7,5.3,6.5,68.6,sandy,none,none,daily,3,46
sponge_gourd,patola_smooth,dry,tropical_lowland,27.3,67.7,7.7,9.6,6.4,64.9,loamy,chemical,biweekly,daily,3,40
bitter_gourd,ampalaya_hybrid,wet,tropical_highland,29.5,82.5,23.6,5.6,7.0,62.0,sandy,organic,none,twice_daily,5,40
bottle_gourd,upo_smooth,wet,subtropical,29.4,72.1,19.0,5.5,7.1,58.1,loamy,mixed,monthly,twice_daily,5,46
bottle_gourd,upo_smooth,wet,subtropical,30.1,86.2,22.1,6.0,5.8,59.1,silty,chemical,none,every_other_day,4,49
sponge_gourd,patola,wet,subtropical,29.4,71.1,12.0,6.3,6.2,52.1,loamy,mixed,monthly,daily,5,40
bottle_gourd,upo_round,dry,tropical_lowland,29.4,72.3,5.6,7.9,6.1,74.9,loamy,none,biweekly,daily,4,50
bottle_gourd,upo_long,wet,tropical_highland,28.9,72.0,25.4,4.6,7.1,50.2,silty,organic,none,twice_daily,4,42
bitter_gourd,ampalaya_hybrid,dry,tropical_highland,24.6,62.2,8.7,7.1,6.9,66.4,clay,chemical,biweekly,twice_daily,4,41
squash,kalabasa_native,dry,tropical_highland,26.2,56.7,9.9,7.1,6.5,55.7,loamy,none,monthly,every_other_day,4,43
bottle_gourd,upo_round,dry,tropical_highland,24.6,64.5,6.5,8.9,6.2,57.6,loamy,chemical,biweekly,every_other_day,5,43
sponge_gourd,patola_smooth,wet,tropical_highland,30.3,81.4,25.4,6.9,6.5,61.5,silty,chemical,none,twice_daily,3,39
bottle_gourd,upo_round,wet,subtropical,29.2,88.2,20.4,4.8,6.8,78.0,sandy,none,monthly,every_other_day,4,46
bottle_gourd,upo_round,wet,subtropical,27.1,79.9,26.7,6.8,7.0,73.2,sandy,none,monthly,twice_daily,3,52
cucumber,pipino_native,dry,tropical_lowland,26.8,59.0,8.9,8.0,6.6,53.0,loamy,none,monthly,daily,3,36
squash,kalabasa_hybrid,dry,tropical_lowland,26.8,68.5,9.7,7.8,6.1,78.9,loamy,chemical,none,every_other_day,5,41
bottle_gourd,upo_round,wet,tropical_highland,27.8,80.4,14.3,6.5,5.9,56.8,loamy,mixed,none,every_other_day,4,49
cucumber,pipino_native,dry,tropical_highland,26.5,62.8,1.4,8.6,6.1,75.0,sandy,chemical,biweekly,twice_daily,4,33
bottle_gourd,upo_round,wet,tropical_lowland,26.1,74.6,17.9,5.5,7.1,77.9,silty,organic,none,every_other_day,4,46
bitter_gourd,ampalaya_bilog,wet,subtropical,27.0,78.8,29.6,6.5,6.8,67.8,loamy,mixed,monthly,every_other_day,4,38
bottle_gourd,upo_long,dry,subtropical,25.4,60.3,8.2,9.4,6.9,53.2,silty,mixed,biweekly,daily,4,49
bottle_gourd,upo_smooth,dry,subtropical,30.2,72.2,2.6,7.8,6.4,56.0,loamy,none,monthly,daily,4,47
cucumber,pipino_native,wet,subtropical,27.1,78.9,13.1,4.5,6.6,58.2,sandy,organic,biweekly,every_other_day,4,35
squash,kalabasa_native,wet,tropical_lowland,26.4,81.0,17.7,5.6,6.0,75.3,clay,chemical,monthly,every_other_day,3,43
bottle_gourd,upo_smooth,dry,tropical_lowland,26.5,67.7,9.9,9.4,7.0,60.5,clay,chemical,weekly,daily,4,47
bitter_gourd,ampalaya_oblong,wet,tropical_highland,26.4,75.7,19.8,4.8,5.8,63.2,sandy,none,weekly,every_other_day,3,44
cucumber,pipino_native,dry,tropical_highland,32.0,57.2,6.0,9.7,6.9,76.6,sandy,mixed,weekly,every_other_day,4,33
squash,kalabasa_hybrid,dry,tropical_highland,27.3,69.7,9.1,7.4,6.2,51.5,clay,chemical,weekly,twice_daily,4,42
bitter_gourd,ampalaya_bilog,dry,tropical_lowland,31.8,61.8,6.7,8.0,6.1,58.9,clay,organic,monthly,every_other_day,4,35
bottle_gourd,upo_long,wet,tropical_lowland,30.7,82.5,17.5,6.5,6.5,56.2,silty,chemical,biweekly,twice_daily,5,45
sponge_gourd,patola_ridged,wet,tropical_lowland,27.7,74.4,15.6,5.0,6.3,65.1,sandy,mixed,weekly,twice_daily,3,41
bottle_gourd,upo_smooth,wet,tropical_highland,28.6,81.9,12.4,5.5,6.3,57.6,loamy,none,weekly,daily,4,49
bottle_gourd,upo_smooth,wet,tropical_lowland,28.2,79.4,29.5,4.6,6.7,72.4,sandy,mixed,weekly,every_other_day,4,43
sponge_gourd,patola_ridged,wet,tropical_lowland,31.4,89.9,29.5,5.7,7.1,67.0,sandy,mixed,weekly,every_other_day,4,38
bottle_gourd,upo_long,dry,subtropical,25.7,71.6,6.2,8.2,7.2,54.7,silty,mixed,monthly,every_other_day,4,46
cucumber,pipino_japanese,dry,tropical_highland,30.9,74.4,2.0,9.5,6.5,61.5,silty,organic,biweekly,every_other_day,4,33
cucumber,pipino_japanese,wet,subtropical,29.6,88.2,15.7,5.2,5.9,61.4,silty,chemical,monthly,every_other_day,4,33
squash,kalabasa_native,dry,subtropical,32.8,59.1,5.9,8.3,6.4,61.3,loamy,chemical,biweekly,daily,3,44
sponge_gourd,patola_ridged,dry,tropical_lowland,28.3,56.8,0.7,8.8,6.9,55.0,loamy,none,none,twice_daily,5,42
cucumber,pipino,dry,tropical_highland,24.5,63.8,3.0,7.3,6.0,60.3,silty,chemical,none,daily,3,35
sponge_gourd,patola_smooth,wet,tropical_highland,29.3,83.3,17.7,5.0,6.8,61.4,clay,none,biweekly,every_other_day,4,45
sponge_gourd,patola_smooth,wet,subtropical,26.9,87.3,16.6,6.8,6.3,51.1,sandy,organic,biweekly,every_other_day,4,40
cucumber,pipino_japanese,wet,subtropical,29.7,88.7,24.9,4.5,6.5,74.5,silty,none,weekly,every_other_day,3,37
bottle_gourd,upo_round,dry,tropical_highland,30.0,58.2,4.8,8.7,6.2,55.4,silty,none,weekly,every_other_day,3,50
squash,kalabasa_native,wet,subtropical,28.3,76.6,14.5,5.9,6.8,56.0,sandy,none,biweekly,daily,4,47
sponge_gourd,patola,dry,tropical_highland,34.7,70.7,1.5,8.1,7.1,67.9,sandy,organic,weekly,twice_daily,5,41
sponge_gourd,patola,wet,tropical_highland,28.5,74.5,19.8,4.4,6.4,67.5,loamy,chemical,weekly,every_other_day,4,39
sponge_gourd,patola_smooth,dry,subtropical,27.0,61.2,9.7,9.8,5.9,74.9,silty,mixed,none,twice_daily,5,43
bitter_gourd,ampalaya_oblong,wet,tropical_highland,27.1,71.0,26.4,4.9,6.6,75.3,clay,mixed,biweekly,daily,4,42
bitter_gourd,ampalaya_bilog,dry,tropical_highland,33.0,65.1,2.4,7.5,7.1,62.7,silty,chemical,weekly,every_other_day,2,45
bitter_gourd,ampalaya_bilog,dry,tropical_lowland,32.7,61.3,0.6,8.1,6.7,77.3,clay,chemical,biweekly,every_other_day,3,44
sponge_gourd,patola_smooth,dry,tropical_highland,30.3,58.9,4.0,9.4,6.3,55.3,silty,chemical,weekly,daily,3,43
bottle_gourd,upo_long,dry,tropical_highland,28.6,69.3,8.9,9.8,6.3,79.6,sandy,organic,monthly,daily,5,43
squash,kalabasa_native,wet,tropical_highland,27.4,77.1,20.9,4.1,6.5,50.7,clay,none,none,daily,4,46
bitter_gourd,ampalaya_bilog,dry,tropical_lowland,33.3,73.4,5.2,7.9,6.1,51.7,loamy,chemical,monthly,twice_daily,4,36
squash,kalabasa_hybrid,dry,tropical_lowland,25.0,67.8,9.0,9.0,6.6,77.1,silty,mixed,monthly,every_other_day,4,44
squash,kalabasa_native,wet,subtropical,26.4,87.8,14.2,6.4,5.9,70.4,sandy,none,biweekly,twice_daily,3,50
bottle_gourd,upo_long,dry,subtropical,31.5,73.8,2.5,7.6,6.4,67.5,silty,organic,none,daily,5,44
cucumber,pipino_japanese,wet,subtropical,32.0,83.6,11.7,6.5,6.7,56.9,sandy,chemical,none,twice_daily,4,34
squash,kalabasa_native,wet,tropical_highland,30.6,85.2,26.2,4.1,7.2,57.6,silty,none,monthly,twice_daily,3,45
squash,kalabasa,wet,tropical_highland,28.5,86.8,13.6,6.8,5.9,77.3,sandy,organic,monthly,daily,3,43
squash,kalabasa_hybrid,wet,subtropical,28.1,83.0,26.7,6.4,6.5,79.6,loamy,chemical,none,every_other_day,4,44
bitter_gourd,ampalaya_oblong,dry,tropical_highland,34.6,69.3,0.8,8.5,6.7,74.7,silty,none,monthly,daily,4,43
bitter_gourd,ampalaya_oblong,wet,tropical_lowland,27.1,85.5,14.4,5.0,6.1,58.6,clay,chemical,weekly,daily,4,44
bottle_gourd,upo_long,dry,subtropical,24.7,67.5,5.2,9.8,6.9,56.7,clay,chemical,monthly,every_other_day,3,48
cucumber,pipino_japanese,wet,tropical_lowland,31.1,73.8,11.5,5.1,6.8,77.3,clay,organic,none,every_other_day,4,32
squash,kalabasa_hybrid,dry,subtropical,24.8,57.1,6.4,8.9,6.9,70.4,loamy,mixed,monthly,daily,5,39
cucumber,pipino,wet,tropical_highland,31.2,72.2,24.0,6.1,6.9,65.7,silty,organic,weekly,daily,4,28
bitter_gourd,ampalaya_hybrid,wet,tropical_lowland,28.3,74.0,16.6,6.0,5.8,65.2,clay,organic,none,daily,4,37
bitter_gourd,ampalaya_hybrid,wet,subtropical,30.2,88.8,11.8,4.3,6.4,69.1,clay,chemical,monthly,every_other_day,4,37
cucumber,pipino_japanese,dry,tropical_lowland,26.9,71.5,6.3,8.7,6.3,64.0,silty,mixed,none,twice_daily,4,35
squash,kalabasa,dry,subtropical,34.5,62.3,0.6,8.3,6.0,56.6,silty,none,none,twice_daily,5,46
bitter_gourd,ampalaya_oblong,wet,tropical_highland,26.2,88.4,10.8,4.1,6.9,58.3,silty,mixed,none,every_other_day,3,41
cucumber,pipino_japanese,dry,tropical_lowland,28.7,65.5,9.7,7.8,6.0,69.7,loamy,mixed,none,every_other_day,4,34
bitter_gourd,ampalaya_bilog,wet,tropical_lowland,27.4,77.4,12.6,5.7,6.9,64.2,sandy,none,weekly,twice_daily,3,44
cucumber,pipino,wet,tropical_highland,29.5,87.2,14.0,5.9,6.8,65.4,sandy,organic,biweekly,daily,4,31
cucumber,pipino_japanese,wet,tropical_highland,31.6,81.9,22.4,6.5,6.9,64.6,sandy,chemical,monthly,every_other_day,3,36
cucumber,pipino,dry,tropical_lowland,29.8,58.1,6.4,9.3,6.0,57.6,clay,none,weekly,twice_daily,5,33
sponge_gourd,patola_smooth,dry,subtropical,31.6,60.4,2.6,7.0,6.0,68.3,silty,mixed,weekly,every_other_day,4,38
sponge_gourd,patola_ridged,dry,tropical_lowland,31.6,60.8,6.0,7.2,6.1,78.3,silty,organic,biweekly,every_other_day,4,35
bottle_gourd,upo_smooth,wet,tropical_lowland,28.1,75.3,22.6,4.5,6.8,62.3,clay,organic,biweekly,daily,3,46
cucumber,pipino_native,dry,subtropical,30.8,59.3,7.3,7.7,7.0,67.7,clay,none,none,daily,4,38
squash,kalabasa,dry,tropical_lowland,32.3,69.0,0.3,8.0,6.2,52.1,loamy,chemical,none,daily,3,47
squash,kalabasa_hybrid,wet,subtropical,27.8,75.8,24.1,6.0,5.8,55.5,sandy,chemical,none,every_other_day,3,46
sponge_gourd,patola_ridged,wet,tropical_lowland,29.3,85.0,19.9,4.4,6.0,74.7,sandy,chemical,biweekly,every_other_day,2,45
cucumber,pipino_native,wet,subtropical,28.6,74.8,29.8,4.1,7.0,62.2,clay,organic,weekly,every_other_day,4,31
squash,kalabasa_hybrid,wet,subtropical,31.7,82.5,15.7,5.0,5.8,56.6,sandy,none,none,every_other_day,2,48
squash,kalabasa_hybrid,dry,tropical_lowland,26.8,73.0,9.7,8.5,5.9,58.2,loamy,mixed,monthly,every_other_day,4,43
sponge_gourd,patola_smooth,wet,tropical_lowland,27.4,77.6,15.4,6.3,6.0,77.6,clay,organic,weekly,twice_daily,4,40
cucumber,pipino_japanese,dry,subtropical,26.2,59.3,9.4,8.5,5.9,66.8,silty,none,monthly,twice_daily,4,38
bitter_gourd,ampalaya_hybrid,wet,tropical_highland,26.0,77.9,17.4,6.9,5.8,58.0,sandy,chemical,none,twice_daily,4,43
sponge_gourd,patola_smooth,dry,tropical_lowland,24.3,71.6,8.9,8.5,6.8,68.1,loamy,organic,monthly,every_other_day,4,38
cucumber,pipino_native,wet,tropical_lowland,30.2,76.4,20.3,4.3,6.8,55.3,silty,organic,biweekly,twice_daily,5,31
bitter_gourd,ampalaya_hybrid,dry,tropical_highland,27.7,62.1,8.5,7.2,6.4,72.1,clay,mixed,none,every_other_day,4,41
squash,kalabasa,wet,tropical_lowland,31.9,72.3,24.9,4.4,7.0,75.5,loamy,none,weekly,every_other_day,4,45
bitter_gourd,ampalaya_hybrid,wet,tropical_highland,30.7,76.1,23.9,6.8,6.5,64.4,loamy,organic,none,daily,4,40
squash,kalabasa,wet,tropical_highland,30.4,83.5,28.5,5.8,6.6,65.7,clay,mixed,monthly,every_other_day,4,41
cucumber,pipino_japanese,wet,subtropical,28.3,79.9,29.1,6.8,6.1,78.5,loamy,none,biweekly,twice_daily,3,31
cucumber,pipino_japanese,dry,subtropical,25.4,63.8,4.0,7.7,5.8,51.5,loamy,chemical,monthly,every_other_day,4,34
cucumber,pipino_native,wet,tropical_highland,31.3,70.4,25.1,5.9,6.1,78.1,clay,organic,weekly,twice_daily,4,34
cucumber,pipino,wet,tropical_highland,27.1,89.1,23.9,6.8,6.1,65.7,loamy,organic,biweekly,twice_daily,4,32
squash,kalabasa_native,wet,tropical_lowland,30.8,79.0,24.2,4.4,6.1,65.1,loamy,mixed,monthly,daily,4,43
bottle_gourd,upo_smooth,wet,tropical_lowland,28.3,82.9,20.0,6.0,6.1,50.4,clay,chemical,weekly,twice_daily,4,50
bottle_gourd,upo_long,wet,subtropical,31.0,86.6,14.7,5.1,7.1,73.7,silty,none,weekly,daily,3,50
squash,kalabasa_native,dry,tropical_lowland,31.5,62.2,2.2,8.6,6.8,78.9,silty,mixed,biweekly,twice_daily,4,40
cucumber,pipino_native,dry,tropical_lowland,25.4,61.1,2.8,8.5,6.9,59.8,clay,none,biweekly,every_other_day,4,36
squash,kalabasa,wet,tropical_highland,31.2,72.3,27.0,5.1,6.7,59.4,sandy,chemical,monthly,daily,3,45
bitter_gourd,ampalaya_oblong,dry,tropical_lowland,30.7,68.8,8.4,8.3,6.5,52.6,clay,none,weekly,daily,4,44
bitter_gourd,ampalaya_oblong,dry,tropical_lowland,32.9,56.9,3.0,8.7,6.4,57.7,clay,chemical,monthly,every_other_day,4,44
squash,kalabasa_native,dry,tropical_highland,29.1,72.5,9.8,7.6,7.2,71.5,clay,none,biweekly,every_other_day,3,48
bitter_gourd,ampalaya_bilog,wet,subtropical,27.3,82.0,13.7,6.2,6.8,61.7,silty,none,monthly,twice_daily,4,46
squash,kalabasa_hybrid,wet,tropical_highland,30.4,86.7,12.5,4.7,6.1,65.7,sandy,none,none,daily,4,43
cucumber,pipino,wet,tropical_lowland,31.7,82.6,24.7,5.6,6.4,55.1,clay,chemical,weekly,twice_daily,3,35
sponge_gourd,patola_smooth,dry,tropical_highland,35.0,55.9,6.6,8.2,7.2,78.4,sandy,chemical,biweekly,every_other_day,3,45
squash,kalabasa_native,wet,tropical_lowland,30.9,78.1,19.4,4.4,5.9,78.3,clay,none,biweekly,daily,4,46
bitter_gourd,ampalaya_oblong,wet,tropical_lowland,29.6,74.2,17.6,5.7,6.4,72.0,silty,mixed,monthly,daily,4,41
sponge_gourd,patola,wet,tropical_lowland,26.5,89.1,12.0,5.7,6.7,57.1,loamy,mixed,weekly,twice_daily,5,35
cucumber,pipino_japanese,dry,tropical_lowland,29.1,67.2,1.1,7.2,7.1,79.4,silty,organic,biweekly,every_other_day,4,29
bitter_gourd,ampalaya_bilog,dry,subtropical,26.6,74.6,0.4,7.1,7.0,76.8,silty,none,none,daily,4,41
sponge_gourd,patola,wet,subtropical,26.6,73.3,26.5,6.6,6.8,72.1,sandy,chemical,weekly,twice_daily,3,39
cucumber,pipino,dry,subtropical,31.4,71.3,7.3,7.8,6.8,67.7,silty,organic,none,twice_daily,4,33
bitter_gourd,ampalaya_oblong,wet,tropical_highland,29.1,74.2,29.9,6.6,6.5,75.9,silty,chemical,monthly,daily,4,39
sponge_gourd,patola_smooth,wet,tropical_lowland,28.5,82.2,17.5,4.4,6.0,59.2,clay,mixed,weekly,twice_daily,4,40
squash,kalabasa_hybrid,wet,tropical_highland,29.1,71.5,13.3,4.6,6.0,69.2,clay,mixed,none,twice_daily,5,39
bottle_gourd,upo_smooth,wet,subtropical,30.4,88.5,16.8,5.2,7.2,69.0,sandy,mixed,none,daily,5,44
bitter_gourd,ampalaya_hybrid,dry,subtropical,26.5,67.6,7.8,9.6,6.0,72.0,clay,none,weekly,daily,4,42
squash,kalabasa,dry,tropical_highland,34.5,71.1,9.2,7.3,6.2,59.2,clay,none,none,daily,4,49
bitter_gourd,ampalaya_hybrid,wet,tropical_lowland,28.0,70.9,14.0,6.1,6.2,63.9,sandy,none,none,twice_daily,3,47
squash,kalabasa,wet,subtropical,27.2,87.0,11.5,6.8,7.0,56.1,sandy,mixed,weekly,every_other_day,3,46
squash,kalabasa_hybrid,dry,subtropical,30.4,70.1,9.9,8.3,6.1,75.0,clay,chemical,monthly,daily,3,44
bottle_gourd,upo_long,dry,tropical_highland,33.5,68.5,3.9,7.9,6.2,56.2,silty,organic,biweekly,daily,5,43
squash,kalabasa,dry,tropical_lowland,33.4,62.4,9.9,7.7,6.3,58.4,loamy,chemical,weekly,daily,4,43
cucumber,pipino,dry,tropical_lowland,31.0,57.8,2.4,7.5,6.4,55.1,silty,mixed,weekly,daily,5,28
bottle_gourd,upo_round,wet,tropical_highland,28.4,71.7,25.9,5.7,7.2,65.8,loamy,none,monthly,every_other_day,3,46
bottle_gourd,upo_round,wet,tropical_lowland,26.4,77.1,28.7,6.4,5.9,63.8,sandy,mixed,none,twice_daily,4,45
cucumber,pipino,wet,subtropical,28.0,85.3,19.7,6.6,5.9,57.5,clay,chemical,weekly,twice_daily,4,33
sponge_gourd,patola_smooth,dry,tropical_lowland,31.8,72.6,9.8,7.8,6.9,53.5,loamy,chemical,none,twice_daily,3,43
squash,kalabasa,wet,tropical_lowland,29.4,73.0,27.5,7.0,6.0,71.4,clay,mixed,monthly,every_other_day,4,41
bitter_gourd,ampalaya_oblong,wet,tropical_highland,31.3,88.1,15.0,4.4,6.4,59.6,silty,mixed,none,daily,3,40
squash,kalabasa,dry,tropical_highland,33.0,58.0,3.8,7.9,6.5,75.3,silty,organic,none,every_other_day,5,41
cucumber,pipino,dry,tropical_lowland,26.8,67.5,2.7,8.9,5.9,54.3,loamy,organic,none,twice_daily,3,38
bitter_gourd,ampalaya_oblong,dry,subtropical,29.6,72.1,5.2,7.9,7.1,54.6,loamy,organic,none,daily,4,37
cucumber,pipino_native,wet,tropical_lowland,30.2,86.4,16.0,5.4,6.7,60.2,silty,none,biweekly,every_other_day,3,37
bitter_gourd,ampalaya_bilog,wet,subtropical,27.9,87.1,13.8,6.1,6.0,78.5,loamy,none,none,twice_daily,4,45
squash,kalabasa_native,dry,tropical_lowland,32.1,61.8,2.6,9.6,6.4,74.2,sandy,chemical,monthly,twice_daily,3,46
cucumber,pipino_native,dry,tropical_highland,32.8,63.6,6.8,7.5,6.0,76.7,silty,mixed,weekly,twice_daily,4,35
bottle_gourd,upo_long,dry,tropical_highland,28.6,58.7,3.2,7.1,6.9,66.5,loamy,none,weekly,daily,3,51
cucumber,pipino_native,dry,tropical_highland,28.1,60.7,2.9,9.3,6.2,80.0,silty,mixed,weekly,every_other_day,4,32
sponge_gourd,patola_ridged,dry,subtropical,26.5,61.7,5.8,8.7,6.4,73.2,silty,mixed,monthly,every_other_day,4,38
sponge_gourd,patola_ridged,dry,tropical_highland,33.8,66.5,0.4,7.2,6.0,60.5,sandy,chemical,weekly,twice_daily,4,42
squash,kalabasa_native,dry,tropical_lowland,29.6,65.4,3.5,8.7,7.1,53.3,loamy,organic,biweekly,every_other_day,5,37
sponge_gourd,patola_smooth,dry,subtropical,27.7,64.6,0.7,8.8,5.8,64.9,clay,none,biweekly,twice_daily,3,42
sponge_gourd,patola_smooth,wet,tropical_highland,28.2,78.9,29.3,5.2,6.8,75.5,sandy,organic,weekly,every_other_day,5,39
sponge_gourd,patola_smooth,wet,tropical_lowland,27.8,79.4,19.4,6.9,7.0,52.2,sandy,chemical,none,twice_daily,4,37
sponge_gourd,patola_smooth,dry,tropical_lowland,30.8,55.2,6.3,9.0,5.8,76.7,clay,mixed,monthly,every_other_day,4,38
cucumber,pipino_native,wet,tropical_lowland,28.1,85.3,24.9,4.0,6.2,54.7,loamy,chemical,none,twice_daily,3,37
squash,kalabasa_native,dry,tropical_highland,29.1,70.8,0.2,8.7,7.1,71.1,loamy,mixed,biweekly,every_other_day,5,38
bottle_gourd,upo_smooth,dry,tropical_highland,32.9,56.7,5.3,8.8,6.6,56.0,sandy,mixed,weekly,daily,4,46
squash,kalabasa,dry,subtropical,34.7,56.3,4.6,8.4,6.4,69.7,loamy,chemical,weekly,twice_daily,4,45
cucumber,pipino_japanese,wet,tropical_highland,29.8,80.0,12.0,5.9,7.0,78.5,sandy,mixed,monthly,daily,4,32
sponge_gourd,patola_smooth,dry,subtropical,33.9,55.3,2.1,8.4,6.0,60.8,clay,organic,none,every_other_day,3,37
bottle_gourd,upo_smooth,wet,tropical_highland,31.1,84.6,29.1,6.4,6.2,50.6,clay,mixed,monthly,twice_daily,4,44
sponge_gourd,patola_smooth,dry,subtropical,30.3,64.6,6.0,7.9,7.2,62.9,loamy,chemical,biweekly,daily,4,41
bitter_gourd,ampalaya_oblong,wet,subtropical,29.7,82.9,10.2,6.3,6.5,70.4,clay,mixed,biweekly,every_other_day,4,37
bitter_gourd,ampalaya_hybrid,dry,subtropical,31.3,58.5,7.8,7.4,6.2,58.1,loamy,organic,none,twice_daily,3,44
bitter_gourd,ampalaya_hybrid,wet,subtropical,26.2,84.7,10.2,5.6,6.5,76.2,silty,chemical,biweekly,daily,4,42
bottle_gourd,upo_long,dry,tropical_highland,34.4,62.8,6.4,7.8,6.9,61.3,sandy,chemical,weekly,twice_daily,4,49
sponge_gourd,patola_ridged,dry,tropical_highland,30.1,71.6,0.7,7.9,7.2,76.4,loamy,mixed,weekly,daily,5,36
bitter_gourd,ampalaya_oblong,wet,tropical_highland,31.7,70.0,24.2,5.5,6.4,76.2,loamy,organic,monthly,daily,4,39
squash,kalabasa_native,wet,subtropical,27.0,73.2,28.8,5.0,6.4,74.4,loamy,mixed,weekly,daily,4,40
cucumber,pipino_japanese,dry,tropical_highland,25.7,71.1,4.7,9.9,6.0,72.8,clay,mixed,monthly,daily,4,30
bitter_gourd,ampalaya_hybrid,wet,tropical_highland,29.6,82.4,23.0,5.7,6.6,67.2,sandy,organic,monthly,twice_daily,3,41
cucumber,pipino_japanese,dry,tropical_highland,33.4,59.8,4.7,9.0,5.9,78.4,clay,organic,monthly,daily,4,28
squash,kalabasa,wet,subtropical,31.3,70.4,14.8,6.1,6.7,78.8,silty,chemical,monthly,twice_daily,4,41
squash,kalabasa_native,wet,tropical_lowland,27.1,86.4,21.1,5.1,6.1,51.1,loamy,none,weekly,twice_daily,4,48
cucumber,pipino,dry,tropical_lowland,26.2,65.6,7.7,7.3,6.6,74.9,silty,none,monthly,every_other_day,5,33
bitter_gourd,ampalaya_hybrid,wet,tropical_lowland,27.6,79.8,26.9,6.5,7.2,69.1,sandy,organic,monthly,every_other_day,4,40
bottle_gourd,upo_round,dry,tropical_highland,25.7,65.0,8.7,9.4,6.0,57.6,clay,chemical,none,daily,4,46
bottle_gourd,upo_round,dry,subtropical,27.6,55.9,1.2,9.5,6.8,78.0,clay,chemical,monthly,daily,3,50
squash,kalabasa_native,dry,tropical_highland,26.2,60.6,2.0,8.7,7.0,73.2,loamy,organic,none,daily,4,41
squash,kalabasa_native,dry,tropical_highland,34.6,60.9,2.8,9.8,7.0,63.8,silty,none,none,twice_daily,3,47
sponge_gourd,patola_ridged,dry,subtropical,25.3,68.2,8.7,7.7,7.1,56.5,clay,chemical,none,daily,3,42
bitter_gourd,ampalaya_oblong,dry,subtropical,27.1,68.2,5.1,7.9,6.4,64.5,clay,none,weekly,every_other_day,3,43
bitter_gourd,ampalaya_oblong,wet,tropical_highland,29.3,85.8,13.3,6.9,6.5,54.8,loamy,mixed,weekly,twice_daily,5,41
cucumber,pipino_japanese,dry,tropical_highland,26.4,74.8,2.1,7.4,6.9,76.8,clay,mixed,biweekly,twice_daily,5,28
sponge_gourd,patola_smooth,wet,tropical_highland,27.0,72.7,23.0,5.8,6.3,66.5,silty,organic,monthly,every_other_day,3,40
bottle_gourd,upo_round,dry,subtropical,34.3,73.0,2.1,7.7,6.1,65.5,sandy,chemical,none,twice_daily,4,49
bitter_gourd,ampalaya_oblong,dry,tropical_highland,31.5,69.6,9.1,8.8,6.7,75.2,loamy,chemical,biweekly,daily,4,37
bottle_gourd,upo_smooth,wet,tropical_lowland,31.9,88.0,26.7,7.0,6.5,61.1,silty,mixed,monthly,daily,4,45
bottle_gourd,upo_long,wet,subtropical,28.0,89.0,25.5,4.6,6.7,67.2,silty,none,biweekly,daily,4,46
bottle_gourd,upo_round,dry,tropical_highland,30.1,59.7,1.5,8.6,6.0,74.4,loamy,none,monthly,daily,4,51
bitter_gourd,ampalaya_hybrid,dry,tropical_lowland,27.3,66.0,8.6,7.1,7.1,76.8,loamy,none,none,twice_daily,4,43
bottle_gourd,upo_smooth,dry,tropical_lowland,27.8,60.1,7.1,8.1,7.1,70.6,sandy,mixed,weekly,daily,4,46
squash,kalabasa,wet,subtropical,26.8,71.5,19.1,4.5,6.5,59.6,silty,chemical,monthly,daily,4,43
bottle_gourd,upo_smooth,dry,subtropical,30.2,56.9,3.8,8.9,6.5,55.9,clay,organic,weekly,daily,4,44
bitter_gourd,ampalaya_bilog,dry,tropical_highland,28.9,66.9,0.6,7.8,7.1,51.1,sandy,none,none,daily,2,46
cucumber,pipino_native,wet,tropical_lowland,28.8,88.1,14.5,4.2,7.1,67.4,silty,chemical,biweekly,daily,3,35
squash,kalabasa_hybrid,dry,subtropical,33.3,66.1,5.8,7.2,6.7,58.2,clay,mixed,biweekly,twice_daily,4,40
bitter_gourd,ampalaya_hybrid,wet,tropical_lowland,29.4,71.9,21.8,6.9,7.1,64.1,loamy,none,biweekly,daily,3,48
sponge_gourd,patola_smooth,wet,subtropical,27.4,88.1,16.3,6.4,7.2,62.8,loamy,organic,weekly,daily,3,36
sponge_gourd,patola,dry,tropical_highland,31.0,59.2,4.0,8.6,6.9,76.0,sandy,none,weekly,daily,4,43
bitter_gourd,ampalaya_bilog,dry,tropical_highland,31.8,64.2,5.4,7.9,6.7,55.4,sandy,organic,monthly,twice_daily,4,40
sponge_gourd,patola,wet,subtropical,29.7,71.4,18.8,5.0,6.2,51.8,sandy,mixed,weekly,daily,4,38
cucumber,pipino,dry,subtropical,33.9,55.0,1.0,7.8,5.9,67.9,loamy,chemical,none,twice_daily,3,36
squash,kalabasa_native,dry,tropical_lowland,27.0,59.2,7.1,9.5,6.1,54.5,clay,none,monthly,daily,2,50
bottle_gourd,upo_round,wet,subtropical,30.8,82.8,20.9,4.0,6.8,74.7,silty,organic,weekly,every_other_day,4,46
sponge_gourd,patola_smooth,wet,subtropical,27.3,89.2,25.9,5.1,6.7,72.5,silty,chemical,weekly,twice_daily,3,40
sponge_gourd,patola_smooth,wet,subtropical,26.2,70.2,28.2,5.2,6.0,72.4,sandy,none,biweekly,daily,4,41
sponge_gourd,patola,wet,subtropical,31.0,71.8,28.8,4.8,5.9,79.9,sandy,mixed,none,twice_daily,5,36
cucumber,pipino,wet,subtropical,31.5,88.6,21.5,4.9,6.0,60.7,sandy,none,weekly,twice_daily,4,35
bitter_gourd,ampalaya_bilog,wet,tropical_highland,28.1,83.9,10.7,5.2,5.9,71.4,loamy,organic,weekly,twice_daily,4,40
sponge_gourd,patola_ridged,dry,tropical_lowland,26.2,66.9,5.3,9.6,6.9,67.4,sandy,organic,none,every_other_day,4,37
squash,kalabasa,wet,tropical_lowland,27.1,75.6,13.5,4.3,6.8,69.5,loamy,chemical,biweekly,every_other_day,3,47
bitter_gourd,ampalaya_oblong,wet,tropical_highland,26.8,84.8,16.0,6.4,6.8,56.0,clay,organic,weekly,every_other_day,4,44
cucumber,pipino,wet,subtropical,31.0,72.2,22.6,4.9,6.9,50.9,silty,mixed,biweekly,twice_daily,5,32
squash,kalabasa_hybrid,wet,tropical_highland,30.5,82.5,17.2,6.6,6.1,62.3,silty,chemical,none,twice_daily,3,46
squash,kalabasa_native,dry,tropical_lowland,32.5,74.8,1.7,7.3,6.6,57.0,loamy,organic,monthly,daily,4,39
squash,kalabasa_native,dry,tropical_lowland,34.7,62.7,5.9,8.9,6.1,70.0,loamy,organic,biweekly,every_other_day,4,44
bottle_gourd,upo_smooth,dry,tropical_highland,34.4,62.3,6.0,7.4,7.1,53.0,clay,none,none,every_other_day,3,48
bitter_gourd,ampalaya_bilog,wet,subtropical,27.9,87.1,16.3,6.3,6.6,58.3,clay,none,none,twice_daily,4,45
bitter_gourd,ampalaya_oblong,wet,subtropical,29.8,81.5,23.8,4.0,6.5,67.6,silty,none,biweekly,daily,4,47
bottle_gourd,upo_smooth,wet,tropical_highland,29.7,77.9,15.2,4.5,6.3,60.8,loamy,mixed,none,twice_daily,5,41
cucumber,pipino_native,wet,tropical_lowland,30.8,88.0,30.0,5.9,6.7,55.3,loamy,chemical,weekly,twice_daily,5,32
squash,kalabasa_hybrid,dry,subtropical,33.5,72.9,5.4,9.7,6.7,54.1,loamy,none,monthly,twice_daily,4,47
bitter_gourd,ampalaya_bilog,wet,tropical_highland,30.0,86.9,26.5,6.1,7.1,59.5,silty,organic,none,every_other_day,4,41
cucumber,pipino_native,dry,tropical_lowland,24.8,69.7,9.7,9.5,6.8,75.9,silty,chemical,none,daily,4,34
bottle_gourd,upo_smooth,wet,subtropical,28.4,83.5,14.8,4.8,7.1,52.9,silty,none,biweekly,every_other_day,3,49
bitter_gourd,ampalaya_hybrid,dry,tropical_lowland,27.4,59.3,6.7,8.9,6.4,71.6,sandy,organic,biweekly,every_other_day,4,37
bitter_gourd,ampalaya_bilog,wet,tropical_lowland,29.6,76.8,20.7,6.6,7.0,68.9,sandy,organic,monthly,daily,4,44
sponge_gourd,patola_smooth,dry,subtropical,33.5,65.0,2.6,9.3,7.1,54.2,silty,mixed,biweekly,twice_daily,4,41
bottle_gourd,upo_long,wet,tropical_highland,27.4,80.2,10.2,5.5,6.5,60.4,sandy,chemical,monthly,daily,3,47
sponge_gourd,patola,wet,tropical_lowland,26.2,84.7,24.2,5.2,7.0,61.9,sandy,chemical,biweekly,every_other_day,4,38
sponge_gourd,patola,dry,tropical_lowland,34.1,74.8,5.2,8.9,6.4,55.4,clay,chemical,biweekly,every_other_day,3,41
bitter_gourd,ampalaya_oblong,dry,tropical_lowland,26.6,71.0,10.0,7.9,6.2,73.1,silty,chemical,biweekly,daily,3,44
bitter_gourd,ampalaya_hybrid,wet,tropical_lowland,28.5,82.6,12.8,5.6,6.0,76.9,clay,chemical,biweekly,daily,3,43
sponge_gourd,patola_ridged,dry,tropical_lowland,27.0,65.3,7.3,8.4,7.1,60.5,clay,mixed,biweekly,every_other_day,4,36
bitter_gourd,ampalaya_bilog,wet,tropical_lowland,28.1,74.9,12.2,5.2,6.2,59.2,loamy,organic,none,every_other_day,4,40
cucumber,pipino_native,dry,subtropical,34.4,68.1,0.8,9.9,6.1,62.0,clay,mixed,biweekly,twice_daily,4,32
squash,kalabasa_native,dry,tropical_lowland,28.4,70.8,7.4,9.4,6.8,69.6,sandy,none,monthly,every_other_day,3,48
sponge_gourd,patola_ridged,wet,tropical_lowland,30.4,82.5,20.6,4.1,7.1,69.9,sandy,mixed,none,daily,4,41
bitter_gourd,ampalaya_oblong,wet,tropical_lowland,30.0,73.0,30.0,4.2,6.5,78.4,clay,chemical,monthly,every_other_day,3,45
squash,kalabasa_native,wet,tropical_highland,30.4,76.4,13.9,5.8,6.1,62.8,silty,chemical,monthly,daily,4,46
sponge_gourd,patola,dry,tropical_highland,25.3,59.9,8.3,8.5,5.9,59.0,clay,organic,weekly,twice_daily,5,36
bitter_gourd,ampalaya_oblong,wet,tropical_highland,30.0,87.2,29.9,4.0,6.0,75.4,sandy,organic,none,daily,5,36
bitter_gourd,ampalaya_hybrid,dry,tropical_highland,33.2,70.7,6.3,9.3,6.2,69.8,clay,mixed,none,daily,5,40
squash,kalabasa_native,dry,tropical_highland,30.8,55.7,2.5,7.4,6.9,63.5,loamy,organic,weekly,every_other_day,4,40
squash,kalabasa,wet,tropical_highland,29.5,86.6,13.6,5.1,6.2,59.9,loamy,none,none,twice_daily,4,47
sponge_gourd,patola_smooth,dry,tropical_lowland,32.8,62.5,1.0,8.7,6.8,74.5,silty,mixed,biweekly,twice_daily,4,38
squash,kalabasa_native,dry,tropical_lowland,29.3,56.9,7.6,8.2,6.2,51.6,clay,mixed,none,daily,5,41
cucumber,pipino,dry,tropical_highland,32.9,65.3,7.5,9.8,6.0,60.5,sandy,organic,monthly,twice_daily,4,31
bottle_gourd,upo_round,dry,tropical_highland,33.2,65.2,0.6,7.6,6.9,70.9,silty,organic,none,twice_daily,4,44
cucumber,pipino,wet,tropical_lowland,28.4,74.4,27.5,4.2,6.4,63.1,loamy,none,none,twice_daily,3,38
cucumber,pipino,wet,tropical_highland,31.8,87.7,23.4,4.8,6.8,61.1,silty,mixed,monthly,every_other_day,4,32
sponge_gourd,patola,dry,tropical_highland,32.0,75.0,0.1,9.0,6.7,68.2,silty,chemical,biweekly,daily,4,37
squash,kalabasa,wet,tropical_highland,30.2,84.8,19.9,6.7,6.1,72.6,clay,none,monthly,twice_daily,4,43
bitter_gourd,ampalaya_bilog,wet,tropical_lowland,28.9,85.5,28.9,4.1,6.5,58.0,silty,chemical,none,twice_daily,3,39
squash,kalabasa_hybrid,wet,tropical_highland,30.9,84.4,26.5,6.9,5.9,62.1,loamy,organic,monthly,daily,4,39
cucumber,pipino_native,wet,tropical_lowland,26.1,81.8,12.8,4.8,7.0,69.1,loamy,none,weekly,every_other_day,4,35
bitter_gourd,ampalaya_hybrid,wet,tropical_highland,29.2,83.8,16.7,7.0,6.3,71.4,loamy,chemical,monthly,daily,5,40
bottle_gourd,upo_long,dry,tropical_lowland,34.4,62.6,2.7,7.3,7.0,54.2,loamy,mixed,biweekly,every_other_day,4,47
bitter_gourd,ampalaya_oblong,dry,tropical_lowland,29.3,73.0,5.8,8.3,6.1,63.2,silty,none,biweekly,every_other_day,3,42
sponge_gourd,patola_ridged,dry,subtropical,25.6,59.7,3.3,8.6,6.0,76.8,sandy,mixed,monthly,twice_daily,5,39
cucumber,pipino,dry,tropical_lowland,29.7,65.6,4.8,8.1,7.0,54.8,sandy,organic,biweekly,twice_daily,4,32
bottle_gourd,upo_smooth,dry,tropical_highland,34.1,71.3,5.3,7.7,6.1,65.6,clay,organic,weekly,daily,4,41
sponge_gourd,patola,wet,tropical_lowland,31.9,81.8,27.1,5.4,7.1,52.6,silty,chemical,weekly,twice_daily,3,41
bottle_gourd,upo_smooth,dry,subtropical,27.1,72.8,8.9,7.1,6.3,69.2,clay,organic,weekly,twice_daily,4,45
bitter_gourd,ampalaya_oblong,dry,tropical_lowland,28.0,59.4,6.2,9.6,6.5,62.8,silty,none,biweekly,daily,4,42
squash,kalabasa_hybrid,dry,tropical_highland,24.5,59.4,4.9,9.9,6.4,53.7,sandy,none,weekly,every_other_day,3,49
cucumber,pipino_japanese,dry,tropical_lowland,30.0,55.0,4.9,9.9,6.4,61.0,loamy,organic,none,daily,5,28
cucumber,pipino_japanese,wet,tropical_lowland,31.2,83.9,11.6,5.0,6.5,76.8,silty,chemical,weekly,every_other_day,3,33
cucumber,pipino_native,dry,subtropical,25.1,60.7,2.2,8.9,6.1,78.1,silty,mixed,biweekly,twice_daily,4,37
sponge_gourd,patola_smooth,wet,subtropical,30.0,89.0,16.1,5.1,7.2,51.8,sandy,chemical,none,daily,3,38
bottle_gourd,upo_long,dry,tropical_highland,27.2,71.2,5.0,9.1,5.9,61.6,sandy,mixed,monthly,daily,4,47
squash,kalabasa_native,dry,tropical_highland,25.5,65.4,4.4,9.5,7.0,60.7,silty,chemical,monthly,every_other_day,4,41
bottle_gourd,upo_round,wet,tropical_lowland,29.1,81.6,13.1,6.6,6.5,63.2,loamy,organic,biweekly,every_other_day,5,44
sponge_gourd,patola_smooth,dry,tropical_lowland,30.8,56.5,9.1,8.5,6.9,79.0,sandy,chemical,monthly,twice_daily,4,40
cucumber,pipino_native,dry,tropical_lowland,24.8,67.2,6.4,8.6,6.7,74.8,sandy,mixed,weekly,daily,4,30
sponge_gourd,patola_ridged,dry,tropical_highland,28.9,65.1,6.4,9.5,7.1,75.3,clay,mixed,monthly,daily,4,37
bitter_gourd,ampalaya_oblong,wet,tropical_lowland,30.7,85.4,27.2,4.3,7.1,79.9,silty,mixed,none,twice_daily,4,38
cucumber,pipino_japanese,wet,tropical_lowland,27.2,83.1,12.1,5.3,6.9,69.4,clay,mixed,monthly,daily,5,30
sponge_gourd,patola,dry,tropical_lowland,24.5,69.9,4.9,8.0,6.2,61.6,clay,none,none,daily,4,43
sponge_gourd,patola_smooth,dry,subtropical,27.2,61.2,8.0,9.4,6.4,79.0,loamy,none,none,twice_daily,4,42
cucumber,pipino_native,wet,subtropical,26.2,88.0,12.5,6.2,7.0,65.6,clay,chemical,weekly,daily,3,35
bottle_gourd,upo_round,dry,tropical_highland,27.9,59.4,5.4,9.0,6.2,75.8,sandy,organic,biweekly,twice_daily,5,46
bottle_gourd,upo_smooth,dry,tropical_highland,31.1,70.1,4.1,9.1,6.4,76.2,sandy,mixed,weekly,every_other_day,3,47
bitter_gourd,ampalaya_oblong,wet,tropical_highland,30.3,87.2,16.6,5.6,6.1,60.2,loamy,chemical,monthly,daily,3,43
cucumber,pipino_japanese,wet,tropical_lowland,26.1,88.3,26.7,4.0,6.0,76.6,loamy,mixed,weekly,every_other_day,4,33
cucumber,pipino,wet,tropical_lowland,26.9,75.5,16.0,6.6,6.1,72.0,sandy,none,biweekly,twice_daily,4,38
squash,kalabasa,wet,subtropical,31.7,75.5,13.1,4.9,5.8,77.4,sandy,none,monthly,daily,3,44
squash,kalabasa,wet,tropical_lowland,26.7,88.5,21.2,5.7,6.2,60.7,loamy,organic,monthly,every_other_day,4,39
bitter_gourd,ampalaya_bilog,wet,tropical_highland,26.4,84.8,25.3,4.4,6.6,54.2,silty,mixed,monthly,twice_daily,4,43
squash,kalabasa_hybrid,dry,subtropical,31.1,61.1,0.0,7.1,6.1,51.1,clay,none,none,every_other_day,3,46
bottle_gourd,upo_round,dry,tropical_lowland,34.1,67.4,8.7,8.8,6.6,59.0,loamy,organic,weekly,twice_daily,5,43
bitter_gourd,ampalaya_bilog,dry,tropical_lowland,28.4,68.8,9.7,7.7,6.3,72.3,sandy,organic,monthly,every_other_day,4,42
sponge_gourd,patola_ridged,wet,subtropical,27.3,83.4,13.4,5.7,7.2,58.9,sandy,chemical,monthly,daily,3,41
squash,kalabasa_hybrid,wet,tropical_highland,31.9,76.3,15.1,5.2,7.1,64.1,clay,none,none,twice_daily,3,49
squash,kalabasa_native,dry,subtropical,24.9,65.9,5.5,9.6,6.4,68.4,sandy,organic,weekly,every_other_day,4,40
squash,kalabasa,dry,subtropical,34.6,58.4,5.6,7.9,6.3,61.2,loamy,chemical,none,every_other_day,4,42
bottle_gourd,upo_long,wet,tropical_lowland,31.5,79.1,16.1,5.7,6.1,58.3,silty,none,monthly,daily,3,52
sponge_gourd,patola,wet,tropical_highland,28.8,88.2,18.0,4.1,6.1,68.3,clay,organic,biweekly,every_other_day,4,38
bitter_gourd,ampalaya_bilog,wet,tropical_highland,30.9,84.9,11.8,4.9,5.9,67.8,loamy,mixed,biweekly,every_other_day,4,42
bitter_gourd,ampalaya_bilog,wet,tropical_lowland,29.1,73.9,22.1,4.6,6.8,56.1,clay,mixed,biweekly,daily,3,43
cucumber,pipino,dry,tropical_lowland,25.7,60.3,1.6,9.0,7.2,70.0,loamy,mixed,biweekly,twice_daily,4,34
bottle_gourd,upo_long,dry,subtropical,28.3,59.2,0.5,8.9,5.9,59.6,loamy,mixed,weekly,daily,4,43
cucumber,pipino_japanese,dry,tropical_highland,33.9,72.4,4.0,8.0,7.1,62.3,silty,none,none,twice_daily,4,35
bitter_gourd,ampalaya_oblong,wet,tropical_lowland,26.2,74.9,11.0,6.1,6.1,69.3,clay,organic,monthly,every_other_day,4,40
squash,kalabasa,wet,tropical_lowland,26.2,76.6,10.4,5.4,6.9,62.2,loamy,organic,none,twice_daily,4,43
bottle_gourd,upo_long,wet,tropical_lowland,27.0,74.8,27.8,6.1,5.9,64.3,clay,none,none,twice_daily,3,52
bottle_gourd,upo_long,dry,tropical_lowland,29.5,59.6,1.8,7.5,7.1,67.0,loamy,chemical,monthly,twice_daily,3,48
bottle_gourd,upo_long,dry,tropical_highland,25.9,71.0,0.4,8.8,6.1,72.3,loamy,organic,biweekly,daily,5,41
squash,kalabasa_hybrid,wet,tropical_highland,31.8,75.2,13.5,7.0,6.9,52.2,loamy,chemical,weekly,twice_daily,5,39
cucumber,pipino_japanese,wet,tropical_lowland,28.2,85.6,25.6,6.8,7.0,70.3,clay,chemical,biweekly,twice_daily,4,38
cucumber,pipino_japanese,dry,subtropical,26.6,68.6,9.4,8.1,6.3,51.9,silty,mixed,none,every_other_day,3,34
bottle_gourd,upo_round,dry,tropical_lowland,27.0,71.3,0.2,8.3,6.2,67.8,silty,organic,weekly,daily,4,47
squash,kalabasa,wet,tropical_highland,29.6,88.1,10.6,5.2,5.8,68.1,silty,chemical,weekly,every_other_day,3,45
bottle_gourd,upo_long,dry,tropical_highland,27.5,55.3,3.9,10.0,6.6,72.0,silty,none,monthly,every_other_day,4,47
bitter_gourd,ampalaya_hybrid,wet,tropical_highland,29.6,75.2,11.5,5.0,6.6,53.4,loamy,organic,none,daily,5,40
bitter_gourd,ampalaya_hybrid,wet,tropical_highland,28.8,84.5,15.2,6.7,6.3,79.4,loamy,mixed,weekly,twice_daily,4,41
bottle_gourd,upo_round,wet,tropical_highland,30.6,79.9,26.2,5.8,6.8,60.8,clay,mixed,none,daily,4,44
sponge_gourd,patola_smooth,wet,tropical_lowland,27.5,70.5,29.3,6.7,6.1,65.7,loamy,none,monthly,every_other_day,3,41
cucumber,pipino_native,dry,tropical_lowland,26.1,68.8,6.5,9.2,6.8,65.9,silty,mixed,none,every_other_day,4,32
bitter_gourd,ampalaya_hybrid,wet,tropical_lowland,28.4,86.7,25.6,5.1,7.1,66.3,clay,none,weekly,daily,3,45
squash,kalabasa,dry,tropical_highland,25.1,66.7,8.4,10.0,6.1,52.9,silty,none,weekly,twice_daily,4,45
bitter_gourd,ampalaya_oblong,wet,subtropical,26.1,86.9,29.7,5.8,6.8,59.5,sandy,organic,biweekly,every_other_day,3,41
cucumber,pipino,wet,tropical_highland,26.6,74.7,17.3,5.8,6.0,77.8,silty,none,none,daily,4,35
bottle_gourd,upo_long,dry,tropical_highland,26.6,66.0,7.7,7.0,6.3,71.6,clay,chemical,monthly,every_other_day,3,49
sponge_gourd,patola_smooth,dry,tropical_lowland,28.6,69.7,8.2,7.1,6.5,67.3,loamy,chemical,weekly,every_other_day,3,41
squash,kalabasa_hybrid,wet,tropical_lowland,28.3,86.6,26.8,5.1,7.0,56.1,silty,none,monthly,daily,3,48
cucumber,pipino_japanese,dry,subtropical,30.3,65.5,9.4,7.5,6.3,77.7,loamy,chemical,none,twice_daily,3,32
cucumber,pipino_japanese,wet,subtropical,27.3,79.8,17.4,6.8,6.6,65.6,silty,chemical,none,twice_daily,4,32
bitter_gourd,ampalaya_bilog,dry,tropical_lowland,28.3,74.2,2.5,9.3,5.8,52.0,loamy,organic,weekly,daily,4,41
squash,kalabasa,wet,tropical_highland,29.4,83.5,20.6,4.7,6.4,69.7,sandy,organic,none,daily,4,42
bottle_gourd,upo_smooth,dry,subtropical,28.3,62.7,0.8,7.9,6.9,54.7,sandy,none,monthly,twice_daily,3,52
sponge_gourd,patola,wet,subtropical,29.4,72.4,13.4,5.3,5.9,62.7,clay,none,biweekly,every_other_day,3,44
squash,kalabasa_native,wet,tropical_highland,29.7,79.7,14.0,5.7,6.5,60.8,silty,organic,none,every_other_day,4,40
bitter_gourd,ampalaya_hybrid,wet,tropical_highland,28.1,73.2,29.5,6.9,6.0,72.5,silty,chemical,none,twice_daily,4,42
bottle_gourd,upo_smooth,wet,tropical_highland,28.4,85.4,21.6,5.5,6.6,76.4,silty,organic,weekly,every_other_day,3,50
cucumber,pipino_native,dry,tropical_highland,33.1,69.8,0.2,8.0,6.7,52.9,clay,none,monthly,every_other_day,3,38
bitter_gourd,ampalaya_oblong,wet,tropical_lowland,27.2,71.6,29.5,4.4,6.4,51.6,silty,none,biweekly,daily,4,42
sponge_gourd,patola,wet,tropical_lowland,27.6,76.6,10.9,4.1,7.0,74.2,loamy,chemical,biweekly,twice_daily,4,36
bitter_gourd,ampalaya_oblong,wet,tropical_highland,27.9,87.5,10.2,6.6,5.9,65.5,sandy,chemical,none,twice_daily,4,43
sponge_gourd,patola_smooth,wet,tropical_lowland,30.4,84.9,19.6,4.8,6.0,67.3,silty,none,biweekly,twice_daily,4,41
sponge_gourd,patola,wet,tropical_highland,26.1,80.8,22.9,6.2,6.3,76.9,sandy,organic,biweekly,twice_daily,4,35
sponge_gourd,patola,wet,tropical_lowland,27.3,88.4,25.8,6.7,6.2,59.7,clay,chemical,weekly,every_other_day,3,43
sponge_gourd,patola_smooth,dry,tropical_lowland,31.4,60.4,5.0,8.3,6.5,62.0,sandy,chemical,weekly,every_other_day,4,39
bottle_gourd,upo_round,wet,tropical_lowland,32.0,73.3,28.3,6.6,6.9,78.1,clay,organic,monthly,twice_daily,5,40
cucumber,pipino_native,wet,tropical_lowland,28.0,86.9,16.6,5.8,6.8,78.9,loamy,organic,none,every_other_day,5,28
squash,kalabasa,wet,subtropical,30.8,74.7,22.5,4.4,6.4,54.2,silty,chemical,none,every_other_day,3,45
squash,kalabasa,dry,tropical_highland,31.4,57.7,7.9,9.5,6.8,62.1,sandy,mixed,monthly,daily,4,42
sponge_gourd,patola,dry,subtropical,34.3,63.1,1.8,9.6,6.9,68.2,sandy,none,weekly,twice_daily,4,44
bitter_gourd,ampalaya_hybrid,wet,tropical_lowland,27.6,71.2,10.7,4.8,6.6,73.0,clay,chemical,monthly,twice_daily,3,40
bitter_gourd,ampalaya_bilog,dry,tropical_highland,31.8,60.6,5.3,8.6,6.5,72.4,clay,organic,biweekly,every_other_day,3,39
sponge_gourd,patola_ridged,dry,tropical_highland,30.4,71.0,8.8,9.2,5.9,57.3,loamy,mixed,weekly,twice_daily,5,38
bottle_gourd,upo_smooth,dry,tropical_lowland,25.9,61.7,5.3,7.8,6.3,69.7,silty,mixed,weekly,every_other_day,4,45
bitter_gourd,ampalaya_hybrid,dry,tropical_highland,24.7,57.5,4.8,8.5,6.6,58.2,clay,mixed,none,every_other_day,3,41
squash,kalabasa_native,dry,tropical_highland,30.7,65.5,3.6,9.2,6.1,54.2,clay,organic,biweekly,twice_daily,4,38
bitter_gourd,ampalaya_hybrid,wet,subtropical,27.9,79.6,22.6,6.9,5.9,50.8,sandy,organic,biweekly,twice_daily,3,41
cucumber,pipino_japanese,dry,subtropical,33.6,72.7,4.6,8.1,6.9,78.4,loamy,none,weekly,daily,4,38
squash,kalabasa_native,wet,subtropical,30.4,77.5,29.9,4.1,7.0,60.9,loamy,chemical,weekly,twice_daily,4,42
cucumber,pipino,dry,tropical_lowland,32.2,71.7,9.6,8.8,7.1,70.4,clay,none,biweekly,every_other_day,3,32
bottle_gourd,upo_long,wet,tropical_highland,26.4,86.8,21.0,6.5,6.5,57.8,sandy,none,monthly,daily,4,51
cucumber,pipino_native,dry,tropical_highland,33.4,61.6,8.9,9.0,5.9,69.8,clay,none,biweekly,daily,3,36
sponge_gourd,patola,wet,subtropical,31.8,85.3,28.5,6.6,6.4,68.9,silty,chemical,none,twice_daily,3,41
bottle_gourd,upo_long,dry,tropical_highland,33.9,61.9,5.1,8.6,6.7,65.4,silty,none,weekly,daily,4,53
bitter_gourd,ampalaya_hybrid,dry,subtropical,33.5,68.3,5.3,8.9,6.8,51.2,sandy,chemical,biweekly,twice_daily,4,42
squash,kalabasa_native,dry,tropical_lowland,32.9,60.4,0.3,8.5,7.0,66.7,sandy,mixed,none,daily,4,41
sponge_gourd,patola_smooth,dry,subtropical,31.3,72.0,5.8,7.1,7.0,65.7,silty,organic,biweekly,daily,4,37
bitter_gourd,ampalaya_bilog,wet,tropical_lowland,26.7,88.8,28.4,4.7,6.5,63.3,clay,organic,weekly,daily,4,38
squash,kalabasa,dry,tropical_lowland,25.2,56.1,1.3,7.2,6.2,64.4,silty,mixed,weekly,daily,4,45
bitter_gourd,ampalaya_hybrid,dry,tropical_highland,24.5,57.6,6.4,7.8,6.7,72.5,sandy,chemical,monthly,daily,4,42
bitter_gourd,ampalaya_hybrid,wet,tropical_highland,31.8,76.5,27.8,5.0,6.4,59.2,silty,none,none,daily,4,42
squash,kalabasa_native,dry,subtropical,30.9,56.4,10.0,8.7,5.8,60.8,clay,chemical,weekly,twice_daily,3,48
bitter_gourd,ampalaya_oblong,wet,subtropical,28.0,75.5,16.4,6.5,6.1,55.6,silty,chemical,none,every_other_day,4,41
squash,kalabasa_hybrid,wet,tropical_highland,31.1,84.9,18.5,5.2,7.0,74.9,clay,none,monthly,every_other_day,3,47
cucumber,pipino_japanese,wet,subtropical,27.4,89.0,22.3,5.0,6.1,78.8,loamy,none,weekly,every_other_day,4,37
cucumber,pipino,wet,subtropical,28.0,86.6,24.8,6.9,6.7,56.5,clay,mixed,monthly,twice_daily,5,32
sponge_gourd,patola_smooth,wet,subtropical,31.0,77.9,11.0,4.6,6.1,57.4,loamy,none,monthly,daily,4,44
bitter_gourd,ampalaya_hybrid,dry,tropical_highland,32.5,71.8,0.2,9.4,6.5,65.0,loamy,chemical,weekly,twice_daily,4,42
bitter_gourd,ampalaya_oblong,dry,subtropical,32.1,71.7,9.7,7.3,5.8,51.7,silty,none,weekly,every_other_day,3,46
bottle_gourd,upo_round,dry,subtropical,31.8,71.8,9.7,9.7,6.4,66.2,silty,organic,weekly,daily,5,43
cucumber,pipino_japanese,wet,tropical_lowland,31.7,71.2,25.2,6.0,6.3,65.6,sandy,none,biweekly,every_other_day,4,36
bitter_gourd,ampalaya_bilog,dry,tropical_highland,28.7,70.1,7.3,9.5,5.8,61.4,loamy,mixed,monthly,daily,4,41
squash,kalabasa_hybrid,dry,tropical_highland,32.7,64.9,8.5,7.5,6.0,52.6,silty,organic,weekly,daily,3,44
cucumber,pipino_japanese,dry,subtropical,30.2,57.2,3.9,9.7,6.3,66.4,sandy,none,monthly,every_other_day,3,36
cucumber,pipino,dry,tropical_lowland,26.5,60.8,8.8,9.2,7.1,78.2,silty,mixed,biweekly,twice_daily,5,32
squash,kalabasa_native,wet,tropical_highland,27.7,74.5,15.0,4.2,6.4,57.8,clay,none,monthly,daily,3,49
sponge_gourd,patola_smooth,wet,tropical_highland,31.9,74.8,21.7,6.9,6.8,77.4,silty,organic,weekly,every_other_day,3,36
bitter_gourd,ampalaya_oblong,wet,tropical_lowland,29.7,73.1,19.7,4.1,6.2,78.9,loamy,chemical,weekly,twice_daily,4,44
sponge_gourd,patola,wet,subtropical,31.2,72.5,18.9,4.1,7.0,64.8,loamy,organic,weekly,daily,5,35
sponge_gourd,patola,dry,tropical_lowland,29.9,58.3,5.4,7.3,7.0,71.6,silty,none,none,twice_daily,3,45
bottle_gourd,upo_round,wet,tropical_highland,27.8,89.0,25.8,4.4,6.9,72.3,loamy,chemical,none,twice_daily,4,49
bottle_gourd,upo_round,wet,subtropical,30.1,87.5,23.8,6.1,6.4,76.8,loamy,mixed,none,daily,5,42
cucumber,pipino,wet,subtropical,28.2,86.6,11.2,5.7,6.7,68.5,loamy,mixed,none,twice_daily,4,32
cucumber,pipino_native,wet,tropical_lowland,30.0,75.1,17.0,5.0,6.5,72.4,loamy,chemical,weekly,daily,4,29
sponge_gourd,patola_smooth,dry,subtropical,27.1,59.0,7.6,9.0,7.1,61.6,clay,none,monthly,twice_daily,3,41
bottle_gourd,upo_round,dry,tropical_highland,25.5,56.6,3.2,8.0,6.5,67.9,silty,mixed,none,twice_daily,5,40
bottle_gourd,upo_smooth,dry,tropical_lowland,28.0,59.3,6.7,9.4,6.2,76.4,loamy,none,monthly,daily,3,52
squash,kalabasa_native,dry,tropical_lowland,27.1,64.7,5.3,7.0,6.8,51.4,clay,organic,weekly,every_other_day,4,44
squash,kalabasa_native,dry,tropical_highland,26.3,58.7,5.1,7.9,6.2,79.0,clay,mixed,weekly,twice_daily,4,43
squash,kalabasa,dry,tropical_highland,30.4,59.0,2.5,8.2,7.1,52.9,loamy,mixed,biweekly,twice_daily,3,45
sponge_gourd,patola_smooth,wet,subtropical,27.8,80.8,20.3,4.9,6.8,76.5,sandy,none,monthly,daily,3,45
sponge_gourd,patola,dry,tropical_highland,33.1,70.2,7.9,7.8,6.4,77.0,loamy,organic,none,daily,4,38
bitter_gourd,ampalaya_oblong,wet,tropical_lowland,27.4,85.1,26.6,5.5,6.4,51.4,clay,organic,weekly,twice_daily,4,39
bitter_gourd,ampalaya_oblong,dry,tropical_lowland,24.7,59.3,9.9,8.9,6.6,60.7,silty,mixed,biweekly,every_other_day,4,40
bottle_gourd,upo_long,dry,tropical_highland,34.4,65.8,7.9,7.2,6.7,69.5,loamy,none,monthly,daily,3,51
sponge_gourd,patola_smooth,wet,tropical_highland,26.2,84.4,24.6,6.0,6.0,69.4,sandy,organic,weekly,twice_daily,4,38
sponge_gourd,patola_ridged,dry,subtropical,34.9,63.1,1.5,7.1,6.2,71.8,clay,mixed,biweekly,daily,5,38
cucumber,pipino_japanese,wet,tropical_highland,26.7,74.1,24.2,6.9,5.8,79.3,sandy,organic,weekly,twice_daily,3,33
bitter_gourd,ampalaya_bilog,wet,tropical_lowland,26.9,84.1,11.7,5.2,6.1,54.3,silty,none,monthly,daily,4,44
bitter_gourd,ampalaya_bilog,dry,tropical_highland,34.0,74.8,2.8,7.3,6.7,65.6,loamy,chemical,weekly,daily,2,43
cucumber,pipino,dry,subtropical,31.1,66.1,6.3,9.3,6.0,70.4,loamy,chemical,none,daily,3,33
bottle_gourd,upo_round,dry,subtropical,25.1,71.3,5.5,9.6,6.1,67.8,loamy,organic,biweekly,daily,5,42
cucumber,pipino_japanese,dry,tropical_highland,24.9,57.7,8.7,8.7,6.6,59.8,loamy,organic,weekly,daily,4,28
bitter_gourd,ampalaya_oblong,dry,tropical_lowland,30.4,66.4,2.7,8.3,6.3,58.1,loamy,chemical,biweekly,daily,2,44
bottle_gourd,upo_smooth,dry,subtropical,32.2,71.1,7.8,8.2,6.1,50.5,sandy,organic,none,daily,4,47
bitter_gourd,ampalaya_oblong,wet,tropical_lowland,26.1,84.4,24.4,4.1,6.2,62.8,silty,none,monthly,twice_daily,4,43
bottle_gourd,upo_smooth,dry,tropical_highland,31.3,71.7,1.6,8.3,6.7,50.1,clay,chemical,monthly,every_other_day,4,47
squash,kalabasa,wet,tropical_lowland,29.2,85.5,19.3,5.2,7.1,56.0,loamy,none,weekly,every_other_day,3,47
sponge_gourd,patola,wet,tropical_highland,31.7,82.5,13.4,6.9,6.2,69.5,sandy,mixed,monthly,twice_daily,4,37
squash,kalabasa_native,dry,tropical_highland,35.0,69.8,3.5,7.5,6.0,64.6,clay,none,monthly,twice_daily,3,45
bottle_gourd,upo_smooth,wet,subtropical,31.7,71.4,18.6,5.0,7.1,57.9,silty,organic,monthly,daily,4,46
bitter_gourd,ampalaya_hybrid,dry,tropical_highland,32.4,61.6,1.6,8.9,6.5,77.5,loamy,none,biweekly,daily,5,43
bitter_gourd,ampalaya_hybrid,dry,subtropical,24.5,63.2,9.8,7.8,6.6,69.8,clay,none,biweekly,twice_daily,3,48
cucumber,pipino,wet,subtropical,26.2,84.6,25.1,5.0,6.8,67.2,loamy,organic,biweekly,twice_daily,5,28
squash,kalabasa_native,wet,tropical_lowland,27.3,81.2,26.3,5.4,6.8,72.9,silty,mixed,weekly,every_other_day,4,43
bottle_gourd,upo_long,wet,tropical_highland,29.1,89.0,23.4,6.3,5.8,61.7,sandy,mixed,biweekly,daily,4,45
bitter_gourd,ampalaya_hybrid,wet,tropical_lowland,31.6,87.8,27.4,5.3,6.4,60.1,clay,none,weekly,twice_daily,3,48
cucumber,pipino_japanese,wet,subtropical,28.4,86.3,28.6,5.7,6.0,75.7,clay,organic,none,daily,3,32
cucumber,pipino_native,dry,tropical_lowland,30.8,69.4,0.6,7.7,6.9,68.6,loamy,organic,weekly,every_other_day,4,29
bottle_gourd,upo_smooth,wet,subtropical,30.1,88.9,19.6,4.6,6.7,79.8,sandy,chemical,monthly,twice_daily,5,44
bottle_gourd,upo_smooth,dry,tropical_lowland,26.4,71.4,8.6,9.7,6.3,50.1,sandy,organic,none,daily,4,46
sponge_gourd,patola,dry,tropical_highland,28.0,57.3,5.2,7.8,6.3,60.7,clay,mixed,monthly,daily,5,35
sponge_gourd,patola_smooth,wet,tropical_highland,28.3,71.4,14.0,6.7,6.3,62.2,loamy,none,none,daily,4,45
sponge_gourd,patola,dry,tropical_highland,27.9,58.5,9.0,9.0,6.7,69.5,sandy,mixed,weekly,twice_daily,4,42
cucumber,pipino,dry,tropical_highland,33.1,65.4,7.4,8.8,6.9,78.7,silty,organic,none,daily,4,37
bottle_gourd,upo_round,dry,subtropical,26.7,73.0,7.0,7.6,6.3,74.8,loamy,organic,none,every_other_day,4,44
squash,kalabasa,wet,subtropical,30.4,73.7,29.7,6.8,6.0,58.2,sandy,mixed,none,twice_daily,3,42
bitter_gourd,ampalaya_bilog,wet,tropical_highland,30.9,77.1,28.8,6.1,6.2,71.7,sandy,organic,none,twice_daily,5,39
bottle_gourd,upo_smooth,dry,subtropical,34.1,64.5,6.4,9.8,6.9,74.0,silty,chemical,monthly,daily,3,48
sponge_gourd,patola,wet,tropical_highland,29.9,88.0,28.5,6.3,6.4,72.9,sandy,organic,none,every_other_day,4,39
bottle_gourd,upo_smooth,dry,tropical_highland,29.4,71.9,3.5,9.7,6.0,64.4,silty,chemical,monthly,daily,4,48
bitter_gourd,ampalaya_bilog,wet,tropical_lowland,27.5,86.6,29.7,6.8,6.4,51.9,clay,organic,biweekly,daily,5,41
bitter_gourd,ampalaya_bilog,dry,tropical_lowland,30.8,57.4,3.0,9.7,6.4,54.6,silty,none,biweekly,twice_daily,4,45
bottle_gourd,upo_smooth,dry,tropical_lowland,33.5,56.0,3.1,7.1,7.2,63.0,silty,none,monthly,daily,3,53
bitter_gourd,ampalaya_hybrid,wet,tropical_highland,28.6,84.4,20.3,4.3,6.3,62.1,loamy,organic,none,daily,4,38
bottle_gourd,upo_long,dry,subtropical,32.7,70.2,9.7,8.2,6.1,63.0,clay,none,weekly,every_other_day,4,51
squash,kalabasa,dry,tropical_lowland,29.2,56.5,0.5,8.6,6.2,78.0,silty,none,none,twice_daily,5,46
bottle_gourd,upo_smooth,dry,subtropical,25.3,74.8,6.2,8.9,7.2,70.5,loamy,chemical,monthly,daily,3,51
squash,kalabasa,wet,tropical_lowland,26.1,85.5,27.0,5.2,6.4,55.0,silty,none,weekly,daily,4,49
bottle_gourd,upo_long,dry,tropical_lowland,24.8,59.0,8.8,9.9,6.9,60.3,silty,organic,monthly,twice_daily,4,42
sponge_gourd,patola,dry,subtropical,32.0,64.9,1.6,9.2,6.2,73.7,silty,organic,none,every_other_day,4,35
sponge_gourd,patola,dry,subtropical,32.2,57.9,5.3,7.7,6.8,62.5,sandy,chemical,biweekly,daily,3,41
sponge_gourd,patola_ridged,dry,tropical_highland,28.3,71.3,9.6,9.2,5.8,79.7,sandy,none,none,twice_daily,4,44
bitter_gourd,ampalaya_bilog,dry,tropical_highland,34.8,74.6,9.3,8.4,6.7,51.4,clay,organic,biweekly,every_other_day,4,43
bottle_gourd,upo_round,dry,tropical_highland,29.6,67.1,8.0,9.6,6.2,69.4,silty,organic,none,every_other_day,3,48
bitter_gourd,ampalaya_oblong,dry,subtropical,29.4,60.5,1.4,9.1,6.7,57.9,silty,organic,monthly,every_other_day,3,43
squash,kalabasa_hybrid,wet,tropical_highland,26.7,87.7,18.2,5.0,6.2,66.8,sandy,chemical,biweekly,daily,3,46
sponge_gourd,patola_smooth,dry,tropical_highland,24.0,55.7,5.4,8.6,6.6,67.2,loamy,chemical,none,every_other_day,4,39
bitter_gourd,ampalaya_oblong,wet,tropical_lowland,28.4,76.1,13.1,5.7,6.8,68.9,loamy,chemical,biweekly,daily,4,44
cucumber,pipino,dry,subtropical,29.8,73.5,5.2,8.5,6.0,63.2,clay,none,monthly,every_other_day,3,37
squash,kalabasa_native,dry,tropical_lowland,34.1,58.2,6.2,8.5,5.9,64.1,sandy,organic,monthly,twice_daily,5,39
bottle_gourd,upo_long,wet,tropical_lowland,27.3,78.7,17.6,4.5,5.8,69.4,loamy,chemical,monthly,twice_daily,2,50
bitter_gourd,ampalaya_hybrid,dry,tropical_highland,27.8,68.8,8.0,9.3,6.7,51.5,clay,mixed,biweekly,daily,4,42
cucumber,pipino_japanese,dry,tropical_lowland,30.4,67.9,3.0,9.7,6.9,65.1,loamy,none,monthly,twice_daily,3,38
squash,kalabasa_hybrid,dry,subtropical,29.0,59.8,2.6,8.1,6.6,51.9,loamy,none,biweekly,daily,3,48
bottle_gourd,upo_smooth,wet,subtropical,28.8,85.0,14.4,5.6,7.1,73.5,clay,none,biweekly,twice_daily,3,51
squash,kalabasa,dry,subtropical,26.3,64.6,1.6,9.5,6.7,52.8,loamy,chemical,weekly,every_other_day,4,44
cucumber,pipino,dry,tropical_lowland,25.1,59.9,0.5,9.8,6.8,78.8,clay,organic,biweekly,every_other_day,4,36
squash,kalabasa,wet,tropical_highland,31.0,79.3,14.4,6.4,7.1,67.6,sandy,mixed,none,daily,4,41
sponge_gourd,patola_ridged,wet,tropical_lowland,29.2,82.3,10.2,5.4,6.8,69.5,sandy,mixed,biweekly,twice_daily,4,37
cucumber,pipino_japanese,dry,tropical_lowland,26.6,58.4,7.5,9.3,6.5,66.3,clay,mixed,biweekly,twice_daily,4,35
bitter_gourd,ampalaya_hybrid,dry,tropical_highland,26.4,72.0,4.7,9.7,6.8,54.4,clay,chemical,monthly,daily,4,39
cucumber,pipino,dry,tropical_lowland,30.9,68.2,9.1,7.6,6.7,73.0,clay,none,biweekly,twice_daily,3,38
bitter_gourd,ampalaya_oblong,dry,tropical_highland,34.5,69.8,9.3,8.2,7.1,54.7,loamy,none,biweekly,every_other_day,4,44
bottle_gourd,upo_round,wet,tropical_lowland,30.7,83.5,14.1,4.5,6.1,59.9,silty,organic,none,twice_daily,4,44
bitter_gourd,ampalaya_bilog,dry,subtropical,24.4,66.4,5.7,9.1,6.3,65.2,clay,organic,none,every_other_day,3,37
bottle_gourd,upo_smooth,wet,tropical_highland,29.6,86.5,13.0,4.3,7.0,77.9,clay,none,monthly,daily,3,50
cucumber,pipino,wet,tropical_lowland,28.7,78.1,17.0,6.1,6.9,67.2,loamy,organic,biweekly,twice_daily,4,32
cucumber,pipino_japanese,dry,tropical_lowland,31.3,70.3,9.3,7.4,6.0,71.3,clay,mixed,weekly,daily,4,36
bottle_gourd,upo_smooth,wet,tropical_highland,28.4,86.2,22.4,6.3,6.9,64.2,loamy,mixed,biweekly,every_other_day,5,45
sponge_gourd,patola_smooth,wet,tropical_highland,29.2,73.8,11.5,5.4,6.9,55.3,loamy,organic,biweekly,twice_daily,5,36
cucumber,pipino_native,wet,tropical_lowland,29.1,80.0,28.7,6.8,7.1,76.9,clay,chemical,monthly,twice_daily,4,33
sponge_gourd,patola,dry,tropical_lowland,24.7,56.4,0.4,8.9,6.1,64.4,silty,none,weekly,twice_daily,4,42
sponge_gourd,patola_ridged,dry,subtropical,32.4,55.1,9.7,8.4,6.7,71.8,sandy,organic,biweekly,twice_daily,4,36
bottle_gourd,upo_smooth,dry,tropical_highland,25.1,66.9,4.7,9.4,6.2,72.4,sandy,organic,weekly,daily,4,44
bitter_gourd,ampalaya_hybrid,dry,tropical_lowland,25.9,69.8,6.7,7.5,7.2,65.3,sandy,mixed,biweekly,every_other_day,3,42
cucumber,pipino,dry,subtropical,25.9,61.2,3.1,7.2,7.1,63.3,clay,none,biweekly,twice_daily,3,38
cucumber,pipino_native,wet,tropical_highland,28.5,73.4,11.7,6.4,7.1,66.1,sandy,organic,weekly,twice_daily,4,32
bitter_gourd,ampalaya_oblong,wet,tropical_lowland,28.0,80.1,14.1,5.9,6.1,77.9,silty,chemical,monthly,every_other_day,4,43
bitter_gourd,ampalaya_oblong,wet,tropical_highland,26.9,72.6,22.3,6.9,6.6,65.5,loamy,mixed,monthly,every_other_day,4,41
squash,kalabasa,dry,tropical_highland,33.3,68.6,3.5,7.7,6.8,79.0,silty,chemical,weekly,daily,4,45
bottle_gourd,upo_long,wet,tropical_highland,29.4,89.0,26.3,5.5,6.8,79.7,clay,organic,biweekly,every_other_day,4,44
sponge_gourd,patola_smooth,wet,tropical_lowland,27.0,74.7,14.0,6.4,6.1,59.2,clay,mixed,monthly,daily,4,38
bitter_gourd,ampalaya_oblong,dry,tropical_lowland,28.2,72.2,4.4,7.3,7.2,53.1,sandy,none,monthly,every_other_day,4,44
sponge_gourd,patola,wet,tropical_lowland,26.9,79.3,21.5,4.3,6.8,64.5,sandy,organic,weekly,twice_daily,4,37
squash,kalabasa_native,dry,subtropical,27.0,59.9,4.8,8.4,6.1,71.5,clay,chemical,biweekly,every_other_day,3,42
bottle_gourd,upo_smooth,dry,tropical_lowland,30.3,55.2,3.7,8.3,7.1,71.0,clay,chemical,biweekly,twice_daily,3,52
bitter_gourd,ampalaya_hybrid,dry,subtropical,32.6,75.0,5.7,9.0,6.3,51.4,clay,chemical,weekly,every_other_day,4,40
cucumber,pipino_native,dry,tropical_lowland,28.2,57.7,0.2,7.1,6.6,59.9,silty,mixed,biweekly,daily,4,31
cucumber,pipino,wet,tropical_highland,31.9,76.2,19.6,5.5,6.5,68.0,clay,mixed,biweekly,daily,4,34
bottle_gourd,upo_smooth,wet,tropical_lowland,26.8,72.0,21.0,6.1,7.0,52.8,sandy,chemical,none,every_other_day,3,49
sponge_gourd,patola_ridged,wet,tropical_highland,26.8,81.4,17.9,5.1,6.0,57.9,silty,organic,monthly,twice_daily,5,37
cucumber,pipino_japanese,dry,subtropical,31.7,67.8,6.4,8.2,6.5,51.7,silty,chemical,weekly,twice_daily,4,32
bitter_gourd,ampalaya_hybrid,wet,tropical_lowland,31.7,84.9,13.5,6.7,6.8,57.9,sandy,none,weekly,daily,4,46
bottle_gourd,upo_long,dry,tropical_lowland,33.0,67.8,3.6,7.7,6.8,73.8,silty,organic,none,daily,5,44
bottle_gourd,upo_round,dry,tropical_lowland,34.7,62.0,9.0,7.1,6.1,68.0,clay,chemical,monthly,twice_daily,5,44
bitter_gourd,ampalaya_oblong,dry,tropical_highland,35.0,73.9,7.2,9.7,6.6,56.2,clay,mixed,biweekly,daily,4,40
bottle_gourd,upo_smooth,dry,tropical_lowland,27.3,59.2,1.7,7.0,6.1,78.7,clay,organic,monthly,every_other_day,3,47
squash,kalabasa_native,dry,subtropical,26.5,72.5,3.2,9.1,6.1,63.8,silty,none,none,daily,4,49
bottle_gourd,upo_round,dry,tropical_lowland,26.4,62.2,7.6,9.8,7.2,79.9,sandy,none,none,twice_daily,3,52
bottle_gourd,upo_round,wet,tropical_lowland,30.3,79.2,18.7,6.7,6.6,54.8,clay,chemical,monthly,daily,4,47
bitter_gourd,ampalaya_oblong,wet,tropical_lowland,31.9,87.3,24.6,4.6,6.7,51.2,sandy,none,monthly,twice_daily,4,46
squash,kalabasa,wet,tropical_lowland,31.1,88.9,18.7,7.0,6.0,73.1,loamy,mixed,monthly,every_other_day,4,44
bitter_gourd,ampalaya_hybrid,wet,subtropical,27.5,76.1,26.5,4.4,5.9,65.9,loamy,none,monthly,daily,4,47
sponge_gourd,patola,wet,tropical_highland,26.4,80.0,28.2,4.7,6.1,71.2,loamy,none,none,twice_daily,3,41
sponge_gourd,patola_smooth,dry,subtropical,34.7,64.0,4.7,9.2,6.3,61.4,silty,organic,monthly,twice_daily,5,38
cucumber,pipino,dry,subtropical,34.2,74.6,9.4,9.4,6.7,63.7,clay,organic,none,twice_daily,4,33
squash,kalabasa_hybrid,dry,tropical_highland,32.6,58.5,5.8,8.9,6.6,64.6,silty,none,weekly,daily,4,48
sponge_gourd,patola_smooth,wet,tropical_highland,29.2,86.3,27.2,5.8,6.1,77.8,clay,none,biweekly,daily,2,41
cucumber,pipino_japanese,wet,tropical_highland,26.3,81.7,26.6,5.7,6.3,77.0,silty,chemical,none,twice_daily,3,38
bottle_gourd,upo_long,wet,tropical_lowland,28.8,85.8,12.3,5.3,6.4,74.9,loamy,none,none,daily,3,49
bitter_gourd,ampalaya_oblong,dry,tropical_highland,29.1,59.7,6.7,9.6,6.7,73.6,loamy,chemical,weekly,daily,5,43
bitter_gourd,ampalaya_oblong,dry,tropical_lowland,28.2,66.1,9.2,10.0,5.9,55.8,sandy,chemical,biweekly,twice_daily,3,44
bitter_gourd,ampalaya_bilog,wet,tropical_lowland,26.3,82.8,20.2,6.6,6.3,67.1,silty,none,weekly,twice_daily,5,42
sponge_gourd,patola_ridged,dry,subtropical,27.5,72.2,1.6,9.7,6.7,68.5,clay,mixed,monthly,daily,4,42
squash,kalabasa_native,wet,tropical_lowland,30.5,75.0,20.1,6.1,6.8,55.7,sandy,mixed,biweekly,twice_daily,5,40
sponge_gourd,patola,dry,tropical_lowland,30.3,68.5,9.4,7.2,6.0,70.3,silty,organic,none,every_other_day,3,40
cucumber,pipino_japanese,dry,tropical_highland,29.5,58.2,2.8,9.8,6.7,60.9,clay,none,biweekly,every_other_day,2,38
squash,kalabasa,dry,tropical_lowland,32.8,58.4,9.9,9.2,7.0,61.3,clay,organic,weekly,daily,4,40
sponge_gourd,patola_smooth,wet,tropical_lowland,29.6,75.0,10.7,4.3,6.1,76.5,loamy,organic,none,daily,4,37
bottle_gourd,upo_smooth,dry,subtropical,29.1,71.0,3.6,8.7,7.0,50.8,loamy,organic,monthly,daily,5,40
bottle_gourd,upo_smooth,dry,tropical_highland,31.7,60.6,1.4,8.4,7.2,67.4,silty,mixed,none,twice_daily,3,48
bottle_gourd,upo_smooth,dry,subtropical,32.5,63.9,2.5,8.2,6.0,52.5,clay,chemical,none,every_other_day,4,48
cucumber,pipino_japanese,wet,subtropical,27.5,84.4,11.8,4.3,6.9,64.1,clay,none,biweekly,twice_daily,3,38
squash,kalabasa_native,dry,subtropical,33.4,66.9,0.0,8.4,6.5,63.3,sandy,none,biweekly,every_other_day,4,49
bottle_gourd,upo_smooth,dry,tropical_lowland,34.6,70.4,7.1,9.7,6.8,74.4,sandy,mixed,none,every_other_day,4,49
sponge_gourd,patola_ridged,wet,tropical_highland,30.3,82.3,13.9,6.4,7.0,75.3,loamy,chemical,biweekly,twice_daily,4,35
sponge_gourd,patola_smooth,dry,tropical_lowland,30.8,72.2,6.8,8.1,6.2,78.3,sandy,mixed,monthly,daily,4,37
bottle_gourd,upo_round,wet,tropical_lowland,28.4,86.8,10.1,5.1,6.0,79.3,clay,chemical,weekly,daily,4,47
bottle_gourd,upo_smooth,wet,tropical_lowland,27.4,77.1,22.2,6.9,6.1,58.9,clay,mixed,monthly,twice_daily,5,47
sponge_gourd,patola,dry,subtropical,34.3,66.1,5.9,9.8,7.2,75.0,sandy,chemical,biweekly,twice_daily,3,41
sponge_gourd,patola_ridged,wet,tropical_highland,30.5,76.7,11.5,6.6,5.8,58.0,sandy,chemical,none,every_other_day,4,38
sponge_gourd,patola_smooth,dry,subtropical,27.0,74.6,6.4,9.0,6.8,79.3,loamy,organic,monthly,twice_daily,5,37
cucumber,pipino,wet,subtropical,28.9,78.1,23.9,4.2,6.3,76.8,silty,none,monthly,every_other_day,4,35
bottle_gourd,upo_smooth,wet,subtropical,26.1,72.1,15.7,5.2,5.9,61.3,sandy,none,weekly,twice_daily,3,50
bottle_gourd,upo_long,wet,tropical_lowland,30.9,90.0,21.9,4.6,6.7,63.0,silty,organic,none,daily,5,46
bitter_gourd,ampalaya_bilog,dry,tropical_highland,32.6,63.5,6.5,7.6,6.8,62.2,silty,mixed,none,every_other_day,4,42
bitter_gourd,ampalaya_oblong,wet,tropical_highland,27.2,82.3,23.9,5.3,6.8,71.7,clay,mixed,biweekly,daily,5,37
squash,kalabasa_hybrid,wet,subtropical,27.8,80.1,24.3,6.5,5.9,64.9,silty,none,biweekly,every_other_day,3,46
bitter_gourd,ampalaya_hybrid,wet,subtropical,30.4,80.1,25.3,4.6,6.7,79.6,clay,organic,monthly,twice_daily,5,38
bitter_gourd,ampalaya_oblong,dry,tropical_lowland,24.3,64.3,5.7,7.0,5.8,64.8,clay,mixed,biweekly,twice_daily,4,40
bitter_gourd,ampalaya_oblong,wet,subtropical,29.2,78.2,13.1,4.2,7.0,75.8,silty,organic,none,twice_daily,4,38
cucumber,pipino_native,wet,tropical_highland,26.8,80.6,19.3,6.1,6.8,71.5,sandy,organic,monthly,daily,3,32
bottle_gourd,upo_smooth,wet,tropical_highland,27.9,84.1,15.7,5.0,6.5,76.8,clay,chemical,weekly,every_other_day,3,48
sponge_gourd,patola_ridged,dry,subtropical,33.2,63.9,4.8,8.9,6.4,66.4,silty,organic,weekly,every_other_day,4,36
cucumber,pipino,wet,subtropical,28.1,73.4,19.8,5.0,5.8,72.1,silty,none,biweekly,daily,4,36
squash,kalabasa_hybrid,dry,tropical_lowland,27.2,70.6,6.8,7.3,6.6,63.0,loamy,chemical,none,every_other_day,4,47
squash,kalabasa,wet,subtropical,26.3,75.7,10.3,6.2,7.0,76.1,silty,mixed,biweekly,daily,3,44
bitter_gourd,ampalaya_oblong,wet,tropical_highland,28.7,77.3,26.8,4.7,6.9,63.4,silty,chemical,monthly,daily,3,40
bottle_gourd,upo_smooth,dry,tropical_highland,30.4,63.4,6.0,9.1,6.7,78.5,loamy,chemical,monthly,daily,4,43
bottle_gourd,upo_round,dry,tropical_highland,34.1,72.5,3.3,7.3,6.3,67.6,silty,chemical,weekly,twice_daily,3,47
cucumber,pipino_japanese,wet,tropical_lowland,26.1,79.8,10.4,5.7,5.8,67.2,clay,chemical,monthly,every_other_day,2,37
squash,kalabasa_hybrid,dry,tropical_lowland,27.7,57.7,7.7,8.3,7.0,72.1,loamy,mixed,none,twice_daily,5,39
bottle_gourd,upo_long,wet,tropical_lowland,30.4,85.6,26.6,6.9,7.1,63.5,loamy,mixed,none,daily,4,46
sponge_gourd,patola_smooth,dry,tropical_lowland,30.3,71.6,6.6,9.2,6.3,74.4,loamy,mixed,biweekly,daily,4,39
bottle_gourd,upo_long,wet,subtropical,32.0,72.4,15.7,6.6,6.2,70.1,clay,none,none,daily,4,51
cucumber,pipino_japanese,wet,tropical_lowland,31.3,75.7,29.5,4.3,6.0,65.4,sandy,organic,monthly,daily,4,35
bottle_gourd,upo_round,wet,tropical_lowland,28.7,88.9,14.5,5.7,6.9,65.5,silty,mixed,weekly,twice_daily,5,45
sponge_gourd,patola_smooth,dry,subtropical,32.1,71.2,5.7,8.7,5.9,65.9,sandy,mixed,weekly,twice_daily,3,38
bitter_gourd,ampalaya_hybrid,wet,tropical_lowland,26.4,88.5,11.2,4.4,6.0,76.5,loamy,organic,monthly,daily,3,44
cucumber,pipino_japanese,dry,tropical_lowland,24.7,59.1,6.9,8.8,6.0,60.4,loamy,none,monthly,twice_daily,4,37
squash,kalabasa_hybrid,wet,tropical_lowland,26.2,82.2,12.4,6.9,6.6,62.7,clay,chemical,biweekly,twice_daily,4,42
sponge_gourd,patola,dry,tropical_highland,34.1,74.5,0.0,8.0,6.5,72.2,clay,chemical,biweekly,daily,4,36
cucumber,pipino_japanese,dry,tropical_lowland,24.3,70.7,9.4,10.0,6.2,57.0,sandy,chemical,none,every_other_day,2,34
sponge_gourd,patola_ridged,dry,tropical_lowland,28.4,57.0,1.5,9.4,6.6,60.3,loamy,mixed,none,every_other_day,4,42
bottle_gourd,upo_smooth,dry,tropical_highland,31.6,67.4,4.1,8.6,6.1,59.8,clay,mixed,none,every_other_day,4,47
bitter_gourd,ampalaya_hybrid,wet,tropical_highland,31.5,79.7,20.2,6.6,6.8,68.8,loamy,chemical,none,daily,4,41
cucumber,pipino,dry,tropical_highland,27.5,73.7,3.8,9.1,6.8,71.6,loamy,chemical,none,every_other_day,4,36
cucumber,pipino,wet,tropical_highland,31.8,88.4,25.4,5.7,5.8,72.7,sandy,organic,weekly,every_other_day,3,35
bitter_gourd,ampalaya_oblong,dry,subtropical,31.3,71.5,6.9,7.7,6.6,78.2,sandy,chemical,biweekly,twice_daily,3,45
bitter_gourd,ampalaya_hybrid,wet,subtropical,31.2,82.8,16.6,4.8,6.9,70.7,loamy,organic,monthly,every_other_day,3,41
cucumber,pipino_native,dry,tropical_lowland,26.2,71.6,4.5,8.3,7.1,57.3,sandy,mixed,none,every_other_day,3,35
cucumber,pipino,dry,subtropical,27.9,73.4,2.7,7.9,6.9,51.9,clay,organic,none,daily,4,32
sponge_gourd,patola_ridged,wet,tropical_highland,26.7,85.7,15.4,6.3,7.1,78.0,sandy,mixed,weekly,every_other_day,3,39
bitter_gourd,ampalaya_oblong,wet,tropical_lowland,29.2,71.8,17.3,5.1,6.9,79.1,clay,none,weekly,every_other_day,3,45
squash,kalabasa_hybrid,dry,tropical_lowland,26.0,58.1,3.6,7.7,6.0,52.9,sandy,mixed,none,every_other_day,4,43
cucumber,pipino_japanese,dry,tropical_highland,31.8,73.4,6.1,7.6,6.9,55.8,silty,chemical,biweekly,every_other_day,4,33
squash,kalabasa_native,dry,tropical_highland,29.4,56.6,9.3,7.9,7.2,75.3,clay,chemical,biweekly,twice_daily,3,43
cucumber,pipino_native,wet,tropical_lowland,31.1,77.3,15.1,6.0,6.2,65.3,loamy,chemical,biweekly,twice_daily,4,37
bottle_gourd,upo_long,dry,subtropical,27.1,55.0,8.1,7.5,6.6,63.3,loamy,chemical,none,every_other_day,3,48
bitter_gourd,ampalaya_bilog,wet,tropical_lowland,26.4,70.3,14.3,7.0,6.6,69.8,silty,organic,weekly,daily,4,42
cucumber,pipino_japanese,dry,subtropical,32.2,66.2,0.4,8.7,6.5,54.3,sandy,chemical,monthly,twice_daily,4,34
squash,kalabasa,dry,tropical_lowland,31.3,67.8,3.9,7.4,6.2,68.4,loamy,none,monthly,daily,3,45
sponge_gourd,patola_smooth,dry,tropical_highland,24.3,65.4,8.7,7.8,5.9,67.2,sandy,chemical,weekly,every_other_day,2,43
sponge_gourd,patola_smooth,dry,tropical_highland,26.7,71.0,0.2,8.2,6.3,69.0,sandy,chemical,none,twice_daily,4,38
bottle_gourd,upo_smooth,dry,subtropical,26.0,61.6,6.2,7.3,7.0,67.7,sandy,chemical,biweekly,twice_daily,4,47
bitter_gourd,ampalaya_bilog,wet,tropical_highland,28.3,83.3,18.6,5.2,6.0,64.6,silty,chemical,weekly,twice_daily,3,42
bottle_gourd,upo_smooth,dry,tropical_highland,33.3,68.2,4.9,8.5,6.5,52.1,sandy,mixed,weekly,daily,5,47
bottle_gourd,upo_round,wet,tropical_lowland,30.5,84.1,13.0,5.8,6.7,65.9,loamy,mixed,monthly,every_other_day,5,42
squash,kalabasa,dry,tropical_lowland,33.2,59.1,4.6,7.3,6.9,78.9,silty,organic,monthly,daily,4,42
squash,kalabasa,dry,tropical_lowland,26.2,75.0,9.0,7.1,6.5,75.3,sandy,mixed,biweekly,daily,3,43
bitter_gourd,ampalaya_oblong,dry,tropical_highland,34.1,72.8,1.8,9.4,6.1,55.7,sandy,mixed,monthly,twice_daily,4,42
cucumber,pipino_japanese,dry,tropical_lowland,29.1,65.4,6.5,8.1,6.4,53.1,clay,organic,none,daily,4,31
bitter_gourd,ampalaya_oblong,dry,subtropical,33.4,68.1,9.4,7.4,6.5,64.4,sandy,chemical,biweekly,every_other_day,4,41
bitter_gourd,ampalaya_oblong,wet,tropical_lowland,28.2,83.4,21.5,5.9,6.1,72.3,loamy,none,weekly,every_other_day,4,48
sponge_gourd,patola_smooth,wet,subtropical,31.3,81.1,15.7,5.6,6.0,53.8,sandy,chemical,weekly,daily,3,39
bitter_gourd,ampalaya_oblong,wet,tropical_lowland,31.6,70.2,18.8,5.7,6.7,64.8,loamy,mixed,none,daily,4,44
bitter_gourd,ampalaya_hybrid,wet,tropical_lowland,26.2,79.6,21.0,6.7,6.4,55.4,clay,none,biweekly,every_other_day,4,45
cucumber,pipino_japanese,wet,tropical_highland,26.5,76.3,25.5,4.7,6.6,66.4,sandy,organic,none,daily,4,32
cucumber,pipino,wet,subtropical,28.1,89.9,16.5,5.3,7.0,55.7,loamy,none,biweekly,daily,3,38
bitter_gourd,ampalaya_oblong,wet,subtropical,31.9,79.3,14.9,6.8,7.1,75.0,silty,none,none,daily,3,45
bitter_gourd,ampalaya_hybrid,dry,tropical_lowland,32.6,68.0,4.1,9.1,6.6,54.0,sandy,organic,weekly,daily,5,43
sponge_gourd,patola,dry,tropical_highland,29.4,66.6,6.7,7.5,6.9,61.9,clay,none,none,daily,4,41
bottle_gourd,upo_smooth,dry,tropical_lowland,30.6,58.7,0.4,7.3,6.8,75.4,silty,organic,none,twice_daily,5,45
squash,kalabasa_native,dry,tropical_lowland,32.8,69.2,1.5,9.4,7.1,55.7,loamy,mixed,none,daily,3,45
bitter_gourd,ampalaya_oblong,dry,subtropical,25.3,74.9,8.7,8.1,6.5,64.6,sandy,mixed,monthly,daily,5,42
squash,kalabasa_native,wet,subtropical,31.4,85.3,10.5,6.9,6.7,57.3,silty,mixed,weekly,daily,5,38
sponge_gourd,patola,dry,subtropical,31.8,68.6,5.6,7.1,6.4,60.0,loamy,none,weekly,every_other_day,3,44
sponge_gourd,patola,wet,tropical_lowland,27.0,87.4,21.9,5.4,6.8,78.7,clay,none,weekly,daily,3,44
cucumber,pipino_native,wet,tropical_lowland,27.3,72.1,21.9,6.5,6.8,59.0,loamy,none,weekly,every_other_day,3,34
squash,kalabasa_native,dry,tropical_highland,31.1,64.1,6.0,9.1,7.1,68.8,silty,none,biweekly,every_other_day,3,48
sponge_gourd,patola_smooth,wet,tropical_lowland,28.4,72.7,29.3,4.5,5.8,73.3,sandy,mixed,weekly,every_other_day,4,36
squash,kalabasa,dry,subtropical,24.9,65.0,7.7,7.1,7.1,66.4,silty,mixed,biweekly,every_other_day,4,40
bitter_gourd,ampalaya_oblong,dry,tropical_lowland,29.2,71.3,6.9,9.6,6.3,53.8,sandy,mixed,biweekly,daily,4,38
bitter_gourd,ampalaya_bilog,wet,tropical_lowland,29.5,85.6,14.7,6.6,6.2,62.4,clay,mixed,weekly,twice_daily,4,42
bitter_gourd,ampalaya_bilog,wet,subtropical,31.4,81.3,10.1,4.2,6.6,75.5,sandy,chemical,monthly,daily,4,42
squash,kalabasa_native,dry,tropical_lowland,33.9,68.1,9.4,9.7,7.1,60.6,clay,mixed,weekly,daily,3,45
squash,kalabasa_native,dry,subtropical,29.7,68.7,5.8,9.3,7.0,63.7,silty,mixed,monthly,twice_daily,4,45
squash,kalabasa_hybrid,dry,tropical_lowland,32.8,56.2,1.0,9.3,6.7,51.6,sandy,none,monthly,daily,3,49
cucumber,pipino_japanese,wet,subtropical,26.6,70.4,29.1,4.5,6.9,71.4,loamy,organic,weekly,daily,5,32
