gourd_type,variety_name,season,avg_temperature,avg_humidity,avg_rainfall_mm,soil_moisture,fertilizer_type,fertilizer_frequency,plant_health_score,successful_pollinations,predicted_days_to_maturity,mature_fruit_count,avg_fruit_weight_kg,total_yield_kg
bitter_gourd,ampalaya_hybrid,dry,32.1,71.4,4.0,67.4,organic,monthly,4,20,47,20,0.22,4.4
sponge_gourd,patola_ridged,dry,31.0,74.3,0.7,71.5,organic,none,3,16,45,16,0.69,11.04
squash,kalabasa,wet,28.4,76.4,14.0,69.6,mixed,none,3,15,58,15,2.94,44.1
cucumber,pipino,wet,31.2,87.3,18.6,58.1,chemical,monthly,3,6,41,6,0.37,2.22
sponge_gourd,patola,wet,27.0,80.9,27.7,66.7,none,biweekly,4,9,46,9,0.51,4.59
sponge_gourd,patola,dry,34.4,70.5,3.5,68.6,chemical,none,3,7,45,7,0.71,4.97
bitter_gourd,ampalaya_hybrid,wet,29.3,72.8,16.6,51.5,chemical,weekly,3,12,48,12,0.28,3.36
cucumber,pipino_japanese,dry,34.3,59.5,4.4,79.5,none,weekly,4,11,38,11,0.35,3.85
sponge_gourd,patola,dry,31.0,57.2,6.8,71.2,none,weekly,4,10,47,10,0.73,7.3
bottle_gourd,upo_round,dry,29.8,58.1,4.9,73.6,mixed,monthly,5,16,50,16,1.72,27.52
squash,kalabasa_native,wet,30.0,84.9,29.4,61.3,organic,biweekly,4,15,61,15,2.5,37.5
bitter_gourd,ampalaya_oblong,wet,30.6,86.7,16.2,65.5,organic,none,3,10,47,10,0.19,1.9
sponge_gourd,patola,dry,32.1,58.1,9.1,63.1,none,monthly,4,7,45,7,0.57,3.99
cucumber,pipino,wet,29.5,71.7,19.8,74.2,none,monthly,3,2,39,2,0.27,0.54
cucumber,pipino,wet,27.4,72.7,15.9,77.9,chemical,none,4,12,40,12,0.16,1.92
squash,kalabasa_hybrid,dry,28.7,67.3,3.0,65.4,organic,biweekly,4,11,51,11,4.51,49.61
sponge_gourd,patola_ridged,wet,31.4,84.3,23.6,58.2,mixed,weekly,4,12,46,12,0.53,6.36
squash,kalabasa_hybrid,wet,29.0,70.2,17.8,56.6,none,monthly,4,12,55,12,2.32,27.84
bitter_gourd,ampalaya_bilog,dry,29.1,72.3,2.7,68.9,chemical,monthly,4,15,51,15,0.27,4.05
squash,kalabasa_native,dry,32.6,57.9,4.0,57.7,chemical,none,3,9,57,9,2.66,23.94
sponge_gourd,patola,dry,32.2,63.8,1.4,62.9,mixed,biweekly,4,10,45,10,0.79,7.9
cucumber,pipino_japanese,dry,34.3,58.5,5.7,50.5,none,none,3,7,40,7,0.22,1.54
cucumber,pipino,wet,29.7,80.0,21.7,70.5,none,monthly,3,8,37,8,0.16,1.28
bottle_gourd,upo_round,wet,26.2,71.2,24.0,65.8,chemical,monthly,4,16,54,16,2.73,43.68
bottle_gourd,upo_smooth,wet,28.0,85.5,23.3,72.8,organic,none,4,14,61,14,1.03,14.42
bottle_gourd,upo_smooth,wet,28.0,79.0,19.8,67.9,chemical,weekly,3,10,56,10,1.85,18.5
cucumber,pipino_japanese,dry,24.5,57.4,2.3,72.5,chemical,weekly,4,6,37,6,0.37,2.22
cucumber,pipino,wet,32.0,82.8,23.3,62.1,chemical,biweekly,3,6,41,6,0.36,2.16
cucumber,pipino_native,dry,29.2,73.3,7.0,53.3,mixed,monthly,5,18,30,18,0.21,3.78
bitter_gourd,ampalaya_oblong,wet,29.9,76.4,22.9,79.9,chemical,weekly,4,11,51,11,0.27,2.97
cucumber,pipino_japanese,wet,30.2,74.5,18.5,76.2,none,monthly,3,6,44,6,0.25,1.5
bitter_gourd,ampalaya_hybrid,wet,26.2,71.0,15.2,68.5,chemical,monthly,3,4,49,4,0.22,0.88
cucumber,pipino,dry,28.0,56.1,5.1,73.9,organic,weekly,5,17,36,17,0.27,4.59
sponge_gourd,patola_smooth,dry,33.8,67.9,2.6,68.7,organic,biweekly,3,8,47,8,0.66,5.28
cucumber,pipino_japanese,wet,29.9,73.9,23.7,57.5,chemical,biweekly,4,7,41,7,0.3,2.1
squash,kalabasa,wet,31.5,81.5,22.7,74.5,mixed,biweekly,4,19,52,19,1.87,35.53
squash,kalabasa_native,dry,29.8,61.7,7.3,66.0,mixed,weekly,4,17,51,17,4.76,80.92
bitter_gourd,ampalaya_bilog,dry,31.8,57.2,9.7,64.8,chemical,biweekly,3,8,53,8,0.3,2.4
cucumber,pipino_japanese,dry,24.8,56.7,0.5,70.4,chemical,monthly,3,9,41,9,0.23,2.07
sponge_gourd,patola_ridged,wet,26.8,77.4,11.5,78.0,none,weekly,3,9,45,9,0.64,5.76
cucumber,pipino_native,wet,29.0,87.2,23.0,76.0,organic,weekly,4,13,38,13,0.29,3.77
cucumber,pipino,wet,28.0,74.6,13.8,62.6,organic,biweekly,4,13,39,13,0.25,3.25
sponge_gourd,patola,dry,26.6,69.4,8.8,77.0,chemical,none,3,7,44,7,0.5,3.5
cucumber,pipino_native,wet,27.9,88.6,29.0,63.3,mixed,monthly,4,11,37,11,0.17,1.87
bitter_gourd,ampalaya_oblong,dry,34.5,65.3,0.3,67.5,mixed,weekly,4,14,50,14,0.45,6.3
bitter_gourd,ampalaya_bilog,dry,29.5,73.5,7.8,64.1,none,biweekly,3,6,46,6,0.29,1.74
squash,kalabasa_hybrid,wet,29.2,71.2,18.4,53.5,chemical,none,4,8,47,8,1.53,12.24
bitter_gourd,ampalaya_hybrid,wet,29.0,89.9,29.3,78.2,mixed,biweekly,4,17,54,17,0.18,3.06
sponge_gourd,patola_smooth,dry,27.3,74.1,4.2,69.4,organic,biweekly,4,18,45,18,0.55,9.9
squash,kalabasa_hybrid,dry,25.9,58.7,4.0,62.6,none,none,4,12,53,12,2.28,27.36
squash,kalabasa,dry,31.0,74.0,3.9,74.0,none,biweekly,4,10,53,10,2.81,28.1
sponge_gourd,patola,dry,25.1,68.3,5.7,58.6,organic,biweekly,3,19,48,19,0.78,14.82
cucumber,pipino_japanese,dry,27.5,68.0,6.2,55.0,chemical,none,2,6,43,6,0.33,1.98
bitter_gourd,ampalaya_oblong,wet,26.4,76.1,10.4,50.8,none,monthly,4,16,52,16,0.28,4.48
cucumber,pipino,wet,28.7,86.3,25.4,58.0,chemical,weekly,4,9,36,9,0.36,3.24
bitter_gourd,ampalaya_hybrid,dry,26.1,58.9,5.4,55.7,none,none,5,14,51,14,0.37,5.18
squash,kalabasa,wet,26.0,70.5,15.1,76.4,organic,biweekly,4,12,52,12,4.33,51.96
cucumber,pipino_native,wet,26.9,79.4,20.7,67.7,none,none,3,4,37,4,0.15,0.6
bitter_gourd,ampalaya_hybrid,dry,29.0,55.1,4.4,79.9,chemical,biweekly,2,6,50,6,0.36,2.16
sponge_gourd,patola_smooth,wet,26.1,84.7,13.3,71.7,mixed,biweekly,3,16,53,16,0.33,5.28
bitter_gourd,ampalaya_hybrid,dry,34.8,66.8,2.3,64.1,none,weekly,4,13,49,13,0.29,3.77
bitter_gourd,ampalaya_oblong,wet,31.4,72.4,13.2,50.3,organic,monthly,5,18,43,18,0.21,3.78
bitter_gourd,ampalaya_bilog,wet,29.9,84.8,28.0,73.5,organic,weekly,4,19,43,19,0.45,8.55
bitter_gourd,ampalaya_oblong,wet,31.0,88.5,12.7,76.7,none,biweekly,3,6,51,6,0.34,2.04
squash,kalabasa_native,wet,29.3,75.5,17.5,50.8,organic,weekly,3,12,61,12,2.09,25.08
bottle_gourd,upo_smooth,wet,28.0,78.8,15.5,73.1,mixed,monthly,4,15,51,15,1.52,22.8
squash,kalabasa,dry,29.6,74.3,7.6,64.0,none,weekly,3,10,53,10,2.73,27.3
bottle_gourd,upo_smooth,wet,29.1,80.5,23.1,58.1,mixed,monthly,4,13,59,13,1.98,25.74
cucumber,pipino_japanese,dry,24.6,57.0,4.0,58.2,chemical,none,3,8,41,8,0.2,1.6
sponge_gourd,patola_smooth,wet,29.4,73.5,18.6,74.1,chemical,weekly,3,7,48,7,0.56,3.92
cucumber,pipino,dry,31.3,72.4,8.3,77.5,organic,weekly,5,16,38,16,0.33,5.28
cucumber,pipino_japanese,dry,25.8,68.1,0.7,72.7,mixed,biweekly,5,13,36,13,0.23,2.99
cucumber,pipino,dry,33.9,73.9,0.1,55.1,none,monthly,4,9,33,9,0.22,1.98
sponge_gourd,patola,dry,30.6,67.8,1.6,75.6,organic,weekly,4,6,43,6,0.61,3.66
cucumber,pipino_japanese,wet,30.5,70.2,15.3,50.3,none,none,3,7,41,7,0.37,2.59
cucumber,pipino_japanese,wet,31.4,83.9,28.9,52.4,chemical,biweekly,4,10,33,10,0.33,3.3
bitter_gourd,ampalaya_oblong,wet,27.1,77.1,12.1,67.7,none,monthly,4,9,45,9,0.43,3.87
cucumber,pipino_native,dry,31.0,63.6,6.6,53.3,none,none,4,7,34,7,0.28,1.96
squash,kalabasa_native,dry,26.7,62.8,5.7,73.4,chemical,biweekly,4,17,53,17,4.58,77.86
sponge_gourd,patola_smooth,dry,31.4,73.2,9.8,74.0,none,weekly,4,13,45,13,0.78,10.14
cucumber,pipino_native,dry,27.9,73.9,7.4,54.1,organic,monthly,4,13,42,13,0.16,2.08
bottle_gourd,upo_round,dry,24.2,56.5,8.3,69.8,organic,monthly,3,10,59,10,2.71,27.1
sponge_gourd,patola,dry,25.0,66.7,7.2,54.6,organic,biweekly,4,14,46,14,0.77,10.78
cucumber,pipino_japanese,dry,24.8,66.4,7.3,57.9,organic,weekly,4,16,41,16,0.15,2.4
cucumber,pipino_native,wet,30.3,75.1,28.3,69.8,mixed,weekly,4,21,39,21,0.2,4.2
cucumber,pipino,wet,29.0,86.2,24.2,56.6,organic,none,4,11,40,11,0.2,2.2
bitter_gourd,ampalaya_bilog,dry,26.9,58.5,7.0,76.1,mixed,monthly,5,15,48,15,0.3,4.5
sponge_gourd,patola_ridged,dry,28.5,57.8,8.0,57.8,organic,monthly,5,21,43,21,0.78,16.38
bitter_gourd,ampalaya_oblong,dry,25.0,60.4,0.2,75.9,organic,monthly,4,18,50,18,0.37,6.66
bitter_gourd,ampalaya_hybrid,wet,31.5,74.1,25.5,75.5,chemical,biweekly,4,14,49,14,0.5,7.0
bitter_gourd,ampalaya_hybrid,dry,27.8,67.7,0.5,64.9,none,none,3,9,51,9,0.34,3.06
squash,kalabasa_hybrid,wet,26.7,83.2,16.0,76.0,none,none,4,9,56,9,2.98,26.82
bottle_gourd,upo_round,wet,27.3,81.5,26.8,57.0,chemical,none,4,18,55,18,1.01,18.18
bitter_gourd,ampalaya_hybrid,wet,29.3,75.0,24.5,52.0,chemical,biweekly,3,10,47,10,0.34,3.4
cucumber,pipino,dry,32.2,56.5,2.6,72.3,chemical,none,4,10,40,10,0.36,3.6
sponge_gourd,patola_ridged,dry,25.7,73.9,1.6,60.1,chemical,biweekly,4,17,46,17,0.62,10.54
sponge_gourd,patola,dry,34.7,65.6,8.1,70.5,mixed,weekly,3,13,49,13,0.36,4.68
bottle_gourd,upo_round,wet,26.0,88.5,11.1,60.6,mixed,biweekly,4,16,60,16,3.19,51.04
sponge_gourd,patola_smooth,wet,31.2,88.0,27.6,54.8,none,weekly,3,5,49,5,0.33,1.65
bitter_gourd,ampalaya_hybrid,dry,29.2,68.2,7.3,55.3,none,none,5,16,42,16,0.46,7.36
cucumber,pipino_japanese,wet,27.0,75.7,20.8,71.1,mixed,monthly,4,15,40,15,0.39,5.85
bottle_gourd,upo_long,dry,31.9,55.4,7.4,67.0,chemical,monthly,4,10,54,10,3.19,31.9
sponge_gourd,patola_smooth,wet,30.7,78.7,24.1,79.0,chemical,weekly,3,11,43,11,0.64,7.04
sponge_gourd,patola_ridged,dry,28.8,69.1,4.0,71.8,chemical,weekly,3,6,46,6,0.32,1.92
bottle_gourd,upo_long,wet,29.5,71.8,11.7,77.1,organic,weekly,5,15,53,15,2.15,32.25
cucumber,pipino,dry,27.4,66.3,9.6,57.3,none,monthly,3,4,42,4,0.37,1.48
cucumber,pipino_native,dry,25.3,58.9,2.6,57.1,organic,biweekly,4,15,37,15,0.28,4.2
sponge_gourd,patola,wet,26.2,88.3,11.4,58.3,chemical,none,3,11,48,11,0.77,8.47
squash,kalabasa,dry,34.6,59.8,7.2,73.2,chemical,weekly,4,13,55,13,4.8,62.4
cucumber,pipino_native,dry,30.4,70.2,2.1,66.9,mixed,biweekly,4,19,38,19,0.2,3.8
cucumber,pipino,dry,30.5,73.2,9.2,61.7,organic,biweekly,3,5,33,5,0.3,1.5
sponge_gourd,patola,wet,27.5,83.0,22.9,59.8,chemical,none,4,15,42,15,0.77,11.55
bottle_gourd,upo_long,dry,32.8,68.4,7.8,65.0,mixed,none,4,17,61,17,2.73,46.41
cucumber,pipino_japanese,wet,31.4,74.8,23.1,79.7,organic,biweekly,3,19,40,19,0.2,3.8
sponge_gourd,patola,wet,28.6,77.7,29.5,56.8,organic,weekly,4,19,47,19,0.58,11.02
bitter_gourd,ampalaya_oblong,wet,26.4,75.8,29.4,76.3,none,none,3,9,51,9,0.45,4.05
sponge_gourd,patola_smooth,dry,30.4,68.0,6.5,58.5,organic,none,4,18,48,18,0.74,13.32
cucumber,pipino_native,wet,29.5,77.4,19.5,65.1,mixed,monthly,4,13,38,13,0.3,3.9
bitter_gourd,ampalaya_bilog,wet,31.6,74.0,27.3,76.3,mixed,weekly,4,17,53,17,0.43,7.31
sponge_gourd,patola,dry,30.7,72.9,5.4,55.6,chemical,biweekly,4,12,44,12,0.64,7.68
sponge_gourd,patola,wet,31.6,79.1,22.6,71.4,mixed,biweekly,4,9,43,9,0.64,5.76
squash,kalabasa_native,wet,30.7,88.5,18.7,56.7,none,weekly,3,11,50,11,1.62,17.82
squash,kalabasa_hybrid,wet,27.3,75.2,16.2,53.9,mixed,weekly,4,17,61,17,3.05,51.85
sponge_gourd,patola_ridged,wet,30.0,81.7,24.0,63.5,mixed,none,4,19,45,19,0.35,6.65
sponge_gourd,patola_smooth,wet,29.9,87.2,21.7,51.9,mixed,weekly,4,14,43,14,0.65,9.1
cucumber,pipino_japanese,wet,31.7,83.8,24.7,78.6,chemical,biweekly,4,11,36,11,0.36,3.96
squash,kalabasa_native,wet,26.1,89.5,28.5,70.5,mixed,none,4,13,57,13,3.44,44.72
bitter_gourd,ampalaya_hybrid,dry,27.5,74.0,1.6,52.2,chemical,biweekly,4,14,43,14,0.3,4.2
cucumber,pipino_native,dry,34.3,74.2,6.2,63.2,none,none,4,15,43,15,0.38,5.7
cucumber,pipino_native,dry,31.3,69.4,6.3,61.5,chemical,none,4,12,38,12,0.33,3.96
squash,kalabasa_native,dry,24.7,74.7,8.1,55.4,organic,none,3,9,55,9,1.53,13.77
bitter_gourd,ampalaya_oblong,wet,28.4,84.8,27.1,54.7,chemical,biweekly,4,13,51,13,0.46,5.98
bitter_gourd,ampalaya_bilog,dry,32.7,67.5,6.6,76.9,chemical,none,4,9,41,9,0.27,2.43
cucumber,pipino,wet,29.0,71.8,19.2,51.1,none,monthly,4,5,35,5,0.22,1.1
cucumber,pipino,dry,32.9,73.8,8.4,69.2,none,weekly,4,14,38,14,0.21,2.94
sponge_gourd,patola_ridged,dry,34.5,73.2,3.6,69.4,none,weekly,4,9,48,9,0.52,4.68
bitter_gourd,ampalaya_hybrid,wet,29.1,75.2,13.3,73.9,mixed,weekly,4,20,48,20,0.42,8.4
bitter_gourd,ampalaya_bilog,dry,28.5,55.1,2.8,61.5,organic,monthly,3,10,55,10,0.34,3.4
bitter_gourd,ampalaya_oblong,wet,28.9,86.7,26.5,54.8,organic,monthly,4,20,53,20,0.26,5.2
bitter_gourd,ampalaya_bilog,wet,31.3,81.6,21.9,77.7,organic,biweekly,4,20,50,20,0.49,9.8
cucumber,pipino_japanese,dry,24.3,65.0,6.3,57.2,none,biweekly,3,9,42,9,0.16,1.44
bitter_gourd,ampalaya_bilog,wet,29.8,77.7,26.3,59.6,mixed,weekly,5,15,45,15,0.29,4.35
cucumber,pipino,wet,29.2,73.6,15.2,50.5,organic,monthly,4,18,36,18,0.38,6.84
bitter_gourd,ampalaya_hybrid,wet,31.6,82.7,28.5,51.8,none,weekly,4,10,43,10,0.48,4.8
cucumber,pipino_japanese,dry,32.2,57.4,7.0,72.1,mixed,monthly,3,7,43,7,0.31,2.17
cucumber,pipino,wet,29.8,89.2,16.4,51.6,mixed,biweekly,5,9,45,9,0.38,3.42
bitter_gourd,ampalaya_bilog,dry,24.7,62.0,9.1,64.5,organic,none,4,13,48,13,0.19,2.47
bitter_gourd,ampalaya_bilog,dry,24.2,57.4,9.9,62.2,none,monthly,4,10,51,10,0.29,2.9
cucumber,pipino_japanese,dry,34.8,73.1,5.8,53.7,organic,biweekly,4,14,45,14,0.23,3.22
sponge_gourd,patola_smooth,dry,27.7,65.8,2.0,51.8,organic,none,4,15,47,15,0.52,7.8
sponge_gourd,patola_smooth,dry,33.4,70.9,9.2,60.0,none,weekly,3,7,47,7,0.7,4.9
cucumber,pipino_japanese,dry,33.8,74.4,2.6,60.9,chemical,weekly,4,14,42,14,0.21,2.94
sponge_gourd,patola_ridged,wet,28.1,73.1,25.9,79.0,mixed,weekly,5,19,43,19,0.39,7.41
bottle_gourd,upo_long,dry,31.1,72.0,6.9,58.0,none,monthly,4,9,55,9,1.8,16.2
bottle_gourd,upo_round,wet,31.3,72.6,27.7,68.2,none,weekly,3,7,59,7,1.35,9.45
sponge_gourd,patola_smooth,wet,29.3,87.0,26.7,77.8,chemical,monthly,3,8,45,8,0.49,3.92
sponge_gourd,patola,wet,26.4,82.2,12.5,69.1,organic,weekly,4,14,48,14,0.63,8.82
sponge_gourd,patola_ridged,dry,24.7,63.9,8.4,66.7,none,monthly,4,16,46,16,0.41,6.56
bottle_gourd,upo_long,dry,32.8,55.4,8.7,59.5,none,monthly,4,12,57,12,1.52,18.24
cucumber,pipino,dry,28.6,59.2,9.4,76.7,organic,none,4,12,35,12,0.23,2.76
squash,kalabasa_hybrid,dry,24.6,70.2,2.4,56.2,chemical,monthly,3,7,56,7,2.53,17.71
cucumber,pipino_japanese,wet,28.1,81.3,11.1,66.3,mixed,none,4,12,37,12,0.33,3.96
bitter_gourd,ampalaya_bilog,wet,31.7,84.6,14.7,72.5,organic,none,4,15,53,15,0.46,6.9
cucumber,pipino_native,wet,27.4,88.6,20.7,79.9,chemical,none,3,9,36,9,0.17,1.53
cucumber,pipino_japanese,wet,29.8,73.6,22.4,72.0,none,weekly,4,12,39,12,0.24,2.88
sponge_gourd,patola_ridged,dry,27.0,66.0,7.9,77.6,mixed,none,5,20,44,20,0.65,13.0
cucumber,pipino_native,wet,31.4,75.2,13.0,77.1,none,biweekly,5,10,39,10,0.18,1.8
bitter_gourd,ampalaya_oblong,wet,28.2,79.2,16.5,54.2,none,weekly,4,11,48,11,0.37,4.07
sponge_gourd,patola,wet,29.9,71.7,16.8,50.8,chemical,none,4,14,45,14,0.35,4.9
cucumber,pipino,wet,29.6,78.1,18.0,52.3,mixed,biweekly,4,13,38,13,0.26,3.38
squash,kalabasa_hybrid,dry,26.4,74.5,8.9,68.6,mixed,none,4,21,57,21,2.51,52.71
bitter_gourd,ampalaya_hybrid,wet,27.8,77.2,12.9,69.0,chemical,weekly,4,15,45,15,0.37,5.55
sponge_gourd,patola,dry,28.2,56.1,1.4,50.7,none,weekly,3,9,50,9,0.32,2.88
squash,kalabasa_native,wet,29.0,82.9,21.7,74.8,none,biweekly,3,8,59,8,4.26,34.08
sponge_gourd,patola,dry,32.9,65.2,6.1,52.4,organic,monthly,4,14,48,14,0.71,9.94
sponge_gourd,patola_ridged,dry,34.2,74.9,4.4,73.5,organic,biweekly,5,18,44,18,0.45,8.1
bitter_gourd,ampalaya_oblong,dry,27.5,68.8,5.9,51.6,chemical,weekly,4,16,42,16,0.49,7.84
sponge_gourd,patola_ridged,wet,31.1,84.4,17.3,70.3,organic,monthly,4,13,46,13,0.52,6.76
cucumber,pipino,wet,28.9,89.2,27.1,56.0,organic,none,4,12,38,12,0.33,3.96
cucumber,pipino_japanese,wet,30.7,89.9,23.9,78.3,chemical,monthly,4,11,37,11,0.16,1.76
squash,kalabasa_hybrid,wet,27.7,79.6,25.4,68.8,mixed,none,4,9,47,9,3.95,35.55
sponge_gourd,patola_smooth,wet,29.1,83.7,27.1,55.5,none,monthly,4,8,45,8,0.55,4.4
cucumber,pipino_native,dry,30.3,70.4,2.1,69.9,none,weekly,3,10,40,10,0.36,3.6
cucumber,pipino_japanese,dry,31.6,59.8,3.1,70.9,organic,none,5,7,30,7,0.3,2.1
bitter_gourd,ampalaya_hybrid,dry,33.5,61.1,3.8,62.6,none,weekly,4,6,47,6,0.34,2.04
cucumber,pipino,wet,28.9,81.1,21.9,66.2,none,weekly,3,8,35,8,0.3,2.4
cucumber,pipino,dry,30.5,63.2,6.8,71.2,organic,biweekly,4,18,38,18,0.22,3.96
cucumber,pipino_japanese,dry,27.0,62.4,4.9,75.2,chemical,none,2,5,43,5,0.15,0.75
bitter_gourd,ampalaya_hybrid,dry,29.0,66.2,3.6,52.0,chemical,monthly,4,12,42,12,0.35,4.2
cucumber,pipino,wet,27.7,87.4,29.8,56.6,chemical,biweekly,4,14,37,14,0.18,2.52
squash,kalabasa_native,wet,27.4,75.2,25.9,61.2,none,none,4,9,56,9,3.77,33.93
cucumber,pipino_native,wet,30.2,79.2,29.8,62.4,none,monthly,5,13,33,13,0.33,4.29
cucumber,pipino,wet,29.7,74.2,20.3,63.1,organic,monthly,3,10,39,10,0.21,2.1
cucumber,pipino_native,dry,27.4,66.6,1.8,73.9,mixed,monthly,4,8,35,8,0.19,1.52
cucumber,pipino_native,wet,31.8,84.3,22.2,60.6,chemical,biweekly,3,12,48,12,0.18,2.16
sponge_gourd,patola_smooth,wet,29.8,83.6,28.8,63.7,chemical,monthly,3,13,51,13,0.76,9.88
bitter_gourd,ampalaya_bilog,wet,26.7,82.1,24.7,52.2,chemical,none,4,14,49,14,0.38,5.32
cucumber,pipino_japanese,wet,28.2,71.8,16.3,71.9,mixed,biweekly,4,16,35,16,0.24,3.84
cucumber,pipino_native,dry,26.7,74.8,6.4,68.4,organic,biweekly,5,17,41,17,0.23,3.91
bottle_gourd,upo_round,dry,29.9,63.6,5.8,70.7,organic,weekly,5,20,55,20,1.62,32.4
cucumber,pipino_native,dry,28.5,63.1,4.3,62.6,organic,none,4,17,34,17,0.4,6.8
cucumber,pipino_japanese,dry,28.8,61.6,7.2,56.0,mixed,none,4,14,35,14,0.37,5.18
bottle_gourd,upo_round,dry,33.2,74.1,5.2,51.4,mixed,monthly,4,16,53,16,1.73,27.68
cucumber,pipino,dry,34.7,72.8,6.7,54.6,chemical,weekly,4,17,41,17,0.29,4.93
cucumber,pipino,wet,31.0,82.5,23.6,64.4,none,none,4,5,40,5,0.27,1.35
sponge_gourd,patola_ridged,dry,26.3,71.3,6.3,72.8,mixed,weekly,4,22,42,22,0.78,17.16
bitter_gourd,ampalaya_bilog,wet,28.8,76.9,23.0,57.8,chemical,weekly,4,9,46,9,0.21,1.89
squash,kalabasa_hybrid,dry,26.8,66.3,2.3,62.1,none,none,4,8,57,8,2.32,18.56
bitter_gourd,ampalaya_bilog,dry,30.7,65.0,1.9,71.0,none,biweekly,4,9,45,9,0.16,1.44
squash,kalabasa,wet,30.5,77.6,20.9,73.9,organic,monthly,3,12,57,12,1.93,23.16
bitter_gourd,ampalaya_hybrid,dry,25.9,70.7,9.2,79.5,chemical,monthly,4,15,46,15,0.43,6.45
cucumber,pipino_native,wet,26.5,89.1,25.5,64.8,mixed,none,4,13,44,13,0.28,3.64
sponge_gourd,patola,wet,30.2,71.7,12.8,75.4,mixed,biweekly,5,16,40,16,0.73,11.68
sponge_gourd,patola,dry,26.0,59.0,3.8,78.6,organic,biweekly,4,15,49,15,0.39,5.85
bitter_gourd,ampalaya_oblong,wet,31.9,83.1,22.6,62.1,chemical,weekly,3,8,52,8,0.43,3.44
cucumber,pipino_native,dry,24.7,55.1,3.1,68.8,organic,weekly,3,6,38,6,0.34,2.04
bitter_gourd,ampalaya_hybrid,dry,28.4,72.6,9.8,61.8,none,weekly,4,12,47,12,0.44,5.28
cucumber,pipino,wet,26.0,76.4,18.3,64.6,organic,none,4,13,39,13,0.34,4.42
cucumber,pipino,dry,29.2,55.4,6.1,63.5,none,biweekly,3,5,36,5,0.39,1.95
bitter_gourd,ampalaya_bilog,dry,33.3,56.4,8.3,63.0,organic,biweekly,4,16,47,16,0.25,4.0
sponge_gourd,patola,wet,31.6,78.3,23.0,77.5,none,biweekly,3,9,43,9,0.75,6.75
cucumber,pipino,dry,33.6,67.4,1.3,70.7,mixed,none,4,7,35,7,0.23,1.61
squash,kalabasa_native,dry,32.7,63.9,1.1,68.4,none,none,3,7,61,7,3.78,26.46
squash,kalabasa_hybrid,dry,29.1,57.3,6.0,78.9,organic,monthly,4,16,58,16,2.71,43.36
cucumber,pipino_japanese,dry,28.5,71.6,2.6,72.2,chemical,monthly,3,8,40,8,0.37,2.96
sponge_gourd,patola,wet,29.5,79.5,22.3,65.2,organic,monthly,5,19,44,19,0.44,8.36
cucumber,pipino,wet,26.4,76.5,15.6,55.2,none,none,4,8,32,8,0.26,2.08
squash,kalabasa_native,wet,28.8,90.0,25.3,57.6,chemical,weekly,4,16,56,16,4.78,76.48
bitter_gourd,ampalaya_hybrid,wet,28.3,86.7,11.1,68.9,mixed,weekly,4,14,44,14,0.43,6.02
bottle_gourd,upo_long,wet,27.5,84.0,28.3,64.2,chemical,monthly,4,12,48,12,2.73,32.76
cucumber,pipino_japanese,dry,34.8,71.9,1.0,79.8,organic,monthly,4,17,34,17,0.3,5.1
bitter_gourd,ampalaya_bilog,dry,28.5,56.3,9.7,54.6,organic,weekly,4,18,50,18,0.32,5.76
sponge_gourd,patola,dry,30.8,68.0,0.0,73.5,mixed,none,4,12,42,12,0.61,7.32
cucumber,pipino_japanese,dry,27.3,64.3,4.5,68.3,mixed,monthly,4,19,39,19,0.36,6.84
sponge_gourd,patola_ridged,wet,28.1,73.5,21.1,65.6,mixed,monthly,5,16,43,16,0.8,12.8
cucumber,pipino,wet,30.2,89.7,26.5,74.9,none,none,4,7,40,7,0.17,1.19
cucumber,pipino_native,wet,32.0,89.4,24.1,75.7,chemical,monthly,5,11,35,11,0.35,3.85
cucumber,pipino,dry,30.1,71.6,1.7,75.1,organic,weekly,3,14,37,14,0.39,5.46
bitter_gourd,ampalaya_oblong,wet,30.7,71.1,24.9,65.5,mixed,none,5,19,47,19,0.39,7.41
bitter_gourd,ampalaya_oblong,wet,26.6,88.2,29.5,75.2,chemical,none,3,10,54,10,0.2,2.0
sponge_gourd,patola_ridged,wet,31.2,71.4,27.8,78.7,none,monthly,3,6,44,6,0.67,4.02
cucumber,pipino_native,wet,30.8,74.5,10.2,68.5,chemical,monthly,5,14,40,14,0.3,4.2
bitter_gourd,ampalaya_bilog,dry,29.6,63.3,6.9,61.8,chemical,monthly,4,9,45,9,0.4,3.6
sponge_gourd,patola_smooth,wet,27.0,78.5,23.1,74.0,organic,biweekly,4,19,43,19,0.74,14.06
bitter_gourd,ampalaya_bilog,wet,27.8,73.7,12.0,69.9,mixed,weekly,3,13,50,13,0.17,2.21
squash,kalabasa,dry,29.2,60.8,2.2,68.4,organic,weekly,4,16,56,16,3.12,49.92
sponge_gourd,patola_ridged,dry,25.7,72.0,5.4,61.1,organic,none,3,12,45,12,0.59,7.08
sponge_gourd,patola_ridged,dry,30.7,61.9,8.1,75.8,chemical,weekly,4,12,45,12,0.51,6.12
cucumber,pipino_japanese,dry,24.8,72.0,3.8,72.9,chemical,monthly,4,9,36,9,0.39,3.51
bitter_gourd,ampalaya_oblong,dry,26.5,68.0,8.4,52.9,none,none,3,6,47,6,0.19,1.14
bitter_gourd,ampalaya_hybrid,dry,29.6,71.3,3.0,66.9,chemical,none,3,8,51,8,0.43,3.44
bottle_gourd,upo_smooth,wet,28.4,83.7,15.4,72.4,chemical,biweekly,3,9,57,9,1.8,16.2
cucumber,pipino_native,wet,28.7,78.9,22.1,76.1,none,none,2,2,44,2,0.29,0.58
squash,kalabasa,wet,31.9,82.0,10.3,70.9,none,none,3,8,63,8,4.55,36.4
cucumber,pipino,dry,31.1,63.8,8.8,68.1,none,weekly,4,12,36,12,0.24,2.88
cucumber,pipino,dry,24.7,56.9,1.3,63.6,chemical,monthly,3,8,38,8,0.16,1.28
cucumber,pipino,dry,27.3,58.1,7.9,73.8,organic,weekly,3,17,40,17,0.33,5.61
sponge_gourd,patola_smooth,dry,33.6,65.8,8.9,73.5,mixed,biweekly,5,16,44,16,0.79,12.64
cucumber,pipino_native,dry,24.4,61.5,0.4,59.2,none,weekly,4,13,43,13,0.31,4.03
cucumber,pipino,wet,29.6,71.1,29.4,67.0,none,none,4,7,37,7,0.24,1.68
cucumber,pipino_japanese,wet,27.5,76.9,17.7,78.3,organic,monthly,3,7,45,7,0.28,1.96
sponge_gourd,patola_ridged,wet,29.7,75.0,18.6,79.1,mixed,none,4,17,47,17,0.49,8.33
bottle_gourd,upo_long,dry,31.8,62.0,7.2,68.9,mixed,weekly,4,19,54,19,2.33,44.27
bitter_gourd,ampalaya_bilog,wet,29.7,74.5,22.7,73.1,chemical,monthly,4,18,50,18,0.35,6.3
bottle_gourd,upo_smooth,wet,31.5,75.2,13.1,74.6,chemical,weekly,4,12,58,12,1.7,20.4
squash,kalabasa,wet,31.1,74.4,20.3,74.0,mixed,weekly,4,16,55,16,4.53,72.48
squash,kalabasa,wet,30.0,87.9,10.1,69.3,chemical,none,4,14,55,14,4.81,67.34
squash,kalabasa_native,dry,27.4,70.4,2.9,64.0,mixed,none,4,11,55,11,1.77,19.47
sponge_gourd,patola_smooth,dry,30.7,60.6,8.5,68.8,none,none,3,5,53,5,0.7,3.5
squash,kalabasa_native,dry,30.0,63.3,5.1,70.5,none,biweekly,3,8,57,8,2.14,17.12
sponge_gourd,patola_ridged,wet,26.7,85.3,21.1,77.5,none,weekly,3,10,46,10,0.79,7.9
cucumber,pipino,dry,30.2,71.8,2.4,65.3,mixed,weekly,4,19,36,19,0.23,4.37
sponge_gourd,patola,wet,26.8,76.4,22.3,74.6,organic,monthly,4,16,42,16,0.49,7.84
bitter_gourd,ampalaya_bilog,wet,27.1,73.4,25.6,73.6,none,monthly,2,6,54,6,0.21,1.26
bottle_gourd,upo_long,wet,27.9,88.9,26.2,58.3,organic,weekly,5,15,53,15,1.88,28.2
sponge_gourd,patola,wet,30.6,87.8,21.6,57.8,organic,weekly,3,9,49,9,0.48,4.32
bitter_gourd,ampalaya_hybrid,dry,27.7,60.3,5.8,75.2,mixed,weekly,4,16,48,16,0.26,4.16
squash,kalabasa_hybrid,wet,26.0,72.1,20.8,79.8,mixed,weekly,4,14,53,14,1.67,23.38
sponge_gourd,patola_smooth,dry,27.5,57.4,4.8,61.7,none,none,3,6,47,6,0.54,3.24
cucumber,pipino,dry,27.3,71.5,5.8,51.7,none,monthly,3,7,39,7,0.37,2.59
bitter_gourd,ampalaya_hybrid,wet,30.0,74.2,20.6,60.7,chemical,weekly,4,15,50,15,0.19,2.85
squash,kalabasa,wet,31.9,81.4,14.5,56.0,mixed,none,4,12,57,12,1.96,23.52
sponge_gourd,patola,wet,30.1,86.0,21.3,57.2,organic,weekly,4,14,45,14,0.57,7.98
squash,kalabasa_hybrid,dry,28.8,73.3,5.3,60.4,organic,none,5,17,57,17,4.14,70.38
bottle_gourd,upo_round,wet,29.2,73.8,18.4,59.8,chemical,weekly,4,14,52,14,1.51,21.14
bottle_gourd,upo_long,dry,25.6,56.0,3.0,69.0,mixed,none,5,17,55,17,2.42,41.14
cucumber,pipino_native,dry,28.2,55.9,7.1,67.2,none,weekly,4,10,39,10,0.35,3.5
squash,kalabasa_native,wet,31.1,84.2,25.2,77.5,mixed,biweekly,4,11,56,11,4.5,49.5
squash,kalabasa_hybrid,wet,31.4,85.8,28.5,56.9,none,weekly,4,15,61,15,4.68,70.2
squash,kalabasa,wet,28.7,74.5,26.1,60.6,none,monthly,3,8,62,8,2.45,19.6
cucumber,pipino_japanese,wet,26.1,72.2,16.4,79.0,organic,none,4,12,37,12,0.26,3.12
squash,kalabasa_hybrid,dry,24.4,74.7,2.7,56.7,chemical,weekly,4,14,58,14,1.88,26.32
bitter_gourd,ampalaya_bilog,dry,35.0,68.0,7.0,51.3,none,none,2,3,52,3,0.27,0.81
sponge_gourd,patola_ridged,wet,28.6,76.4,11.2,69.8,organic,none,4,18,49,18,0.55,9.9
cucumber,pipino_japanese,dry,30.6,56.6,2.3,77.9,mixed,none,4,15,41,15,0.15,2.25
cucumber,pipino,dry,29.9,56.1,5.6,65.1,organic,biweekly,4,17,38,17,0.29,4.93
bitter_gourd,ampalaya_bilog,wet,31.1,70.4,20.9,59.1,none,biweekly,3,7,47,7,0.2,1.4
bottle_gourd,upo_round,wet,29.9,70.5,12.9,50.9,mixed,biweekly,5,17,58,17,1.58,26.86
bitter_gourd,ampalaya_hybrid,dry,31.7,65.1,0.5,64.2,organic,biweekly,4,13,50,13,0.25,3.25
squash,kalabasa_native,dry,26.5,72.3,1.8,78.3,mixed,none,4,16,55,16,2.93,46.88
sponge_gourd,patola_smooth,wet,26.2,70.8,21.8,79.6,mixed,none,5,17,43,17,0.33,5.61
squash,kalabasa,wet,31.4,84.6,25.9,68.3,chemical,weekly,4,16,54,16,2.64,42.24
cucumber,pipino_japanese,wet,30.5,84.9,16.9,64.6,none,monthly,3,7,41,7,0.19,1.33
cucumber,pipino_japanese,dry,29.2,58.6,7.6,73.2,organic,monthly,4,13,35,13,0.16,2.08
sponge_gourd,patola_smooth,dry,34.6,55.8,3.2,60.4,organic,weekly,4,12,46,12,0.37,4.44
bitter_gourd,ampalaya_oblong,wet,26.3,79.8,17.2,79.6,mixed,monthly,4,10,46,10,0.42,4.2
cucumber,pipino_japanese,wet,30.9,79.1,15.8,77.7,organic,none,4,11,37,11,0.18,1.98
bitter_gourd,ampalaya_hybrid,wet,30.4,79.8,27.7,64.9,mixed,biweekly,4,17,51,17,0.44,7.48
cucumber,pipino_native,wet,27.1,82.3,29.6,76.0,none,monthly,4,8,37,8,0.3,2.4
bitter_gourd,ampalaya_bilog,dry,25.5,65.8,5.5,63.6,organic,none,4,15,42,15,0.41,6.15
cucumber,pipino_native,dry,25.0,62.3,5.6,74.8,chemical,none,3,7,41,7,0.16,1.12
squash,kalabasa_native,dry,24.2,62.5,5.4,75.6,mixed,none,3,8,53,8,3.24,25.92
bitter_gourd,ampalaya_oblong,dry,26.1,68.9,6.8,70.6,organic,weekly,4,8,42,8,0.19,1.52
cucumber,pipino_native,wet,31.0,85.2,24.2,78.7,none,monthly,4,10,39,10,0.34,3.4
squash,kalabasa_native,dry,32.3,65.1,3.6,68.3,mixed,weekly,4,18,60,18,1.82,32.76
bitter_gourd,ampalaya_bilog,dry,29.9,66.3,0.9,69.0,chemical,monthly,5,12,47,12,0.37,4.44
sponge_gourd,patola,wet,30.5,76.0,17.4,78.8,chemical,none,4,13,49,13,0.67,8.71
sponge_gourd,patola_smooth,wet,31.9,88.1,11.1,80.0,mixed,weekly,4,20,48,20,0.47,9.4
bitter_gourd,ampalaya_bilog,wet,31.6,72.2,17.9,65.8,organic,biweekly,3,11,54,11,0.18,1.98
sponge_gourd,patola_ridged,dry,31.2,71.1,9.3,65.5,mixed,monthly,4,11,45,11,0.48,5.28
sponge_gourd,patola_smooth,wet,26.1,77.7,15.8,60.8,none,weekly,3,10,47,10,0.76,7.6
bottle_gourd,upo_round,dry,29.2,71.9,0.8,76.2,chemical,weekly,4,12,57,12,2.16,25.92
bitter_gourd,ampalaya_oblong,wet,29.5,70.6,27.9,76.4,chemical,none,4,11,42,11,0.25,2.75
sponge_gourd,patola_ridged,dry,29.5,58.7,7.5,72.3,none,none,3,7,50,7,0.34,2.38
squash,kalabasa_native,dry,33.4,73.0,4.6,63.3,chemical,none,3,9,53,9,2.75,24.75
cucumber,pipino_native,wet,28.1,81.7,29.2,79.3,organic,weekly,4,17,35,17,0.32,5.44
bitter_gourd,ampalaya_oblong,dry,31.8,71.4,7.8,70.3,organic,none,4,18,51,18,0.26,4.68
cucumber,pipino_japanese,dry,27.4,74.6,6.6,51.5,mixed,biweekly,4,12,34,12,0.26,3.12
sponge_gourd,patola,wet,30.9,78.3,25.6,77.1,none,biweekly,4,16,40,16,0.3,4.8
sponge_gourd,patola,wet,30.0,85.2,27.7,60.8,mixed,biweekly,3,10,49,10,0.5,5.0
cucumber,pipino_native,dry,25.6,63.5,0.7,79.8,none,biweekly,4,9,35,9,0.39,3.51
squash,kalabasa_hybrid,dry,27.9,74.5,9.7,69.3,organic,none,4,17,53,17,1.9,32.3
bottle_gourd,upo_smooth,wet,26.6,71.5,24.4,65.1,mixed,none,4,17,53,17,1.72,29.24
cucumber,pipino_japanese,dry,33.2,57.9,4.7,76.4,mixed,weekly,3,7,40,7,0.2,1.4
bottle_gourd,upo_smooth,dry,28.6,61.6,1.8,61.5,organic,none,4,14,54,14,3.13,43.82
cucumber,pipino,wet,28.6,89.4,22.5,64.1,organic,monthly,4,12,36,12,0.26,3.12
squash,kalabasa_native,dry,28.8,57.0,3.4,75.0,none,weekly,3,6,56,6,2.23,13.38
bottle_gourd,upo_long,dry,28.9,70.3,1.5,65.9,mixed,monthly,5,20,54,20,3.0,60.0
sponge_gourd,patola_ridged,wet,28.7,75.2,16.1,54.6,chemical,monthly,3,12,51,12,0.53,6.36
bitter_gourd,ampalaya_hybrid,wet,30.0,83.6,22.2,73.6,mixed,none,4,15,47,15,0.25,3.75
cucumber,pipino_japanese,wet,30.8,77.9,10.8,68.7,organic,biweekly,3,10,44,10,0.22,2.2
sponge_gourd,patola,dry,31.0,62.4,0.8,52.9,chemical,monthly,3,8,49,8,0.52,4.16
bitter_gourd,ampalaya_bilog,dry,29.0,63.3,5.5,53.5,mixed,weekly,5,16,47,16,0.4,6.4
sponge_gourd,patola,dry,33.7,63.6,9.3,58.5,none,monthly,3,10,49,10,0.74,7.4
sponge_gourd,patola,wet,26.6,76.0,28.9,52.1,none,none,3,5,48,5,0.63,3.15
cucumber,pipino_japanese,wet,29.4,78.3,16.0,54.8,chemical,monthly,3,5,40,5,0.21,1.05
bitter_gourd,ampalaya_hybrid,dry,24.6,55.2,2.8,73.7,none,monthly,3,5,46,5,0.19,0.95
cucumber,pipino_japanese,dry,30.9,57.2,6.2,51.5,none,monthly,3,11,40,11,0.35,3.85
cucumber,pipino_native,wet,28.8,88.3,22.9,50.4,organic,none,4,21,42,21,0.19,3.99
sponge_gourd,patola,dry,29.3,59.7,8.0,55.4,chemical,none,3,7,47,7,0.45,3.15
sponge_gourd,patola_ridged,wet,31.1,84.0,15.7,53.4,chemical,none,3,14,43,14,0.42,5.88
cucumber,pipino,dry,30.0,67.5,5.0,69.5,organic,monthly,5,12,34,12,0.34,4.08
bitter_gourd,ampalaya_oblong,dry,28.1,67.3,3.3,76.1,mixed,monthly,4,17,50,17,0.39,6.63
bitter_gourd,ampalaya_oblong,dry,29.0,57.1,5.8,68.5,chemical,biweekly,3,10,48,10,0.23,2.3
squash,kalabasa,dry,24.2,62.5,7.5,69.0,none,monthly,4,9,56,9,3.72,33.48
cucumber,pipino,wet,30.0,78.1,24.5,59.3,mixed,none,5,20,34,20,0.22,4.4
cucumber,pipino,dry,30.8,72.9,1.3,59.9,chemical,weekly,3,9,40,9,0.25,2.25
sponge_gourd,patola_smooth,dry,25.6,57.7,0.3,78.4,chemical,biweekly,3,6,47,6,0.69,4.14
cucumber,pipino,wet,31.4,88.4,24.3,55.3,organic,weekly,4,10,38,10,0.39,3.9
bitter_gourd,ampalaya_hybrid,dry,32.6,61.0,9.8,59.0,none,monthly,4,11,49,11,0.3,3.3
bottle_gourd,upo_round,wet,29.8,86.7,11.5,69.7,organic,monthly,3,13,56,13,3.47,45.11
squash,kalabasa_hybrid,dry,30.3,69.7,9.9,58.6,organic,monthly,4,12,56,12,2.89,34.68
squash,kalabasa_hybrid,wet,30.7,73.1,23.6,71.1,none,biweekly,3,7,53,7,1.92,13.44
bitter_gourd,ampalaya_hybrid,wet,31.7,75.6,20.2,65.1,mixed,weekly,4,10,48,10,0.33,3.3
cucumber,pipino_native,dry,24.7,64.5,0.3,72.4,chemical,biweekly,4,15,41,15,0.26,3.9
squash,kalabasa_native,wet,29.5,72.0,17.3,78.3,none,none,3,7,54,7,1.68,11.76
bottle_gourd,upo_long,dry,31.5,61.7,8.7,72.9,mixed,biweekly,3,10,62,10,3.0,30.0
sponge_gourd,patola_ridged,wet,26.4,87.0,16.2,61.1,organic,biweekly,4,12,50,12,0.54,6.48
bitter_gourd,ampalaya_hybrid,dry,26.7,61.7,9.9,58.9,chemical,monthly,3,10,48,10,0.22,2.2
bottle_gourd,upo_round,dry,27.8,75.0,5.0,60.5,mixed,weekly,4,19,55,19,2.12,40.28
squash,kalabasa_native,wet,28.9,73.6,10.6,52.0,organic,monthly,4,17,54,17,3.63,61.71
bitter_gourd,ampalaya_oblong,dry,24.8,68.4,2.9,59.0,none,monthly,3,2,53,2,0.3,0.6
cucumber,pipino_native,wet,29.8,79.5,18.6,59.9,chemical,none,4,10,35,10,0.28,2.8
cucumber,pipino_native,dry,31.4,67.7,2.9,71.7,none,weekly,4,13,39,13,0.26,3.38
cucumber,pipino_japanese,wet,30.9,78.2,21.0,70.3,chemical,monthly,4,12,37,12,0.23,2.76
bitter_gourd,ampalaya_bilog,dry,28.7,69.2,6.8,51.3,mixed,biweekly,5,19,40,19,0.17,3.23
bottle_gourd,upo_long,dry,29.1,55.8,5.4,60.3,chemical,none,4,14,55,14,3.22,45.08
squash,kalabasa_hybrid,wet,28.7,89.0,20.8,67.2,chemical,weekly,4,16,55,16,2.57,41.12
bottle_gourd,upo_smooth,wet,27.2,84.9,15.0,77.5,organic,none,4,18,53,18,3.04,54.72
sponge_gourd,patola,wet,27.0,87.7,16.5,63.1,mixed,none,3,11,45,11,0.63,6.93
cucumber,pipino_native,wet,26.2,78.2,22.4,60.9,chemical,monthly,4,11,39,11,0.22,2.42
bitter_gourd,ampalaya_bilog,dry,33.8,61.9,7.6,77.3,chemical,biweekly,4,7,49,7,0.39,2.73
squash,kalabasa_hybrid,wet,30.1,80.2,20.2,54.2,none,weekly,3,5,57,5,3.61,18.05
cucumber,pipino_native,dry,32.5,55.6,1.3,67.8,none,monthly,4,9,39,9,0.4,3.6
squash,kalabasa_native,wet,28.7,77.5,15.6,55.3,organic,weekly,4,10,48,10,4.46,44.6
cucumber,pipino_native,dry,27.9,74.7,8.5,66.4,mixed,monthly,4,14,34,14,0.21,2.94
cucumber,pipino_native,wet,26.4,77.9,17.5,57.7,mixed,monthly,4,18,42,18,0.36,6.48
sponge_gourd,patola,wet,28.3,85.6,12.1,76.4,organic,none,4,13,53,13,0.55,7.15
cucumber,pipino_japanese,wet,30.9,73.6,23.3,53.3,mixed,biweekly,4,12,39,12,0.17,2.04
bitter_gourd,ampalaya_hybrid,dry,25.8,60.1,1.1,58.4,chemical,none,4,14,44,14,0.47,6.58
bottle_gourd,upo_round,dry,31.5,66.5,7.9,75.3,organic,monthly,4,17,61,17,1.31,22.27
sponge_gourd,patola_ridged,dry,26.4,70.5,2.9,53.4,organic,none,4,19,42,19,0.67,12.73
cucumber,pipino_japanese,dry,32.2,64.0,2.5,55.2,organic,monthly,4,17,40,17,0.17,2.89
sponge_gourd,patola,dry,24.5,67.7,0.1,78.2,organic,biweekly,4,16,47,16,0.62,9.92
sponge_gourd,patola_smooth,dry,25.5,64.0,2.4,54.0,organic,weekly,5,18,40,18,0.4,7.2
squash,kalabasa,wet,26.9,74.4,14.4,62.4,organic,biweekly,5,21,48,21,3.87,81.27
cucumber,pipino,dry,26.9,70.7,5.2,59.1,organic,none,5,19,37,19,0.16,3.04
squash,kalabasa,wet,29.0,85.1,11.8,67.3,none,weekly,4,11,49,11,1.91,21.01
bottle_gourd,upo_long,wet,31.3,71.8,23.5,59.1,mixed,none,4,19,50,19,3.21,60.99
sponge_gourd,patola,wet,26.3,89.5,10.7,74.7,mixed,biweekly,5,12,42,12,0.5,6.0
cucumber,pipino_japanese,wet,30.4,82.6,29.1,69.6,none,biweekly,4,7,49,7,0.25,1.75
bottle_gourd,upo_long,wet,26.5,78.6,13.1,79.0,organic,none,4,18,55,18,3.47,62.46
bitter_gourd,ampalaya_hybrid,dry,30.0,72.7,0.3,65.0,mixed,weekly,4,16,48,16,0.19,3.04
cucumber,pipino_native,dry,25.2,69.1,0.1,69.5,organic,monthly,4,15,38,15,0.19,2.85
bottle_gourd,upo_round,dry,33.3,65.7,9.3,50.9,mixed,none,5,20,53,20,1.02,20.4
sponge_gourd,patola_smooth,wet,27.3,81.9,13.4,73.3,none,biweekly,3,7,47,7,0.7,4.9
bitter_gourd,ampalaya_bilog,dry,29.2,71.0,5.6,55.9,mixed,none,4,11,40,11,0.49,5.39
bitter_gourd,ampalaya_oblong,dry,30.9,72.8,2.6,65.9,chemical,biweekly,4,22,48,22,0.38,8.36
squash,kalabasa,wet,28.8,82.3,22.1,50.5,organic,none,4,18,53,18,3.2,57.6
sponge_gourd,patola,dry,33.3,70.5,5.1,52.5,chemical,weekly,4,17,48,17,0.51,8.67
bitter_gourd,ampalaya_oblong,wet,29.7,88.3,27.1,59.0,mixed,none,4,14,49,14,0.21,2.94
cucumber,pipino_native,dry,29.6,70.7,0.5,55.7,organic,biweekly,4,16,34,16,0.29,4.64
bitter_gourd,ampalaya_bilog,dry,31.7,64.6,8.1,57.0,organic,weekly,4,14,46,14,0.27,3.78
bitter_gourd,ampalaya_hybrid,dry,24.9,67.9,8.4,75.9,none,monthly,4,12,49,12,0.24,2.88
cucumber,pipino_japanese,wet,26.5,84.7,16.9,70.9,none,none,4,12,39,12,0.28,3.36
sponge_gourd,patola_smooth,dry,26.4,55.6,1.5,53.6,chemical,monthly,4,13,47,13,0.73,9.49
cucumber,pipino_native,dry,30.2,72.7,3.5,69.5,mixed,weekly,3,10,37,10,0.2,2.0
squash,kalabasa_native,dry,32.5,71.6,0.4,70.2,mixed,none,5,15,52,15,1.97,29.55
sponge_gourd,patola_ridged,wet,27.1,87.4,15.4,51.3,organic,biweekly,4,17,43,17,0.54,9.18
bitter_gourd,ampalaya_oblong,dry,28.5,69.6,5.6,78.8,chemical,none,4,13,54,13,0.31,4.03
sponge_gourd,patola,wet,29.6,70.9,12.1,78.3,none,weekly,4,12,44,12,0.38,4.56
bitter_gourd,ampalaya_hybrid,dry,27.5,63.4,2.8,51.8,mixed,weekly,4,18,49,18,0.23,4.14
bitter_gourd,ampalaya_hybrid,dry,28.8,72.0,6.0,74.3,mixed,biweekly,5,18,45,18,0.18,3.24
bottle_gourd,upo_smooth,wet,30.4,76.6,28.7,57.1,chemical,none,4,18,56,18,1.69,30.42
sponge_gourd,patola_smooth,wet,30.2,87.9,22.5,74.3,none,none,4,14,46,14,0.65,9.1
bottle_gourd,upo_smooth,dry,30.4,61.6,7.9,76.0,chemical,none,3,10,59,10,2.57,25.7
cucumber,pipino_native,wet,31.8,74.4,24.4,73.9,mixed,weekly,4,10,36,10,0.28,2.8
squash,kalabasa_native,dry,26.1,63.7,4.3,77.4,none,monthly,4,13,51,13,3.98,51.74
bitter_gourd,ampalaya_bilog,dry,27.7,74.6,7.9,61.3,chemical,weekly,4,16,52,16,0.42,6.72
bitter_gourd,ampalaya_oblong,wet,28.2,80.9,22.4,70.5,chemical,monthly,4,13,50,13,0.38,4.94
bottle_gourd,upo_smooth,wet,26.7,76.3,20.0,61.6,none,none,3,5,60,5,3.25,16.25
cucumber,pipino_japanese,wet,28.9,78.0,27.4,55.9,chemical,weekly,3,12,40,12,0.22,2.64
cucumber,pipino,wet,26.7,73.8,21.1,74.2,organic,weekly,4,16,35,16,0.21,3.36
cucumber,pipino_native,wet,26.2,70.3,11.7,73.1,none,biweekly,4,4,41,4,0.21,0.84
bitter_gourd,ampalaya_hybrid,wet,27.1,70.6,27.3,74.3,organic,monthly,5,16,42,16,0.24,3.84
cucumber,pipino_native,dry,24.2,69.3,6.4,55.8,organic,none,3,17,39,17,0.36,6.12
sponge_gourd,patola_smooth,wet,28.5,86.2,18.0,52.9,chemical,weekly,3,6,47,6,0.57,3.42
cucumber,pipino_japanese,wet,28.8,70.4,11.4,51.3,none,weekly,3,5,44,5,0.36,1.8
cucumber,pipino_native,dry,31.3,70.6,8.2,57.1,none,none,3,7,46,7,0.31,2.17
sponge_gourd,patola_smooth,wet,27.6,71.4,21.2,60.2,chemical,none,2,8,49,8,0.68,5.44
squash,kalabasa,wet,27.8,88.1,26.7,51.4,organic,monthly,5,17,55,17,2.01,34.17
bottle_gourd,upo_smooth,wet,27.8,70.9,15.6,53.2,none,none,4,15,58,15,3.4,51.0
cucumber,pipino_native,dry,28.1,70.4,4.9,77.7,organic,monthly,4,14,34,14,0.22,3.08
sponge_gourd,patola,wet,29.6,86.9,25.8,58.6,none,none,3,10,48,10,0.69,6.9
cucumber,pipino_native,wet,27.8,89.8,21.4,51.6,organic,monthly,4,8,38,8,0.31,2.48
cucumber,pipino_japanese,dry,30.6,57.8,0.2,64.9,organic,biweekly,4,14,45,14,0.39,5.46
cucumber,pipino_japanese,dry,31.9,64.2,3.0,75.9,chemical,monthly,4,9,41,9,0.36,3.24
sponge_gourd,patola_ridged,dry,24.8,71.3,4.3,79.3,none,weekly,4,11,50,11,0.7,7.7
cucumber,pipino_japanese,dry,27.6,62.1,8.2,71.1,none,monthly,3,4,36,4,0.37,1.48
sponge_gourd,patola,wet,30.0,76.0,22.8,73.1,mixed,none,3,8,48,8,0.39,3.12
cucumber,pipino,wet,28.7,71.8,20.9,54.7,chemical,none,4,15,37,15,0.24,3.6
bitter_gourd,ampalaya_hybrid,dry,32.1,62.5,1.8,76.4,mixed,monthly,4,17,50,17,0.5,8.5
sponge_gourd,patola_ridged,dry,34.8,66.9,5.1,52.0,none,none,4,10,42,10,0.54,5.4
cucumber,pipino,dry,31.0,59.2,8.4,79.1,none,biweekly,4,11,36,11,0.26,2.86
squash,kalabasa,dry,28.5,72.8,6.7,57.0,mixed,none,4,22,54,22,3.17,69.74
bitter_gourd,ampalaya_bilog,dry,34.4,60.5,9.7,73.6,organic,monthly,4,15,46,15,0.24,3.6
sponge_gourd,patola_ridged,wet,26.8,70.3,23.4,63.5,organic,biweekly,4,17,41,17,0.54,9.18
sponge_gourd,patola,wet,31.0,74.0,23.7,52.8,organic,weekly,4,18,43,18,0.39,7.02
sponge_gourd,patola,dry,25.7,56.0,8.5,59.3,organic,biweekly,3,8,43,8,0.33,2.64
cucumber,pipino_japanese,dry,30.4,58.7,4.6,69.8,none,biweekly,3,6,38,6,0.29,1.74
bitter_gourd,ampalaya_oblong,dry,24.0,56.3,6.8,64.0,chemical,weekly,3,3,51,3,0.16,0.48
bitter_gourd,ampalaya_bilog,dry,24.9,67.1,9.4,51.1,none,biweekly,4,15,49,15,0.37,5.55
squash,kalabasa,dry,29.7,68.0,6.4,53.1,none,weekly,3,9,58,9,1.54,13.86
sponge_gourd,patola_ridged,wet,27.6,79.2,16.3,68.8,none,none,3,8,44,8,0.51,4.08
cucumber,pipino,wet,31.9,70.7,12.3,67.3,mixed,none,5,17,41,17,0.24,4.08
cucumber,pipino_native,wet,29.0,76.9,21.5,61.8,none,biweekly,4,10,37,10,0.15,1.5
cucumber,pipino,wet,29.6,78.7,17.0,79.8,none,monthly,4,7,41,7,0.3,2.1
cucumber,pipino_japanese,dry,30.7,71.3,1.7,59.2,organic,biweekly,5,15,35,15,0.38,5.7
squash,kalabasa_hybrid,wet,30.5,77.9,16.4,79.2,none,weekly,3,9,57,9,3.35,30.15
cucumber,pipino_native,wet,26.5,81.9,25.8,53.0,organic,biweekly,3,9,41,9,0.21,1.89
cucumber,pipino_native,dry,27.1,67.9,3.2,58.2,mixed,none,4,20,36,20,0.29,5.8
squash,kalabasa_native,dry,34.4,57.9,4.2,56.5,chemical,weekly,4,11,56,11,2.84,31.24
squash,kalabasa,wet,27.8,80.4,22.9,61.7,mixed,none,5,17,49,17,1.82,30.94
bitter_gourd,ampalaya_bilog,wet,31.9,89.0,20.5,62.5,mixed,weekly,5,15,44,15,0.45,6.75
sponge_gourd,patola,wet,30.0,74.4,25.0,52.3,chemical,none,4,10,40,10,0.57,5.7
cucumber,pipino_native,wet,28.7,86.8,23.6,54.2,organic,monthly,4,10,39,10,0.39,3.9
bitter_gourd,ampalaya_bilog,wet,28.5,87.2,10.2,58.8,organic,weekly,4,15,42,15,0.3,4.5
bitter_gourd,ampalaya_oblong,wet,26.4,88.8,17.8,75.8,none,monthly,3,5,46,5,0.3,1.5
cucumber,pipino_native,dry,29.4,59.5,3.1,64.9,organic,none,3,12,41,12,0.21,2.52
sponge_gourd,patola,wet,28.4,78.1,13.1,61.7,organic,none,4,17,47,17,0.69,11.73
sponge_gourd,patola_ridged,dry,30.6,61.3,9.5,64.3,organic,none,4,14,42,14,0.6,8.4
bitter_gourd,ampalaya_hybrid,wet,30.2,79.6,19.9,50.3,chemical,weekly,4,12,50,12,0.48,5.76
squash,kalabasa,wet,29.8,75.9,12.6,63.1,none,biweekly,4,13,56,13,2.45,31.85
squash,kalabasa_native,dry,32.5,73.6,4.0,57.3,organic,biweekly,5,19,59,19,3.68,69.92
sponge_gourd,patola_ridged,wet,29.7,80.9,24.4,55.5,mixed,biweekly,4,13,41,13,0.45,5.85
sponge_gourd,patola_smooth,wet,27.1,86.4,19.3,65.8,none,none,4,8,47,8,0.61,4.88
cucumber,pipino,wet,30.8,79.8,22.1,72.8,chemical,biweekly,4,17,40,17,0.34,5.78
bitter_gourd,ampalaya_hybrid,dry,24.5,56.1,1.2,57.1,mixed,none,4,17,51,17,0.42,7.14
cucumber,pipino_native,wet,30.1,74.9,26.3,53.9,chemical,weekly,3,7,36,7,0.34,2.38
cucumber,pipino_native,wet,28.7,74.5,14.5,68.8,organic,biweekly,5,17,32,17,0.36,6.12
bottle_gourd,upo_smooth,wet,30.0,88.9,21.7,51.1,none,none,4,9,52,9,1.09,9.81
bitter_gourd,ampalaya_bilog,dry,24.1,65.3,2.7,70.1,organic,biweekly,4,15,48,15,0.42,6.3
squash,kalabasa_hybrid,wet,29.9,85.3,18.2,51.6,mixed,monthly,3,10,56,10,4.38,43.8
squash,kalabasa_native,wet,29.6,85.1,10.4,67.3,none,weekly,4,9,53,9,3.56,32.04
cucumber,pipino_native,dry,29.4,63.1,4.4,73.1,none,biweekly,4,5,40,5,0.33,1.65
sponge_gourd,patola_ridged,dry,24.0,65.1,5.5,61.2,chemical,monthly,4,14,44,14,0.43,6.02
squash,kalabasa_native,wet,29.3,81.9,22.1,66.7,mixed,biweekly,4,17,56,17,2.76,46.92
sponge_gourd,patola_smooth,dry,30.4,74.4,6.1,72.1,organic,weekly,4,21,41,21,0.65,13.65
cucumber,pipino_native,wet,29.9,83.6,26.9,72.1,none,monthly,4,8,40,8,0.31,2.48
cucumber,pipino_japanese,dry,31.5,68.0,8.2,76.1,none,weekly,3,3,39,3,0.27,0.81
bitter_gourd,ampalaya_bilog,wet,29.9,77.1,16.8,50.6,none,weekly,4,12,53,12,0.23,2.76
sponge_gourd,patola_ridged,wet,27.4,78.9,14.3,69.1,chemical,weekly,3,9,49,9,0.53,4.77
sponge_gourd,patola_ridged,dry,29.6,64.8,0.2,75.0,chemical,monthly,4,13,46,13,0.45,5.85
bottle_gourd,upo_smooth,wet,29.6,73.3,28.6,56.0,organic,biweekly,4,20,52,20,2.48,49.6
sponge_gourd,patola,dry,33.2,69.5,3.4,58.5,organic,monthly,4,17,48,17,0.71,12.07
cucumber,pipino,wet,30.3,77.4,10.7,56.2,organic,none,4,13,37,13,0.2,2.6
cucumber,pipino_japanese,wet,28.0,87.3,14.8,68.7,mixed,weekly,4,16,38,16,0.4,6.4
squash,kalabasa,wet,29.8,89.2,14.6,78.6,none,weekly,4,10,49,10,1.74,17.4
cucumber,pipino_japanese,dry,29.7,73.3,7.3,53.2,none,none,4,9,40,9,0.32,2.88
squash,kalabasa,wet,28.2,77.6,29.4,72.4,organic,biweekly,5,19,51,19,4.7,89.3
sponge_gourd,patola_ridged,dry,24.1,74.1,2.7,55.7,none,none,3,5,50,5,0.7,3.5
sponge_gourd,patola_ridged,wet,26.4,70.3,28.6,73.1,chemical,monthly,3,11,40,11,0.59,6.49
cucumber,pipino_native,dry,33.0,60.6,6.2,59.6,mixed,weekly,4,11,41,11,0.29,3.19
squash,kalabasa,dry,31.0,55.9,5.8,55.6,organic,biweekly,4,15,61,15,4.2,63.0
bottle_gourd,upo_long,dry,31.3,65.1,7.4,57.0,mixed,monthly,5,17,54,17,1.68,28.56
cucumber,pipino_native,wet,31.1,70.8,15.7,65.9,organic,monthly,5,19,32,19,0.19,3.61
bitter_gourd,ampalaya_hybrid,wet,30.5,88.6,21.2,71.8,chemical,none,4,11,54,11,0.28,3.08
sponge_gourd,patola,dry,32.5,62.3,3.0,65.2,chemical,weekly,5,12,41,12,0.74,8.88
cucumber,pipino_japanese,dry,30.2,72.3,8.8,66.1,chemical,monthly,4,7,40,7,0.19,1.33
bitter_gourd,ampalaya_oblong,wet,29.0,89.6,23.5,52.4,organic,none,4,12,46,12,0.16,1.92
bitter_gourd,ampalaya_bilog,wet,28.6,76.2,29.5,73.6,none,none,4,10,48,10,0.45,4.5
sponge_gourd,patola_smooth,wet,27.7,74.2,14.7,57.8,mixed,weekly,5,23,40,23,0.53,12.19
cucumber,pipino,dry,29.0,74.3,4.9,75.4,mixed,monthly,4,11,36,11,0.27,2.97
bottle_gourd,upo_smooth,wet,27.2,73.6,12.6,63.6,none,monthly,3,8,58,8,1.36,10.88
squash,kalabasa_hybrid,wet,28.7,86.5,30.0,64.2,chemical,weekly,3,9,57,9,2.53,22.77
cucumber,pipino_japanese,wet,31.5,82.4,21.8,54.9,organic,none,4,18,39,18,0.38,6.84
bitter_gourd,ampalaya_bilog,dry,34.8,61.3,4.9,65.1,chemical,weekly,3,9,46,9,0.32,2.88
squash,kalabasa_native,wet,26.8,82.8,26.9,68.5,organic,none,4,15,52,15,3.21,48.15
bitter_gourd,ampalaya_oblong,wet,27.5,87.3,14.9,64.5,none,weekly,5,12,51,12,0.33,3.96
squash,kalabasa_hybrid,wet,30.9,71.9,21.2,53.4,chemical,biweekly,4,14,55,14,4.67,65.38
sponge_gourd,patola_ridged,wet,26.7,72.8,13.0,54.5,organic,none,4,18,46,18,0.67,12.06
squash,kalabasa_hybrid,dry,33.1,57.3,3.7,67.4,organic,monthly,4,14,52,14,2.26,31.64
cucumber,pipino,wet,30.5,89.6,24.3,50.6,mixed,weekly,4,8,43,8,0.17,1.36
bitter_gourd,ampalaya_hybrid,wet,28.5,72.5,21.8,70.2,mixed,monthly,4,12,54,12,0.37,4.44
cucumber,pipino_native,dry,32.2,64.2,4.5,64.5,chemical,monthly,3,11,45,11,0.26,2.86
cucumber,pipino_japanese,dry,32.3,73.2,2.1,79.2,none,biweekly,4,9,41,9,0.36,3.24
squash,kalabasa_native,wet,30.9,89.9,17.6,72.5,organic,none,4,11,61,11,3.35,36.85
cucumber,pipino_native,dry,33.1,73.1,8.3,61.4,organic,biweekly,3,2,38,2,0.21,0.42
sponge_gourd,patola,dry,30.2,57.9,6.3,56.9,chemical,biweekly,3,8,47,8,0.34,2.72
cucumber,pipino,wet,26.3,85.1,29.8,64.0,none,none,3,3,38,3,0.33,0.99
cucumber,pipino_native,wet,31.9,86.3,28.7,77.8,none,biweekly,4,10,43,10,0.39,3.9
squash,kalabasa,wet,29.7,78.9,23.9,54.7,organic,weekly,5,20,50,20,2.44,48.8
cucumber,pipino_japanese,wet,27.4,78.1,18.0,71.6,chemical,monthly,4,9,34,9,0.23,2.07
sponge_gourd,patola,dry,31.5,74.1,7.9,51.2,chemical,weekly,4,17,47,17,0.61,10.37
sponge_gourd,patola_smooth,wet,29.3,88.6,28.1,74.1,mixed,none,4,10,44,10,0.78,7.8
squash,kalabasa,wet,31.9,74.9,11.2,62.6,mixed,none,5,22,54,22,1.71,37.62
bitter_gourd,ampalaya_hybrid,wet,29.9,84.8,13.0,51.1,mixed,monthly,4,17,47,17,0.18,3.06
bitter_gourd,ampalaya_oblong,wet,31.9,81.0,21.6,69.8,organic,weekly,5,16,44,16,0.43,6.88
bottle_gourd,upo_round,wet,28.4,77.7,15.0,68.7,none,none,3,6,61,6,1.57,9.42
cucumber,pipino_native,dry,32.4,74.9,8.1,57.0,chemical,biweekly,3,9,41,9,0.31,2.79
bitter_gourd,ampalaya_oblong,dry,32.0,68.5,2.0,75.6,mixed,weekly,4,13,48,13,0.4,5.2
squash,kalabasa_native,dry,34.0,69.1,6.3,72.3,organic,biweekly,4,14,56,14,4.98,69.72
cucumber,pipino_japanese,dry,30.6,55.9,9.7,63.4,chemical,weekly,4,7,41,7,0.23,1.61
cucumber,pipino_native,dry,31.3,59.8,6.8,79.1,mixed,weekly,4,15,45,15,0.18,2.7
cucumber,pipino,dry,27.3,63.5,9.0,66.2,mixed,weekly,5,19,30,19,0.36,6.84
cucumber,pipino_native,dry,31.9,59.1,4.8,74.7,mixed,weekly,4,14,40,14,0.18,2.52
sponge_gourd,patola_smooth,wet,28.6,77.2,19.3,69.0,chemical,monthly,4,17,42,17,0.68,11.56
cucumber,pipino_japanese,dry,25.0,60.2,8.2,64.2,organic,weekly,4,17,42,17,0.31,5.27
squash,kalabasa_hybrid,dry,24.6,65.2,4.2,76.2,mixed,monthly,4,15,56,15,3.21,48.15
bitter_gourd,ampalaya_oblong,dry,28.2,60.6,9.5,65.4,none,weekly,4,10,49,10,0.5,5.0
bitter_gourd,ampalaya_bilog,wet,27.5,71.6,27.3,67.9,mixed,biweekly,5,21,47,21,0.4,8.4
bottle_gourd,upo_round,wet,27.3,87.1,29.5,73.0,mixed,biweekly,4,16,52,16,2.77,44.32
bottle_gourd,upo_round,dry,30.8,69.6,1.2,53.2,mixed,biweekly,5,21,51,21,2.32,48.72
bottle_gourd,upo_long,dry,26.0,63.0,9.9,50.8,mixed,monthly,4,15,57,15,3.25,48.75
cucumber,pipino,wet,32.0,90.0,24.3,74.6,organic,weekly,4,10,40,10,0.4,4.0
sponge_gourd,patola_smooth,dry,29.6,65.7,5.7,72.6,organic,none,5,15,44,15,0.41,6.15
cucumber,pipino_native,wet,26.5,79.2,15.4,57.7,none,biweekly,3,9,41,9,0.29,2.61
sponge_gourd,patola_smooth,dry,30.5,58.9,4.7,57.2,mixed,none,4,13,47,13,0.46,5.98
sponge_gourd,patola_ridged,dry,25.0,59.5,10.0,68.6,organic,monthly,4,19,40,19,0.42,7.98
sponge_gourd,patola_smooth,dry,32.9,74.1,7.5,80.0,none,monthly,3,10,46,10,0.39,3.9
cucumber,pipino_japanese,wet,30.1,74.8,14.3,59.2,organic,weekly,4,10,34,10,0.19,1.9
bitter_gourd,ampalaya_bilog,wet,31.8,88.1,10.2,75.4,organic,none,5,18,49,18,0.44,7.92
squash,kalabasa_hybrid,dry,30.8,65.2,9.6,77.5,organic,weekly,5,23,52,23,3.41,78.43
sponge_gourd,patola_smooth,dry,33.7,67.1,1.4,53.6,organic,none,4,12,44,12,0.48,5.76
sponge_gourd,patola,dry,28.8,68.0,3.3,67.8,organic,none,4,16,47,16,0.8,12.8
sponge_gourd,patola_ridged,dry,29.2,57.4,1.5,64.2,none,biweekly,3,11,52,11,0.47,5.17
cucumber,pipino,wet,31.6,89.9,26.6,67.4,none,weekly,3,9,35,9,0.26,2.34
sponge_gourd,patola_ridged,wet,30.4,72.9,22.5,70.2,chemical,weekly,4,10,45,10,0.78,7.8
bitter_gourd,ampalaya_hybrid,dry,33.0,64.2,1.5,59.6,chemical,biweekly,4,17,48,17,0.45,7.65
sponge_gourd,patola_smooth,dry,25.1,56.7,8.1,53.5,chemical,monthly,3,4,46,4,0.56,2.24
bitter_gourd,ampalaya_hybrid,dry,24.9,70.5,7.1,65.9,organic,none,3,9,49,9,0.44,3.96
bitter_gourd,ampalaya_bilog,wet,27.3,89.9,25.7,59.5,chemical,weekly,3,13,55,13,0.48,6.24
cucumber,pipino_native,wet,29.9,82.5,16.3,55.4,organic,monthly,4,13,39,13,0.31,4.03
sponge_gourd,patola_ridged,wet,26.2,79.9,14.2,60.6,organic,monthly,4,20,38,20,0.56,11.2
cucumber,pipino_native,wet,28.0,76.8,23.2,50.5,organic,monthly,4,12,33,12,0.16,1.92
squash,kalabasa,wet,28.8,84.4,19.5,56.4,organic,weekly,4,19,53,19,3.5,66.5
squash,kalabasa,dry,29.5,66.7,1.0,78.0,chemical,none,4,16,59,16,2.04,32.64
sponge_gourd,patola,wet,26.2,82.4,20.1,71.6,mixed,none,4,13,46,13,0.79,10.27
bitter_gourd,ampalaya_hybrid,dry,25.7,56.9,3.9,64.7,mixed,weekly,4,14,48,14,0.17,2.38
bitter_gourd,ampalaya_bilog,wet,31.2,83.4,28.1,51.3,chemical,none,4,9,44,9,0.46,4.14
cucumber,pipino,wet,30.5,85.7,24.3,78.7,none,biweekly,3,9,38,9,0.18,1.62
cucumber,pipino_native,dry,26.1,57.8,8.3,74.3,chemical,none,3,9,41,9,0.18,1.62
bitter_gourd,ampalaya_bilog,wet,27.8,80.2,25.3,50.8,organic,none,5,20,51,20,0.16,3.2
cucumber,pipino_japanese,dry,34.5,75.0,9.7,54.0,mixed,monthly,3,9,42,9,0.24,2.16
sponge_gourd,patola,wet,27.2,70.7,14.5,66.8,none,weekly,3,13,51,13,0.56,7.28
bottle_gourd,upo_round,wet,26.1,71.3,11.1,68.5,chemical,monthly,4,10,55,10,2.04,20.4
sponge_gourd,patola_ridged,dry,34.2,72.4,4.1,54.2,organic,monthly,4,15,46,15,0.36,5.4
sponge_gourd,patola_ridged,wet,31.8,72.7,23.0,51.6,none,weekly,2,3,51,3,0.39,1.17
bitter_gourd,ampalaya_oblong,dry,29.3,59.3,0.5,66.3,mixed,biweekly,3,8,46,8,0.37,2.96
bottle_gourd,upo_smooth,dry,33.0,57.5,5.3,58.2,organic,biweekly,4,19,55,19,1.16,22.04
cucumber,pipino,dry,30.0,74.6,5.4,68.5,none,biweekly,5,11,37,11,0.35,3.85
bitter_gourd,ampalaya_oblong,dry,28.8,60.8,5.0,63.6,mixed,weekly,4,19,48,19,0.24,4.56
sponge_gourd,patola_ridged,wet,29.9,83.3,11.6,58.6,organic,none,4,17,40,17,0.3,5.1
cucumber,pipino_native,wet,26.2,89.8,12.8,68.9,chemical,biweekly,4,9,34,9,0.39,3.51
sponge_gourd,patola,wet,31.9,77.2,27.1,65.9,chemical,monthly,4,16,45,16,0.43,6.88
cucumber,pipino_japanese,wet,29.1,88.5,28.4,67.2,mixed,none,4,13,35,13,0.15,1.95
squash,kalabasa_hybrid,wet,27.0,86.2,16.7,59.1,organic,biweekly,4,12,52,12,3.07,36.84
squash,kalabasa,wet,26.8,71.3,22.0,66.9,none,none,4,9,56,9,3.84,34.56
bottle_gourd,upo_long,wet,26.6,86.5,22.7,68.4,organic,weekly,4,17,54,17,1.42,24.14
sponge_gourd,patola,wet,29.4,79.2,21.4,50.6,none,weekly,4,12,48,12,0.69,8.28
bitter_gourd,ampalaya_bilog,wet,28.6,70.9,18.7,52.8,chemical,none,3,12,45,12,0.42,5.04
bottle_gourd,upo_long,wet,27.0,83.1,14.4,54.8,mixed,monthly,4,19,51,19,1.38,26.22
cucumber,pipino_native,wet,30.8,87.2,18.3,61.8,none,weekly,4,6,36,6,0.24,1.44
cucumber,pipino,wet,26.2,81.6,17.4,72.3,mixed,biweekly,4,13,36,13,0.22,2.86
sponge_gourd,patola_smooth,wet,30.9,78.0,24.2,63.8,chemical,none,4,15,49,15,0.58,8.7
sponge_gourd,patola,wet,27.4,73.2,24.4,51.9,chemical,biweekly,3,6,40,6,0.52,3.12
cucumber,pipino,dry,30.2,66.0,7.9,74.0,mixed,weekly,4,15,42,15,0.39,5.85
squash,kalabasa_hybrid,dry,30.4,70.5,1.6,79.2,mixed,monthly,4,11,55,11,3.58,39.38
cucumber,pipino,dry,32.3,59.5,0.3,50.2,organic,monthly,4,12,40,12,0.29,3.48
bitter_gourd,ampalaya_bilog,dry,30.9,62.3,8.7,59.9,none,weekly,3,7,49,7,0.21,1.47
sponge_gourd,patola_ridged,dry,24.7,60.6,4.8,79.6,none,weekly,3,6,47,6,0.5,3.0
bitter_gourd,ampalaya_oblong,dry,30.8,63.2,6.9,52.0,organic,biweekly,4,15,47,15,0.15,2.25
squash,kalabasa_hybrid,wet,29.6,80.4,20.6,58.8,mixed,monthly,3,13,54,13,2.46,31.98
bitter_gourd,ampalaya_oblong,dry,27.9,63.3,6.0,50.2,chemical,monthly,3,8,47,8,0.29,2.32
squash,kalabasa,dry,34.8,62.1,4.2,63.8,none,biweekly,3,7,53,7,1.91,13.37
bitter_gourd,ampalaya_hybrid,dry,24.2,55.8,7.3,79.9,chemical,biweekly,4,10,45,10,0.43,4.3
cucumber,pipino_native,dry,31.1,71.6,9.4,72.9,organic,monthly,3,4,42,4,0.16,0.64
sponge_gourd,patola,wet,31.4,72.4,21.2,53.4,chemical,biweekly,4,10,44,10,0.79,7.9
squash,kalabasa_hybrid,dry,34.1,63.2,5.8,76.5,chemical,none,4,18,58,18,3.82,68.76
bottle_gourd,upo_long,wet,31.7,75.6,27.1,60.9,organic,biweekly,5,21,55,21,1.44,30.24
sponge_gourd,patola_ridged,dry,25.2,57.6,9.2,75.9,none,biweekly,3,7,47,7,0.53,3.71
cucumber,pipino_japanese,wet,29.8,89.2,19.2,72.9,chemical,monthly,4,9,37,9,0.33,2.97
bitter_gourd,ampalaya_hybrid,wet,31.7,85.6,25.5,79.7,organic,monthly,4,16,45,16,0.4,6.4
bitter_gourd,ampalaya_bilog,dry,24.1,70.3,4.8,69.9,chemical,biweekly,3,8,51,8,0.19,1.52
sponge_gourd,patola_ridged,dry,33.6,70.3,6.0,73.2,none,biweekly,4,10,46,10,0.39,3.9
bitter_gourd,ampalaya_bilog,wet,28.2,75.4,15.6,54.9,none,weekly,3,7,54,7,0.27,1.89
cucumber,pipino_japanese,wet,31.1,73.3,28.8,63.6,none,biweekly,3,9,33,9,0.35,3.15
bottle_gourd,upo_smooth,wet,28.7,71.2,29.8,52.4,chemical,weekly,3,8,54,8,1.13,9.04
sponge_gourd,patola_smooth,wet,26.1,87.5,23.3,57.1,mixed,biweekly,3,10,49,10,0.54,5.4
squash,kalabasa_hybrid,wet,26.3,85.0,27.0,71.1,organic,weekly,5,21,48,21,4.33,90.93
cucumber,pipino,dry,29.0,61.2,1.8,57.3,chemical,none,3,9,37,9,0.16,1.44
bottle_gourd,upo_smooth,dry,28.5,63.7,0.1,70.4,none,weekly,4,14,57,14,3.3,46.2
bitter_gourd,ampalaya_hybrid,dry,25.6,60.4,9.7,75.0,mixed,none,4,14,50,14,0.35,4.9
bitter_gourd,ampalaya_hybrid,wet,29.2,75.0,21.0,51.0,none,biweekly,4,9,49,9,0.15,1.35
bottle_gourd,upo_round,dry,28.0,63.3,6.2,62.3,mixed,none,3,12,58,12,1.69,20.28
bitter_gourd,ampalaya_hybrid,dry,26.3,67.1,4.4,77.7,chemical,none,3,11,52,11,0.28,3.08
cucumber,pipino_native,wet,27.4,82.7,25.1,75.9,chemical,weekly,3,4,38,4,0.24,0.96
bitter_gourd,ampalaya_hybrid,wet,28.6,78.6,24.6,73.0,organic,weekly,4,18,43,18,0.43,7.74
bottle_gourd,upo_smooth,dry,26.6,61.0,4.4,74.3,mixed,weekly,4,15,56,15,1.5,22.5
cucumber,pipino,wet,26.3,87.4,21.7,56.3,chemical,weekly,4,15,39,15,0.15,2.25
squash,kalabasa,dry,29.6,72.6,1.0,60.8,organic,biweekly,4,12,56,12,3.72,44.64
cucumber,pipino,wet,27.9,84.7,15.9,52.9,none,weekly,3,6,39,6,0.16,0.96
bitter_gourd,ampalaya_hybrid,wet,27.9,74.2,11.0,71.6,organic,weekly,4,16,46,16,0.2,3.2
bottle_gourd,upo_smooth,dry,31.7,71.7,3.8,75.9,organic,monthly,3,11,65,11,1.14,12.54
bottle_gourd,upo_smooth,dry,29.4,74.1,6.4,55.5,mixed,weekly,3,8,57,8,1.85,14.8
cucumber,pipino_japanese,wet,31.8,87.1,15.1,71.7,none,none,3,4,41,4,0.27,1.08
cucumber,pipino_native,dry,34.5,62.5,2.8,63.2,chemical,weekly,4,6,39,6,0.35,2.1
sponge_gourd,patola_smooth,wet,29.8,81.6,11.4,57.9,organic,biweekly,4,16,49,16,0.52,8.32
sponge_gourd,patola_smooth,dry,31.4,55.4,9.9,52.9,chemical,weekly,4,11,45,11,0.71,7.81
squash,kalabasa,dry,25.5,69.4,3.2,54.6,mixed,monthly,4,21,53,21,3.75,78.75
sponge_gourd,patola_ridged,wet,29.7,81.1,15.0,66.9,organic,none,4,19,41,19,0.71,13.49
cucumber,pipino_native,dry,27.8,66.2,2.8,74.7,mixed,weekly,2,4,45,4,0.37,1.48
bottle_gourd,upo_round,wet,28.4,74.2,12.1,75.0,chemical,none,3,12,54,12,1.57,18.84
bitter_gourd,ampalaya_oblong,wet,30.2,88.1,17.5,70.9,chemical,none,4,12,46,12,0.31,3.72
sponge_gourd,patola_smooth,wet,31.4,80.6,27.6,73.7,organic,monthly,4,14,50,14,0.34,4.76
bottle_gourd,upo_round,wet,29.3,83.5,12.4,76.4,organic,monthly,4,15,57,15,2.75,41.25
bitter_gourd,ampalaya_oblong,dry,25.5,70.8,5.9,54.4,chemical,none,5,19,46,19,0.47,8.93
squash,kalabasa_hybrid,wet,27.0,73.0,14.7,62.9,chemical,biweekly,4,7,49,7,2.69,18.83
cucumber,pipino_native,wet,29.7,80.0,25.3,75.1,mixed,weekly,4,14,32,14,0.23,3.22
cucumber,pipino,wet,27.3,71.3,22.3,56.8,none,biweekly,5,10,38,10,0.28,2.8
sponge_gourd,patola,wet,26.6,88.7,14.1,51.8,chemical,weekly,4,10,44,10,0.7,7.0
squash,kalabasa,dry,29.5,56.0,7.9,60.7,chemical,none,3,10,52,10,1.78,17.8
squash,kalabasa_native,wet,30.9,74.5,27.4,51.5,none,none,4,10,58,10,2.62,26.2
bitter_gourd,ampalaya_bilog,wet,30.3,79.6,15.8,55.3,none,biweekly,4,7,45,7,0.21,1.47
bitter_gourd,ampalaya_hybrid,wet,28.2,73.8,22.5,75.3,chemical,weekly,4,14,42,14,0.46,6.44
squash,kalabasa_hybrid,dry,32.2,55.5,0.6,50.6,organic,biweekly,5,17,57,17,3.95,67.15
sponge_gourd,patola_smooth,dry,29.7,64.3,9.3,61.6,chemical,monthly,5,12,40,12,0.69,8.28
bitter_gourd,ampalaya_hybrid,wet,26.9,70.9,11.4,66.8,none,biweekly,4,17,51,17,0.34,5.78
squash,kalabasa,wet,28.5,85.9,23.1,71.8,chemical,weekly,3,10,54,10,4.23,42.3
cucumber,pipino,wet,31.2,81.6,20.0,69.6,none,none,4,11,36,11,0.19,2.09
squash,kalabasa_native,wet,29.8,89.1,20.2,70.9,mixed,weekly,4,15,57,15,2.96,44.4
bottle_gourd,upo_smooth,dry,32.8,58.2,0.3,79.1,mixed,weekly,4,12,58,12,2.73,32.76
bottle_gourd,upo_smooth,dry,34.6,58.0,1.9,66.4,chemical,none,3,5,55,5,1.61,8.05
cucumber,pipino_native,dry,28.4,56.7,3.7,53.4,none,weekly,3,7,38,7,0.36,2.52
cucumber,pipino,wet,28.1,88.3,11.9,55.2,organic,weekly,3,11,40,11,0.25,2.75
bitter_gourd,ampalaya_oblong,dry,26.6,65.6,1.4,58.3,mixed,monthly,5,17,42,17,0.3,5.1
bitter_gourd,ampalaya_oblong,wet,30.2,78.7,11.1,77.0,organic,biweekly,4,17,44,17,0.42,7.14
squash,kalabasa_hybrid,dry,34.5,62.9,5.9,55.9,chemical,weekly,4,13,55,13,2.0,26.0
cucumber,pipino_native,wet,29.8,79.2,24.8,74.4,none,none,3,5,38,5,0.16,0.8
sponge_gourd,patola_ridged,dry,33.3,64.4,2.1,51.5,organic,none,4,13,44,13,0.53,6.89
cucumber,pipino_native,dry,30.5,64.5,8.9,55.7,chemical,monthly,4,8,41,8,0.39,3.12
cucumber,pipino_japanese,dry,28.2,55.8,3.1,54.1,organic,monthly,5,13,35,13,0.4,5.2
cucumber,pipino_japanese,wet,30.5,80.5,12.2,75.0,organic,biweekly,4,15,38,15,0.18,2.7
sponge_gourd,patola,dry,34.2,60.4,8.8,75.6,mixed,weekly,4,7,46,7,0.46,3.22
bitter_gourd,ampalaya_oblong,dry,34.1,69.2,4.8,66.7,none,weekly,4,9,53,9,0.21,1.89
cucumber,pipino_japanese,wet,26.0,78.6,12.5,67.8,none,biweekly,4,7,35,7,0.21,1.47
cucumber,pipino_japanese,wet,29.7,74.9,17.1,66.0,organic,biweekly,3,11,39,11,0.36,3.96
cucumber,pipino_japanese,dry,26.4,70.2,2.2,76.7,mixed,none,4,14,40,14,0.21,2.94
bitter_gourd,ampalaya_hybrid,wet,31.3,71.2,28.8,52.0,organic,monthly,4,13,43,13,0.32,4.16
sponge_gourd,patola,wet,26.6,74.7,15.2,70.7,organic,monthly,5,19,47,19,0.31,5.89
sponge_gourd,patola_smooth,wet,30.3,87.9,15.0,57.3,chemical,biweekly,4,8,44,8,0.66,5.28
bitter_gourd,ampalaya_hybrid,wet,28.8,81.5,11.6,57.2,mixed,weekly,3,13,47,13,0.45,5.85
bitter_gourd,ampalaya_bilog,wet,26.3,71.3,12.2,62.6,none,none,3,4,52,4,0.28,1.12
cucumber,pipino_japanese,dry,26.0,60.9,7.1,61.0,chemical,none,4,13,42,13,0.39,5.07
sponge_gourd,patola_smooth,wet,27.4,88.8,17.6,58.9,mixed,none,4,16,42,16,0.65,10.4
cucumber,pipino,dry,26.1,64.9,8.0,50.9,none,biweekly,4,13,39,13,0.16,2.08
cucumber,pipino,dry,34.6,56.7,5.5,57.5,organic,weekly,5,13,38,13,0.2,2.6
bottle_gourd,upo_round,wet,27.9,89.7,29.5,72.8,none,none,4,12,53,12,2.63,31.56
bitter_gourd,ampalaya_hybrid,wet,30.1,84.8,26.3,77.7,mixed,monthly,4,15,46,15,0.44,6.6
cucumber,pipino,dry,25.2,64.4,3.0,72.4,organic,monthly,4,20,45,20,0.2,4.0
bitter_gourd,ampalaya_bilog,dry,33.4,58.3,6.0,63.5,mixed,biweekly,3,12,52,12,0.43,5.16
squash,kalabasa_hybrid,wet,31.0,85.3,23.5,70.9,none,monthly,3,6,61,6,3.86,23.16
sponge_gourd,patola_ridged,dry,31.5,71.8,2.4,63.5,chemical,none,4,9,45,9,0.46,4.14
sponge_gourd,patola_ridged,wet,28.0,76.7,11.6,59.6,chemical,none,3,11,44,11,0.35,3.85
sponge_gourd,patola,dry,31.5,74.2,0.7,71.2,none,monthly,2,7,49,7,0.49,3.43
cucumber,pipino,dry,25.9,64.7,7.7,70.7,none,weekly,4,10,37,10,0.16,1.6
cucumber,pipino_japanese,dry,34.9,72.4,2.2,70.8,mixed,monthly,4,14,38,14,0.29,4.06
cucumber,pipino_native,dry,27.3,64.3,2.8,70.2,chemical,monthly,2,5,36,5,0.35,1.75
squash,kalabasa_hybrid,wet,31.9,74.8,12.1,73.5,mixed,monthly,3,19,56,19,1.75,33.25
bitter_gourd,ampalaya_oblong,dry,33.4,64.1,8.0,54.1,mixed,weekly,4,14,50,14,0.4,5.6
cucumber,pipino,dry,28.0,74.2,0.3,57.9,chemical,biweekly,4,7,38,7,0.28,1.96
sponge_gourd,patola,wet,28.1,85.6,11.5,53.9,mixed,biweekly,4,11,44,11,0.34,3.74
squash,kalabasa_hybrid,dry,28.1,70.7,1.3,63.2,mixed,weekly,4,20,53,20,4.03,80.6
bitter_gourd,ampalaya_bilog,dry,30.4,73.9,3.8,63.3,mixed,none,4,18,43,18,0.42,7.56
sponge_gourd,patola,dry,34.3,64.3,2.7,72.1,organic,none,3,14,52,14,0.43,6.02
bottle_gourd,upo_round,dry,33.5,57.5,9.6,54.8,organic,weekly,5,12,57,12,2.16,25.92
squash,kalabasa_native,dry,26.4,62.1,4.2,64.7,chemical,biweekly,4,13,55,13,2.73,35.49
bitter_gourd,ampalaya_oblong,wet,30.9,70.1,15.9,53.3,none,biweekly,4,12,47,12,0.45,5.4
cucumber,pipino_japanese,wet,31.2,79.7,24.4,58.3,chemical,biweekly,4,15,39,15,0.16,2.4
bitter_gourd,ampalaya_hybrid,wet,28.4,86.0,15.5,60.7,none,biweekly,5,11,48,11,0.2,2.2
cucumber,pipino_japanese,wet,30.7,89.4,28.6,65.1,organic,weekly,4,15,40,15,0.39,5.85
sponge_gourd,patola_smooth,dry,32.7,65.7,0.8,50.0,chemical,biweekly,3,9,51,9,0.36,3.24
cucumber,pipino_japanese,dry,24.0,60.8,7.8,78.9,chemical,weekly,3,7,43,7,0.32,2.24
cucumber,pipino,wet,28.5,82.9,23.5,55.3,organic,monthly,4,17,36,17,0.31,5.27
cucumber,pipino_native,dry,24.7,63.2,8.5,79.1,organic,biweekly,4,14,37,14,0.25,3.5
bottle_gourd,upo_round,wet,30.8,82.8,11.0,68.7,chemical,weekly,4,11,62,11,2.65,29.15
bottle_gourd,upo_smooth,dry,27.7,66.3,2.5,68.9,mixed,weekly,4,18,53,18,3.02,54.36
bottle_gourd,upo_long,dry,34.3,55.6,2.5,67.8,none,monthly,3,8,62,8,1.75,14.0
bitter_gourd,ampalaya_bilog,wet,27.3,73.9,16.4,77.2,organic,none,4,14,50,14,0.3,4.2
bitter_gourd,ampalaya_oblong,wet,27.0,85.1,22.3,65.1,mixed,biweekly,5,12,45,12,0.31,3.72
cucumber,pipino,dry,31.4,65.9,5.4,77.5,mixed,biweekly,3,8,39,8,0.28,2.24
bitter_gourd,ampalaya_hybrid,wet,31.9,71.9,14.0,52.9,mixed,none,5,15,48,15,0.48,7.2
squash,kalabasa_hybrid,wet,31.6,81.1,21.6,67.2,none,monthly,4,11,63,11,4.62,50.82
squash,kalabasa_hybrid,wet,31.1,76.1,28.2,74.4,none,weekly,4,13,52,13,4.15,53.95
sponge_gourd,patola,dry,25.8,69.4,6.0,78.4,chemical,weekly,4,15,46,15,0.41,6.15
bitter_gourd,ampalaya_oblong,dry,24.7,66.5,8.2,73.3,mixed,biweekly,4,20,46,20,0.42,8.4
squash,kalabasa_native,dry,25.2,64.6,1.1,57.1,chemical,none,4,11,56,11,2.32,25.52
cucumber,pipino_native,wet,27.6,88.0,17.4,52.9,none,biweekly,3,8,41,8,0.31,2.48
squash,kalabasa_native,dry,33.4,67.9,8.2,60.1,organic,biweekly,4,13,55,13,2.4,31.2
sponge_gourd,patola_smooth,dry,33.4,60.1,2.4,55.5,chemical,weekly,4,13,48,13,0.41,5.33
sponge_gourd,patola,dry,30.4,65.3,6.7,54.5,organic,weekly,3,11,46,11,0.52,5.72
bottle_gourd,upo_smooth,dry,25.0,73.3,8.9,71.0,mixed,biweekly,4,12,51,12,2.52,30.24
bitter_gourd,ampalaya_oblong,dry,29.0,60.8,0.4,79.3,chemical,none,4,13,40,13,0.2,2.6
sponge_gourd,patola_ridged,wet,32.0,89.5,14.6,63.1,mixed,monthly,3,8,41,8,0.8,6.4
cucumber,pipino_native,wet,29.4,77.8,21.8,73.9,organic,monthly,4,10,35,10,0.33,3.3
bitter_gourd,ampalaya_oblong,wet,27.5,84.2,11.8,61.4,chemical,monthly,4,12,49,12,0.25,3.0
sponge_gourd,patola_ridged,wet,28.1,85.6,20.0,56.0,chemical,weekly,3,9,52,9,0.78,7.02
cucumber,pipino_japanese,wet,29.8,88.0,24.3,78.7,organic,monthly,3,7,40,7,0.37,2.59
cucumber,pipino_japanese,dry,27.3,69.2,8.7,68.1,organic,monthly,4,15,40,15,0.23,3.45
cucumber,pipino_japanese,dry,29.9,69.9,9.2,76.1,none,weekly,3,8,38,8,0.23,1.84
cucumber,pipino_native,dry,25.6,57.1,4.7,77.4,mixed,monthly,4,20,39,20,0.35,7.0
cucumber,pipino_japanese,wet,26.9,71.1,13.5,71.2,none,monthly,4,8,44,8,0.2,1.6
squash,kalabasa_hybrid,wet,30.5,82.1,27.2,61.8,none,none,2,4,59,4,3.08,12.32
sponge_gourd,patola_ridged,wet,29.6,88.2,21.7,66.2,mixed,none,3,14,45,14,0.52,7.28
cucumber,pipino_native,dry,26.6,56.7,6.9,56.2,mixed,none,3,16,40,16,0.24,3.84
sponge_gourd,patola_smooth,dry,28.0,55.4,5.3,67.7,chemical,none,4,14,43,14,0.37,5.18
sponge_gourd,patola_ridged,wet,31.9,87.3,12.4,79.4,chemical,weekly,3,8,49,8,0.63,5.04
cucumber,pipino_native,wet,27.7,78.4,24.3,65.3,organic,weekly,4,17,39,17,0.31,5.27
cucumber,pipino_japanese,dry,30.0,63.9,3.6,68.7,mixed,monthly,4,17,34,17,0.37,6.29
sponge_gourd,patola_smooth,dry,33.3,66.3,3.7,50.8,none,weekly,4,9,47,9,0.34,3.06
cucumber,pipino_japanese,wet,28.2,85.1,12.7,69.3,mixed,weekly,4,9,35,9,0.26,2.34
cucumber,pipino_japanese,dry,30.0,67.3,9.0,75.8,none,none,3,7,42,7,0.16,1.12
bitter_gourd,ampalaya_oblong,dry,33.8,58.3,5.3,77.1,chemical,none,3,14,54,14,0.34,4.76
cucumber,pipino_native,dry,25.1,68.8,2.4,50.7,none,none,4,10,36,10,0.32,3.2
cucumber,pipino,wet,30.3,84.7,24.1,71.8,mixed,monthly,5,15,35,15,0.33,4.95
bitter_gourd,ampalaya_oblong,wet,28.1,84.8,23.2,75.9,mixed,weekly,4,13,43,13,0.32,4.16
cucumber,pipino_native,wet,26.5,72.3,27.9,56.7,none,weekly,3,3,33,3,0.35,1.05
cucumber,pipino_native,wet,29.2,81.5,14.3,66.7,mixed,none,5,17,38,17,0.2,3.4
cucumber,pipino_japanese,dry,33.1,68.6,8.8,78.2,mixed,none,3,13,42,13,0.23,2.99
squash,kalabasa_hybrid,wet,29.4,86.1,12.2,53.7,organic,monthly,4,13,56,13,4.45,57.85
cucumber,pipino,wet,28.4,80.8,29.9,62.3,chemical,biweekly,3,5,40,5,0.32,1.6
cucumber,pipino_native,wet,28.7,70.1,20.9,75.9,organic,biweekly,5,18,33,18,0.25,4.5
bottle_gourd,upo_smooth,dry,27.4,63.0,8.5,64.4,chemical,weekly,3,6,56,6,2.88,17.28
cucumber,pipino,dry,25.0,64.7,7.1,67.3,none,monthly,4,10,39,10,0.4,4.0
squash,kalabasa_hybrid,wet,27.0,72.6,18.9,74.3,mixed,monthly,5,22,56,22,2.52,55.44
squash,kalabasa,wet,28.9,80.1,22.7,53.5,none,none,4,13,52,13,2.62,34.06
bitter_gourd,ampalaya_bilog,dry,31.0,59.7,1.0,53.9,organic,biweekly,4,17,44,17,0.47,7.99
squash,kalabasa_native,wet,27.7,89.1,25.5,65.0,mixed,none,3,8,55,8,3.84,30.72
cucumber,pipino,dry,30.2,62.5,3.0,67.4,none,biweekly,4,4,40,4,0.35,1.4
cucumber,pipino,wet,30.4,70.4,22.8,74.2,chemical,none,3,6,39,6,0.16,0.96
bottle_gourd,upo_smooth,wet,31.2,78.5,16.0,75.5,mixed,monthly,4,13,58,13,3.41,44.33
bottle_gourd,upo_round,wet,27.5,86.8,13.3,71.1,none,biweekly,3,5,58,5,1.79,8.95
cucumber,pipino_native,wet,30.3,83.2,19.7,61.5,mixed,weekly,4,14,39,14,0.26,3.64
cucumber,pipino,dry,27.3,64.7,6.4,54.7,organic,biweekly,4,8,35,8,0.33,2.64
cucumber,pipino_native,dry,31.6,71.3,4.8,73.6,none,monthly,5,10,38,10,0.16,1.6
cucumber,pipino_japanese,wet,27.5,78.9,20.9,60.8,organic,biweekly,3,15,38,15,0.37,5.55
squash,kalabasa,dry,33.6,66.3,6.4,67.6,chemical,monthly,3,9,57,9,4.44,39.96
cucumber,pipino_japanese,wet,30.4,79.3,23.7,69.8,none,none,4,8,41,8,0.22,1.76
bitter_gourd,ampalaya_hybrid,wet,30.0,84.4,21.7,76.4,chemical,none,3,8,49,8,0.42,3.36
bottle_gourd,upo_long,wet,29.4,82.2,28.7,77.1,mixed,monthly,5,17,51,17,1.1,18.7
sponge_gourd,patola_smooth,dry,24.8,62.1,1.6,66.3,organic,none,4,17,48,17,0.64,10.88
squash,kalabasa_hybrid,wet,31.5,72.0,27.8,70.0,organic,biweekly,4,20,55,20,3.87,77.4
squash,kalabasa_native,dry,27.6,60.6,6.4,55.4,none,none,4,13,55,13,4.83,62.79
cucumber,pipino_japanese,dry,30.7,74.1,6.9,59.6,mixed,weekly,4,7,38,7,0.2,1.4
sponge_gourd,patola_ridged,wet,28.8,70.4,19.7,78.6,mixed,none,3,12,46,12,0.59,7.08
bitter_gourd,ampalaya_hybrid,wet,31.4,80.4,11.1,51.2,chemical,weekly,3,12,53,12,0.21,2.52
bottle_gourd,upo_long,wet,31.3,79.5,14.6,63.0,organic,monthly,4,14,55,14,2.37,33.18
sponge_gourd,patola,wet,29.9,74.9,12.7,74.1,chemical,none,3,10,56,10,0.57,5.7
squash,kalabasa,dry,29.2,59.3,4.1,63.1,chemical,biweekly,2,5,60,5,2.76,13.8
cucumber,pipino,wet,30.9,81.5,24.6,62.9,chemical,biweekly,4,7,43,7,0.28,1.96
bitter_gourd,ampalaya_bilog,wet,28.5,83.1,22.3,54.2,organic,weekly,4,16,44,16,0.49,7.84
sponge_gourd,patola_ridged,wet,27.9,79.5,23.1,67.5,organic,biweekly,3,13,49,13,0.65,8.45
bitter_gourd,ampalaya_oblong,dry,27.0,56.3,2.4,68.7,none,monthly,3,6,48,6,0.49,2.94
bitter_gourd,ampalaya_oblong,wet,30.4,73.0,28.0,54.8,organic,weekly,3,14,50,14,0.47,6.58
bitter_gourd,ampalaya_hybrid,wet,27.4,75.6,18.6,64.3,mixed,biweekly,5,16,44,16,0.39,6.24
bottle_gourd,upo_long,wet,30.3,85.1,21.6,65.7,mixed,biweekly,4,14,55,14,3.21,44.94
sponge_gourd,patola,dry,34.4,59.7,6.6,57.0,chemical,monthly,2,4,53,4,0.74,2.96
bitter_gourd,ampalaya_bilog,dry,26.9,60.9,4.6,76.9,mixed,monthly,5,15,49,15,0.25,3.75
cucumber,pipino_native,dry,29.5,68.1,2.0,60.2,mixed,biweekly,4,12,40,12,0.2,2.4
cucumber,pipino_native,wet,30.0,72.7,14.0,74.4,mixed,weekly,4,16,38,16,0.32,5.12
bottle_gourd,upo_round,wet,26.7,74.1,29.9,70.8,none,biweekly,4,13,53,13,2.06,26.78
cucumber,pipino_native,wet,27.3,81.3,19.3,69.8,mixed,none,3,9,37,9,0.15,1.35
squash,kalabasa_hybrid,wet,29.3,81.9,17.9,74.9,organic,biweekly,4,18,58,18,4.14,74.52
cucumber,pipino,wet,28.7,79.9,24.7,72.2,mixed,none,4,16,39,16,0.27,4.32
sponge_gourd,patola,wet,26.8,87.9,16.1,56.5,organic,none,4,12,40,12,0.57,6.84
cucumber,pipino_native,dry,33.0,65.0,4.7,64.1,none,weekly,3,7,38,7,0.22,1.54
squash,kalabasa,wet,26.8,86.3,13.7,67.6,mixed,biweekly,4,18,62,18,1.92,34.56
sponge_gourd,patola_ridged,wet,28.7,87.9,11.2,76.4,none,weekly,4,8,45,8,0.55,4.4
sponge_gourd,patola_smooth,wet,29.2,86.8,25.6,72.2,chemical,biweekly,4,19,45,19,0.36,6.84
squash,kalabasa,wet,28.2,83.3,17.9,67.6,chemical,weekly,3,10,51,10,1.75,17.5
bottle_gourd,upo_round,dry,27.0,55.2,9.1,58.7,chemical,biweekly,3,7,58,7,1.19,8.33
bitter_gourd,ampalaya_oblong,wet,28.4,89.3,13.9,50.3,organic,biweekly,3,12,51,12,0.41,4.92
bottle_gourd,upo_smooth,wet,28.3,90.0,10.9,61.8,organic,weekly,4,17,54,17,2.52,42.84
sponge_gourd,patola_ridged,wet,31.5,81.9,14.8,73.0,mixed,none,4,16,47,16,0.71,11.36
bottle_gourd,upo_long,wet,28.9,87.5,23.9,56.7,none,monthly,4,11,53,11,3.25,35.75
bottle_gourd,upo_round,wet,27.1,72.6,13.3,77.8,mixed,monthly,3,9,60,9,3.09,27.81
cucumber,pipino_native,dry,30.0,57.1,7.4,74.9,chemical,monthly,3,13,44,13,0.39,5.07
squash,kalabasa_native,dry,27.5,58.1,1.9,64.2,none,biweekly,3,9,55,9,2.59,23.31
bottle_gourd,upo_round,wet,29.1,84.9,20.6,77.6,organic,weekly,4,18,51,18,2.46,44.28
bitter_gourd,ampalaya_bilog,dry,24.1,66.2,0.9,72.5,organic,biweekly,4,13,50,13,0.41,5.33
bottle_gourd,upo_long,wet,26.6,85.1,21.0,51.1,organic,weekly,4,12,53,12,1.62,19.44
cucumber,pipino_japanese,wet,30.6,87.3,10.8,77.1,mixed,none,3,14,41,14,0.26,3.64
cucumber,pipino_japanese,wet,31.6,70.8,25.5,72.4,none,weekly,3,8,38,8,0.39,3.12
bitter_gourd,ampalaya_bilog,wet,26.8,80.0,10.3,54.2,none,none,5,14,47,14,0.47,6.58
cucumber,pipino_native,dry,31.6,63.0,0.1,71.9,none,biweekly,4,10,38,10,0.33,3.3
squash,kalabasa_hybrid,wet,29.4,77.9,16.6,78.8,mixed,none,4,11,52,11,2.13,23.43
cucumber,pipino,wet,27.5,89.5,17.0,62.2,mixed,weekly,3,8,40,8,0.28,2.24
bitter_gourd,ampalaya_hybrid,dry,30.1,69.1,4.8,69.7,chemical,biweekly,3,13,54,13,0.49,6.37
bottle_gourd,upo_smooth,wet,30.6,73.9,15.8,75.1,organic,none,4,15,52,15,1.85,27.75
cucumber,pipino_native,dry,25.0,63.2,6.4,64.1,chemical,biweekly,3,11,37,11,0.34,3.74
bitter_gourd,ampalaya_oblong,dry,26.9,69.4,2.3,66.5,none,monthly,4,5,48,5,0.37,1.85
bitter_gourd,ampalaya_hybrid,dry,26.5,59.6,6.8,64.4,organic,biweekly,5,16,45,16,0.23,3.68
bitter_gourd,ampalaya_hybrid,wet,31.1,81.6,12.5,52.3,none,none,3,7,40,7,0.5,3.5
cucumber,pipino,dry,35.0,59.4,4.0,71.0,organic,none,3,9,42,9,0.2,1.8
sponge_gourd,patola,dry,34.6,68.6,1.3,62.9,mixed,biweekly,4,15,52,15,0.5,7.5
sponge_gourd,patola_smooth,dry,30.9,73.0,4.5,56.4,chemical,monthly,5,18,43,18,0.45,8.1
squash,kalabasa_hybrid,wet,26.3,81.7,24.5,67.3,chemical,weekly,3,10,58,10,4.92,49.2
bottle_gourd,upo_round,wet,28.7,85.0,22.5,67.9,organic,biweekly,4,14,52,14,2.69,37.66
cucumber,pipino_native,wet,29.7,83.7,17.5,75.3,mixed,biweekly,4,18,37,18,0.23,4.14
sponge_gourd,patola_smooth,dry,32.4,61.2,7.3,69.3,mixed,monthly,5,14,43,14,0.75,10.5
bottle_gourd,upo_round,wet,30.5,70.2,15.3,75.7,mixed,weekly,3,5,58,5,3.02,15.1
squash,kalabasa_native,dry,26.6,56.2,3.0,63.9,chemical,monthly,3,9,59,9,3.27,29.43
cucumber,pipino_native,wet,28.7,79.5,28.6,72.8,chemical,weekly,3,10,40,10,0.16,1.6
bitter_gourd,ampalaya_bilog,dry,24.7,57.3,4.4,51.6,organic,monthly,4,13,46,13,0.47,6.11
cucumber,pipino_japanese,wet,31.1,79.4,22.8,78.5,mixed,weekly,4,16,38,16,0.29,4.64
cucumber,pipino_japanese,dry,31.5,66.7,7.9,56.8,mixed,biweekly,5,16,39,16,0.31,4.96
cucumber,pipino_japanese,dry,27.6,70.9,9.4,76.8,organic,monthly,4,12,38,12,0.16,1.92
bottle_gourd,upo_round,wet,28.0,77.7,26.7,55.9,mixed,none,4,21,54,21,1.1,23.1
bitter_gourd,ampalaya_hybrid,dry,29.7,59.0,7.6,58.1,chemical,weekly,5,19,43,19,0.16,3.04
squash,kalabasa,dry,32.9,55.1,2.1,51.2,chemical,biweekly,5,14,53,14,2.62,36.68
sponge_gourd,patola_ridged,dry,32.0,58.4,9.2,74.9,organic,monthly,5,12,44,12,0.78,9.36
squash,kalabasa_native,dry,32.1,67.9,8.8,67.0,organic,none,4,16,54,16,3.2,51.2
bitter_gourd,ampalaya_hybrid,dry,27.0,56.9,4.1,79.3,mixed,monthly,5,18,51,18,0.35,6.3
cucumber,pipino,dry,34.7,56.6,0.2,68.5,chemical,weekly,4,12,38,12,0.18,2.16
sponge_gourd,patola_smooth,dry,33.2,66.4,4.3,77.8,mixed,none,4,18,51,18,0.64,11.52
sponge_gourd,patola_ridged,wet,30.5,80.2,10.5,59.0,chemical,weekly,4,20,42,20,0.53,10.6
cucumber,pipino,dry,31.1,66.0,7.6,52.5,none,biweekly,4,12,41,12,0.36,4.32
sponge_gourd,patola,dry,30.2,61.5,7.7,55.4,chemical,none,2,3,51,3,0.7,2.1
cucumber,pipino_native,dry,29.2,63.9,2.4,73.5,chemical,none,3,6,44,6,0.38,2.28
bitter_gourd,ampalaya_oblong,dry,30.3,66.0,8.9,55.1,mixed,monthly,4,17,52,17,0.43,7.31
sponge_gourd,patola,dry,26.2,55.6,7.5,72.0,mixed,weekly,4,13,47,13,0.56,7.28
cucumber,pipino,wet,28.4,84.5,28.6,69.3,chemical,biweekly,4,11,37,11,0.31,3.41
bitter_gourd,ampalaya_hybrid,wet,30.9,79.2,17.0,73.7,organic,none,4,13,47,13,0.19,2.47
bitter_gourd,ampalaya_hybrid,dry,31.7,63.7,6.1,50.0,organic,none,4,11,50,11,0.3,3.3
cucumber,pipino_native,wet,29.4,81.2,24.8,78.5,mixed,weekly,3,14,42,14,0.23,3.22
cucumber,pipino_japanese,wet,27.7,71.7,24.8,54.5,chemical,none,4,14,35,14,0.19,2.66
sponge_gourd,patola_ridged,wet,31.9,86.2,27.0,67.4,organic,biweekly,5,19,45,19,0.43,8.17
squash,kalabasa,wet,26.7,81.7,26.0,54.6,organic,biweekly,4,19,51,19,2.89,54.91
bottle_gourd,upo_smooth,wet,28.3,87.3,27.8,51.0,none,biweekly,4,7,55,7,1.89,13.23
sponge_gourd,patola_smooth,wet,30.9,84.6,21.5,66.8,none,none,2,9,48,9,0.7,6.3
bottle_gourd,upo_round,dry,34.7,70.8,8.9,60.8,mixed,biweekly,5,17,52,17,2.85,48.45
bottle_gourd,upo_round,dry,24.5,70.9,0.0,64.5,organic,monthly,4,15,54,15,3.18,47.7
bitter_gourd,ampalaya_bilog,wet,28.9,86.0,13.8,72.0,mixed,none,4,13,52,13,0.15,1.95
squash,kalabasa_hybrid,dry,32.7,73.0,7.7,52.1,organic,monthly,4,17,56,17,3.35,56.95
bitter_gourd,ampalaya_hybrid,wet,26.4,84.4,11.8,57.3,chemical,weekly,4,15,48,15,0.3,4.5
squash,kalabasa_hybrid,wet,28.6,85.2,19.6,74.8,mixed,monthly,5,12,52,12,2.54,30.48
sponge_gourd,patola,dry,26.4,59.0,2.7,64.5,organic,none,4,10,39,10,0.68,6.8
bottle_gourd,upo_round,dry,34.0,63.0,6.8,62.7,none,biweekly,3,8,57,8,1.06,8.48
sponge_gourd,patola_ridged,dry,33.9,63.3,2.5,58.7,mixed,weekly,4,14,42,14,0.74,10.36
cucumber,pipino,wet,26.1,75.7,19.2,57.6,mixed,none,4,19,33,19,0.23,4.37
squash,kalabasa_hybrid,wet,27.2,85.8,15.5,67.7,none,weekly,3,12,56,12,3.9,46.8
bitter_gourd,ampalaya_oblong,wet,30.6,85.6,20.2,61.7,organic,weekly,4,15,43,15,0.38,5.7
squash,kalabasa_hybrid,wet,27.4,84.6,29.2,57.1,none,none,4,15,51,15,3.52,52.8
cucumber,pipino_japanese,wet,28.2,87.4,20.5,67.6,chemical,biweekly,3,6,39,6,0.26,1.56
squash,kalabasa_hybrid,dry,30.0,55.2,3.9,64.0,none,biweekly,3,10,59,10,1.98,19.8
cucumber,pipino_native,wet,26.2,78.0,12.0,76.0,none,monthly,4,13,36,13,0.23,2.99
bitter_gourd,ampalaya_hybrid,wet,30.0,81.0,25.0,70.4,chemical,weekly,4,12,47,12,0.33,3.96
sponge_gourd,patola,dry,26.9,57.1,9.1,53.7,organic,biweekly,4,14,51,14,0.37,5.18
cucumber,pipino,dry,32.1,67.7,9.6,52.7,none,monthly,5,13,35,13,0.34,4.42
bitter_gourd,ampalaya_bilog,wet,30.8,82.0,23.3,52.7,organic,weekly,4,15,47,15,0.26,3.9
squash,kalabasa_hybrid,wet,31.8,84.6,12.9,69.4,chemical,none,3,12,52,12,3.89,46.68
sponge_gourd,patola,dry,32.6,59.4,8.8,56.7,none,biweekly,3,10,47,10,0.7,7.0
bitter_gourd,ampalaya_oblong,wet,31.4,78.0,22.4,56.0,chemical,none,4,15,51,15,0.31,4.65
bottle_gourd,upo_smooth,wet,31.4,89.3,20.8,52.6,organic,weekly,4,13,54,13,2.01,26.13
cucumber,pipino_native,dry,32.1,64.9,3.7,60.8,none,biweekly,3,9,42,9,0.24,2.16
bitter_gourd,ampalaya_bilog,dry,26.6,62.4,4.5,60.1,none,none,4,11,47,11,0.31,3.41
sponge_gourd,patola_ridged,dry,24.8,62.9,0.4,70.7,chemical,monthly,3,6,50,6,0.52,3.12
sponge_gourd,patola,wet,29.8,88.3,18.5,52.0,none,monthly,4,13,48,13,0.77,10.01
bitter_gourd,ampalaya_oblong,dry,31.5,65.0,8.7,61.5,mixed,biweekly,4,14,43,14,0.24,3.36
bitter_gourd,ampalaya_oblong,dry,25.6,68.5,8.8,53.4,mixed,weekly,3,9,51,9,0.28,2.52
squash,kalabasa,dry,26.0,65.8,5.8,64.0,mixed,biweekly,4,17,60,17,1.7,28.9
sponge_gourd,patola_smooth,wet,31.3,76.4,30.0,59.3,none,biweekly,3,7,44,7,0.78,5.46
bottle_gourd,upo_round,dry,25.5,65.6,7.5,64.9,organic,weekly,4,22,53,22,1.24,27.28
cucumber,pipino_japanese,dry,34.5,70.2,6.2,62.6,organic,weekly,4,17,39,17,0.3,5.1
bitter_gourd,ampalaya_hybrid,dry,34.8,62.5,0.2,74.4,mixed,biweekly,4,20,44,20,0.41,8.2
squash,kalabasa_native,dry,29.3,58.3,6.2,72.1,none,biweekly,3,6,56,6,2.98,17.88
cucumber,pipino_native,wet,26.8,86.9,15.0,71.6,organic,biweekly,4,19,33,19,0.31,5.89
squash,kalabasa,wet,31.7,85.4,29.7,67.5,organic,weekly,5,15,49,15,3.35,50.25
bitter_gourd,ampalaya_bilog,dry,34.1,74.6,1.9,67.7,mixed,weekly,5,14,47,14,0.18,2.52
squash,kalabasa,dry,32.7,61.0,1.7,53.5,mixed,monthly,5,17,46,17,2.79,47.43
cucumber,pipino_native,dry,32.8,61.0,4.9,68.3,chemical,biweekly,4,7,36,7,0.24,1.68
sponge_gourd,patola_smooth,dry,28.3,56.7,1.5,64.9,chemical,monthly,4,8,42,8,0.75,6.0
sponge_gourd,patola,wet,31.4,76.0,20.8,56.4,organic,none,5,20,47,20,0.41,8.2
cucumber,pipino,dry,26.1,69.8,3.0,65.6,mixed,weekly,3,8,43,8,0.34,2.72
cucumber,pipino,wet,30.0,78.2,29.3,59.5,mixed,biweekly,4,18,39,18,0.3,5.4
sponge_gourd,patola_ridged,dry,25.8,62.2,1.3,61.8,mixed,weekly,4,11,43,11,0.77,8.47
cucumber,pipino_japanese,dry,28.6,71.9,2.2,54.0,organic,weekly,4,13,45,13,0.18,2.34
squash,kalabasa_hybrid,wet,27.5,70.5,22.5,56.9,chemical,biweekly,4,17,53,17,3.19,54.23
bitter_gourd,ampalaya_hybrid,dry,33.9,72.9,4.2,61.0,mixed,biweekly,4,15,45,15,0.49,7.35
squash,kalabasa_native,wet,27.3,76.2,26.4,72.3,mixed,biweekly,4,12,50,12,2.53,30.36
squash,kalabasa_hybrid,wet,29.1,78.9,17.4,77.3,none,monthly,4,11,54,11,4.21,46.31
sponge_gourd,patola_ridged,wet,29.9,89.3,17.6,70.2,chemical,none,4,9,42,9,0.73,6.57
bitter_gourd,ampalaya_hybrid,dry,27.3,56.8,7.3,61.2,none,none,3,8,46,8,0.24,1.92
bottle_gourd,upo_long,wet,28.3,87.4,28.3,75.7,chemical,weekly,4,14,60,14,1.89,26.46
bitter_gourd,ampalaya_oblong,wet,29.4,77.5,20.6,79.5,chemical,weekly,4,16,48,16,0.36,5.76
sponge_gourd,patola,dry,24.4,69.6,2.5,54.8,organic,none,4,13,45,13,0.38,4.94
bitter_gourd,ampalaya_hybrid,wet,28.6,80.4,20.0,57.3,organic,monthly,4,17,41,17,0.48,8.16
bottle_gourd,upo_round,wet,31.2,71.9,11.4,66.5,chemical,weekly,3,9,57,9,1.84,16.56
bitter_gourd,ampalaya_hybrid,dry,31.3,57.5,4.6,77.8,none,biweekly,3,8,49,8,0.26,2.08
cucumber,pipino_native,wet,26.4,84.1,23.3,53.6,organic,monthly,4,12,38,12,0.21,2.52
bitter_gourd,ampalaya_bilog,wet,30.1,83.5,14.1,72.3,organic,none,4,18,51,18,0.21,3.78
sponge_gourd,patola,dry,32.6,62.3,3.9,78.3,organic,biweekly,3,7,48,7,0.33,2.31
bitter_gourd,ampalaya_bilog,dry,33.7,73.5,4.6,71.7,chemical,monthly,5,14,48,14,0.32,4.48
bitter_gourd,ampalaya_hybrid,dry,32.8,60.3,6.7,74.1,chemical,none,4,10,45,10,0.17,1.7
sponge_gourd,patola,dry,31.3,70.2,9.1,80.0,chemical,monthly,5,16,47,16,0.52,8.32
cucumber,pipino_native,wet,31.1,84.7,17.3,57.9,organic,none,4,19,43,19,0.27,5.13
cucumber,pipino,wet,31.8,72.1,28.4,62.6,none,biweekly,4,12,41,12,0.19,2.28
bitter_gourd,ampalaya_bilog,wet,31.4,90.0,20.8,59.0,mixed,none,4,12,51,12,0.24,2.88
bitter_gourd,ampalaya_oblong,dry,33.0,58.8,2.1,75.6,mixed,none,4,15,50,15,0.39,5.85
cucumber,pipino_japanese,dry,26.3,60.0,2.4,79.1,chemical,none,4,10,36,10,0.21,2.1
bottle_gourd,upo_long,dry,33.7,56.1,5.6,52.7,none,none,3,9,59,9,1.26,11.34
cucumber,pipino,wet,31.1,79.3,22.7,60.9,organic,none,4,8,35,8,0.36,2.88
squash,kalabasa,dry,32.6,69.4,8.1,52.9,chemical,monthly,4,14,56,14,4.22,59.08
bottle_gourd,upo_long,dry,30.2,65.7,7.9,74.1,none,weekly,4,11,57,11,2.39,26.29
cucumber,pipino_native,dry,25.9,69.7,6.9,75.4,chemical,biweekly,4,15,38,15,0.34,5.1
sponge_gourd,patola,wet,27.6,72.9,29.5,70.9,none,none,4,8,43,8,0.54,4.32
squash,kalabasa_native,wet,27.8,73.7,22.3,70.8,none,monthly,3,5,56,5,4.37,21.85
cucumber,pipino_japanese,wet,27.5,75.7,13.7,61.7,organic,biweekly,5,18,36,18,0.31,5.58
cucumber,pipino,dry,29.0,56.7,1.3,51.9,chemical,weekly,4,16,40,16,0.35,5.6
squash,kalabasa_hybrid,dry,34.5,60.2,7.0,64.7,organic,monthly,4,14,53,14,1.82,25.48
squash,kalabasa_hybrid,dry,30.7,66.5,3.3,56.7,chemical,biweekly,3,10,58,10,3.66,36.6
cucumber,pipino_japanese,wet,31.7,71.6,12.0,68.8,none,weekly,4,9,40,9,0.31,2.79
cucumber,pipino_native,wet,29.1,84.6,21.4,71.1,chemical,biweekly,4,16,31,16,0.16,2.56
cucumber,pipino_native,wet,28.8,88.9,26.2,70.9,none,weekly,4,8,38,8,0.39,3.12
bitter_gourd,ampalaya_hybrid,wet,31.5,75.9,19.3,76.6,organic,biweekly,4,21,52,21,0.15,3.15
bitter_gourd,ampalaya_oblong,dry,30.7,72.1,1.5,66.5,chemical,weekly,4,15,40,15,0.32,4.8
cucumber,pipino,dry,33.4,74.2,1.2,65.4,none,monthly,4,7,38,7,0.39,2.73
bottle_gourd,upo_round,dry,34.4,59.9,1.2,59.6,none,none,4,12,55,12,1.56,18.72
sponge_gourd,patola_smooth,dry,31.2,61.9,0.2,51.7,mixed,none,5,18,46,18,0.55,9.9
cucumber,pipino,dry,29.7,67.1,9.5,52.7,organic,biweekly,4,16,37,16,0.34,5.44
sponge_gourd,patola,wet,31.4,71.3,11.2,60.6,mixed,monthly,4,18,46,18,0.41,7.38
bitter_gourd,ampalaya_oblong,dry,29.9,55.4,1.0,64.1,mixed,weekly,4,20,47,20,0.48,9.6
sponge_gourd,patola,dry,34.6,72.1,0.2,53.3,chemical,biweekly,4,14,48,14,0.31,4.34
sponge_gourd,patola_smooth,wet,28.6,84.0,10.6,55.3,chemical,none,4,17,45,17,0.31,5.27
squash,kalabasa_native,dry,25.9,60.9,1.7,51.7,mixed,none,4,15,54,15,3.36,50.4
cucumber,pipino,dry,26.6,57.8,4.8,69.4,none,biweekly,3,9,38,9,0.18,1.62
cucumber,pipino_native,wet,31.0,86.0,22.9,64.2,none,weekly,3,8,40,8,0.3,2.4
cucumber,pipino_japanese,dry,34.9,60.2,4.5,79.5,chemical,biweekly,4,10,37,10,0.25,2.5
sponge_gourd,patola_ridged,dry,29.5,57.5,4.0,61.3,chemical,none,3,12,48,12,0.56,6.72
bitter_gourd,ampalaya_oblong,dry,26.2,66.8,1.8,61.1,chemical,monthly,4,15,48,15,0.42,6.3
sponge_gourd,patola_ridged,dry,29.7,69.9,8.7,62.2,none,weekly,3,7,50,7,0.46,3.22
cucumber,pipino,dry,30.9,66.2,9.1,68.6,mixed,biweekly,4,12,32,12,0.17,2.04
squash,kalabasa,dry,28.5,60.1,8.7,54.6,none,weekly,5,16,56,16,3.01,48.16
cucumber,pipino,wet,27.5,81.0,29.9,66.2,mixed,none,5,15,31,15,0.38,5.7
squash,kalabasa,wet,30.2,88.0,11.8,68.8,mixed,monthly,3,8,61,8,4.43,35.44
squash,kalabasa_hybrid,dry,33.7,71.2,2.5,68.8,organic,biweekly,4,11,55,11,4.13,45.43
sponge_gourd,patola_ridged,dry,31.3,59.4,4.6,64.7,organic,none,4,17,51,17,0.78,13.26
cucumber,pipino_japanese,dry,27.3,72.5,1.2,72.9,chemical,monthly,3,5,39,5,0.35,1.75
cucumber,pipino,wet,27.3,73.9,15.1,73.7,organic,monthly,4,13,37,13,0.37,4.81
sponge_gourd,patola_smooth,dry,30.9,73.2,0.9,52.0,organic,monthly,3,13,49,13,0.43,5.59
bitter_gourd,ampalaya_bilog,wet,31.3,85.8,17.8,66.3,organic,monthly,4,19,44,19,0.44,8.36
sponge_gourd,patola,dry,25.9,58.2,9.3,64.8,mixed,weekly,4,11,45,11,0.42,4.62
bitter_gourd,ampalaya_bilog,dry,34.8,72.9,7.0,76.1,mixed,biweekly,4,15,48,15,0.44,6.6
bitter_gourd,ampalaya_bilog,dry,24.8,55.2,5.8,51.6,organic,monthly,5,13,43,13,0.36,4.68
cucumber,pipino_japanese,wet,30.8,84.4,29.7,62.9,mixed,none,5,14,31,14,0.33,4.62
sponge_gourd,patola_smooth,wet,27.9,73.1,27.3,68.5,mixed,biweekly,4,14,48,14,0.36,5.04
squash,kalabasa_hybrid,dry,34.6,58.7,0.9,67.0,organic,monthly,3,15,57,15,4.89,73.35
cucumber,pipino,dry,30.2,64.1,1.0,53.6,organic,weekly,4,11,37,11,0.28,3.08
squash,kalabasa_hybrid,dry,29.6,64.4,2.5,67.2,chemical,none,3,9,57,9,2.73,24.57
bitter_gourd,ampalaya_hybrid,wet,29.3,76.1,20.3,79.2,mixed,weekly,5,12,41,12,0.45,5.4
sponge_gourd,patola_smooth,wet,30.5,85.2,21.8,51.0,none,biweekly,3,7,47,7,0.41,2.87
cucumber,pipino,wet,30.8,72.3,16.7,66.9,chemical,biweekly,3,13,44,13,0.33,4.29
bottle_gourd,upo_long,wet,31.3,80.3,17.9,78.1,mixed,weekly,3,17,57,17,2.49,42.33
squash,kalabasa,dry,26.9,55.3,7.8,65.1,mixed,biweekly,5,16,59,16,3.04,48.64
cucumber,pipino,wet,28.2,86.5,23.2,58.5,mixed,weekly,3,4,37,4,0.37,1.48
cucumber,pipino_native,wet,26.6,80.3,14.7,78.0,chemical,none,3,9,37,9,0.36,3.24
bitter_gourd,ampalaya_hybrid,dry,30.5,61.4,4.6,71.9,none,none,3,8,48,8,0.21,1.68
bitter_gourd,ampalaya_hybrid,dry,25.8,63.3,6.5,79.0,mixed,none,4,16,52,16,0.32,5.12
bitter_gourd,ampalaya_hybrid,dry,32.8,61.9,8.7,63.0,chemical,biweekly,3,7,53,7,0.16,1.12
cucumber,pipino_japanese,dry,29.4,75.0,3.9,58.2,mixed,weekly,3,8,35,8,0.2,1.6
sponge_gourd,patola_smooth,wet,29.4,74.8,18.1,60.6,organic,weekly,4,22,46,22,0.41,9.02
sponge_gourd,patola,dry,28.6,60.0,6.9,63.6,mixed,monthly,5,22,45,22,0.65,14.3
squash,kalabasa,wet,30.0,70.6,23.8,59.5,none,monthly,3,12,55,12,1.62,19.44
cucumber,pipino_native,dry,26.3,69.6,0.2,57.1,organic,none,4,19,33,19,0.35,6.65
bottle_gourd,upo_long,wet,28.5,82.6,16.4,65.6,organic,weekly,4,18,57,18,1.01,18.18
sponge_gourd,patola_smooth,wet,27.5,79.6,28.2,59.8,organic,weekly,4,12,41,12,0.62,7.44
sponge_gourd,patola,wet,27.3,86.7,25.2,57.7,organic,weekly,3,13,44,13,0.53,6.89
sponge_gourd,patola_smooth,wet,26.2,76.5,10.3,51.1,chemical,weekly,3,8,49,8,0.45,3.6
sponge_gourd,patola_smooth,wet,30.7,84.4,28.2,58.2,chemical,biweekly,4,14,46,14,0.44,6.16
bitter_gourd,ampalaya_hybrid,dry,33.4,68.5,7.0,51.9,organic,monthly,4,16,46,16,0.32,5.12
cucumber,pipino_japanese,wet,30.5,86.8,19.2,61.3,none,biweekly,3,6,37,6,0.22,1.32
bitter_gourd,ampalaya_hybrid,dry,32.1,62.0,7.1,76.7,chemical,none,4,11,43,11,0.17,1.87
squash,kalabasa,wet,27.4,87.8,19.5,60.9,organic,monthly,4,17,51,17,1.91,32.47
bitter_gourd,ampalaya_oblong,wet,29.4,76.7,17.6,74.3,mixed,monthly,4,18,45,18,0.48,8.64
cucumber,pipino_native,dry,33.5,61.7,7.5,62.7,chemical,none,5,15,36,15,0.29,4.35
squash,kalabasa,wet,26.5,83.1,16.4,65.8,organic,biweekly,4,16,55,16,2.29,36.64
sponge_gourd,patola,wet,30.2,77.8,17.6,72.6,none,monthly,3,10,47,10,0.64,6.4
squash,kalabasa_hybrid,dry,34.1,56.5,5.4,51.1,chemical,monthly,3,7,58,7,3.06,21.42
sponge_gourd,patola_ridged,wet,27.8,78.7,13.2,71.7,organic,biweekly,5,19,43,19,0.44,8.36
bottle_gourd,upo_smooth,dry,34.2,74.9,1.2,54.4,chemical,none,4,16,61,16,1.78,28.48
squash,kalabasa,wet,31.8,87.8,15.6,73.1,none,none,3,6,60,6,2.78,16.68
cucumber,pipino,dry,28.5,71.9,4.1,61.1,mixed,none,3,8,40,8,0.17,1.36
sponge_gourd,patola_smooth,dry,30.7,63.1,0.6,57.2,organic,biweekly,4,14,49,14,0.61,8.54
bitter_gourd,ampalaya_hybrid,dry,28.4,57.8,1.4,59.2,mixed,none,5,13,44,13,0.43,5.59
sponge_gourd,patola_smooth,wet,29.3,82.2,23.6,57.8,mixed,biweekly,4,13,43,13,0.56,7.28
sponge_gourd,patola,dry,26.0,66.6,8.0,61.2,mixed,monthly,5,17,38,17,0.58,9.86
cucumber,pipino_japanese,dry,27.9,67.3,5.2,57.6,mixed,monthly,3,15,43,15,0.32,4.8
cucumber,pipino_native,dry,25.1,68.8,8.4,69.2,mixed,monthly,4,11,33,11,0.26,2.86
bottle_gourd,upo_round,dry,31.8,70.4,8.6,75.7,mixed,monthly,3,7,61,7,1.78,12.46
cucumber,pipino_native,dry,27.9,55.8,8.6,65.7,chemical,weekly,4,16,40,16,0.19,3.04
cucumber,pipino_japanese,wet,28.0,75.9,15.4,75.3,chemical,biweekly,4,15,42,15,0.19,2.85
squash,kalabasa,dry,29.2,71.1,6.8,54.8,chemical,biweekly,4,17,50,17,2.84,48.28
cucumber,pipino_japanese,dry,24.4,59.1,5.4,64.6,organic,monthly,4,22,37,22,0.2,4.4
squash,kalabasa_hybrid,wet,30.5,79.2,12.0,54.3,mixed,weekly,4,14,57,14,4.72,66.08
bitter_gourd,ampalaya_oblong,dry,34.8,62.6,5.9,54.5,none,none,3,7,49,7,0.37,2.59
squash,kalabasa,dry,32.8,70.2,0.7,54.5,mixed,monthly,3,11,52,11,4.17,45.87
cucumber,pipino,dry,25.7,67.9,10.0,55.8,none,weekly,3,5,41,5,0.19,0.95
bitter_gourd,ampalaya_oblong,dry,28.0,57.8,5.4,58.9,none,monthly,3,7,53,7,0.26,1.82
cucumber,pipino,dry,32.0,65.1,4.8,73.8,mixed,weekly,4,14,39,14,0.23,3.22
cucumber,pipino,wet,26.2,73.5,18.2,54.8,organic,none,5,21,37,21,0.37,7.77
bitter_gourd,ampalaya_bilog,wet,31.1,87.1,10.2,54.1,none,biweekly,3,5,53,5,0.19,0.95
sponge_gourd,patola_ridged,dry,31.6,69.5,6.2,56.8,chemical,none,4,10,49,10,0.37,3.7
cucumber,pipino_japanese,dry,28.0,67.3,7.3,66.4,chemical,monthly,4,14,35,14,0.31,4.34
cucumber,pipino_native,wet,30.2,85.9,17.8,74.5,organic,weekly,3,9,38,9,0.35,3.15
bitter_gourd,ampalaya_oblong,wet,30.2,87.7,12.7,54.9,none,weekly,5,12,42,12,0.27,3.24
bitter_gourd,ampalaya_oblong,dry,29.3,65.5,5.4,68.5,organic,none,5,19,46,19,0.19,3.61
sponge_gourd,patola,wet,26.0,80.6,23.3,61.7,organic,monthly,3,7,51,7,0.52,3.64
cucumber,pipino,dry,30.4,66.4,0.1,68.6,mixed,monthly,5,17,36,17,0.32,5.44
sponge_gourd,patola_ridged,dry,30.5,67.4,9.8,69.1,chemical,none,4,8,40,8,0.54,4.32
sponge_gourd,patola,dry,27.4,72.4,1.4,71.9,chemical,monthly,3,15,47,15,0.43,6.45
cucumber,pipino,dry,27.4,71.6,5.4,79.5,chemical,biweekly,3,7,36,7,0.26,1.82
bitter_gourd,ampalaya_hybrid,wet,29.2,78.9,29.7,59.1,none,biweekly,4,11,50,11,0.48,5.28
bottle_gourd,upo_smooth,wet,27.1,80.2,18.5,52.8,mixed,weekly,4,17,47,17,2.7,45.9
sponge_gourd,patola,dry,26.5,67.1,2.0,60.9,chemical,none,5,17,43,17,0.67,11.39
sponge_gourd,patola,dry,34.9,55.3,6.5,78.0,mixed,monthly,5,16,49,16,0.6,9.6
cucumber,pipino_japanese,dry,32.3,69.6,3.4,56.4,chemical,biweekly,4,7,38,7,0.17,1.19
cucumber,pipino_native,dry,30.5,62.3,0.4,50.0,chemical,monthly,4,14,33,14,0.29,4.06
cucumber,pipino_japanese,wet,28.1,74.4,25.8,65.3,chemical,weekly,4,9,35,9,0.31,2.79
sponge_gourd,patola_smooth,dry,31.5,65.6,9.4,50.7,organic,monthly,4,13,43,13,0.52,6.76
cucumber,pipino_japanese,wet,28.1,78.4,26.2,71.7,chemical,monthly,3,8,40,8,0.31,2.48
cucumber,pipino_native,dry,33.5,56.1,2.8,77.0,mixed,biweekly,4,8,36,8,0.2,1.6
squash,kalabasa_hybrid,wet,26.5,85.4,10.8,51.7,mixed,biweekly,4,11,58,11,3.94,43.34
cucumber,pipino_japanese,dry,33.2,68.5,8.9,53.5,none,biweekly,4,9,37,9,0.27,2.43
sponge_gourd,patola_ridged,dry,27.3,59.2,8.5,74.9,chemical,none,3,9,42,9,0.61,5.49
cucumber,pipino,dry,30.6,58.5,8.1,64.6,mixed,biweekly,4,15,34,15,0.38,5.7
cucumber,pipino_native,dry,34.9,72.0,1.4,55.7,chemical,weekly,2,5,36,5,0.3,1.5
cucumber,pipino_japanese,wet,26.0,72.4,28.7,73.6,none,biweekly,4,5,35,5,0.33,1.65
bitter_gourd,ampalaya_hybrid,dry,30.0,56.5,6.9,55.1,none,monthly,3,9,51,9,0.35,3.15
cucumber,pipino,wet,28.2,76.8,20.9,72.5,mixed,monthly,4,11,38,11,0.17,1.87
sponge_gourd,patola,wet,29.9,77.4,25.9,71.1,chemical,monthly,4,12,44,12,0.65,7.8
cucumber,pipino_japanese,dry,27.0,55.7,1.4,57.4,chemical,monthly,3,13,41,13,0.25,3.25
sponge_gourd,patola_ridged,dry,29.9,65.7,7.8,76.9,mixed,none,4,13,46,13,0.79,10.27
squash,kalabasa_native,wet,27.2,71.3,14.3,65.0,chemical,none,4,14,54,14,4.22,59.08
sponge_gourd,patola_smooth,dry,32.6,63.6,3.5,61.4,mixed,weekly,3,13,50,13,0.37,4.81
bottle_gourd,upo_round,dry,25.4,73.5,9.9,59.2,organic,biweekly,4,14,50,14,1.11,15.54
cucumber,pipino_native,wet,26.7,77.0,13.7,67.7,none,biweekly,4,11,36,11,0.32,3.52
bottle_gourd,upo_long,wet,27.3,76.5,14.5,56.4,organic,none,5,21,49,21,2.71,56.91
bitter_gourd,ampalaya_hybrid,wet,28.4,72.3,16.7,66.8,chemical,none,3,8,55,8,0.31,2.48
cucumber,pipino,dry,29.9,55.6,5.5,63.3,organic,biweekly,4,14,41,14,0.37,5.18
cucumber,pipino,wet,31.1,78.9,14.6,79.0,chemical,weekly,4,10,37,10,0.18,1.8
squash,kalabasa,dry,34.9,69.3,5.9,62.1,mixed,biweekly,3,8,52,8,2.45,19.6
bottle_gourd,upo_long,wet,30.7,78.5,16.7,62.9,mixed,biweekly,4,15,58,15,1.47,22.05
cucumber,pipino_native,wet,31.4,75.6,27.1,66.5,none,weekly,3,12,39,12,0.35,4.2
cucumber,pipino_japanese,wet,27.0,86.4,16.0,56.9,none,monthly,4,9,34,9,0.31,2.79
cucumber,pipino,dry,32.0,71.1,6.2,53.2,mixed,monthly,4,13,38,13,0.37,4.81
sponge_gourd,patola_smooth,dry,27.4,62.4,0.1,56.7,chemical,none,3,6,46,6,0.73,4.38
cucumber,pipino_native,dry,26.2,59.2,2.0,56.5,chemical,monthly,3,9,39,9,0.39,3.51
cucumber,pipino_japanese,wet,31.0,78.7,16.4,77.5,mixed,none,4,10,32,10,0.21,2.1
cucumber,pipino,dry,34.6,70.4,6.3,72.4,mixed,weekly,4,15,38,15,0.24,3.6
cucumber,pipino_native,wet,26.8,70.4,10.9,50.8,none,biweekly,3,6,40,6,0.24,1.44
sponge_gourd,patola_smooth,wet,28.2,83.4,12.5,62.5,organic,weekly,3,12,47,12,0.38,4.56
bitter_gourd,ampalaya_bilog,wet,29.2,78.8,23.2,79.8,organic,monthly,4,15,50,15,0.33,4.95
cucumber,pipino_native,wet,27.4,77.7,28.8,64.0,organic,monthly,3,3,42,3,0.26,0.78
squash,kalabasa_native,wet,31.1,81.5,20.5,74.2,organic,none,4,14,54,14,2.43,34.02
bottle_gourd,upo_long,wet,27.8,76.6,20.9,77.9,organic,none,3,12,55,12,1.65,19.8
cucumber,pipino_native,wet,30.8,81.2,29.4,75.2,organic,biweekly,4,10,42,10,0.16,1.6
squash,kalabasa,wet,30.6,88.0,27.8,52.7,none,biweekly,3,7,56,7,1.56,10.92
bitter_gourd,ampalaya_bilog,dry,25.3,56.7,6.3,52.9,none,weekly,4,5,44,5,0.24,1.2
cucumber,pipino,dry,30.4,69.7,5.4,72.4,none,biweekly,3,12,39,12,0.17,2.04
cucumber,pipino_native,dry,31.6,74.2,6.4,60.3,organic,biweekly,5,15,35,15,0.15,2.25
cucumber,pipino_native,wet,29.6,73.0,22.5,75.5,organic,biweekly,4,16,44,16,0.29,4.64
cucumber,pipino_japanese,dry,24.8,69.7,6.7,55.2,chemical,biweekly,4,12,37,12,0.29,3.48
bottle_gourd,upo_long,dry,25.1,64.7,8.9,68.4,organic,weekly,4,14,57,14,3.25,45.5
sponge_gourd,patola,dry,32.1,67.1,5.3,72.4,mixed,none,4,16,47,16,0.31,4.96
sponge_gourd,patola,dry,32.5,60.2,9.5,58.0,chemical,biweekly,4,15,44,15,0.57,8.55
squash,kalabasa_hybrid,wet,29.8,77.6,28.2,61.8,organic,monthly,4,15,51,15,4.92,73.8
bottle_gourd,upo_long,dry,31.8,62.9,9.2,56.1,none,weekly,4,13,53,13,1.38,17.94
cucumber,pipino_native,dry,33.8,70.2,5.0,51.4,chemical,biweekly,4,11,41,11,0.39,4.29
cucumber,pipino_japanese,wet,28.0,70.2,25.2,65.1,mixed,biweekly,4,7,30,7,0.32,2.24
squash,kalabasa,wet,29.6,81.1,12.7,67.8,mixed,monthly,3,10,61,10,2.35,23.5
sponge_gourd,patola,dry,30.9,71.6,8.2,64.0,mixed,none,5,16,43,16,0.45,7.2
cucumber,pipino_japanese,dry,27.7,56.9,7.7,64.2,mixed,monthly,4,12,35,12,0.18,2.16
sponge_gourd,patola,dry,29.5,55.6,8.1,69.0,organic,none,5,15,45,15,0.39,5.85
cucumber,pipino,wet,29.3,77.7,23.2,60.0,organic,weekly,4,11,35,11,0.33,3.63
cucumber,pipino_native,wet,30.3,77.0,27.9,52.2,none,monthly,3,5,41,5,0.19,0.95
sponge_gourd,patola_ridged,wet,30.3,88.7,15.0,54.2,none,weekly,4,14,49,14,0.62,8.68
sponge_gourd,patola,dry,30.0,59.2,5.0,69.7,mixed,weekly,4,14,46,14,0.5,7.0
sponge_gourd,patola_smooth,wet,27.3,87.0,23.6,75.0,organic,none,4,18,44,18,0.53,9.54
cucumber,pipino_japanese,wet,26.7,70.8,27.2,53.0,none,monthly,4,16,34,16,0.18,2.88
squash,kalabasa_hybrid,wet,28.3,72.4,28.7,59.3,mixed,weekly,4,18,60,18,4.73,85.14
bitter_gourd,ampalaya_hybrid,dry,28.8,60.6,8.7,58.5,none,none,5,11,49,11,0.16,1.76
cucumber,pipino_japanese,wet,30.8,80.2,28.7,51.7,none,weekly,4,6,38,6,0.32,1.92
cucumber,pipino_native,dry,24.8,55.6,8.0,77.1,organic,none,5,15,37,15,0.38,5.7
cucumber,pipino,wet,26.7,71.1,27.5,76.2,none,weekly,4,12,40,12,0.38,4.56
cucumber,pipino_native,dry,29.5,70.1,9.2,73.2,none,none,4,13,36,13,0.24,3.12
bitter_gourd,ampalaya_bilog,dry,24.8,64.0,2.1,70.3,mixed,none,4,8,47,8,0.46,3.68
cucumber,pipino_native,dry,24.3,58.2,0.7,54.6,organic,none,5,14,36,14,0.15,2.1
cucumber,pipino,wet,30.6,80.2,20.4,80.0,organic,none,4,14,37,14,0.35,4.9
cucumber,pipino_japanese,dry,34.3,70.4,9.6,77.0,mixed,none,4,11,34,11,0.25,2.75
bottle_gourd,upo_smooth,wet,31.6,86.2,13.6,58.4,mixed,none,5,14,48,14,1.43,20.02
bottle_gourd,upo_round,wet,30.0,77.0,10.3,73.5,organic,monthly,3,11,57,11,2.7,29.7
cucumber,pipino_native,wet,28.8,71.1,15.1,74.7,mixed,monthly,5,15,37,15,0.38,5.7
sponge_gourd,patola_smooth,dry,27.5,69.8,9.2,72.8,mixed,none,4,11,47,11,0.8,8.8
squash,kalabasa_native,dry,27.4,59.4,4.0,58.3,mixed,weekly,4,16,56,16,3.42,54.72
cucumber,pipino_native,wet,29.6,73.6,17.0,77.9,organic,weekly,4,14,38,14,0.23,3.22
bitter_gourd,ampalaya_oblong,dry,26.1,73.2,2.0,77.2,mixed,biweekly,5,20,47,20,0.28,5.6
bitter_gourd,ampalaya_hybrid,wet,27.2,79.9,18.7,55.3,mixed,weekly,4,16,52,16,0.47,7.52
cucumber,pipino_japanese,wet,27.3,84.5,14.8,56.1,mixed,biweekly,3,16,38,16,0.19,3.04
bottle_gourd,upo_round,dry,26.4,63.9,5.1,63.4,chemical,monthly,4,15,52,15,1.2,18.0
bitter_gourd,ampalaya_oblong,wet,26.4,80.3,13.2,55.0,organic,none,3,13,49,13,0.42,5.46
bottle_gourd,upo_smooth,wet,28.5,85.1,16.6,56.6,mixed,biweekly,3,7,54,7,1.9,13.3
bitter_gourd,ampalaya_hybrid,dry,33.1,55.7,8.9,64.3,chemical,biweekly,3,5,42,5,0.16,0.8
bitter_gourd,ampalaya_oblong,wet,26.1,76.9,26.6,73.7,mixed,none,4,11,53,11,0.39,4.29
cucumber,pipino,wet,31.3,85.9,24.4,61.5,chemical,biweekly,4,13,40,13,0.37,4.81
sponge_gourd,patola,dry,29.5,59.4,4.3,71.9,organic,biweekly,4,14,44,14,0.61,8.54
sponge_gourd,patola_ridged,dry,32.8,59.5,1.6,69.4,mixed,biweekly,5,15,47,15,0.7,10.5
sponge_gourd,patola_smooth,dry,28.5,71.8,2.8,51.2,none,weekly,3,10,44,10,0.46,4.6
bitter_gourd,ampalaya_bilog,dry,32.2,68.6,8.0,66.1,chemical,none,3,7,50,7,0.36,2.52
sponge_gourd,patola_ridged,dry,32.4,56.7,6.0,64.5,none,none,4,12,44,12,0.32,3.84
squash,kalabasa_hybrid,wet,26.2,89.0,20.2,58.8,none,weekly,3,13,61,13,3.46,44.98
sponge_gourd,patola_ridged,dry,33.1,67.1,1.1,76.5,none,weekly,3,9,48,9,0.61,5.49
bitter_gourd,ampalaya_oblong,wet,26.3,78.1,27.6,61.9,mixed,none,4,17,51,17,0.34,5.78
sponge_gourd,patola_ridged,dry,31.9,67.0,7.2,67.6,mixed,none,4,11,42,11,0.6,6.6
sponge_gourd,patola,dry,31.0,72.2,1.0,62.8,chemical,none,4,14,45,14,0.67,9.38
bottle_gourd,upo_smooth,dry,29.6,71.4,5.8,72.9,mixed,none,4,18,56,18,1.02,18.36
squash,kalabasa_native,dry,34.5,67.0,3.1,52.5,organic,monthly,4,11,54,11,4.25,46.75
bottle_gourd,upo_round,dry,27.4,62.9,4.6,67.5,mixed,monthly,5,20,52,20,3.31,66.2
squash,kalabasa_native,dry,34.1,69.6,5.4,72.3,chemical,biweekly,4,13,58,13,3.11,40.43
bitter_gourd,ampalaya_oblong,wet,28.8,74.6,28.3,63.3,none,biweekly,4,7,49,7,0.3,2.1
bottle_gourd,upo_smooth,wet,27.3,89.8,11.6,78.8,organic,none,4,17,59,17,3.36,57.12
bitter_gourd,ampalaya_oblong,wet,28.3,82.4,10.2,71.6,none,monthly,4,9,48,9,0.25,2.25
cucumber,pipino_native,dry,34.3,72.2,8.0,52.9,none,monthly,4,5,37,5,0.37,1.85
squash,kalabasa_hybrid,dry,26.4,55.1,5.2,58.9,organic,weekly,4,13,56,13,2.05,26.65
bottle_gourd,upo_smooth,wet,30.0,74.2,11.5,53.9,chemical,weekly,4,13,55,13,2.07,26.91
bitter_gourd,ampalaya_oblong,dry,32.4,73.6,2.6,61.1,chemical,biweekly,3,12,47,12,0.45,5.4
bitter_gourd,ampalaya_oblong,dry,26.5,64.6,4.5,70.0,chemical,weekly,4,14,52,14,0.47,6.58
cucumber,pipino,dry,26.3,72.1,7.6,73.0,none,none,3,10,36,10,0.28,2.8
sponge_gourd,patola,wet,31.9,75.4,17.9,51.9,none,biweekly,4,9,41,9,0.31,2.79
cucumber,pipino_japanese,dry,28.9,71.7,1.7,77.6,organic,monthly,3,7,44,7,0.15,1.05
squash,kalabasa_native,wet,31.1,77.8,27.4,79.5,organic,biweekly,4,18,53,18,4.96,89.28
sponge_gourd,patola,wet,31.7,76.7,23.1,64.8,mixed,none,4,19,43,19,0.35,6.65
bottle_gourd,upo_round,dry,27.7,65.6,6.2,59.6,none,weekly,3,6,54,6,3.16,18.96
bitter_gourd,ampalaya_oblong,wet,31.2,72.8,27.4,79.9,mixed,monthly,3,7,46,7,0.17,1.19
bitter_gourd,ampalaya_oblong,wet,30.3,89.6,11.4,75.4,none,weekly,4,9,51,9,0.36,3.24
sponge_gourd,patola_smooth,dry,28.5,70.9,8.3,79.5,organic,weekly,4,15,51,15,0.46,6.9
cucumber,pipino_native,dry,25.2,66.1,8.0,74.0,organic,weekly,4,14,37,14,0.39,5.46
bottle_gourd,upo_long,wet,31.2,79.7,15.4,50.0,organic,monthly,5,14,53,14,1.87,26.18
bitter_gourd,ampalaya_oblong,dry,25.6,56.7,4.6,54.9,mixed,monthly,3,3,47,3,0.36,1.08
cucumber,pipino_native,wet,30.2,76.9,10.5,66.6,mixed,none,4,13,40,13,0.15,1.95
bitter_gourd,ampalaya_oblong,dry,26.2,65.7,2.2,69.4,chemical,biweekly,4,7,49,7,0.35,2.45
squash,kalabasa_native,wet,30.5,80.2,15.8,64.4,organic,monthly,5,20,51,20,2.1,42.0
bitter_gourd,ampalaya_hybrid,wet,31.3,86.2,12.2,67.6,organic,biweekly,4,18,48,18,0.24,4.32
bitter_gourd,ampalaya_bilog,wet,31.4,76.4,28.1,51.7,mixed,biweekly,3,6,51,6,0.31,1.86
cucumber,pipino_japanese,dry,34.0,64.4,2.0,57.4,mixed,biweekly,5,21,34,21,0.2,4.2
cucumber,pipino_native,dry,25.9,57.8,6.3,58.5,mixed,monthly,4,16,41,16,0.19,3.04
cucumber,pipino,wet,26.9,83.8,20.6,69.1,mixed,weekly,4,16,38,16,0.3,4.8
sponge_gourd,patola_smooth,wet,27.6,79.9,20.9,53.7,organic,monthly,4,18,45,18,0.67,12.06
cucumber,pipino,wet,30.0,70.8,16.9,61.1,none,biweekly,3,12,40,12,0.38,4.56
sponge_gourd,patola_smooth,wet,31.3,73.4,28.9,62.1,organic,monthly,3,11,45,11,0.68,7.48
squash,kalabasa_hybrid,wet,26.7,82.2,20.0,60.9,none,none,4,10,55,10,4.03,40.3
bitter_gourd,ampalaya_oblong,wet,26.9,82.2,28.8,65.1,mixed,none,3,12,53,12,0.48,5.76
sponge_gourd,patola_ridged,wet,30.3,81.4,14.2,63.5,organic,none,3,16,49,16,0.79,12.64
bottle_gourd,upo_round,dry,30.9,56.4,8.8,74.2,organic,biweekly,4,18,49,18,1.68,30.24
sponge_gourd,patola_ridged,wet,27.1,82.2,30.0,76.8,mixed,biweekly,4,20,44,20,0.49,9.8
cucumber,pipino_native,wet,29.4,79.5,13.5,77.9,chemical,biweekly,3,12,41,12,0.33,3.96
bottle_gourd,upo_smooth,dry,28.1,74.3,4.6,62.1,chemical,monthly,5,17,51,17,2.31,39.27
cucumber,pipino_japanese,dry,25.3,69.4,5.1,77.4,none,biweekly,4,13,35,13,0.22,2.86
sponge_gourd,patola_smooth,wet,30.6,80.9,18.9,59.5,organic,biweekly,5,16,42,16,0.49,7.84
cucumber,pipino_native,wet,29.8,75.2,30.0,60.0,mixed,weekly,5,20,40,20,0.28,5.6
cucumber,pipino_native,wet,26.0,85.2,14.3,73.9,mixed,weekly,3,10,37,10,0.33,3.3
squash,kalabasa_native,wet,27.5,74.7,13.0,58.1,none,monthly,4,12,53,12,2.33,27.96
cucumber,pipino_japanese,wet,26.7,77.1,15.7,76.3,organic,none,4,20,39,20,0.39,7.8
bitter_gourd,ampalaya_hybrid,dry,27.5,61.1,4.2,59.6,chemical,weekly,3,10,50,10,0.48,4.8
squash,kalabasa_native,dry,33.7,64.1,1.2,60.7,chemical,none,3,10,58,10,4.28,42.8
cucumber,pipino,dry,28.0,68.6,1.0,61.5,organic,none,5,16,39,16,0.22,3.52
sponge_gourd,patola_smooth,wet,26.4,81.0,25.1,78.9,chemical,weekly,4,8,42,8,0.64,5.12
cucumber,pipino,dry,34.8,56.9,4.9,58.3,none,monthly,4,17,43,17,0.17,2.89
sponge_gourd,patola_smooth,wet,27.8,77.8,10.4,67.7,chemical,none,4,14,43,14,0.76,10.64
squash,kalabasa,wet,28.5,82.4,21.9,61.0,mixed,weekly,5,17,53,17,1.84,31.28
cucumber,pipino_native,dry,25.3,74.4,6.0,50.0,chemical,none,3,16,46,16,0.39,6.24
bitter_gourd,ampalaya_oblong,dry,31.9,70.9,4.1,69.5,chemical,none,3,8,46,8,0.23,1.84
cucumber,pipino_native,dry,33.0,70.2,0.9,64.5,none,none,4,7,43,7,0.22,1.54
sponge_gourd,patola_ridged,wet,28.7,86.8,28.5,76.5,none,biweekly,5,12,44,12,0.73,8.76
sponge_gourd,patola_ridged,dry,29.1,59.3,0.4,56.2,organic,monthly,4,9,44,9,0.46,4.14
bottle_gourd,upo_long,wet,30.2,80.0,16.7,59.0,none,monthly,4,10,55,10,3.16,31.6
cucumber,pipino_native,wet,28.1,89.1,12.0,55.6,organic,biweekly,4,12,40,12,0.22,2.64
sponge_gourd,patola_smooth,wet,26.5,83.3,19.6,65.2,chemical,monthly,3,10,42,10,0.34,3.4
cucumber,pipino_native,dry,34.7,55.0,6.3,76.1,none,monthly,4,14,36,14,0.35,4.9
cucumber,pipino,wet,30.9,72.5,29.3,77.6,mixed,weekly,4,11,38,11,0.31,3.41
cucumber,pipino_japanese,dry,30.2,59.4,5.2,71.8,organic,biweekly,4,8,37,8,0.38,3.04
sponge_gourd,patola,wet,31.1,84.7,14.7,56.6,none,none,4,12,44,12,0.49,5.88
cucumber,pipino_japanese,wet,28.3,85.7,10.1,55.8,organic,monthly,5,12,35,12,0.27,3.24
sponge_gourd,patola_smooth,dry,31.2,62.3,0.2,79.2,none,weekly,4,6,41,6,0.45,2.7
sponge_gourd,patola,dry,30.9,68.7,8.1,62.7,mixed,monthly,4,8,43,8,0.55,4.4
squash,kalabasa_native,dry,29.8,72.1,3.5,78.8,mixed,biweekly,4,15,56,15,4.14,62.1
bottle_gourd,upo_long,dry,24.5,71.2,8.9,74.1,organic,weekly,4,14,58,14,2.48,34.72
sponge_gourd,patola_smooth,wet,29.3,73.5,29.6,69.0,mixed,weekly,5,13,45,13,0.72,9.36
sponge_gourd,patola,wet,28.9,77.4,30.0,69.0,none,weekly,4,8,43,8,0.64,5.12
cucumber,pipino_native,wet,26.8,84.9,24.7,65.5,organic,none,4,13,38,13,0.23,2.99
sponge_gourd,patola,wet,31.9,76.6,19.8,68.4,none,biweekly,3,9,45,9,0.77,6.93
cucumber,pipino_native,dry,34.6,57.3,9.2,54.0,chemical,monthly,3,9,43,9,0.34,3.06
cucumber,pipino,dry,30.9,60.2,2.6,57.4,organic,weekly,4,17,40,17,0.38,6.46
sponge_gourd,patola,wet,27.2,80.4,15.0,62.2,organic,biweekly,4,20,42,20,0.64,12.8
cucumber,pipino_native,dry,27.2,57.3,9.9,58.9,mixed,biweekly,4,8,38,8,0.31,2.48
bitter_gourd,ampalaya_bilog,dry,32.9,56.2,9.4,58.9,chemical,none,3,11,49,11,0.48,5.28
cucumber,pipino,dry,33.0,61.3,5.8,74.9,mixed,monthly,4,16,47,16,0.29,4.64
cucumber,pipino_japanese,dry,25.2,60.7,3.3,50.3,none,none,3,12,40,12,0.26,3.12
cucumber,pipino,dry,29.0,67.2,1.4,52.7,chemical,biweekly,3,5,37,5,0.34,1.7
sponge_gourd,patola_ridged,wet,30.6,80.6,17.8,56.4,chemical,biweekly,4,14,41,14,0.56,7.84
cucumber,pipino_native,wet,31.7,71.1,16.4,63.7,organic,monthly,3,8,41,8,0.36,2.88
squash,kalabasa_hybrid,dry,34.4,57.7,5.0,54.7,none,none,3,7,53,7,2.74,19.18
sponge_gourd,patola_smooth,dry,27.8,59.7,3.6,70.7,chemical,biweekly,3,12,51,12,0.45,5.4
bottle_gourd,upo_round,dry,27.9,57.2,3.8,56.4,organic,biweekly,3,16,57,16,2.68,42.88
cucumber,pipino,dry,29.5,60.2,7.1,68.4,organic,none,5,13,31,13,0.38,4.94
squash,kalabasa,wet,28.8,80.6,14.9,65.6,chemical,monthly,4,15,54,15,2.82,42.3
sponge_gourd,patola_smooth,dry,31.4,55.6,5.5,62.9,chemical,weekly,3,5,44,5,0.31,1.55
cucumber,pipino_japanese,wet,30.6,70.5,11.2,70.1,chemical,biweekly,4,16,33,16,0.2,3.2
cucumber,pipino_native,dry,29.8,66.1,2.3,60.1,organic,weekly,4,22,42,22,0.31,6.82
cucumber,pipino_japanese,dry,24.0,61.6,7.4,68.9,organic,weekly,3,16,36,16,0.16,2.56
cucumber,pipino,dry,29.3,59.1,8.1,67.6,organic,none,4,14,39,14,0.37,5.18
cucumber,pipino_native,wet,28.4,87.6,23.2,62.5,organic,none,5,17,41,17,0.15,2.55
cucumber,pipino,wet,28.5,82.7,12.0,51.3,chemical,monthly,3,9,41,9,0.31,2.79
sponge_gourd,patola,wet,29.4,81.6,25.8,55.4,organic,monthly,4,18,42,18,0.42,7.56
bitter_gourd,ampalaya_bilog,dry,28.2,58.6,3.5,72.7,organic,none,4,19,48,19,0.37,7.03
cucumber,pipino_native,dry,32.8,62.5,3.0,78.2,chemical,weekly,3,8,42,8,0.18,1.44
cucumber,pipino,wet,28.2,85.2,25.1,64.0,none,weekly,4,3,34,3,0.26,0.78
bitter_gourd,ampalaya_bilog,wet,28.7,74.7,23.3,52.0,none,biweekly,5,13,42,13,0.44,5.72
cucumber,pipino_japanese,dry,26.3,57.4,2.1,74.3,organic,biweekly,4,13,36,13,0.3,3.9
cucumber,pipino_native,wet,28.8,70.7,23.2,58.1,none,none,3,4,39,4,0.16,0.64
bottle_gourd,upo_smooth,dry,30.8,58.3,0.7,59.1,organic,weekly,5,19,55,19,1.64,31.16
sponge_gourd,patola,wet,26.5,76.3,15.3,69.4,none,biweekly,3,7,44,7,0.55,3.85
cucumber,pipino_native,wet,31.9,80.5,13.3,62.4,none,none,4,6,40,6,0.23,1.38
cucumber,pipino_japanese,wet,29.0,85.7,11.3,63.9,mixed,weekly,4,12,34,12,0.3,3.6
cucumber,pipino_native,wet,28.8,79.2,28.2,56.6,mixed,biweekly,4,18,33,18,0.38,6.84
bottle_gourd,upo_smooth,wet,31.2,89.5,29.6,58.7,chemical,biweekly,4,9,56,9,1.33,11.97
squash,kalabasa,wet,29.4,79.4,26.0,74.3,mixed,monthly,4,12,56,12,2.95,35.4
cucumber,pipino_japanese,dry,30.5,72.8,8.4,60.4,organic,biweekly,4,19,38,19,0.29,5.51
bitter_gourd,ampalaya_bilog,wet,31.6,82.1,17.7,68.2,none,biweekly,4,11,47,11,0.28,3.08
bottle_gourd,upo_round,dry,24.3,59.3,5.9,56.8,chemical,none,3,8,55,8,2.89,23.12
sponge_gourd,patola,dry,33.9,66.3,6.6,63.5,chemical,none,4,8,47,8,0.43,3.44
cucumber,pipino_native,dry,30.3,66.2,3.8,52.9,chemical,weekly,4,14,37,14,0.19,2.66
cucumber,pipino_native,dry,32.1,64.2,5.0,55.0,none,weekly,3,5,42,5,0.35,1.75
sponge_gourd,patola,dry,35.0,69.6,5.9,78.7,organic,weekly,4,15,51,15,0.33,4.95
cucumber,pipino,dry,27.1,72.8,5.0,64.3,mixed,weekly,4,16,36,16,0.32,5.12
cucumber,pipino,wet,29.9,88.6,15.7,50.4,organic,none,5,15,38,15,0.29,4.35
cucumber,pipino_native,dry,31.3,72.4,8.0,79.1,mixed,monthly,4,14,39,14,0.27,3.78
squash,kalabasa_native,wet,26.1,84.2,17.5,79.3,chemical,biweekly,4,13,56,13,4.27,55.51
sponge_gourd,patola,wet,29.2,88.1,19.6,59.6,mixed,monthly,5,17,47,17,0.73,12.41
cucumber,pipino_native,wet,27.0,87.1,11.4,54.8,none,weekly,4,7,36,7,0.36,2.52
bottle_gourd,upo_round,wet,27.9,81.7,27.8,61.9,mixed,none,4,16,56,16,2.9,46.4
sponge_gourd,patola,dry,32.4,63.4,9.0,73.4,none,none,4,8,43,8,0.31,2.48
cucumber,pipino_native,wet,26.5,76.1,13.6,79.0,organic,weekly,3,6,37,6,0.29,1.74
cucumber,pipino_japanese,dry,29.5,74.8,5.6,77.5,none,none,4,12,37,12,0.3,3.6
squash,kalabasa_hybrid,dry,24.0,57.3,3.1,61.3,chemical,biweekly,4,17,55,17,2.56,43.52
cucumber,pipino_japanese,wet,30.7,79.3,28.5,78.0,chemical,monthly,3,9,36,9,0.2,1.8
bitter_gourd,ampalaya_hybrid,dry,29.6,72.8,6.8,59.8,organic,none,5,20,45,20,0.15,3.0
sponge_gourd,patola_smooth,dry,26.5,70.8,7.0,75.4,organic,weekly,5,18,42,18,0.44,7.92
bottle_gourd,upo_long,dry,25.0,74.5,4.6,79.9,none,biweekly,4,16,56,16,3.07,49.12
bitter_gourd,ampalaya_oblong,dry,26.9,58.6,5.2,65.0,none,biweekly,3,10,54,10,0.47,4.7
bitter_gourd,ampalaya_oblong,wet,27.9,74.5,13.7,53.9,organic,biweekly,4,12,45,12,0.33,3.96
cucumber,pipino_japanese,wet,30.0,73.8,12.7,56.5,none,biweekly,2,5,45,5,0.17,0.85
sponge_gourd,patola_ridged,dry,24.4,74.6,7.3,74.9,none,monthly,4,16,48,16,0.56,8.96
sponge_gourd,patola_ridged,dry,25.2,59.1,4.8,75.5,chemical,weekly,5,12,44,12,0.45,5.4
sponge_gourd,patola_smooth,wet,28.2,85.9,24.0,71.1,none,monthly,4,8,39,8,0.75,6.0
squash,kalabasa_hybrid,wet,29.0,80.5,18.4,74.1,organic,none,3,12,53,12,1.57,18.84
sponge_gourd,patola_smooth,dry,29.2,69.7,4.4,50.1,mixed,none,3,13,44,13,0.39,5.07
cucumber,pipino_native,wet,27.1,70.9,22.4,71.0,mixed,monthly,4,7,40,7,0.25,1.75
sponge_gourd,patola_smooth,wet,30.0,87.9,25.6,60.9,chemical,none,5,16,39,16,0.36,5.76
cucumber,pipino_japanese,wet,28.7,80.3,27.0,68.5,chemical,biweekly,4,8,39,8,0.23,1.84
cucumber,pipino_japanese,dry,33.4,57.2,9.3,50.2,mixed,none,5,22,39,22,0.21,4.62
cucumber,pipino,dry,25.3,61.3,4.9,52.8,organic,biweekly,4,17,33,17,0.34,5.78
bottle_gourd,upo_round,wet,28.8,78.7,18.5,50.8,chemical,none,4,12,52,12,1.94,23.28
bottle_gourd,upo_long,wet,29.0,74.5,10.1,54.9,organic,none,3,13,56,13,3.39,44.07
bitter_gourd,ampalaya_hybrid,dry,29.5,59.3,6.2,57.0,mixed,weekly,3,6,41,6,0.36,2.16
sponge_gourd,patola_smooth,dry,30.6,59.7,6.9,63.0,organic,biweekly,5,15,42,15,0.54,8.1
cucumber,pipino_native,dry,30.0,56.1,9.4,60.0,none,biweekly,3,12,36,12,0.35,4.2
bitter_gourd,ampalaya_hybrid,wet,31.4,87.5,29.2,67.1,mixed,monthly,4,16,45,16,0.42,6.72
sponge_gourd,patola,dry,28.8,74.2,4.8,58.6,chemical,weekly,3,11,45,11,0.77,8.47
cucumber,pipino,dry,34.6,70.3,0.2,60.2,mixed,weekly,5,20,40,20,0.16,3.2
bottle_gourd,upo_round,dry,26.5,71.9,7.1,77.4,chemical,monthly,5,19,48,19,1.39,26.41
sponge_gourd,patola_ridged,dry,27.4,69.3,6.0,59.9,organic,none,5,15,44,15,0.52,7.8
bitter_gourd,ampalaya_hybrid,dry,25.6,61.8,6.7,59.9,mixed,none,3,13,47,13,0.29,3.77
bitter_gourd,ampalaya_oblong,dry,27.0,60.9,0.1,60.2,chemical,none,3,11,52,11,0.28,3.08
cucumber,pipino,dry,33.8,68.7,2.3,68.1,none,biweekly,4,9,40,9,0.27,2.43
squash,kalabasa_hybrid,dry,30.6,63.7,8.2,70.4,mixed,monthly,4,18,56,18,2.29,41.22
bitter_gourd,ampalaya_oblong,wet,28.9,82.4,17.4,71.0,chemical,weekly,3,8,49,8,0.28,2.24
cucumber,pipino_native,wet,29.2,81.3,27.0,55.0,none,none,3,6,36,6,0.2,1.2
cucumber,pipino_japanese,wet,31.4,86.1,14.8,57.4,organic,monthly,4,17,35,17,0.29,4.93
bitter_gourd,ampalaya_bilog,wet,26.4,85.6,10.3,56.9,mixed,biweekly,3,11,48,11,0.29,3.19
sponge_gourd,patola_smooth,dry,26.5,56.8,1.6,61.8,mixed,weekly,4,14,42,14,0.6,8.4
bitter_gourd,ampalaya_oblong,dry,31.5,74.3,3.8,55.8,mixed,monthly,4,15,49,15,0.25,3.75
squash,kalabasa,wet,28.4,86.3,22.8,56.6,none,monthly,3,8,59,8,4.19,33.52
sponge_gourd,patola,dry,26.0,71.4,5.5,54.6,mixed,none,3,13,46,13,0.71,9.23
sponge_gourd,patola,dry,29.1,60.8,1.9,66.2,mixed,none,3,12,45,12,0.51,6.12
sponge_gourd,patola_smooth,dry,32.4,55.0,1.8,68.2,mixed,monthly,5,14,43,14,0.33,4.62
bitter_gourd,ampalaya_hybrid,dry,26.5,73.2,8.6,67.8,mixed,weekly,3,10,55,10,0.16,1.6
bitter_gourd,ampalaya_bilog,wet,31.8,79.7,23.0,77.0,none,weekly,4,12,47,12,0.18,2.16
cucumber,pipino,dry,31.4,67.2,5.3,62.9,none,none,4,8,41,8,0.31,2.48
cucumber,pipino,wet,30.5,78.1,29.8,62.6,mixed,monthly,4,11,32,11,0.23,2.53
squash,kalabasa_native,wet,31.9,71.6,22.5,66.4,chemical,none,4,10,54,10,3.74,37.4
bottle_gourd,upo_long,wet,31.0,87.7,18.6,60.6,organic,weekly,4,15,54,15,1.3,19.5
sponge_gourd,patola_ridged,dry,25.7,68.4,4.2,79.6,chemical,biweekly,3,9,46,9,0.78,7.02
bitter_gourd,ampalaya_bilog,dry,33.0,69.3,7.7,58.6,organic,biweekly,4,13,41,13,0.17,2.21
squash,kalabasa_hybrid,dry,29.7,58.3,6.0,57.3,none,none,4,14,60,14,1.63,22.82
cucumber,pipino_japanese,dry,24.2,71.4,4.8,78.5,none,weekly,4,10,40,10,0.2,2.0
squash,kalabasa_native,wet,27.5,87.6,23.8,74.7,none,weekly,3,5,56,5,4.64,23.2
sponge_gourd,patola_ridged,wet,30.0,83.6,15.2,54.8,chemical,weekly,3,5,48,5,0.54,2.7
cucumber,pipino_japanese,dry,32.4,71.2,8.1,71.7,none,weekly,3,9,38,9,0.39,3.51
bottle_gourd,upo_round,wet,31.2,87.2,20.7,59.5,mixed,biweekly,4,12,61,12,2.48,29.76
squash,kalabasa,dry,27.2,71.0,2.7,74.7,mixed,weekly,3,15,60,15,3.7,55.5
cucumber,pipino_native,wet,28.0,74.3,23.7,72.1,none,biweekly,4,6,35,6,0.3,1.8
squash,kalabasa_native,dry,29.3,61.5,0.5,78.9,chemical,none,4,13,54,13,2.87,37.31
bitter_gourd,ampalaya_bilog,wet,28.9,87.2,19.8,70.8,none,weekly,4,6,44,6,0.17,1.02
bitter_gourd,ampalaya_bilog,dry,29.8,74.6,1.1,73.6,none,none,4,17,45,17,0.5,8.5
sponge_gourd,patola,wet,27.0,79.8,16.9,67.2,none,monthly,4,9,44,9,0.43,3.87
sponge_gourd,patola_smooth,wet,27.7,78.4,11.9,75.4,chemical,weekly,4,12,43,12,0.63,7.56
squash,kalabasa_native,dry,32.2,72.4,9.8,57.5,chemical,none,3,7,61,7,4.91,34.37
bitter_gourd,ampalaya_hybrid,dry,24.5,70.4,1.8,79.5,organic,monthly,5,18,47,18,0.47,8.46
cucumber,pipino_native,wet,30.2,71.3,14.9,79.5,organic,weekly,3,12,43,12,0.16,1.92
sponge_gourd,patola,wet,30.8,78.7,15.8,58.9,none,monthly,4,10,49,10,0.5,5.0
sponge_gourd,patola,dry,28.5,55.6,7.3,72.6,none,monthly,4,11,46,11,0.31,3.41
cucumber,pipino_native,dry,33.0,74.2,0.9,68.5,organic,monthly,5,16,37,16,0.34,5.44
cucumber,pipino_native,dry,30.9,73.8,8.2,71.0,none,weekly,3,4,44,4,0.22,0.88
cucumber,pipino_native,wet,30.1,78.1,26.1,79.5,chemical,monthly,3,10,36,10,0.23,2.3
bitter_gourd,ampalaya_hybrid,wet,28.2,76.0,20.5,67.7,chemical,none,3,13,43,13,0.47,6.11
cucumber,pipino,dry,27.4,67.3,9.9,72.4,mixed,weekly,4,17,32,17,0.32,5.44
bottle_gourd,upo_round,dry,27.7,67.7,8.2,50.8,organic,weekly,4,19,53,19,2.17,41.23
sponge_gourd,patola_ridged,wet,31.1,73.4,29.7,51.6,mixed,weekly,4,18,47,18,0.49,8.82
cucumber,pipino_japanese,wet,31.4,74.9,12.3,51.4,none,weekly,4,10,34,10,0.37,3.7
cucumber,pipino,dry,31.7,59.1,2.1,64.3,mixed,monthly,4,11,39,11,0.24,2.64
bitter_gourd,ampalaya_hybrid,dry,27.5,56.9,9.9,77.0,mixed,weekly,4,10,43,10,0.28,2.8
squash,kalabasa_hybrid,dry,34.7,67.4,3.0,70.6,organic,monthly,3,12,59,12,3.25,39.0
squash,kalabasa,dry,35.0,66.0,2.7,50.9,none,weekly,4,9,57,9,4.09,36.81
squash,kalabasa,wet,30.1,87.8,13.9,70.1,chemical,biweekly,4,14,58,14,4.55,63.7
bitter_gourd,ampalaya_hybrid,wet,26.9,72.5,25.6,73.5,organic,biweekly,5,19,44,19,0.5,9.5
sponge_gourd,patola_ridged,wet,26.5,70.3,29.3,54.5,organic,weekly,4,12,50,12,0.42,5.04
squash,kalabasa,wet,27.7,86.0,12.2,72.6,chemical,none,4,11,59,11,3.73,41.03
cucumber,pipino_japanese,wet,27.9,86.1,18.1,74.8,organic,none,3,5,40,5,0.38,1.9
sponge_gourd,patola_smooth,dry,33.7,63.7,4.8,63.7,organic,biweekly,3,8,49,8,0.66,5.28
squash,kalabasa_hybrid,wet,28.7,70.0,18.6,68.3,organic,none,4,18,57,18,1.78,32.04
cucumber,pipino_japanese,dry,25.4,73.9,0.4,62.2,organic,biweekly,3,8,35,8,0.3,2.4
sponge_gourd,patola_smooth,dry,32.8,63.5,3.8,73.0,organic,weekly,5,18,44,18,0.6,10.8
sponge_gourd,patola_ridged,wet,28.9,83.8,24.5,72.3,mixed,weekly,5,17,38,17,0.71,12.07
sponge_gourd,patola_ridged,dry,33.3,63.4,5.2,61.0,organic,biweekly,4,15,47,15,0.58,8.7
cucumber,pipino_native,wet,30.0,73.4,19.8,57.7,chemical,weekly,4,8,37,8,0.29,2.32
cucumber,pipino,wet,26.3,71.2,23.0,66.4,chemical,biweekly,4,14,35,14,0.28,3.92
bitter_gourd,ampalaya_oblong,wet,29.8,88.7,15.9,60.0,mixed,weekly,4,16,50,16,0.48,7.68
sponge_gourd,patola,dry,24.9,64.6,5.8,70.7,mixed,biweekly,4,14,44,14,0.44,6.16
cucumber,pipino_native,dry,26.5,69.1,6.3,55.1,none,biweekly,4,8,39,8,0.19,1.52
cucumber,pipino_japanese,dry,30.6,66.6,6.8,73.7,none,weekly,4,13,41,13,0.27,3.51
squash,kalabasa,wet,28.7,83.6,15.6,63.4,none,monthly,3,11,52,11,2.01,22.11
cucumber,pipino_japanese,dry,33.3,66.3,8.5,69.1,organic,weekly,4,11,42,11,0.35,3.85
bitter_gourd,ampalaya_hybrid,dry,33.0,65.4,5.9,55.3,mixed,none,4,16,47,16,0.47,7.52
bitter_gourd,ampalaya_oblong,wet,32.0,88.9,26.5,61.2,mixed,none,4,18,47,18,0.4,7.2
squash,kalabasa_hybrid,dry,33.9,57.7,1.4,76.7,none,none,4,9,59,9,4.96,44.64
bitter_gourd,ampalaya_oblong,wet,29.6,76.7,19.9,62.7,mixed,weekly,5,12,47,12,0.33,3.96
squash,kalabasa_native,dry,30.6,74.2,0.0,56.5,chemical,none,3,12,59,12,4.29,51.48
bottle_gourd,upo_round,dry,29.6,64.7,9.5,63.3,none,monthly,4,13,61,13,1.83,23.79
cucumber,pipino_japanese,dry,31.3,56.8,5.7,74.8,mixed,none,4,12,35,12,0.32,3.84
cucumber,pipino_native,dry,25.7,68.1,8.8,54.6,none,biweekly,4,10,37,10,0.25,2.5
squash,kalabasa_hybrid,dry,34.1,65.6,5.1,61.9,organic,weekly,4,14,57,14,4.51,63.14
cucumber,pipino_japanese,wet,26.5,73.2,28.6,74.9,mixed,monthly,4,12,46,12,0.18,2.16
sponge_gourd,patola,wet,27.4,82.5,18.9,63.3,mixed,biweekly,4,10,44,10,0.43,4.3
sponge_gourd,patola_smooth,wet,27.8,74.7,19.7,60.6,mixed,monthly,4,16,39,16,0.77,12.32
cucumber,pipino_native,dry,26.7,64.1,1.1,61.9,chemical,monthly,4,17,39,17,0.19,3.23
sponge_gourd,patola,wet,29.1,84.6,21.2,59.4,mixed,weekly,4,15,49,15,0.31,4.65
bitter_gourd,ampalaya_hybrid,dry,27.2,55.2,2.5,59.1,mixed,biweekly,3,9,51,9,0.39,3.51
bitter_gourd,ampalaya_hybrid,dry,33.5,61.3,3.5,65.0,chemical,monthly,3,6,53,6,0.37,2.22
sponge_gourd,patola_smooth,wet,29.3,83.2,16.4,72.0,mixed,biweekly,4,15,52,15,0.72,10.8
bottle_gourd,upo_round,dry,26.7,67.0,1.9,57.9,none,biweekly,4,11,53,11,3.34,36.74
bottle_gourd,upo_long,dry,29.1,70.3,5.7,70.9,organic,biweekly,4,13,57,13,2.64,34.32
cucumber,pipino_japanese,wet,27.0,85.9,29.8,53.4,organic,weekly,4,19,39,19,0.3,5.7
sponge_gourd,patola_smooth,dry,31.1,60.2,5.9,66.3,organic,weekly,4,13,46,13,0.38,4.94
sponge_gourd,patola_smooth,wet,27.7,74.2,28.9,79.9,chemical,monthly,4,13,48,13,0.7,9.1
squash,kalabasa_native,wet,26.7,86.2,10.1,56.9,organic,biweekly,5,20,55,20,3.12,62.4
cucumber,pipino,wet,26.9,78.5,16.1,78.0,mixed,monthly,5,18,37,18,0.28,5.04
squash,kalabasa,wet,26.4,76.2,28.7,51.7,organic,monthly,5,16,54,16,3.31,52.96
squash,kalabasa_hybrid,wet,30.9,80.5,19.8,68.8,organic,none,5,17,48,17,4.32,73.44
sponge_gourd,patola,dry,30.6,64.2,9.9,73.8,none,monthly,4,10,39,10,0.6,6.0
bitter_gourd,ampalaya_hybrid,dry,27.1,59.6,1.5,59.0,none,monthly,3,8,50,8,0.17,1.36
cucumber,pipino_japanese,dry,34.6,55.9,1.7,59.4,none,weekly,4,5,41,5,0.24,1.2
bitter_gourd,ampalaya_oblong,wet,29.5,77.7,18.2,65.1,none,monthly,4,11,47,11,0.46,5.06
sponge_gourd,patola_smooth,wet,27.1,86.9,29.2,58.8,none,monthly,4,11,48,11,0.68,7.48
sponge_gourd,patola_smooth,dry,27.1,70.7,1.0,52.2,none,biweekly,3,10,48,10,0.79,7.9
bitter_gourd,ampalaya_oblong,dry,34.2,56.0,9.5,75.1,none,biweekly,3,6,51,6,0.34,2.04
bottle_gourd,upo_round,dry,33.9,58.7,6.5,50.5,mixed,biweekly,3,10,64,10,1.86,18.6
sponge_gourd,patola_ridged,dry,34.1,62.0,6.8,75.4,chemical,biweekly,3,7,44,7,0.55,3.85
squash,kalabasa_native,wet,27.6,70.2,17.8,56.0,organic,none,4,12,59,12,1.95,23.4
bitter_gourd,ampalaya_oblong,dry,33.1,61.2,1.9,56.5,mixed,none,3,10,45,10,0.25,2.5
cucumber,pipino_native,wet,26.8,81.5,21.9,72.3,none,none,4,13,37,13,0.2,2.6
sponge_gourd,patola,dry,32.4,63.4,1.5,70.1,organic,weekly,4,10,40,10,0.37,3.7
sponge_gourd,patola_smooth,wet,27.7,89.8,14.8,58.8,mixed,biweekly,4,14,50,14,0.34,4.76
bitter_gourd,ampalaya_hybrid,wet,28.9,77.1,21.3,66.3,chemical,monthly,3,11,49,11,0.19,2.09
sponge_gourd,patola_smooth,wet,30.7,83.9,22.7,64.9,chemical,monthly,4,16,48,16,0.5,8.0
bitter_gourd,ampalaya_bilog,wet,26.1,82.2,29.9,53.3,mixed,monthly,4,14,44,14,0.41,5.74
cucumber,pipino,wet,26.4,86.9,29.6,52.8,none,none,3,6,38,6,0.32,1.92
cucumber,pipino_japanese,dry,27.1,68.5,1.5,72.5,mixed,weekly,4,16,39,16,0.22,3.52
cucumber,pipino_native,wet,28.0,82.2,15.5,63.1,mixed,weekly,4,16,41,16,0.27,4.32
cucumber,pipino_native,wet,30.7,73.2,28.3,55.4,chemical,none,4,14,38,14,0.23,3.22
cucumber,pipino_native,dry,24.7,72.0,5.6,67.6,organic,none,4,14,34,14,0.32,4.48
sponge_gourd,patola,dry,25.7,73.2,4.0,54.0,none,weekly,4,14,45,14,0.74,10.36
bitter_gourd,ampalaya_bilog,wet,30.8,86.6,12.0,77.2,none,biweekly,3,5,48,5,0.23,1.15
cucumber,pipino,wet,29.2,79.3,10.8,53.3,mixed,weekly,4,16,38,16,0.36,5.76
squash,kalabasa,wet,29.0,87.0,11.4,57.1,mixed,weekly,5,19,51,19,3.73,70.87
cucumber,pipino_japanese,dry,33.2,73.1,2.8,70.2,none,weekly,3,5,38,5,0.18,0.9
cucumber,pipino_native,wet,30.0,71.5,20.1,66.4,mixed,weekly,4,16,39,16,0.37,5.92
bitter_gourd,ampalaya_hybrid,wet,26.1,87.4,15.7,53.4,organic,weekly,4,18,48,18,0.22,3.96
cucumber,pipino_japanese,wet,30.2,71.6,29.2,58.3,mixed,monthly,4,20,38,20,0.34,6.8
bottle_gourd,upo_long,wet,29.1,73.6,28.5,62.2,mixed,weekly,3,9,56,9,3.3,29.7
bottle_gourd,upo_round,dry,28.1,72.5,1.2,76.9,chemical,monthly,4,15,53,15,2.2,33.0
cucumber,pipino_native,dry,25.2,60.2,9.0,50.5,chemical,none,3,6,36,6,0.31,1.86
bitter_gourd,ampalaya_hybrid,wet,29.6,75.1,12.1,70.7,none,biweekly,3,5,50,5,0.42,2.1
cucumber,pipino_native,dry,27.1,63.7,2.5,53.2,mixed,weekly,4,17,36,17,0.27,4.59
sponge_gourd,patola_smooth,dry,26.4,67.3,3.3,77.2,chemical,weekly,4,14,46,14,0.52,7.28
bitter_gourd,ampalaya_hybrid,wet,28.9,72.5,23.6,74.9,organic,weekly,4,15,42,15,0.4,6.0
cucumber,pipino_japanese,wet,28.9,84.4,28.3,68.4,chemical,none,3,10,39,10,0.19,1.9
bitter_gourd,ampalaya_bilog,dry,26.7,55.8,9.1,55.8,mixed,weekly,5,22,45,22,0.21,4.62
bitter_gourd,ampalaya_hybrid,dry,29.8,71.6,2.1,61.4,mixed,none,3,10,48,10,0.18,1.8
bitter_gourd,ampalaya_oblong,wet,27.1,80.0,17.8,62.8,none,monthly,4,10,45,10,0.35,3.5
squash,kalabasa,dry,30.6,66.3,0.5,79.5,mixed,monthly,4,20,58,20,3.2,64.0
sponge_gourd,patola,dry,30.7,70.0,7.6,63.5,none,weekly,2,1,48,1,0.71,0.71
sponge_gourd,patola_ridged,dry,34.9,56.5,7.6,56.4,none,none,4,9,43,9,0.32,2.88
squash,kalabasa_native,dry,26.6,63.5,4.6,54.4,mixed,weekly,4,16,53,16,3.99,63.84
bitter_gourd,ampalaya_bilog,wet,26.1,88.6,25.9,74.9,chemical,biweekly,3,12,49,12,0.21,2.52
sponge_gourd,patola,dry,27.3,62.6,8.6,58.8,mixed,monthly,4,15,38,15,0.56,8.4
bitter_gourd,ampalaya_bilog,wet,30.0,80.9,20.4,78.4,chemical,monthly,4,14,56,14,0.23,3.22
squash,kalabasa,dry,30.2,64.2,7.1,64.3,organic,weekly,4,16,55,16,4.73,75.68
sponge_gourd,patola,wet,28.4,71.1,18.1,58.8,mixed,monthly,4,18,47,18,0.48,8.64
bitter_gourd,ampalaya_bilog,dry,27.8,72.9,2.0,73.7,chemical,weekly,4,14,51,14,0.5,7.0
squash,kalabasa,wet,28.9,76.0,12.3,59.7,organic,monthly,3,9,57,9,4.6,41.4
bitter_gourd,ampalaya_oblong,wet,29.8,77.0,19.5,71.4,chemical,none,4,12,46,12,0.21,2.52
cucumber,pipino,dry,34.4,58.3,1.6,76.9,mixed,biweekly,5,12,41,12,0.32,3.84
bitter_gourd,ampalaya_hybrid,dry,24.4,66.7,3.7,56.6,organic,biweekly,4,20,52,20,0.19,3.8
squash,kalabasa_native,dry,33.3,59.7,2.3,69.7,none,biweekly,4,8,55,8,2.49,19.92
sponge_gourd,patola_smooth,wet,29.3,82.9,15.6,53.8,organic,monthly,4,15,51,15,0.33,4.95
cucumber,pipino,dry,28.0,73.5,0.5,79.5,mixed,biweekly,4,15,38,15,0.2,3.0
squash,kalabasa,dry,26.5,65.5,6.1,59.1,organic,monthly,3,11,53,11,4.94,54.34
cucumber,pipino_native,dry,24.6,74.1,5.2,72.2,mixed,weekly,4,11,36,11,0.35,3.85
cucumber,pipino_japanese,wet,30.2,89.9,10.7,57.1,mixed,weekly,5,13,34,13,0.26,3.38
squash,kalabasa_native,wet,29.0,75.9,20.5,78.9,organic,biweekly,4,21,54,21,2.12,44.52
bitter_gourd,ampalaya_hybrid,wet,30.2,74.0,26.4,63.2,none,weekly,3,10,49,10,0.4,4.0
bottle_gourd,upo_smooth,wet,28.6,87.7,12.6,63.4,organic,biweekly,4,17,52,17,1.27,21.59
sponge_gourd,patola_ridged,dry,33.9,55.8,8.7,70.8,mixed,weekly,4,10,45,10,0.62,6.2
bitter_gourd,ampalaya_oblong,wet,29.3,73.5,17.8,52.8,none,biweekly,3,5,50,5,0.37,1.85
bitter_gourd,ampalaya_bilog,wet,30.2,82.3,28.8,57.9,chemical,none,2,5,48,5,0.42,2.1
cucumber,pipino_native,wet,28.2,70.5,12.5,78.0,chemical,weekly,4,12,35,12,0.36,4.32
squash,kalabasa,wet,27.2,88.8,11.7,73.9,organic,weekly,3,8,53,8,4.24,33.92
cucumber,pipino,wet,29.2,85.9,20.6,71.7,none,none,4,8,43,8,0.27,2.16
bitter_gourd,ampalaya_hybrid,dry,25.0,61.2,5.4,57.1,chemical,biweekly,3,6,47,6,0.4,2.4
cucumber,pipino_japanese,dry,26.5,73.9,6.5,52.6,mixed,weekly,4,14,42,14,0.24,3.36
sponge_gourd,patola,dry,30.9,65.5,5.2,73.2,organic,monthly,3,12,54,12,0.51,6.12
bitter_gourd,ampalaya_bilog,dry,31.3,58.8,7.8,66.0,none,monthly,3,6,50,6,0.21,1.26
sponge_gourd,patola_smooth,wet,29.6,84.9,26.5,52.1,organic,none,5,15,38,15,0.7,10.5
bitter_gourd,ampalaya_bilog,wet,30.9,86.0,27.0,79.9,organic,weekly,4,18,47,18,0.44,7.92
sponge_gourd,patola_ridged,dry,25.8,66.5,4.6,72.5,chemical,biweekly,4,11,42,11,0.36,3.96
bitter_gourd,ampalaya_hybrid,dry,25.2,60.0,1.6,78.5,none,monthly,4,12,45,12,0.42,5.04
bottle_gourd,upo_long,wet,30.3,76.8,11.6,53.2,mixed,none,4,13,53,13,2.34,30.42
bottle_gourd,upo_smooth,dry,30.6,62.0,8.5,73.0,mixed,monthly,5,13,53,13,2.85,37.05
sponge_gourd,patola_smooth,wet,26.4,71.0,21.3,60.7,organic,monthly,4,19,41,19,0.6,11.4
cucumber,pipino_native,dry,27.4,61.9,6.5,58.6,organic,monthly,3,14,40,14,0.37,5.18
cucumber,pipino,dry,25.0,67.9,7.3,67.7,chemical,biweekly,3,11,40,11,0.22,2.42
bottle_gourd,upo_round,dry,29.7,64.0,9.0,50.4,mixed,biweekly,4,19,59,19,2.05,38.95
sponge_gourd,patola_ridged,dry,26.4,63.7,8.9,73.9,mixed,none,3,11,50,11,0.73,8.03
bitter_gourd,ampalaya_hybrid,wet,31.8,72.8,25.2,65.9,chemical,biweekly,3,9,51,9,0.43,3.87
bottle_gourd,upo_smooth,wet,26.4,88.7,25.7,68.2,organic,monthly,4,16,56,16,1.2,19.2
bottle_gourd,upo_round,dry,29.4,61.4,9.6,56.5,organic,weekly,4,13,56,13,1.4,18.2
squash,kalabasa,wet,30.0,83.0,17.6,64.7,none,none,5,15,55,15,3.83,57.45
sponge_gourd,patola,wet,26.8,78.1,18.4,61.2,none,none,4,10,44,10,0.3,3.0
bottle_gourd,upo_smooth,dry,27.8,57.7,8.9,51.3,none,none,3,7,60,7,3.2,22.4
sponge_gourd,patola_ridged,dry,31.1,74.3,4.0,80.0,organic,monthly,3,13,47,13,0.64,8.32
cucumber,pipino_japanese,dry,33.0,72.4,6.2,74.3,none,monthly,4,14,39,14,0.22,3.08
cucumber,pipino_native,dry,25.1,69.7,0.1,63.3,none,monthly,4,6,38,6,0.31,1.86
bottle_gourd,upo_long,dry,31.6,61.0,5.1,79.2,organic,monthly,5,16,51,16,2.26,36.16
bitter_gourd,ampalaya_bilog,dry,27.8,67.8,0.2,62.2,chemical,monthly,4,10,45,10,0.28,2.8
sponge_gourd,patola_ridged,wet,29.9,74.7,13.7,74.9,none,monthly,3,12,44,12,0.64,7.68
cucumber,pipino,wet,31.5,73.5,29.2,50.2,none,none,4,11,38,11,0.3,3.3
bitter_gourd,ampalaya_oblong,wet,28.1,70.3,16.9,76.7,chemical,biweekly,4,12,50,12,0.36,4.32
squash,kalabasa_hybrid,wet,26.6,76.1,15.9,56.6,mixed,none,4,21,54,21,3.9,81.9
bitter_gourd,ampalaya_bilog,wet,28.1,83.1,13.7,54.9,chemical,monthly,3,5,49,5,0.24,1.2
squash,kalabasa_hybrid,dry,27.5,72.6,9.3,64.0,organic,monthly,4,17,55,17,4.54,77.18
bitter_gourd,ampalaya_oblong,wet,28.7,73.8,12.9,73.6,chemical,biweekly,4,16,50,16,0.33,5.28
cucumber,pipino,wet,31.0,73.4,26.6,69.3,organic,biweekly,4,12,36,12,0.15,1.8
sponge_gourd,patola_smooth,dry,24.5,55.5,1.9,75.4,none,monthly,3,7,45,7,0.42,2.94
bottle_gourd,upo_round,dry,26.7,62.5,0.5,51.3,chemical,biweekly,4,11,49,11,2.34,25.74
squash,kalabasa_native,dry,27.9,74.3,1.8,54.0,organic,biweekly,4,15,56,15,2.5,37.5
squash,kalabasa_native,dry,32.2,64.6,4.9,74.3,none,none,4,6,51,6,2.83,16.98
bitter_gourd,ampalaya_hybrid,dry,30.8,68.2,4.7,63.4,organic,biweekly,4,19,43,19,0.39,7.41
sponge_gourd,patola_smooth,dry,31.6,67.6,5.2,55.2,chemical,weekly,3,8,45,8,0.54,4.32
bottle_gourd,upo_long,wet,27.5,86.3,19.7,56.4,chemical,biweekly,4,14,53,14,3.02,42.28
bottle_gourd,upo_long,dry,34.9,64.2,2.9,61.8,chemical,monthly,4,10,55,10,2.76,27.6
squash,kalabasa_native,dry,27.2,58.6,8.0,75.7,organic,none,4,17,51,17,1.95,33.15
cucumber,pipino,dry,34.9,72.7,4.9,65.4,chemical,none,4,17,39,17,0.18,3.06
cucumber,pipino_japanese,wet,27.9,90.0,20.9,67.8,none,monthly,4,9,39,9,0.23,2.07
bitter_gourd,ampalaya_bilog,wet,26.1,80.2,25.7,65.4,chemical,weekly,4,15,49,15,0.39,5.85
bitter_gourd,ampalaya_hybrid,dry,29.0,73.6,5.3,67.7,mixed,weekly,4,19,54,19,0.46,8.74
squash,kalabasa_native,wet,28.2,74.8,21.1,72.7,mixed,weekly,4,16,55,16,4.31,68.96
cucumber,pipino,dry,24.8,64.2,7.8,66.7,chemical,none,4,6,40,6,0.25,1.5
squash,kalabasa_native,dry,31.4,71.6,7.1,62.3,organic,monthly,4,20,54,20,2.56,51.2
squash,kalabasa_hybrid,wet,31.7,84.6,23.4,69.4,mixed,weekly,4,16,55,16,3.23,51.68
sponge_gourd,patola_smooth,wet,28.4,82.6,16.9,69.5,organic,biweekly,5,16,47,16,0.57,9.12
bitter_gourd,ampalaya_oblong,dry,29.0,59.8,5.2,75.8,none,monthly,3,5,47,5,0.47,2.35
sponge_gourd,patola_smooth,dry,26.1,74.0,2.2,75.7,none,biweekly,3,7,45,7,0.7,4.9
squash,kalabasa_native,wet,27.5,72.9,15.9,76.6,organic,monthly,3,11,59,11,4.03,44.33
cucumber,pipino_japanese,wet,28.2,89.6,14.6,55.0,chemical,biweekly,4,11,39,11,0.28,3.08
sponge_gourd,patola_smooth,dry,32.7,73.3,8.8,65.3,mixed,weekly,5,22,41,22,0.47,10.34
cucumber,pipino_native,wet,27.9,73.1,14.9,69.3,mixed,weekly,4,16,42,16,0.25,4.0
cucumber,pipino_japanese,wet,30.2,78.6,16.8,74.7,chemical,none,4,16,40,16,0.28,4.48
bitter_gourd,ampalaya_bilog,wet,27.3,82.2,10.8,79.8,mixed,none,4,13,51,13,0.16,2.08
squash,kalabasa,dry,27.6,66.3,1.1,68.5,mixed,weekly,4,19,53,19,1.99,37.81
bottle_gourd,upo_smooth,wet,26.4,72.2,20.4,51.3,chemical,biweekly,4,14,60,14,2.32,32.48
bottle_gourd,upo_round,dry,32.0,67.1,7.0,69.1,mixed,none,4,16,57,16,1.72,27.52
bottle_gourd,upo_smooth,wet,31.7,80.3,29.7,60.1,chemical,monthly,3,11,53,11,1.83,20.13
cucumber,pipino_japanese,wet,28.0,75.4,22.0,65.9,organic,weekly,4,14,38,14,0.28,3.92
squash,kalabasa,wet,31.6,73.8,24.4,62.0,none,monthly,3,7,56,7,4.38,30.66
squash,kalabasa_native,wet,27.3,75.3,24.5,57.7,mixed,weekly,3,18,54,18,1.9,34.2
squash,kalabasa_hybrid,dry,32.4,60.9,4.2,77.7,mixed,none,4,14,57,14,3.23,45.22
cucumber,pipino,wet,29.8,81.9,16.0,58.4,none,biweekly,3,11,44,11,0.37,4.07
bitter_gourd,ampalaya_oblong,dry,27.4,72.2,0.9,60.9,mixed,monthly,3,12,50,12,0.35,4.2
cucumber,pipino,dry,34.5,58.3,7.6,72.1,mixed,monthly,5,15,34,15,0.32,4.8
bitter_gourd,ampalaya_oblong,wet,27.2,77.7,20.4,62.9,mixed,biweekly,4,19,49,19,0.33,6.27
bottle_gourd,upo_round,dry,31.1,64.2,6.0,75.7,none,weekly,3,9,59,9,1.03,9.27
cucumber,pipino,wet,27.6,87.6,18.4,56.7,none,biweekly,3,10,37,10,0.28,2.8
cucumber,pipino,wet,27.1,72.2,29.6,70.7,mixed,weekly,3,5,41,5,0.15,0.75
bottle_gourd,upo_long,wet,31.0,77.8,12.9,52.6,chemical,weekly,3,9,54,9,2.2,19.8
squash,kalabasa_hybrid,dry,33.2,66.1,1.7,55.9,mixed,monthly,3,12,61,12,1.82,21.84
sponge_gourd,patola,dry,33.6,70.8,0.8,58.1,organic,weekly,4,17,46,17,0.78,13.26
squash,kalabasa_native,dry,28.6,66.6,5.0,63.6,chemical,weekly,4,14,52,14,1.94,27.16
cucumber,pipino,wet,27.4,86.9,24.8,65.7,organic,biweekly,4,16,38,16,0.22,3.52
sponge_gourd,patola,wet,27.7,76.5,14.4,65.3,chemical,monthly,4,12,42,12,0.4,4.8
cucumber,pipino,wet,30.1,77.9,23.9,66.0,chemical,biweekly,4,15,40,15,0.21,3.15
sponge_gourd,patola_smooth,dry,28.6,58.9,8.9,55.6,chemical,monthly,4,12,45,12,0.34,4.08
bitter_gourd,ampalaya_hybrid,wet,29.3,88.4,12.4,70.7,organic,none,4,17,50,17,0.22,3.74
bitter_gourd,ampalaya_oblong,wet,30.9,87.4,19.3,59.2,organic,biweekly,4,14,51,14,0.3,4.2
cucumber,pipino,wet,30.1,88.3,14.4,78.3,organic,biweekly,3,8,40,8,0.27,2.16
cucumber,pipino_japanese,dry,26.3,58.0,7.2,68.2,chemical,monthly,5,21,39,21,0.16,3.36
sponge_gourd,patola_smooth,dry,26.8,71.8,5.0,60.5,none,biweekly,4,11,38,11,0.61,6.71
cucumber,pipino_japanese,wet,29.4,85.2,29.2,55.3,organic,none,4,17,36,17,0.29,4.93
cucumber,pipino_native,dry,34.3,65.6,0.6,74.7,chemical,monthly,4,6,41,6,0.32,1.92
bitter_gourd,ampalaya_bilog,dry,25.9,59.9,7.5,51.7,chemical,none,4,14,44,14,0.2,2.8
cucumber,pipino,dry,30.1,65.5,5.3,78.7,none,none,4,13,38,13,0.16,2.08
bottle_gourd,upo_smooth,wet,27.7,77.7,22.3,70.3,chemical,none,4,16,57,16,2.92,46.72
bottle_gourd,upo_round,dry,33.1,69.6,9.4,64.3,organic,none,4,16,57,16,2.38,38.08
cucumber,pipino_japanese,wet,27.2,87.9,16.9,68.4,mixed,monthly,3,9,37,9,0.39,3.51
bottle_gourd,upo_smooth,wet,31.3,77.6,23.8,69.5,mixed,weekly,4,17,58,17,2.92,49.64
squash,kalabasa_native,wet,30.9,80.4,17.6,65.3,none,biweekly,3,8,59,8,3.88,31.04
sponge_gourd,patola,wet,28.6,81.9,29.1,74.8,none,biweekly,3,6,47,6,0.66,3.96
sponge_gourd,patola,dry,27.0,70.9,7.9,74.5,none,monthly,3,6,49,6,0.69,4.14
sponge_gourd,patola_ridged,wet,31.3,73.8,17.1,64.4,none,none,4,13,43,13,0.57,7.41
squash,kalabasa_hybrid,dry,25.6,63.5,4.4,69.7,none,none,4,9,52,9,4.96,44.64
cucumber,pipino,wet,29.9,77.5,26.6,61.6,none,none,4,11,44,11,0.32,3.52
cucumber,pipino_native,dry,26.4,74.3,7.3,77.1,chemical,none,3,8,37,8,0.21,1.68
bitter_gourd,ampalaya_oblong,wet,28.1,84.8,10.4,70.2,chemical,biweekly,4,11,46,11,0.49,5.39
cucumber,pipino,wet,28.1,86.5,20.8,76.7,chemical,weekly,4,5,40,5,0.23,1.15
squash,kalabasa_hybrid,wet,28.6,85.0,16.3,57.0,mixed,monthly,5,15,54,15,3.6,54.0
squash,kalabasa,dry,29.8,69.6,9.2,78.8,organic,biweekly,4,21,57,21,4.88,102.48
squash,kalabasa,dry,25.2,72.3,2.3,73.9,mixed,biweekly,4,19,54,19,4.91,93.29
bitter_gourd,ampalaya_hybrid,dry,27.0,55.2,3.4,73.5,none,biweekly,4,14,43,14,0.48,6.72
sponge_gourd,patola_ridged,dry,25.5,57.4,3.8,60.4,none,biweekly,3,9,51,9,0.48,4.32
bottle_gourd,upo_round,dry,30.3,71.3,3.2,60.7,mixed,weekly,4,20,56,20,2.32,46.4
squash,kalabasa_hybrid,dry,29.3,68.7,0.5,62.1,none,none,3,9,50,9,3.62,32.58
bottle_gourd,upo_round,dry,30.5,74.7,4.4,51.1,chemical,monthly,3,10,57,10,3.3,33.0
bottle_gourd,upo_long,wet,31.1,88.1,16.4,64.9,none,biweekly,3,6,57,6,1.08,6.48
bottle_gourd,upo_long,dry,33.0,73.5,6.0,61.3,organic,monthly,3,5,57,5,3.01,15.05
sponge_gourd,patola,wet,27.6,82.7,13.0,61.3,chemical,weekly,4,14,44,14,0.74,10.36
sponge_gourd,patola_ridged,wet,26.5,71.4,17.8,68.7,chemical,biweekly,4,12,43,12,0.68,8.16
sponge_gourd,patola_ridged,wet,29.2,86.6,26.2,67.8,none,monthly,4,10,54,10,0.55,5.5
cucumber,pipino_japanese,wet,31.7,70.4,28.9,64.6,organic,weekly,3,11,42,11,0.2,2.2
bitter_gourd,ampalaya_oblong,wet,26.9,85.3,25.5,67.5,none,monthly,4,12,45,12,0.34,4.08
bitter_gourd,ampalaya_hybrid,dry,29.2,56.8,2.1,61.5,organic,weekly,4,14,45,14,0.18,2.52
sponge_gourd,patola_ridged,dry,31.7,65.6,4.6,54.7,none,biweekly,3,8,50,8,0.42,3.36
sponge_gourd,patola_smooth,dry,34.9,62.2,1.6,67.4,none,biweekly,4,10,56,10,0.51,5.1
sponge_gourd,patola_ridged,dry,28.6,65.9,3.7,67.0,mixed,none,4,18,46,18,0.52,9.36
bitter_gourd,ampalaya_oblong,wet,30.9,81.4,20.3,55.4,organic,biweekly,5,16,45,16,0.33,5.28
cucumber,pipino,dry,29.9,61.0,6.2,72.2,organic,weekly,4,6,34,6,0.33,1.98
sponge_gourd,patola_smooth,dry,31.7,73.6,9.1,59.9,mixed,monthly,5,22,47,22,0.57,12.54
cucumber,pipino_native,dry,27.5,67.6,6.0,54.2,none,none,4,15,38,15,0.36,5.4
cucumber,pipino_japanese,wet,28.0,72.1,27.8,60.0,none,biweekly,4,7,38,7,0.16,1.12
bitter_gourd,ampalaya_bilog,dry,26.5,60.6,6.0,67.9,mixed,none,4,17,52,17,0.45,7.65
squash,kalabasa_hybrid,dry,26.9,61.3,7.3,65.4,mixed,monthly,4,15,48,15,4.87,73.05
bitter_gourd,ampalaya_hybrid,dry,33.6,59.4,4.6,70.7,chemical,biweekly,4,15,47,15,0.26,3.9
bottle_gourd,upo_round,wet,30.7,80.8,16.4,50.5,organic,none,4,15,50,15,2.88,43.2
bitter_gourd,ampalaya_bilog,dry,26.7,69.2,7.7,53.6,organic,monthly,5,15,40,15,0.39,5.85
sponge_gourd,patola_ridged,dry,27.7,63.3,3.4,73.7,mixed,none,3,16,45,16,0.67,10.72
cucumber,pipino,wet,28.4,70.4,12.9,58.2,organic,biweekly,4,13,38,13,0.36,4.68
bitter_gourd,ampalaya_bilog,dry,29.7,70.6,3.7,71.0,chemical,monthly,4,13,53,13,0.31,4.03
sponge_gourd,patola,dry,24.1,58.6,5.7,78.2,none,none,3,7,50,7,0.75,5.25
cucumber,pipino_native,dry,25.0,57.3,1.4,72.8,organic,monthly,4,15,39,15,0.35,5.25
cucumber,pipino_native,wet,27.8,82.0,25.6,77.9,chemical,none,3,12,39,12,0.32,3.84
sponge_gourd,patola_ridged,wet,27.9,70.4,19.8,78.5,organic,weekly,3,12,46,12,0.39,4.68
cucumber,pipino,dry,32.8,66.8,8.7,66.2,organic,weekly,4,13,38,13,0.33,4.29
bitter_gourd,ampalaya_bilog,dry,26.1,68.9,8.7,62.1,organic,biweekly,3,13,49,13,0.35,4.55
sponge_gourd,patola_ridged,dry,25.8,61.9,4.5,70.0,mixed,weekly,4,14,49,14,0.32,4.48
sponge_gourd,patola_ridged,wet,31.5,87.9,17.9,72.3,organic,biweekly,4,16,41,16,0.52,8.32
cucumber,pipino_japanese,dry,30.1,55.3,1.3,76.2,chemical,weekly,4,12,31,12,0.21,2.52
sponge_gourd,patola_smooth,dry,32.3,67.7,4.3,53.4,none,weekly,4,10,42,10,0.37,3.7
bitter_gourd,ampalaya_hybrid,wet,30.8,73.6,29.5,55.8,chemical,monthly,3,12,53,12,0.35,4.2
bitter_gourd,ampalaya_hybrid,dry,33.1,57.1,5.5,58.3,none,biweekly,4,8,41,8,0.45,3.6
squash,kalabasa_native,dry,34.1,62.7,2.3,51.9,organic,biweekly,3,9,57,9,2.73,24.57
bitter_gourd,ampalaya_bilog,wet,29.2,85.6,29.0,56.8,none,monthly,4,10,47,10,0.24,2.4
sponge_gourd,patola_ridged,wet,28.3,74.3,19.8,53.7,none,weekly,4,12,46,12,0.71,8.52
squash,kalabasa_hybrid,dry,31.2,59.1,6.6,77.9,none,monthly,3,7,59,7,2.57,17.99
squash,kalabasa_hybrid,dry,31.4,67.6,8.1,76.2,organic,weekly,4,20,52,20,1.99,39.8
cucumber,pipino,dry,33.5,74.8,3.4,79.4,none,biweekly,4,16,42,16,0.36,5.76
bitter_gourd,ampalaya_bilog,wet,29.6,73.6,16.5,73.8,mixed,weekly,5,15,47,15,0.22,3.3
cucumber,pipino_japanese,dry,34.7,73.4,3.0,58.3,chemical,monthly,4,14,39,14,0.31,4.34
cucumber,pipino_japanese,dry,34.6,61.9,7.0,64.8,none,none,4,6,37,6,0.26,1.56
cucumber,pipino_japanese,dry,28.2,68.5,7.3,57.2,chemical,weekly,4,11,36,11,0.38,4.18
bitter_gourd,ampalaya_oblong,wet,28.5,72.7,22.9,75.0,none,biweekly,3,12,55,12,0.37,4.44
bitter_gourd,ampalaya_hybrid,wet,26.0,89.3,23.9,73.7,mixed,monthly,4,15,45,15,0.21,3.15
sponge_gourd,patola_smooth,dry,26.1,73.5,2.0,55.1,organic,biweekly,5,18,40,18,0.43,7.74
sponge_gourd,patola,wet,29.4,70.2,16.7,59.3,none,biweekly,4,8,46,8,0.66,5.28
cucumber,pipino_japanese,wet,27.1,87.6,23.5,71.9,mixed,biweekly,4,18,41,18,0.26,4.68
cucumber,pipino,dry,34.1,57.1,5.7,56.8,organic,monthly,5,11,41,11,0.21,2.31
cucumber,pipino,wet,31.8,85.6,26.4,52.9,chemical,monthly,3,8,43,8,0.35,2.8
sponge_gourd,patola_smooth,dry,27.5,69.5,2.7,69.2,organic,none,4,20,49,20,0.78,15.6
sponge_gourd,patola_smooth,wet,30.0,72.9,10.3,59.0,chemical,none,4,15,44,15,0.71,10.65
bitter_gourd,ampalaya_oblong,wet,27.5,83.6,20.3,59.5,none,none,4,16,46,16,0.36,5.76
bitter_gourd,ampalaya_oblong,wet,28.4,74.4,21.3,57.5,chemical,weekly,3,7,46,7,0.38,2.66
sponge_gourd,patola,wet,31.4,87.4,13.5,57.0,none,none,3,7,51,7,0.38,2.66
cucumber,pipino,wet,31.4,81.8,19.5,66.7,none,none,4,10,36,10,0.16,1.6
sponge_gourd,patola_smooth,dry,32.3,71.4,2.6,64.9,none,weekly,4,11,51,11,0.63,6.93
cucumber,pipino,wet,31.7,75.5,10.8,57.8,mixed,weekly,5,15,40,15,0.27,4.05
bitter_gourd,ampalaya_bilog,dry,33.4,64.4,6.6,70.2,organic,biweekly,4,13,46,13,0.24,3.12
bitter_gourd,ampalaya_bilog,wet,31.4,73.0,13.0,75.0,organic,weekly,4,15,46,15,0.28,4.2
squash,kalabasa_native,wet,29.2,80.3,15.8,71.5,none,biweekly,4,11,62,11,1.58,17.38
bottle_gourd,upo_smooth,dry,24.4,67.1,5.3,54.3,chemical,monthly,5,15,53,15,2.79,41.85
cucumber,pipino_japanese,wet,29.2,70.7,18.6,72.8,mixed,monthly,4,16,36,16,0.19,3.04
bottle_gourd,upo_long,wet,27.1,84.6,22.3,51.6,mixed,monthly,4,15,51,15,2.15,32.25
sponge_gourd,patola,wet,27.0,84.5,23.1,73.1,mixed,biweekly,5,19,41,19,0.55,10.45
bottle_gourd,upo_long,wet,28.1,80.6,10.9,72.1,chemical,none,4,12,53,12,2.64,31.68
squash,kalabasa_native,dry,32.4,69.9,7.1,74.8,mixed,monthly,4,16,58,16,4.87,77.92
squash,kalabasa_native,dry,24.8,70.9,1.2,67.5,organic,monthly,4,13,54,13,3.71,48.23
squash,kalabasa,dry,30.4,72.1,7.5,76.1,organic,monthly,4,19,55,19,3.13,59.47
bitter_gourd,ampalaya_hybrid,dry,25.4,55.2,4.4,64.1,none,biweekly,3,6,52,6,0.44,2.64
cucumber,pipino,dry,31.9,55.1,7.4,70.0,none,none,4,9,42,9,0.26,2.34
bitter_gourd,ampalaya_hybrid,wet,27.7,84.2,26.3,74.7,organic,biweekly,4,18,44,18,0.41,7.38
cucumber,pipino_japanese,dry,24.4,56.4,1.0,67.8,chemical,biweekly,4,15,32,15,0.32,4.8
cucumber,pipino,wet,30.6,70.7,17.3,61.2,chemical,biweekly,4,13,35,13,0.17,2.21
cucumber,pipino_native,wet,28.3,75.7,24.0,75.8,none,biweekly,4,8,34,8,0.36,2.88
squash,kalabasa,dry,27.2,60.2,5.1,58.3,mixed,monthly,5,14,55,14,1.74,24.36
bitter_gourd,ampalaya_bilog,dry,27.8,63.0,4.9,76.9,organic,none,5,16,45,16,0.23,3.68
