gourd_type,variety_name,season,avg_temperature,avg_humidity,sunlight_hours,soil_moisture,fertilizer_type,plant_health_score,vine_length_cm,leaf_count,male_flower_count,female_flower_count,is_hand_pollinated,pollinated_count,successful_pollinations,pollination_success_rate
bitter_gourd,ampalaya_oblong,dry,34.0,67.3,8.9,58.5,organic,5,490.9,77,110,30,1,27,15,0.635
squash,kalabasa,wet,30.2,80.2,6.9,50.7,mixed,4,942.1,100,79,30,1,28,19,0.663
squash,kalabasa_native,wet,26.1,78.9,4.3,67.8,none,4,617.0,100,55,15,0,14,5,0.406
cucumber,pipino_japanese,wet,32.0,79.4,5.7,59.2,none,3,485.1,75,59,25,1,24,10,0.355
cucumber,pipino,wet,31.3,77.9,6.5,71.9,chemical,4,444.8,74,65,30,1,30,16,0.518
squash,kalabasa_native,wet,30.0,72.4,4.1,73.3,organic,4,504.1,84,83,22,1,20,13,0.648
bitter_gourd,ampalaya_oblong,wet,31.9,86.3,6.6,76.3,chemical,3,322.2,52,43,11,1,8,2,0.47
bottle_gourd,upo_long,dry,31.0,61.8,8.0,77.2,organic,5,795.7,100,58,20,0,17,9,0.606
sponge_gourd,patola,dry,27.8,68.0,8.2,60.8,chemical,4,580.9,95,74,30,1,26,14,0.542
sponge_gourd,patola_ridged,wet,29.3,71.6,7.0,66.6,organic,4,679.5,100,61,28,1,26,14,0.619
squash,kalabasa_hybrid,dry,30.2,65.3,9.5,79.8,none,4,511.6,79,46,13,1,13,7,0.407
bottle_gourd,upo_long,wet,28.3,89.5,4.1,69.0,chemical,4,926.2,100,89,27,1,26,10,0.462
squash,kalabasa_hybrid,wet,30.2,76.3,6.0,67.3,mixed,4,874.5,100,87,30,1,30,15,0.543
bottle_gourd,upo_round,dry,27.8,72.0,7.9,60.4,none,3,485.4,69,30,10,1,8,2,0.344
bitter_gourd,ampalaya_bilog,wet,27.5,70.2,6.6,75.7,none,4,695.6,100,76,26,1,22,9,0.498
cucumber,pipino,dry,28.6,65.3,7.2,76.7,chemical,4,321.3,65,52,30,1,27,14,0.542
bitter_gourd,ampalaya_hybrid,wet,29.9,86.8,4.1,60.9,chemical,4,234.0,37,7,2,0,1,0,0.383
sponge_gourd,patola_smooth,dry,34.0,63.2,8.9,60.5,none,3,424.9,80,48,24,0,22,8,0.347
cucumber,pipino,dry,31.0,56.9,7.2,74.2,none,4,573.1,86,73,30,1,28,10,0.439
cucumber,pipino_native,wet,28.0,72.6,6.0,67.2,organic,4,424.7,68,52,27,1,27,20,0.671
sponge_gourd,patola,wet,28.3,83.1,4.3,56.8,mixed,3,288.3,43,34,13,1,9,7,0.547
cucumber,pipino,dry,24.1,70.1,9.7,74.4,mixed,4,228.4,29,37,15,1,13,8,0.637
cucumber,pipino_native,dry,25.8,73.1,9.7,79.4,chemical,3,327.0,54,54,22,0,20,6,0.398
cucumber,pipino_native,wet,26.4,72.0,6.1,72.0,none,3,201.1,34,19,10,0,8,4,0.327
cucumber,pipino_japanese,dry,33.1,65.2,8.9,51.5,chemical,3,142.6,28,21,10,1,10,7,0.488
cucumber,pipino_native,wet,29.5,76.1,5.1,62.7,none,3,272.0,53,49,27,1,23,10,0.374
squash,kalabasa_hybrid,wet,28.9,79.6,6.0,50.8,organic,4,990.4,100,94,30,1,28,20,0.662
bitter_gourd,ampalaya_bilog,dry,32.2,58.3,8.3,50.6,chemical,4,627.5,100,75,30,1,26,12,0.534
squash,kalabasa_native,dry,34.7,56.4,9.0,66.3,organic,5,930.1,100,94,30,0,26,14,0.499
squash,kalabasa_native,dry,24.6,64.4,7.8,64.9,organic,4,299.5,62,5,2,0,1,1,0.503
cucumber,pipino_japanese,dry,30.3,67.8,8.3,76.3,mixed,5,433.6,68,59,25,1,25,17,0.661
cucumber,pipino_native,dry,24.1,70.9,9.9,60.7,chemical,3,341.9,54,46,20,1,18,9,0.491
bitter_gourd,ampalaya_oblong,wet,27.8,85.8,5.7,63.4,none,4,432.4,72,68,19,1,19,8,0.484
bottle_gourd,upo_smooth,dry,33.6,63.8,9.0,54.1,organic,4,454.7,77,32,11,0,10,3,0.544
bottle_gourd,upo_long,wet,27.6,79.7,4.5,62.7,chemical,4,442.7,71,38,15,0,14,6,0.435
squash,kalabasa_hybrid,wet,28.2,79.2,4.6,59.8,organic,3,764.7,100,89,25,1,25,18,0.642
bottle_gourd,upo_round,wet,26.8,84.0,4.3,71.1,chemical,3,327.3,59,18,9,0,7,1,0.379
sponge_gourd,patola_smooth,dry,31.9,59.8,7.5,70.4,mixed,5,865.9,100,62,30,0,28,12,0.439
bitter_gourd,ampalaya_oblong,dry,25.8,59.7,9.2,61.5,mixed,4,507.5,92,67,17,1,13,6,0.509
cucumber,pipino_native,dry,32.0,56.1,8.7,60.0,organic,4,270.1,57,30,12,1,12,7,0.595
bitter_gourd,ampalaya_bilog,wet,30.5,83.5,7.0,68.6,mixed,4,435.3,73,75,21,0,21,13,0.575
squash,kalabasa,wet,28.5,84.1,4.5,52.8,mixed,4,635.4,100,67,17,0,14,8,0.573
bottle_gourd,upo_round,wet,27.1,88.1,4.2,64.0,mixed,4,692.6,100,74,26,1,24,15,0.613
cucumber,pipino_japanese,dry,27.9,57.7,9.1,58.3,chemical,4,194.8,28,22,10,0,9,2,0.479
bottle_gourd,upo_smooth,dry,32.4,66.4,8.7,55.2,chemical,4,796.9,100,59,25,0,23,10,0.517
cucumber,pipino_japanese,wet,28.6,86.6,5.0,58.5,organic,4,481.8,79,50,30,0,27,13,0.566
squash,kalabasa,dry,27.7,73.3,9.5,65.1,mixed,5,1046.6,100,106,30,1,28,19,0.662
bitter_gourd,ampalaya_bilog,wet,28.4,80.1,5.4,72.9,organic,4,708.0,100,105,29,1,27,21,0.721
squash,kalabasa,wet,31.5,81.7,6.4,60.8,chemical,3,522.7,84,45,12,0,11,6,0.422
sponge_gourd,patola_ridged,wet,28.6,77.4,6.7,74.8,chemical,4,411.6,69,34,16,1,15,8,0.697
bitter_gourd,ampalaya_hybrid,dry,24.2,69.4,9.0,61.6,chemical,2,374.2,70,79,20,0,16,4,0.352
sponge_gourd,patola_ridged,dry,33.6,61.4,7.9,56.1,mixed,4,482.9,76,83,30,1,26,16,0.628
bitter_gourd,ampalaya_hybrid,wet,28.9,79.2,6.7,57.3,mixed,5,747.0,100,88,30,1,28,16,0.618
cucumber,pipino_native,wet,29.4,80.8,5.1,79.7,none,5,268.5,45,27,12,1,12,6,0.428
bottle_gourd,upo_round,wet,30.7,71.0,4.1,73.4,organic,4,395.5,59,6,2,0,1,1,0.591
cucumber,pipino,wet,27.4,83.7,4.7,75.9,organic,5,691.8,100,55,30,1,27,19,0.778
sponge_gourd,patola,wet,29.2,89.6,5.1,57.5,none,4,705.3,100,63,22,0,21,11,0.432
squash,kalabasa,dry,27.5,69.8,8.6,62.8,none,4,585.8,86,37,13,0,10,3,0.385
squash,kalabasa,dry,25.5,73.8,8.6,54.4,mixed,5,1110.9,100,96,30,1,29,20,0.705
bottle_gourd,upo_long,wet,31.2,89.3,5.1,68.5,mixed,4,310.5,49,17,5,1,1,1,0.528
bottle_gourd,upo_long,dry,29.5,74.6,8.3,65.2,mixed,4,649.5,100,52,16,0,13,5,0.479
squash,kalabasa_hybrid,wet,29.3,72.1,4.3,56.5,mixed,4,314.8,50,14,4,1,1,1,0.652
bottle_gourd,upo_smooth,dry,33.0,57.6,9.8,65.9,chemical,3,713.5,100,55,20,1,18,9,0.479
cucumber,pipino_japanese,wet,28.6,76.2,4.4,56.1,mixed,5,510.7,82,53,23,0,22,10,0.533
cucumber,pipino,dry,30.7,71.9,8.2,54.2,mixed,4,711.0,100,50,30,1,29,21,0.65
sponge_gourd,patola,wet,30.2,86.0,5.9,61.1,organic,3,391.1,64,72,27,1,26,14,0.613
squash,kalabasa,wet,29.5,83.9,5.8,62.3,organic,3,352.5,58,16,6,1,5,3,0.549
sponge_gourd,patola_ridged,dry,33.2,57.5,7.1,50.2,organic,5,470.3,80,31,12,0,12,6,0.631
squash,kalabasa,dry,33.2,67.7,7.9,66.7,none,3,373.1,57,50,19,1,18,4,0.342
sponge_gourd,patola_ridged,dry,28.9,59.2,8.4,61.8,none,3,368.8,58,20,8,1,4,0,0.407
bitter_gourd,ampalaya_bilog,dry,30.9,55.2,7.0,78.3,chemical,3,275.0,49,30,11,1,7,3,0.445
squash,kalabasa,wet,27.1,75.8,6.7,70.0,mixed,4,376.6,58,28,11,0,7,4,0.515
sponge_gourd,patola,dry,24.6,68.1,9.1,67.2,mixed,3,189.6,38,14,5,0,3,0,0.487
squash,kalabasa_hybrid,wet,31.6,88.5,6.9,53.5,mixed,4,883.2,100,86,26,1,25,12,0.513
cucumber,pipino_native,dry,27.8,70.9,9.5,55.9,chemical,2,117.4,15,7,4,1,4,0,0.465
bitter_gourd,ampalaya_bilog,wet,31.9,78.9,5.1,76.9,none,3,356.1,58,30,9,1,5,4,0.382
bottle_gourd,upo_long,wet,26.3,81.2,4.6,77.4,mixed,4,565.7,100,43,17,0,17,8,0.504
squash,kalabasa_native,wet,31.2,70.4,4.8,79.5,mixed,5,1107.6,100,92,25,0,23,13,0.529
bottle_gourd,upo_long,dry,25.9,64.7,9.6,62.7,chemical,4,527.7,88,43,19,0,18,8,0.395
bitter_gourd,ampalaya_oblong,dry,24.9,74.7,7.7,60.6,chemical,4,262.7,45,24,9,0,7,4,0.572
squash,kalabasa_hybrid,dry,33.3,56.8,9.0,75.3,chemical,3,599.0,100,65,21,0,17,6,0.441
bitter_gourd,ampalaya_bilog,wet,31.4,76.4,5.3,71.4,organic,3,494.0,93,87,25,1,25,15,0.69
squash,kalabasa,wet,29.5,70.7,4.1,62.9,none,4,792.5,100,80,20,1,20,7,0.417
sponge_gourd,patola_smooth,dry,31.5,71.6,8.1,71.6,organic,4,390.7,62,51,22,1,18,10,0.631
cucumber,pipino_japanese,wet,28.4,89.5,5.8,60.5,none,3,261.7,50,8,5,0,3,3,0.323
squash,kalabasa,wet,28.3,88.7,4.1,70.9,none,3,664.5,100,48,18,0,18,4,0.301
bitter_gourd,ampalaya_bilog,wet,27.8,78.1,5.2,74.9,mixed,4,299.9,50,52,17,0,15,9,0.638
cucumber,pipino_native,wet,26.1,86.3,6.9,58.2,mixed,5,253.4,38,8,5,1,3,3,0.641
bottle_gourd,upo_smooth,wet,29.9,73.1,5.9,74.1,mixed,4,481.6,72,30,14,0,10,8,0.593
squash,kalabasa_native,wet,27.5,89.7,4.2,54.1,mixed,4,639.4,100,55,17,0,17,8,0.57
sponge_gourd,patola,dry,31.2,56.8,9.2,62.8,organic,4,397.0,67,33,12,1,9,4,0.556
sponge_gourd,patola_smooth,dry,24.5,73.1,9.2,60.8,chemical,3,369.0,59,52,18,0,14,5,0.38
bottle_gourd,upo_round,wet,26.8,70.1,5.9,67.6,none,3,529.9,97,44,20,1,16,8,0.509
cucumber,pipino,dry,31.3,70.7,8.3,54.4,chemical,3,297.0,47,20,11,1,10,3,0.473
sponge_gourd,patola,wet,27.8,85.2,4.6,69.2,none,3,428.9,72,41,18,1,18,10,0.518
bitter_gourd,ampalaya_hybrid,wet,31.2,90.0,6.2,78.7,organic,5,325.0,56,36,9,0,5,1,0.527
bitter_gourd,ampalaya_hybrid,dry,30.9,66.7,7.3,76.8,chemical,3,363.9,54,69,24,0,20,9,0.437
cucumber,pipino_native,dry,32.9,57.8,7.4,67.2,chemical,4,235.5,43,36,21,1,20,10,0.512
sponge_gourd,patola,wet,27.2,86.7,4.2,74.7,chemical,4,721.0,100,64,30,0,27,13,0.389
cucumber,pipino_native,dry,27.3,68.5,8.3,58.9,none,2,174.0,19,27,14,1,12,3,0.414
sponge_gourd,patola_ridged,wet,30.6,83.5,4.3,78.4,chemical,4,668.7,100,74,30,1,28,19,0.632
bottle_gourd,upo_smooth,wet,29.0,83.0,5.3,58.8,none,3,504.3,79,50,15,0,15,7,0.401
bitter_gourd,ampalaya_bilog,dry,25.5,62.4,9.4,71.3,none,3,268.7,52,12,4,1,1,0,0.468
squash,kalabasa_native,wet,28.3,81.7,5.1,58.1,none,3,267.8,45,3,1,0,1,1,0.423
bitter_gourd,ampalaya_oblong,wet,26.8,78.5,6.9,66.6,none,4,483.3,83,39,14,1,14,6,0.49
bottle_gourd,upo_round,dry,27.1,60.2,10.0,68.4,organic,3,400.6,67,55,16,0,13,5,0.481
bitter_gourd,ampalaya_oblong,wet,29.4,84.3,4.0,67.0,mixed,4,444.5,76,70,20,1,18,10,0.618
cucumber,pipino,dry,28.2,66.2,7.5,50.7,none,3,169.3,23,30,13,1,12,3,0.401
bitter_gourd,ampalaya_bilog,dry,27.0,71.1,7.3,69.4,none,3,373.3,61,86,24,1,22,7,0.407
squash,kalabasa,dry,26.2,59.1,9.1,78.7,chemical,3,318.2,51,4,1,1,1,0,0.386
cucumber,pipino,dry,26.3,64.4,8.6,52.8,organic,5,365.4,65,36,17,0,15,10,0.595
sponge_gourd,patola_smooth,wet,31.7,82.2,4.7,61.2,mixed,4,601.6,100,46,16,1,16,10,0.52
cucumber,pipino,dry,29.2,74.3,8.7,59.3,chemical,4,468.8,83,52,24,0,22,9,0.459
cucumber,pipino_native,dry,28.6,57.9,7.7,59.6,organic,4,363.8,62,25,15,1,13,6,0.63
bottle_gourd,upo_round,dry,26.8,68.3,8.9,78.1,mixed,5,948.6,100,71,30,0,29,21,0.673
bottle_gourd,upo_round,wet,28.6,88.1,4.5,77.7,mixed,2,230.9,40,22,8,0,7,3,0.406
bitter_gourd,ampalaya_hybrid,wet,31.8,84.3,4.9,67.2,none,4,464.3,75,82,30,1,29,10,0.408
cucumber,pipino_native,wet,31.7,86.9,5.4,69.9,mixed,3,398.7,65,65,29,0,28,13,0.476
squash,kalabasa_native,wet,30.6,72.0,4.4,72.7,organic,4,676.9,100,58,18,1,16,10,0.648
bitter_gourd,ampalaya_bilog,dry,30.2,66.4,9.3,65.7,organic,4,376.5,56,41,11,1,7,3,0.669
cucumber,pipino_native,dry,34.7,57.4,7.7,71.8,chemical,4,188.1,29,10,5,0,4,1,0.396
sponge_gourd,patola,dry,28.4,73.3,8.3,70.4,mixed,4,544.0,96,42,20,1,19,14,0.61
bitter_gourd,ampalaya_oblong,dry,31.9,68.8,7.8,58.3,organic,5,362.9,72,7,2,0,1,1,0.559
cucumber,pipino,wet,31.1,72.0,5.3,75.4,none,4,555.9,91,70,30,1,27,13,0.507
cucumber,pipino_japanese,dry,34.4,62.8,7.2,56.8,chemical,2,174.9,31,14,9,1,7,5,0.469
bitter_gourd,ampalaya_bilog,dry,29.3,69.3,7.9,58.2,chemical,3,199.6,34,14,4,0,4,4,0.411
bitter_gourd,ampalaya_oblong,wet,27.3,86.7,4.3,64.6,mixed,4,531.9,90,104,30,1,28,14,0.534
bottle_gourd,upo_long,dry,24.6,73.6,7.7,54.8,organic,3,542.8,86,59,19,1,15,8,0.607
bitter_gourd,ampalaya_bilog,dry,28.5,68.4,7.7,56.9,none,4,684.2,100,81,27,1,24,13,0.471
sponge_gourd,patola,wet,30.4,75.3,4.5,50.4,organic,4,246.9,39,23,8,0,4,3,0.64
bottle_gourd,upo_smooth,dry,25.6,70.8,7.0,53.7,none,4,542.8,98,49,24,0,23,6,0.368
bottle_gourd,upo_round,wet,29.9,83.0,6.0,54.9,none,4,443.0,80,25,9,0,7,4,0.427
cucumber,pipino,dry,26.9,66.9,9.8,75.1,organic,3,260.5,50,19,12,1,9,8,0.622
bottle_gourd,upo_smooth,wet,26.5,78.3,4.1,73.9,mixed,5,677.8,100,99,30,1,26,17,0.721
cucumber,pipino_japanese,dry,27.6,71.5,8.1,64.5,chemical,4,557.4,96,70,30,1,28,15,0.565
cucumber,pipino_native,dry,29.2,62.2,9.0,68.8,chemical,4,313.8,55,16,10,0,8,4,0.533
squash,kalabasa,wet,28.3,72.5,6.9,58.7,chemical,3,458.1,76,25,8,1,4,2,0.515
sponge_gourd,patola,wet,28.5,78.3,6.7,56.2,organic,3,317.1,43,17,8,0,8,6,0.443
cucumber,pipino,dry,29.9,74.5,9.8,53.7,organic,3,155.6,34,10,4,1,2,2,0.588
cucumber,pipino,dry,32.1,70.7,8.3,76.4,none,2,246.8,40,20,9,0,6,2,0.324
bitter_gourd,ampalaya_oblong,dry,33.5,69.9,8.7,63.4,chemical,4,451.6,67,25,9,1,6,1,0.543
bitter_gourd,ampalaya_bilog,dry,26.4,59.6,7.2,63.1,none,4,475.4,75,80,25,0,24,8,0.369
squash,kalabasa_native,dry,34.5,69.0,8.7,62.8,organic,5,368.8,49,45,12,1,12,6,0.674
sponge_gourd,patola,dry,29.1,55.1,9.5,68.6,mixed,4,833.0,100,78,30,0,28,12,0.472
cucumber,pipino_japanese,dry,24.7,62.4,7.7,69.0,mixed,4,209.8,32,33,14,1,11,6,0.574
bottle_gourd,upo_smooth,wet,27.4,84.0,4.7,59.0,organic,4,532.1,87,10,4,1,4,4,0.666
sponge_gourd,patola,dry,29.0,72.6,9.7,53.2,organic,4,325.3,54,29,14,0,12,10,0.63
bottle_gourd,upo_smooth,wet,30.4,70.9,4.4,75.7,none,4,956.6,100,85,30,1,30,15,0.467
bitter_gourd,ampalaya_bilog,dry,32.5,72.0,8.0,70.3,none,3,404.3,75,54,21,1,19,6,0.393
cucumber,pipino_japanese,wet,26.9,77.5,4.5,76.8,mixed,5,339.5,64,18,9,0,5,3,0.606
bitter_gourd,ampalaya_bilog,wet,31.1,88.8,6.6,78.9,mixed,5,614.4,98,78,26,0,26,12,0.484
bitter_gourd,ampalaya_hybrid,dry,34.1,70.9,7.6,76.2,none,4,659.1,100,75,30,1,29,15,0.471
sponge_gourd,patola_ridged,dry,25.1,74.5,9.2,62.3,organic,3,167.8,29,5,2,1,2,2,0.533
sponge_gourd,patola,dry,31.9,59.1,10.0,58.1,mixed,3,284.4,50,36,13,1,9,3,0.535
bitter_gourd,ampalaya_bilog,dry,34.2,62.6,7.3,74.4,mixed,4,544.4,91,63,21,1,19,10,0.587
bottle_gourd,upo_long,wet,26.8,71.1,5.5,70.2,mixed,3,543.2,94,49,21,0,18,8,0.502
cucumber,pipino,dry,34.6,68.2,9.6,64.2,organic,5,352.8,52,27,15,0,15,6,0.551
cucumber,pipino_japanese,wet,29.1,84.9,6.5,75.7,none,4,507.5,85,60,27,1,27,13,0.525
bitter_gourd,ampalaya_bilog,dry,34.5,73.5,8.3,53.9,organic,4,240.8,41,16,6,1,4,4,0.584
bottle_gourd,upo_long,dry,29.7,58.7,9.6,77.4,chemical,4,561.4,85,74,29,1,25,13,0.516
bitter_gourd,ampalaya_bilog,wet,28.5,86.1,6.7,53.7,mixed,5,693.9,100,75,28,1,28,17,0.612
sponge_gourd,patola,wet,30.1,83.2,5.9,68.2,organic,3,558.0,98,55,25,0,23,10,0.531
bottle_gourd,upo_round,dry,30.0,63.0,8.6,77.2,organic,4,624.3,100,62,30,1,30,17,0.606
bitter_gourd,ampalaya_bilog,dry,34.8,70.5,7.2,62.5,mixed,3,339.3,61,37,12,0,10,6,0.461
sponge_gourd,patola,wet,29.5,76.3,6.4,73.1,chemical,3,236.4,32,20,10,1,7,4,0.57
bitter_gourd,ampalaya_hybrid,dry,28.6,68.5,9.7,64.9,mixed,5,689.7,100,62,24,1,21,15,0.71
bitter_gourd,ampalaya_hybrid,dry,24.3,72.6,9.2,58.9,chemical,4,607.9,98,110,30,1,27,14,0.445
cucumber,pipino_native,dry,27.8,60.5,9.7,68.3,mixed,4,398.3,57,36,18,1,17,10,0.617
cucumber,pipino_native,wet,28.6,86.0,6.9,69.8,organic,4,188.1,38,35,15,1,11,8,0.612
cucumber,pipino_native,dry,34.4,68.5,8.2,57.0,chemical,4,292.3,36,37,18,1,17,7,0.494
squash,kalabasa_hybrid,wet,29.0,70.8,5.7,77.9,mixed,5,1053.8,100,79,29,0,26,17,0.581
bitter_gourd,ampalaya_hybrid,dry,27.4,63.3,7.6,63.6,chemical,4,460.5,80,28,7,1,3,3,0.498
squash,kalabasa,dry,25.8,73.0,9.4,70.8,organic,4,598.2,100,47,17,0,17,8,0.543
sponge_gourd,patola,wet,26.5,72.9,4.9,66.9,chemical,3,210.7,27,8,3,0,2,2,0.477
bottle_gourd,upo_long,wet,26.9,78.5,4.2,65.7,none,3,602.6,100,36,13,1,10,8,0.552
squash,kalabasa_hybrid,dry,24.9,70.5,7.4,72.7,chemical,3,364.8,59,41,12,1,11,6,0.546
squash,kalabasa_native,wet,28.2,82.9,6.1,67.4,organic,4,846.6,100,41,16,0,15,9,0.544
squash,kalabasa_hybrid,wet,29.1,81.2,4.5,58.5,none,4,725.4,100,61,21,1,17,6,0.479
bottle_gourd,upo_long,wet,26.6,73.9,4.4,50.9,mixed,4,907.7,100,68,26,1,26,19,0.716
sponge_gourd,patola,wet,26.4,84.0,5.8,55.6,organic,3,180.5,29,4,2,1,2,0,0.594
bitter_gourd,ampalaya_oblong,wet,26.3,88.7,6.7,67.1,organic,5,356.5,64,40,14,0,10,7,0.548
cucumber,pipino_native,wet,29.7,75.7,6.7,63.6,mixed,4,177.0,29,22,9,0,7,4,0.457
cucumber,pipino,dry,30.6,58.8,7.7,74.0,organic,4,229.5,46,28,12,0,9,6,0.519
bitter_gourd,ampalaya_bilog,wet,31.7,74.8,5.2,56.4,none,4,712.4,100,106,30,1,28,15,0.519
bitter_gourd,ampalaya_hybrid,dry,25.4,67.8,9.4,67.8,organic,4,357.6,64,53,14,1,11,8,0.652
sponge_gourd,patola_ridged,dry,32.4,74.3,8.5,55.5,chemical,4,747.3,100,58,27,0,23,10,0.415
cucumber,pipino,wet,28.8,81.2,6.3,50.3,mixed,4,272.3,49,27,16,1,16,12,0.64
cucumber,pipino_native,dry,31.3,62.0,8.2,56.3,chemical,3,243.3,38,46,23,0,21,8,0.465
bottle_gourd,upo_smooth,wet,28.6,78.6,5.2,56.5,organic,4,695.6,100,61,30,0,29,17,0.535
cucumber,pipino_japanese,dry,33.5,59.8,7.8,55.6,organic,4,552.2,97,50,24,0,23,13,0.468
cucumber,pipino_japanese,dry,26.6,59.0,7.8,64.9,none,3,258.6,44,23,15,0,15,4,0.314
bitter_gourd,ampalaya_bilog,wet,31.2,77.1,4.6,66.1,chemical,4,417.1,68,40,12,0,9,3,0.484
bottle_gourd,upo_round,dry,31.2,63.3,9.3,64.2,chemical,4,427.2,65,20,10,1,10,7,0.532
bitter_gourd,ampalaya_hybrid,dry,32.4,63.4,9.9,67.7,none,4,385.3,60,37,13,1,13,6,0.437
bitter_gourd,ampalaya_hybrid,wet,26.4,86.5,6.2,78.0,mixed,4,262.7,48,21,6,0,4,4,0.525
bottle_gourd,upo_smooth,dry,26.5,69.2,7.9,55.9,mixed,3,317.0,52,12,4,1,2,0,0.555
cucumber,pipino,wet,28.7,73.2,6.3,65.5,mixed,4,275.9,40,27,14,0,12,8,0.547
bitter_gourd,ampalaya_bilog,wet,30.9,78.3,5.2,53.4,chemical,4,415.0,75,72,18,1,15,10,0.531
sponge_gourd,patola_smooth,wet,28.4,77.6,4.9,67.4,chemical,4,660.2,100,73,25,0,25,13,0.49
squash,kalabasa,dry,27.6,71.9,8.2,52.0,organic,4,559.3,99,66,22,0,19,10,0.573
sponge_gourd,patola_smooth,dry,28.0,73.2,7.0,67.6,organic,4,515.7,75,68,30,0,30,20,0.636
bitter_gourd,ampalaya_bilog,wet,29.3,70.6,6.8,75.3,organic,5,456.6,66,69,18,1,16,13,0.74
cucumber,pipino_japanese,wet,30.8,76.4,6.3,79.6,chemical,4,466.9,74,34,20,1,17,8,0.533
cucumber,pipino,dry,33.7,67.7,7.9,52.8,organic,5,531.4,94,46,30,0,27,17,0.592
bitter_gourd,ampalaya_bilog,dry,34.0,56.3,7.4,68.9,none,4,582.7,100,102,26,1,25,11,0.436
bitter_gourd,ampalaya_bilog,dry,26.1,63.8,8.0,61.9,chemical,3,218.6,35,18,5,0,5,1,0.431
bottle_gourd,upo_round,wet,26.4,87.1,5.0,51.7,none,3,348.8,57,15,6,1,3,3,0.409
bitter_gourd,ampalaya_oblong,wet,26.1,80.1,4.9,61.4,mixed,3,229.6,34,37,13,1,13,7,0.465
bottle_gourd,upo_long,wet,28.6,76.1,6.1,56.2,none,4,768.7,100,44,20,1,16,8,0.394
squash,kalabasa,wet,27.4,82.8,5.7,56.4,mixed,4,469.8,79,30,10,0,6,3,0.452
squash,kalabasa,dry,33.9,64.9,8.0,65.8,organic,4,490.6,91,21,7,1,3,0,0.586
squash,kalabasa,dry,28.7,74.7,9.2,57.7,chemical,3,754.2,100,71,26,1,26,16,0.532
bottle_gourd,upo_smooth,wet,31.7,75.5,6.6,76.3,organic,4,977.0,100,68,30,1,29,16,0.553
squash,kalabasa_native,wet,28.6,79.2,4.9,59.1,mixed,4,308.1,53,6,2,1,2,0,0.669
cucumber,pipino_native,wet,31.2,88.9,6.3,64.9,mixed,4,174.4,30,2,1,1,1,1,0.541
cucumber,pipino,wet,27.8,80.3,5.1,57.4,none,3,262.0,43,38,19,0,18,9,0.37
bottle_gourd,upo_long,wet,31.7,86.5,5.1,61.0,none,3,545.9,90,45,18,0,18,3,0.3
cucumber,pipino_japanese,wet,27.2,78.1,5.6,59.1,chemical,3,264.4,50,40,22,1,22,10,0.488
sponge_gourd,patola_ridged,dry,26.7,69.4,7.2,63.5,mixed,4,260.9,42,30,14,0,10,2,0.437
sponge_gourd,patola_smooth,dry,32.7,72.9,9.8,75.6,organic,4,672.2,100,82,30,1,28,20,0.655
sponge_gourd,patola_ridged,wet,27.9,87.1,6.6,66.0,organic,4,498.2,96,29,13,1,10,7,0.638
squash,kalabasa_native,wet,27.9,71.9,5.0,59.4,organic,5,470.9,83,26,7,0,4,1,0.598
squash,kalabasa_native,dry,34.0,55.0,9.0,72.3,chemical,4,293.4,45,11,4,1,2,0,0.427
squash,kalabasa_native,wet,30.2,75.7,4.6,64.4,chemical,3,551.3,89,25,10,0,10,5,0.406
squash,kalabasa_hybrid,dry,32.3,62.1,7.1,73.0,none,3,364.6,52,6,2,0,1,0,0.3
bitter_gourd,ampalaya_oblong,dry,32.2,64.0,9.5,59.4,organic,4,540.2,85,110,30,0,27,11,0.467
squash,kalabasa_native,wet,29.8,83.7,5.7,55.2,mixed,5,663.2,100,22,8,0,5,1,0.54
bottle_gourd,upo_long,dry,34.7,69.5,8.9,51.3,mixed,3,408.5,68,22,10,0,8,2,0.441
bitter_gourd,ampalaya_bilog,wet,29.8,77.7,5.0,73.8,none,4,550.9,90,96,30,0,29,11,0.397
squash,kalabasa_native,dry,28.0,72.1,8.9,53.4,chemical,4,505.6,85,62,20,1,17,13,0.635
squash,kalabasa,dry,34.2,63.4,9.6,63.0,none,3,885.7,100,65,23,1,23,9,0.428
bitter_gourd,ampalaya_bilog,wet,28.4,84.2,5.5,64.9,mixed,3,299.6,47,56,19,1,16,11,0.567
sponge_gourd,patola_smooth,wet,30.3,82.2,4.4,50.9,none,4,686.3,100,51,24,1,21,9,0.402
squash,kalabasa_hybrid,wet,31.6,78.8,5.8,76.6,mixed,4,620.6,100,43,11,0,9,3,0.563
cucumber,pipino_native,wet,31.5,87.1,5.8,54.6,organic,4,446.9,76,66,30,1,26,16,0.613
sponge_gourd,patola_ridged,dry,28.6,73.4,8.5,55.0,none,3,270.3,43,17,7,1,3,3,0.406
cucumber,pipino_native,wet,29.1,77.4,6.9,77.3,mixed,4,137.2,21,11,5,0,4,3,0.568
sponge_gourd,patola_smooth,dry,27.2,74.5,7.9,74.6,organic,4,330.0,54,48,17,0,14,10,0.644
cucumber,pipino_japanese,wet,28.4,70.4,6.0,53.7,organic,3,245.5,36,9,5,1,3,3,0.631
sponge_gourd,patola_ridged,wet,31.8,75.6,5.2,77.5,mixed,4,325.1,45,35,14,1,14,9,0.637
squash,kalabasa_hybrid,wet,26.3,83.7,6.5,63.6,mixed,4,607.9,93,84,22,0,21,11,0.613
sponge_gourd,patola,wet,30.9,82.4,6.1,50.6,organic,4,331.7,50,26,11,1,10,4,0.629
bottle_gourd,upo_round,dry,26.8,70.0,8.5,66.2,chemical,3,304.5,58,15,5,0,5,1,0.409
cucumber,pipino_japanese,dry,33.0,67.5,8.2,76.4,mixed,4,188.1,25,18,8,0,6,3,0.523
cucumber,pipino,wet,26.9,89.9,5.0,63.9,organic,5,548.7,97,66,29,1,27,16,0.664
bitter_gourd,ampalaya_hybrid,wet,28.1,76.9,5.7,76.9,organic,3,491.1,84,69,20,0,19,8,0.534
squash,kalabasa_native,wet,27.7,84.3,6.9,56.5,mixed,4,692.1,100,111,30,1,27,13,0.525
squash,kalabasa,dry,30.7,70.8,8.7,51.6,none,4,511.0,79,32,10,0,10,5,0.433
cucumber,pipino_native,wet,31.4,86.6,6.6,69.0,organic,5,232.4,31,16,8,0,8,3,0.52
bitter_gourd,ampalaya_oblong,wet,28.6,81.3,4.7,60.8,none,4,402.5,64,31,9,1,9,4,0.469
sponge_gourd,patola_smooth,wet,31.0,74.0,4.7,61.5,organic,4,288.6,44,31,11,1,11,9,0.687
squash,kalabasa,wet,29.8,88.9,6.8,53.2,none,4,623.5,100,53,14,1,12,8,0.489
cucumber,pipino_native,wet,26.9,89.6,6.0,55.6,none,3,178.2,31,9,5,0,4,0,0.3
cucumber,pipino_native,dry,24.4,58.6,8.5,51.2,none,3,240.7,38,44,20,1,16,4,0.398
squash,kalabasa_native,wet,30.2,77.6,5.0,61.5,chemical,4,739.7,100,58,20,0,17,10,0.525
sponge_gourd,patola_ridged,wet,29.8,77.8,4.6,60.2,none,4,671.9,100,77,26,1,23,11,0.44
sponge_gourd,patola_smooth,dry,32.2,72.7,9.3,60.6,mixed,4,266.5,44,16,7,0,4,2,0.533
bottle_gourd,upo_smooth,wet,29.4,76.3,4.1,77.9,chemical,4,691.8,100,38,17,0,13,6,0.507
bitter_gourd,ampalaya_bilog,dry,34.6,60.9,7.6,67.9,chemical,2,315.9,54,35,14,1,13,5,0.416
bitter_gourd,ampalaya_oblong,dry,33.7,66.0,8.6,78.8,none,4,696.5,100,93,30,0,26,6,0.3
bitter_gourd,ampalaya_oblong,wet,28.6,72.2,6.7,64.0,organic,4,278.9,47,16,5,1,1,0,0.599
cucumber,pipino_native,dry,25.6,64.2,8.1,79.8,chemical,4,376.6,55,57,30,1,30,16,0.553
squash,kalabasa,dry,27.5,69.4,9.2,55.2,mixed,4,842.8,100,62,24,1,20,14,0.587
bottle_gourd,upo_smooth,wet,30.1,88.0,6.2,64.2,chemical,3,273.0,43,2,1,0,1,0,0.383
sponge_gourd,patola_ridged,wet,29.4,73.2,4.8,51.9,organic,4,472.2,73,41,15,1,11,8,0.693
squash,kalabasa,dry,32.0,73.0,9.6,72.0,none,4,552.6,94,103,26,1,26,12,0.42
squash,kalabasa_hybrid,wet,29.7,74.2,6.9,72.1,organic,4,433.8,74,41,16,1,15,12,0.667
bottle_gourd,upo_smooth,wet,28.8,87.4,6.8,61.2,mixed,5,1108.7,100,75,30,1,26,18,0.628
bitter_gourd,ampalaya_oblong,dry,24.7,57.4,7.7,54.4,organic,4,360.6,63,50,15,0,13,7,0.488
sponge_gourd,patola,wet,30.8,85.0,5.1,73.1,none,5,1163.5,100,75,30,1,26,14,0.517
squash,kalabasa_hybrid,dry,28.1,66.4,9.0,67.5,none,4,527.3,96,26,9,1,7,6,0.58
cucumber,pipino_japanese,wet,30.1,84.9,6.9,62.0,chemical,5,432.3,73,48,30,1,29,13,0.479
bitter_gourd,ampalaya_oblong,dry,26.2,66.8,8.3,71.0,chemical,3,622.4,100,94,29,1,28,11,0.48
bitter_gourd,ampalaya_bilog,dry,30.1,57.3,9.3,76.5,chemical,4,462.0,80,38,10,1,9,5,0.544
sponge_gourd,patola,wet,27.3,82.9,5.8,53.8,organic,4,335.6,53,36,16,1,14,8,0.679
bottle_gourd,upo_round,wet,28.4,75.6,6.3,61.4,mixed,5,1017.8,100,95,30,1,30,19,0.689
bitter_gourd,ampalaya_oblong,dry,30.8,61.2,9.2,60.0,organic,5,722.3,100,100,30,1,27,18,0.728
bitter_gourd,ampalaya_hybrid,dry,30.5,62.5,7.4,73.0,mixed,4,345.8,59,58,21,0,19,8,0.448
cucumber,pipino_native,wet,31.9,88.5,6.1,79.1,none,3,224.6,40,33,16,1,13,3,0.3
squash,kalabasa,dry,26.3,56.0,9.5,61.3,organic,4,913.6,100,67,26,1,24,12,0.6
squash,kalabasa,dry,33.7,71.4,7.1,75.6,chemical,4,604.5,99,13,5,1,4,3,0.527
bottle_gourd,upo_smooth,wet,28.5,80.4,4.7,53.4,organic,4,639.5,100,81,27,0,25,12,0.522
bottle_gourd,upo_long,wet,31.7,76.0,4.5,58.1,organic,3,527.6,95,42,14,0,13,5,0.546
squash,kalabasa,dry,26.9,59.4,7.4,67.6,chemical,3,623.2,100,46,15,0,13,7,0.369
sponge_gourd,patola_smooth,dry,28.9,73.1,7.3,67.8,chemical,3,395.4,68,71,27,1,26,14,0.568
cucumber,pipino,dry,30.2,60.1,8.7,76.6,mixed,4,222.5,38,28,17,1,15,6,0.55
bottle_gourd,upo_round,dry,33.0,66.8,7.1,60.9,organic,4,482.7,76,26,12,0,11,4,0.518
cucumber,pipino_japanese,dry,29.0,72.2,7.8,60.2,chemical,3,376.8,63,27,16,1,13,6,0.517
bottle_gourd,upo_long,wet,26.5,81.4,6.6,64.6,organic,4,732.9,100,92,30,0,29,11,0.443
bitter_gourd,ampalaya_bilog,dry,33.4,57.8,8.6,68.3,mixed,4,356.0,55,19,6,1,5,2,0.598
sponge_gourd,patola_ridged,wet,32.0,74.6,5.9,59.7,mixed,4,639.4,100,41,18,0,17,9,0.583
bitter_gourd,ampalaya_bilog,dry,25.2,67.0,9.9,54.9,mixed,3,195.0,41,24,9,1,9,3,0.611
squash,kalabasa,wet,28.5,88.4,6.6,62.9,none,4,775.0,100,57,17,0,17,4,0.373
sponge_gourd,patola,dry,32.6,66.1,7.4,73.8,mixed,4,480.5,78,67,27,1,23,12,0.574
cucumber,pipino,wet,26.0,71.8,4.3,76.3,organic,3,248.4,36,48,25,0,23,10,0.497
bitter_gourd,ampalaya_oblong,dry,27.7,72.2,8.2,63.8,chemical,4,484.2,77,66,22,1,20,12,0.482
squash,kalabasa_hybrid,dry,34.4,64.2,8.0,79.5,organic,5,1219.6,100,114,30,0,27,14,0.57
squash,kalabasa_native,wet,26.5,70.3,5.3,52.0,mixed,4,455.9,69,45,13,1,11,8,0.632
sponge_gourd,patola_ridged,dry,33.6,58.8,9.7,51.0,organic,4,323.5,45,47,22,1,18,8,0.495
bottle_gourd,upo_smooth,dry,29.1,55.6,9.8,68.3,mixed,5,907.4,100,98,30,1,27,19,0.659
cucumber,pipino_japanese,dry,30.9,63.5,8.9,56.2,organic,4,281.6,47,46,24,0,24,12,0.553
squash,kalabasa,dry,31.0,69.2,7.2,53.9,chemical,3,560.6,100,33,9,0,6,2,0.395
bottle_gourd,upo_round,wet,27.6,74.9,6.8,56.8,mixed,4,587.8,100,67,25,1,22,15,0.571
bitter_gourd,ampalaya_hybrid,wet,30.0,72.3,5.8,55.1,organic,4,273.3,48,20,6,1,2,0,0.662
bitter_gourd,ampalaya_hybrid,dry,26.3,56.3,9.7,56.0,organic,4,713.7,100,76,30,1,26,14,0.592
squash,kalabasa_native,dry,26.6,72.5,10.0,60.0,chemical,3,409.0,76,23,9,1,6,1,0.551
bitter_gourd,ampalaya_oblong,dry,26.9,59.3,8.2,56.9,mixed,5,320.7,48,38,12,1,12,7,0.611
bitter_gourd,ampalaya_hybrid,wet,27.1,78.9,6.9,56.4,chemical,3,414.7,68,58,20,0,18,9,0.38
cucumber,pipino,wet,26.0,70.6,6.6,62.6,organic,4,199.4,33,2,1,1,1,1,0.672
squash,kalabasa_hybrid,dry,26.7,65.1,9.7,77.3,none,4,516.4,81,97,27,0,25,14,0.473
bottle_gourd,upo_long,wet,31.1,86.5,4.8,71.2,organic,5,489.8,73,43,13,1,13,8,0.68
bitter_gourd,ampalaya_oblong,wet,29.7,75.7,5.5,57.3,chemical,3,290.2,56,44,11,1,8,4,0.471
cucumber,pipino_native,wet,29.9,84.7,6.2,78.4,chemical,4,204.1,37,26,11,0,8,4,0.496
sponge_gourd,patola,wet,26.4,83.9,6.7,78.8,chemical,4,547.3,84,32,16,0,15,8,0.481
bitter_gourd,ampalaya_hybrid,dry,28.7,58.6,7.4,52.3,chemical,4,304.6,55,5,2,1,1,1,0.516
cucumber,pipino,wet,29.3,72.3,6.9,59.2,chemical,3,438.8,76,47,30,0,26,15,0.506
sponge_gourd,patola,dry,32.3,67.5,9.2,73.8,chemical,4,519.0,81,56,20,1,16,8,0.479
cucumber,pipino_japanese,wet,27.2,80.3,6.3,64.9,organic,4,545.0,92,73,30,0,29,16,0.582
bitter_gourd,ampalaya_bilog,wet,27.1,84.0,5.4,62.6,mixed,5,723.3,100,108,30,0,28,13,0.552
squash,kalabasa,wet,27.9,78.0,5.7,67.8,mixed,4,804.0,100,76,22,0,22,11,0.576
sponge_gourd,patola,dry,25.5,63.1,9.6,64.3,organic,4,281.5,37,15,7,0,6,3,0.455
bitter_gourd,ampalaya_oblong,wet,27.9,72.7,4.3,62.8,organic,3,228.8,34,23,6,0,2,0,0.575
squash,kalabasa,dry,26.3,62.7,7.0,50.8,chemical,4,554.3,85,99,26,0,23,11,0.404
bottle_gourd,upo_smooth,wet,30.2,71.0,6.6,65.7,mixed,4,626.2,100,84,30,0,30,19,0.602
cucumber,pipino_native,wet,28.6,77.5,4.3,50.9,chemical,4,424.3,74,32,20,0,17,10,0.444
squash,kalabasa_hybrid,wet,30.7,81.0,5.9,70.2,organic,4,276.5,39,43,11,1,9,4,0.643
bottle_gourd,upo_round,dry,34.9,58.3,8.2,54.0,organic,4,491.4,84,27,9,0,9,5,0.526
sponge_gourd,patola,wet,29.2,83.6,4.7,73.8,mixed,4,812.7,100,77,29,1,27,18,0.64
sponge_gourd,patola_ridged,wet,30.3,86.3,6.3,66.1,mixed,5,757.3,100,68,30,1,30,17,0.583
bitter_gourd,ampalaya_bilog,dry,28.7,66.9,7.4,66.4,chemical,4,807.2,100,106,30,1,27,10,0.445
cucumber,pipino_native,dry,32.3,62.7,7.6,78.9,none,4,180.5,27,15,7,1,6,5,0.435
bottle_gourd,upo_long,wet,26.0,85.4,4.7,57.4,none,4,900.3,100,69,28,1,24,11,0.475
squash,kalabasa_native,dry,34.3,62.9,7.5,78.0,mixed,4,450.0,69,30,8,0,8,4,0.51
sponge_gourd,patola_ridged,dry,26.4,65.0,9.6,51.5,chemical,3,625.0,100,66,28,1,27,14,0.595
cucumber,pipino,wet,28.9,76.3,6.6,69.9,chemical,3,244.2,43,59,24,1,23,13,0.566
bitter_gourd,ampalaya_oblong,dry,32.7,57.2,7.7,62.7,mixed,4,448.5,79,32,8,0,4,4,0.505
bitter_gourd,ampalaya_oblong,wet,30.8,85.1,6.8,56.1,mixed,3,466.7,79,83,24,0,23,10,0.471
squash,kalabasa_hybrid,dry,29.7,66.0,8.4,58.7,none,4,586.6,98,100,27,0,25,11,0.438
cucumber,pipino,wet,26.5,76.9,5.3,77.8,chemical,4,254.5,44,33,17,1,16,11,0.58
bitter_gourd,ampalaya_hybrid,dry,24.1,58.6,9.9,52.0,chemical,3,312.7,58,27,8,1,4,3,0.401
bitter_gourd,ampalaya_oblong,wet,30.2,79.4,4.3,65.3,mixed,4,304.8,58,28,11,0,11,8,0.558
squash,kalabasa_native,wet,27.0,80.6,5.1,76.9,none,3,392.6,66,30,11,1,8,2,0.457
bitter_gourd,ampalaya_oblong,dry,33.4,67.1,8.1,54.5,mixed,5,227.6,31,6,2,1,2,2,0.75
squash,kalabasa_native,wet,31.7,86.7,5.1,73.6,mixed,4,387.4,61,53,21,1,17,6,0.485
bitter_gourd,ampalaya_bilog,wet,29.9,70.3,6.6,78.5,chemical,3,351.1,57,35,9,0,5,5,0.608
squash,kalabasa_hybrid,wet,29.1,73.1,4.3,56.4,organic,4,778.1,100,94,27,0,25,16,0.55
sponge_gourd,patola,dry,28.8,63.0,9.2,53.8,mixed,4,281.2,48,26,11,1,10,7,0.593
squash,kalabasa_hybrid,wet,28.1,86.2,6.8,55.8,chemical,3,837.8,100,94,29,1,28,14,0.526
squash,kalabasa,dry,31.5,70.5,7.7,63.6,organic,3,478.7,88,36,10,1,8,3,0.599
sponge_gourd,patola_ridged,dry,32.2,71.0,9.4,74.8,none,4,728.8,100,89,30,1,27,14,0.441
sponge_gourd,patola_ridged,dry,29.8,67.9,8.6,70.0,none,4,485.0,75,72,30,1,29,12,0.477
cucumber,pipino_native,dry,28.0,72.6,7.6,71.6,none,3,182.7,23,34,16,1,16,8,0.461
cucumber,pipino,wet,31.7,78.9,5.2,78.4,organic,4,223.6,41,44,18,1,16,10,0.61
sponge_gourd,patola_smooth,dry,24.1,59.1,9.3,74.3,mixed,4,704.8,100,56,24,0,20,9,0.41
sponge_gourd,patola,wet,28.9,70.2,6.0,56.9,mixed,4,439.1,74,66,29,1,25,18,0.66
squash,kalabasa_native,wet,28.6,86.1,5.8,63.6,none,4,744.8,100,98,25,1,22,10,0.427
bottle_gourd,upo_long,dry,33.2,68.8,7.2,79.6,chemical,3,423.9,63,44,16,0,12,7,0.473
bitter_gourd,ampalaya_oblong,dry,33.4,55.0,9.4,69.1,chemical,4,324.7,48,36,13,0,11,5,0.446
bottle_gourd,upo_smooth,dry,28.8,69.7,9.3,71.5,mixed,5,948.5,100,87,30,0,30,23,0.709
cucumber,pipino,dry,28.0,64.9,9.5,74.0,mixed,5,561.3,98,71,30,0,28,17,0.654
bitter_gourd,ampalaya_bilog,wet,29.5,72.4,5.7,76.6,organic,4,463.6,78,96,30,1,29,19,0.694
bottle_gourd,upo_long,wet,30.8,85.7,6.1,56.2,organic,4,605.7,94,75,22,1,22,12,0.55
squash,kalabasa_hybrid,wet,27.0,75.1,4.5,59.4,chemical,4,765.4,100,63,19,0,18,9,0.481
bitter_gourd,ampalaya_oblong,wet,26.6,80.9,5.9,76.3,organic,4,529.1,88,93,30,1,29,19,0.602
squash,kalabasa_hybrid,dry,33.6,71.4,9.9,64.5,none,3,604.1,95,58,20,1,17,9,0.409
squash,kalabasa,wet,29.4,87.3,4.2,54.8,none,3,668.0,100,75,20,0,16,3,0.317
bitter_gourd,ampalaya_oblong,dry,24.8,72.1,7.3,60.5,none,4,606.4,100,100,30,0,26,11,0.402
squash,kalabasa_native,dry,26.0,71.8,9.0,66.1,organic,4,346.7,52,13,5,1,1,1,0.678
bottle_gourd,upo_smooth,dry,31.5,59.6,7.6,65.2,mixed,4,305.7,55,15,7,1,7,4,0.573
sponge_gourd,patola_smooth,wet,27.6,89.3,6.9,69.5,mixed,4,481.3,87,80,30,0,28,15,0.547
bottle_gourd,upo_long,wet,28.7,74.5,5.6,70.8,none,4,487.0,82,31,13,0,9,4,0.36
cucumber,pipino_japanese,wet,27.2,73.3,4.9,74.6,mixed,4,447.4,80,41,24,1,22,11,0.609
bottle_gourd,upo_long,dry,28.4,74.1,8.8,73.4,chemical,4,421.6,65,3,1,0,1,0,0.579
cucumber,pipino,wet,31.6,70.0,5.5,50.5,none,2,153.7,26,18,10,1,6,1,0.382
bitter_gourd,ampalaya_hybrid,dry,29.9,61.1,8.6,71.9,chemical,2,104.2,15,4,1,0,1,1,0.386
bottle_gourd,upo_round,wet,27.9,80.8,4.5,52.7,mixed,4,533.9,81,50,20,0,17,9,0.544
bitter_gourd,ampalaya_hybrid,wet,26.9,85.5,4.9,70.2,none,4,317.5,55,59,15,1,15,4,0.37
sponge_gourd,patola_ridged,wet,31.9,86.0,5.8,65.5,none,3,505.0,83,29,11,1,8,5,0.319
bitter_gourd,ampalaya_oblong,wet,29.8,90.0,4.4,56.3,none,3,538.1,85,60,17,1,13,5,0.484
bottle_gourd,upo_round,wet,29.9,87.8,4.9,79.0,organic,4,717.0,100,93,30,1,29,18,0.582
cucumber,pipino_native,dry,25.4,56.5,9.7,53.4,mixed,5,810.1,100,58,30,1,27,16,0.653
sponge_gourd,patola_ridged,wet,27.0,72.0,6.2,55.9,none,3,512.0,84,76,27,1,25,7,0.372
squash,kalabasa_native,wet,26.3,89.4,6.8,55.5,none,4,1169.4,100,111,28,1,26,8,0.381
cucumber,pipino_japanese,wet,26.5,83.7,4.9,79.9,none,4,301.7,51,38,16,0,12,7,0.398
bitter_gourd,ampalaya_oblong,wet,28.7,86.4,5.8,50.8,chemical,4,376.7,56,76,19,1,17,10,0.555
squash,kalabasa_hybrid,dry,33.7,68.0,7.2,54.7,mixed,4,504.8,74,25,8,0,6,2,0.465
squash,kalabasa,dry,27.7,61.8,8.7,77.5,organic,4,492.5,79,11,3,1,2,0,0.594
sponge_gourd,patola_ridged,dry,33.5,62.7,7.3,73.5,none,4,299.6,47,40,15,1,12,4,0.391
sponge_gourd,patola_smooth,wet,29.9,85.7,4.4,58.2,organic,4,649.3,100,67,30,1,26,20,0.705
bitter_gourd,ampalaya_oblong,dry,29.4,72.6,8.9,51.5,chemical,5,472.4,81,67,21,1,18,11,0.683
cucumber,pipino_native,wet,28.1,74.3,4.8,76.3,none,3,154.1,30,3,2,1,1,1,0.344
squash,kalabasa,wet,27.0,88.2,4.3,59.5,none,3,501.5,75,43,12,1,10,5,0.365
cucumber,pipino_native,wet,27.4,89.6,6.2,64.3,organic,4,398.6,62,35,22,0,21,12,0.586
bitter_gourd,ampalaya_bilog,dry,25.4,57.9,9.1,62.3,none,3,268.9,41,31,10,1,9,4,0.358
bitter_gourd,ampalaya_bilog,wet,28.5,72.2,6.5,58.1,organic,5,679.0,100,108,30,0,26,15,0.668
sponge_gourd,patola_ridged,wet,31.6,79.0,6.4,72.9,organic,3,436.4,69,50,20,1,17,10,0.592
squash,kalabasa_native,dry,31.1,67.5,9.0,67.9,organic,4,661.4,100,51,15,0,14,8,0.578
squash,kalabasa_native,wet,26.3,72.6,5.3,51.8,none,4,445.9,72,5,2,1,1,1,0.509
sponge_gourd,patola_ridged,dry,29.7,64.8,8.6,68.1,chemical,3,257.0,44,46,16,1,12,6,0.463
cucumber,pipino_native,wet,30.8,78.6,6.7,72.8,mixed,5,219.8,29,13,6,0,4,3,0.525
bitter_gourd,ampalaya_bilog,wet,27.8,70.1,6.8,73.8,organic,4,190.0,21,16,4,1,4,4,0.731
squash,kalabasa_hybrid,wet,26.2,88.6,6.6,52.8,none,3,296.0,51,3,1,0,1,1,0.329
cucumber,pipino_native,wet,26.7,88.8,5.7,59.0,none,4,527.2,91,72,30,0,27,7,0.3
cucumber,pipino_japanese,dry,34.1,58.2,8.4,71.9,chemical,3,324.4,54,43,18,0,14,3,0.352
bitter_gourd,ampalaya_oblong,wet,28.0,75.3,4.9,68.7,organic,5,547.8,86,88,24,0,21,10,0.556
cucumber,pipino_japanese,wet,28.9,70.5,5.1,78.9,mixed,4,550.5,93,56,30,1,27,15,0.635
squash,kalabasa,dry,27.3,74.4,9.8,63.6,chemical,3,344.5,60,4,1,1,1,1,0.504
cucumber,pipino_japanese,dry,31.1,74.9,7.8,66.0,mixed,4,227.3,38,28,17,0,16,9,0.518
bitter_gourd,ampalaya_bilog,wet,26.2,86.7,5.0,78.9,organic,4,360.4,58,43,17,1,14,12,0.702
cucumber,pipino,wet,29.9,85.4,5.8,75.7,none,3,432.8,81,68,30,1,26,7,0.358
sponge_gourd,patola_ridged,wet,27.3,82.3,6.5,79.3,organic,4,710.1,100,59,23,0,23,13,0.572
bitter_gourd,ampalaya_hybrid,dry,28.4,58.5,7.3,69.5,mixed,4,305.1,50,23,7,1,5,1,0.633
squash,kalabasa_native,dry,31.3,72.2,8.7,68.4,mixed,4,1078.4,100,78,28,0,28,17,0.56
cucumber,pipino_native,dry,31.4,74.3,7.7,72.3,none,3,207.8,35,22,14,1,13,3,0.385
bottle_gourd,upo_long,dry,25.2,57.3,9.2,78.9,organic,4,538.6,93,42,17,1,15,8,0.581
cucumber,pipino_japanese,dry,31.6,55.3,7.6,72.4,mixed,3,267.8,55,19,9,0,9,6,0.494
cucumber,pipino_native,dry,33.9,58.3,8.5,50.9,organic,5,198.4,34,35,18,0,17,8,0.56
squash,kalabasa_native,dry,32.8,55.5,9.9,58.4,none,4,556.7,96,78,26,0,22,8,0.3
bottle_gourd,upo_round,wet,31.3,71.0,4.3,54.0,chemical,2,328.5,55,27,11,1,10,2,0.388
squash,kalabasa_native,wet,30.5,86.5,6.8,74.4,organic,4,347.9,63,34,9,1,8,3,0.513
bitter_gourd,ampalaya_oblong,dry,25.7,69.6,9.8,72.8,none,3,413.2,75,24,7,0,6,2,0.304
cucumber,pipino,wet,28.5,83.4,4.8,57.2,organic,3,222.5,39,25,16,1,13,7,0.583
bitter_gourd,ampalaya_bilog,dry,33.9,63.4,8.8,72.4,organic,4,594.1,100,107,30,0,28,15,0.48
squash,kalabasa_hybrid,dry,30.5,68.9,8.9,54.2,chemical,4,613.7,97,66,20,1,17,10,0.522
bitter_gourd,ampalaya_bilog,wet,28.6,84.0,5.1,68.3,organic,4,270.2,42,24,8,1,5,2,0.615
sponge_gourd,patola_ridged,dry,33.9,71.7,8.4,63.6,mixed,4,364.1,63,7,3,0,3,2,0.477
squash,kalabasa,dry,25.1,62.8,8.4,79.9,organic,4,569.3,99,93,29,1,27,18,0.599
bitter_gourd,ampalaya_bilog,wet,30.9,78.6,6.5,64.0,none,4,285.2,50,3,1,0,1,0,0.355
bottle_gourd,upo_round,wet,28.0,87.7,4.2,66.5,mixed,4,875.2,100,55,26,1,23,13,0.567
bitter_gourd,ampalaya_bilog,wet,27.9,77.7,4.3,50.1,chemical,3,228.7,36,21,8,1,7,1,0.455
squash,kalabasa_native,dry,33.2,68.8,8.9,66.4,none,4,468.7,87,38,14,1,13,3,0.383
squash,kalabasa_hybrid,wet,26.4,71.2,6.3,74.3,organic,4,905.5,100,112,30,1,26,17,0.725
bitter_gourd,ampalaya_hybrid,wet,28.6,75.5,6.6,77.7,chemical,4,487.0,81,80,30,1,30,19,0.622
bitter_gourd,ampalaya_bilog,wet,29.7,74.8,5.5,53.8,chemical,4,387.8,60,48,17,1,14,6,0.582
cucumber,pipino,wet,31.9,89.4,5.5,50.7,chemical,3,220.8,39,35,21,1,18,9,0.506
squash,kalabasa_native,dry,34.9,66.3,9.0,58.4,none,4,570.1,90,82,23,1,23,9,0.382
bottle_gourd,upo_round,dry,31.6,59.4,8.8,70.1,chemical,4,975.0,100,93,30,1,30,13,0.498
bottle_gourd,upo_smooth,wet,28.4,83.6,4.6,51.1,chemical,4,633.9,100,66,21,1,21,10,0.526
squash,kalabasa,dry,29.1,66.0,8.3,63.1,chemical,3,532.8,85,69,20,1,16,11,0.546
squash,kalabasa_native,wet,29.9,82.9,6.8,75.8,chemical,5,622.5,98,28,9,0,5,3,0.477
cucumber,pipino_japanese,dry,34.6,68.7,8.9,54.4,organic,4,358.6,61,24,12,0,12,4,0.497
bitter_gourd,ampalaya_bilog,wet,31.2,88.7,6.0,59.5,mixed,4,727.7,100,115,29,1,28,16,0.588
sponge_gourd,patola,wet,26.1,87.9,6.1,54.7,chemical,4,664.9,100,61,30,0,26,10,0.477
cucumber,pipino_japanese,wet,29.9,85.0,4.5,64.4,none,3,346.2,65,49,22,1,19,6,0.423
sponge_gourd,patola_smooth,dry,28.4,58.3,9.0,51.7,mixed,4,474.8,85,27,10,1,10,7,0.515
squash,kalabasa_native,wet,28.6,72.8,6.0,80.0,organic,4,743.6,100,99,30,1,27,18,0.617
bottle_gourd,upo_round,wet,30.8,80.5,4.9,74.8,organic,4,556.0,96,75,25,1,22,12,0.563
squash,kalabasa_native,dry,33.2,55.9,7.7,63.5,chemical,3,338.8,61,25,7,1,5,2,0.446
sponge_gourd,patola_ridged,dry,34.7,57.9,9.8,54.1,chemical,4,805.2,100,75,30,1,28,13,0.483
sponge_gourd,patola_smooth,dry,32.7,58.1,8.5,72.3,none,3,463.3,77,28,10,0,9,5,0.3
cucumber,pipino,wet,27.1,75.7,5.2,50.4,mixed,4,198.3,42,2,1,1,1,0,0.58
sponge_gourd,patola_smooth,wet,28.9,87.8,4.8,67.3,mixed,4,421.9,71,27,13,1,12,10,0.663
squash,kalabasa_hybrid,wet,30.4,74.2,4.3,79.4,mixed,5,1218.1,100,119,30,0,29,19,0.62
sponge_gourd,patola,dry,27.9,65.8,8.3,78.4,mixed,4,234.1,37,3,1,0,1,1,0.553
squash,kalabasa_hybrid,dry,30.3,70.1,7.8,66.9,mixed,4,954.2,100,77,30,1,27,19,0.616
sponge_gourd,patola_smooth,dry,25.2,60.5,8.1,56.9,organic,4,296.4,59,19,7,0,7,6,0.529
cucumber,pipino,dry,34.0,67.8,7.5,57.6,chemical,4,266.6,40,37,19,1,16,10,0.581
sponge_gourd,patola_smooth,dry,25.9,65.6,7.9,75.4,none,5,613.1,100,65,23,1,22,11,0.464
squash,kalabasa_hybrid,wet,31.4,70.6,5.5,58.2,none,3,621.5,98,91,25,0,21,7,0.363
cucumber,pipino,dry,25.9,62.7,7.4,61.8,chemical,3,415.5,67,61,29,0,29,12,0.376
bitter_gourd,ampalaya_hybrid,wet,30.2,76.2,4.6,51.1,none,4,801.6,100,106,29,0,29,11,0.373
bottle_gourd,upo_round,dry,30.9,55.3,7.4,71.7,none,4,413.2,79,3,1,0,1,1,0.359
bitter_gourd,ampalaya_oblong,wet,28.8,79.9,6.8,62.0,mixed,4,427.4,68,39,13,0,12,6,0.451
bottle_gourd,upo_round,dry,25.1,70.2,7.5,53.2,organic,4,587.8,100,88,30,0,28,16,0.495
bitter_gourd,ampalaya_hybrid,wet,29.7,78.1,6.7,58.3,mixed,4,794.4,100,88,30,0,30,20,0.604
squash,kalabasa,dry,34.6,71.2,10.0,54.2,none,4,421.1,75,72,20,1,18,8,0.434
cucumber,pipino,dry,28.3,59.9,9.1,66.2,chemical,3,162.8,19,13,8,1,4,4,0.482
sponge_gourd,patola,dry,28.3,71.2,8.7,76.5,organic,4,626.3,100,37,18,1,16,12,0.623
sponge_gourd,patola,wet,30.6,77.5,5.4,53.0,mixed,4,799.5,100,76,30,1,30,21,0.685
bitter_gourd,ampalaya_bilog,dry,29.5,62.4,9.3,60.0,organic,5,729.1,100,117,30,1,28,19,0.698
squash,kalabasa,wet,29.2,70.0,4.4,56.0,mixed,4,930.8,100,69,25,0,21,10,0.564
squash,kalabasa_native,wet,28.8,76.2,6.4,51.0,organic,4,836.5,100,109,28,1,27,19,0.628
bitter_gourd,ampalaya_bilog,wet,31.0,79.9,7.0,64.8,organic,3,199.5,29,30,9,0,6,2,0.489
cucumber,pipino_native,dry,25.2,58.0,9.1,71.6,chemical,4,344.3,59,50,26,0,26,15,0.514
sponge_gourd,patola,dry,31.6,61.6,7.2,58.8,organic,5,858.4,100,85,30,1,29,20,0.66
cucumber,pipino_native,dry,24.1,68.5,8.9,62.2,none,4,666.9,100,52,30,1,26,17,0.569
bitter_gourd,ampalaya_oblong,wet,29.6,77.1,6.4,53.8,none,4,691.4,100,86,30,1,28,10,0.413
cucumber,pipino_native,wet,30.1,89.0,4.6,78.9,mixed,4,233.0,37,36,16,1,13,10,0.589
cucumber,pipino_native,wet,27.4,80.1,5.9,55.7,chemical,3,244.9,43,32,19,1,18,8,0.507
cucumber,pipino_native,dry,30.9,62.8,9.8,60.0,organic,4,191.8,30,26,12,1,10,4,0.605
cucumber,pipino_native,dry,32.4,74.1,7.5,70.7,chemical,4,217.6,33,27,13,0,9,4,0.533
cucumber,pipino,dry,33.4,72.2,9.6,77.0,organic,4,247.5,43,3,2,0,1,1,0.526
squash,kalabasa_native,dry,26.2,71.7,7.9,64.2,none,5,963.7,100,66,22,1,19,11,0.477
bitter_gourd,ampalaya_oblong,wet,31.7,77.3,4.1,65.1,chemical,4,442.8,77,63,16,0,12,5,0.507
sponge_gourd,patola_smooth,wet,27.3,85.7,4.7,50.8,mixed,4,390.6,73,57,24,1,20,12,0.56
sponge_gourd,patola_smooth,wet,29.2,70.6,6.0,57.8,none,3,423.2,75,38,16,1,13,7,0.361
squash,kalabasa_hybrid,dry,34.6,67.8,7.7,57.5,chemical,4,531.0,84,83,25,1,24,10,0.476
cucumber,pipino,dry,32.2,62.0,7.5,77.1,none,4,260.0,47,24,16,1,15,7,0.432
bitter_gourd,ampalaya_hybrid,dry,27.0,59.8,9.2,66.1,chemical,4,632.7,100,116,30,0,30,13,0.384
squash,kalabasa_hybrid,wet,30.8,83.2,6.2,79.0,mixed,3,250.8,40,22,7,0,5,3,0.461
sponge_gourd,patola,wet,30.0,77.5,5.7,66.7,mixed,4,415.0,72,50,22,1,19,10,0.644
sponge_gourd,patola_ridged,wet,31.5,79.2,6.7,58.6,chemical,3,144.5,31,2,1,1,1,0,0.443
bitter_gourd,ampalaya_hybrid,dry,26.2,55.5,8.7,55.4,chemical,3,297.3,42,39,12,0,9,5,0.421
cucumber,pipino_native,dry,31.7,60.3,8.3,51.8,chemical,3,199.0,24,34,17,1,13,5,0.513
sponge_gourd,patola_smooth,wet,31.6,84.2,5.9,76.0,chemical,4,643.8,100,72,27,1,27,11,0.454
bitter_gourd,ampalaya_hybrid,dry,31.8,65.5,7.6,60.4,none,4,370.9,64,45,12,0,10,1,0.331
cucumber,pipino_native,dry,25.5,74.2,8.9,69.3,organic,3,398.0,69,55,22,0,18,7,0.457
sponge_gourd,patola_smooth,wet,27.6,71.4,4.0,63.9,mixed,4,539.8,79,67,30,1,27,15,0.587
sponge_gourd,patola,dry,29.5,60.7,9.8,55.9,none,4,367.3,65,12,5,1,4,2,0.478
bitter_gourd,ampalaya_bilog,dry,26.1,70.4,7.3,53.3,mixed,5,590.2,90,117,30,1,26,17,0.687
bottle_gourd,upo_smooth,dry,32.7,71.8,9.3,60.7,chemical,3,299.0,45,33,11,1,8,2,0.524
sponge_gourd,patola_ridged,wet,31.8,81.7,5.9,50.1,organic,5,293.2,43,23,9,1,6,6,0.715
cucumber,pipino_native,dry,30.6,60.9,8.1,78.6,mixed,4,413.8,69,53,30,1,26,16,0.579
cucumber,pipino_native,dry,30.2,66.9,8.3,64.9,chemical,2,82.8,16,15,7,0,4,1,0.484
squash,kalabasa_hybrid,dry,33.6,61.4,7.6,62.8,mixed,4,624.7,100,83,28,1,27,16,0.623
cucumber,pipino,wet,27.8,74.2,4.5,53.9,mixed,4,553.8,94,65,30,1,29,17,0.606
cucumber,pipino_native,wet,29.3,72.1,6.6,52.8,mixed,4,177.9,22,2,1,1,1,0,0.611
bottle_gourd,upo_round,wet,27.0,83.2,5.6,70.3,mixed,4,432.8,77,48,18,0,18,9,0.492
bitter_gourd,ampalaya_oblong,dry,32.1,57.3,9.1,68.4,chemical,3,344.2,57,59,19,1,19,6,0.41
bottle_gourd,upo_round,wet,27.1,89.3,5.9,59.9,organic,4,753.6,100,93,27,0,25,14,0.499
bottle_gourd,upo_smooth,wet,27.0,71.5,4.8,77.0,organic,4,490.7,84,42,17,0,14,6,0.587
bitter_gourd,ampalaya_bilog,wet,31.7,81.6,5.1,54.5,none,4,643.9,100,84,26,1,23,8,0.407
bottle_gourd,upo_round,wet,26.8,75.8,4.9,70.1,organic,4,683.7,100,68,22,0,22,15,0.602
sponge_gourd,patola_smooth,wet,31.4,70.1,5.8,64.1,none,3,216.9,37,6,3,0,1,1,0.341
sponge_gourd,patola_ridged,wet,31.3,79.4,5.4,75.5,none,3,326.3,58,12,5,0,3,2,0.368
bottle_gourd,upo_round,dry,33.1,58.1,7.9,63.7,mixed,3,275.5,45,8,3,1,2,0,0.496
cucumber,pipino_japanese,wet,30.5,73.6,4.8,69.1,organic,4,291.3,47,35,20,1,20,11,0.576
bitter_gourd,ampalaya_oblong,dry,25.4,65.4,7.9,56.6,organic,4,433.7,76,90,27,1,25,12,0.562
sponge_gourd,patola_smooth,dry,33.6,55.2,8.4,66.8,organic,5,833.2,100,77,30,0,28,12,0.516
bitter_gourd,ampalaya_hybrid,dry,33.9,67.6,9.0,55.4,none,4,586.7,93,80,25,1,21,9,0.479
squash,kalabasa_hybrid,dry,33.1,58.0,7.9,61.6,mixed,5,632.3,100,16,4,0,4,0,0.488
sponge_gourd,patola,wet,30.1,79.6,4.1,52.8,mixed,4,186.1,30,16,7,1,6,4,0.698
bottle_gourd,upo_smooth,dry,29.1,60.5,9.5,56.9,mixed,4,960.6,100,94,30,0,26,10,0.443
bottle_gourd,upo_smooth,wet,31.1,76.9,4.7,55.1,organic,4,970.5,100,80,30,1,29,19,0.629
sponge_gourd,patola_smooth,dry,31.0,57.6,7.9,74.8,mixed,4,414.6,63,31,13,0,11,3,0.456
sponge_gourd,patola_ridged,wet,30.5,83.5,4.8,71.5,organic,5,869.9,100,63,30,1,27,19,0.786
cucumber,pipino,wet,30.8,72.8,4.4,50.8,mixed,3,142.8,34,9,6,1,3,0,0.549
bitter_gourd,ampalaya_bilog,wet,27.3,81.0,5.7,54.4,mixed,4,250.9,33,6,2,1,2,2,0.559
bitter_gourd,ampalaya_oblong,wet,29.7,70.8,6.0,55.1,chemical,4,642.9,100,78,24,0,21,9,0.437
sponge_gourd,patola_smooth,wet,30.5,76.0,6.9,58.2,mixed,4,338.4,57,24,10,0,7,6,0.548
bottle_gourd,upo_long,dry,28.1,70.0,7.8,69.6,mixed,4,480.3,73,26,11,0,7,3,0.544
bottle_gourd,upo_smooth,dry,33.2,59.3,9.9,79.8,chemical,3,301.0,51,13,4,0,3,1,0.373
bottle_gourd,upo_smooth,dry,34.7,71.3,9.8,76.8,mixed,4,664.3,100,73,30,1,26,15,0.598
squash,kalabasa_hybrid,wet,26.4,85.4,6.8,70.4,chemical,4,644.1,100,84,22,1,21,8,0.497
squash,kalabasa,dry,26.2,58.5,8.0,71.6,organic,4,1037.2,100,88,30,1,29,15,0.596
squash,kalabasa_native,dry,29.5,65.4,9.4,67.8,organic,5,1143.7,100,86,30,0,29,19,0.592
bottle_gourd,upo_smooth,dry,27.0,69.5,9.5,78.7,organic,5,1036.0,100,83,30,1,30,22,0.666
bitter_gourd,ampalaya_oblong,wet,31.7,74.7,4.7,63.8,mixed,4,572.3,90,82,27,0,26,16,0.614
bitter_gourd,ampalaya_hybrid,dry,30.8,60.3,9.6,66.7,none,4,547.0,87,42,13,1,10,3,0.462
bitter_gourd,ampalaya_bilog,wet,28.0,83.6,6.4,66.3,chemical,3,501.1,81,87,23,1,22,13,0.525
bottle_gourd,upo_round,wet,28.4,75.7,6.6,57.8,chemical,4,351.2,59,17,6,1,6,1,0.503
squash,kalabasa_hybrid,wet,28.2,81.5,4.6,56.8,mixed,4,665.7,100,78,24,1,24,18,0.738
cucumber,pipino,dry,25.3,64.0,7.5,59.2,chemical,4,380.3,57,35,16,1,15,9,0.604
sponge_gourd,patola_ridged,dry,34.0,71.1,7.3,65.9,organic,5,528.0,85,28,11,0,9,4,0.527
sponge_gourd,patola_smooth,dry,34.4,63.5,7.5,62.0,chemical,4,334.2,60,37,17,1,16,7,0.455
bottle_gourd,upo_long,wet,29.1,78.2,4.2,68.4,organic,4,654.3,100,77,30,1,30,18,0.658
cucumber,pipino,wet,29.0,82.8,5.2,51.6,organic,5,285.7,49,25,13,0,9,8,0.649
squash,kalabasa_hybrid,dry,34.0,60.8,9.4,59.6,mixed,3,642.0,100,49,13,1,10,6,0.523
squash,kalabasa,wet,31.3,84.9,6.4,55.4,chemical,4,393.1,68,21,6,1,4,2,0.495
bottle_gourd,upo_round,dry,31.3,68.6,7.0,56.2,none,3,277.4,47,7,3,1,3,1,0.401
sponge_gourd,patola_ridged,dry,30.2,66.6,8.7,58.9,mixed,4,479.5,83,59,26,0,23,15,0.561
bottle_gourd,upo_smooth,wet,30.9,88.7,4.5,50.7,none,4,309.8,47,15,5,0,1,1,0.377
cucumber,pipino_japanese,dry,29.0,64.8,9.4,55.4,mixed,4,522.5,91,60,30,1,30,21,0.67
cucumber,pipino_japanese,dry,24.8,62.6,8.0,67.0,chemical,4,174.6,31,16,10,1,8,2,0.522
bottle_gourd,upo_long,wet,29.4,73.7,4.7,79.6,mixed,4,380.0,59,42,12,0,10,5,0.584
cucumber,pipino_japanese,wet,27.1,83.4,5.5,68.7,chemical,4,261.8,43,30,16,1,13,7,0.551
bitter_gourd,ampalaya_hybrid,wet,27.8,77.9,5.3,60.6,chemical,3,507.4,89,57,21,1,19,8,0.51
sponge_gourd,patola,wet,26.4,89.4,4.7,74.2,none,3,224.1,39,31,11,1,8,5,0.377
cucumber,pipino_japanese,wet,27.4,77.0,6.8,62.0,organic,3,294.3,57,58,24,1,21,11,0.567
bottle_gourd,upo_round,dry,31.4,73.8,8.4,51.4,none,3,405.3,69,33,14,0,14,6,0.3
cucumber,pipino_native,dry,30.1,64.1,8.7,55.5,none,3,199.0,27,34,16,0,13,4,0.32
sponge_gourd,patola_ridged,wet,31.7,73.0,4.6,73.1,organic,5,495.7,76,36,15,1,13,7,0.718
sponge_gourd,patola_ridged,dry,29.1,57.7,9.4,69.2,none,4,432.0,74,68,23,1,23,8,0.456
bottle_gourd,upo_long,wet,31.0,71.9,4.6,76.7,mixed,5,419.3,76,21,8,1,5,2,0.706
sponge_gourd,patola_smooth,dry,25.4,65.5,9.1,70.8,chemical,3,515.7,74,50,21,0,17,5,0.392
bottle_gourd,upo_smooth,dry,25.1,63.3,8.6,55.8,none,4,496.4,74,23,10,1,9,5,0.499
bottle_gourd,upo_long,dry,28.3,70.0,8.0,52.0,mixed,5,1022.6,100,77,30,1,30,21,0.759
cucumber,pipino_japanese,wet,26.0,83.5,6.3,60.4,organic,4,187.4,28,8,5,0,4,4,0.509
bottle_gourd,upo_round,wet,28.3,74.6,6.8,68.5,chemical,3,368.7,61,11,5,1,1,1,0.479
bitter_gourd,ampalaya_hybrid,wet,29.8,72.6,4.6,51.3,organic,3,287.3,50,18,5,1,5,4,0.576
bitter_gourd,ampalaya_oblong,dry,25.0,63.9,7.0,77.0,mixed,4,265.1,47,27,8,1,6,3,0.607
sponge_gourd,patola,dry,34.2,66.7,9.1,63.0,mixed,5,885.7,100,63,30,1,28,17,0.547
bottle_gourd,upo_round,wet,27.4,73.4,5.5,67.9,mixed,5,692.3,100,13,6,1,2,1,0.718
cucumber,pipino_native,wet,30.8,87.1,5.3,57.7,mixed,4,402.7,68,52,21,0,18,8,0.474
squash,kalabasa_hybrid,dry,25.3,71.4,8.1,71.6,organic,4,911.5,100,100,30,1,26,16,0.606
bottle_gourd,upo_round,dry,27.7,71.5,7.4,77.8,mixed,4,528.6,90,38,19,0,16,11,0.586
squash,kalabasa,dry,27.4,55.8,7.6,67.2,none,4,430.0,67,62,19,1,15,5,0.43
bottle_gourd,upo_long,dry,26.1,64.1,9.0,70.6,none,4,701.0,100,80,24,0,23,10,0.444
cucumber,pipino_native,wet,26.8,78.9,5.1,58.2,mixed,5,355.8,58,26,15,1,12,6,0.707
squash,kalabasa_native,dry,32.6,66.1,7.6,71.1,organic,5,809.8,100,83,30,0,28,16,0.606
sponge_gourd,patola_ridged,wet,31.0,78.3,6.4,55.9,chemical,4,724.1,100,71,30,0,26,14,0.553
bottle_gourd,upo_round,wet,29.0,80.3,5.6,50.4,organic,4,589.1,99,38,18,1,17,8,0.584
bitter_gourd,ampalaya_oblong,wet,28.8,79.3,6.5,75.2,chemical,3,269.9,52,47,17,1,14,8,0.582
cucumber,pipino_japanese,dry,25.1,63.9,7.8,76.6,organic,3,156.9,26,19,12,0,8,3,0.492
cucumber,pipino,dry,25.9,64.2,9.5,59.8,none,3,496.5,75,33,22,0,21,5,0.352
bitter_gourd,ampalaya_bilog,wet,29.3,81.6,5.7,77.9,organic,4,592.6,94,104,30,1,28,17,0.669
squash,kalabasa_native,dry,27.1,69.6,9.3,53.6,mixed,4,473.8,87,21,6,1,4,2,0.542
squash,kalabasa_native,wet,27.4,72.8,5.1,56.5,chemical,4,843.8,100,94,26,1,26,16,0.537
sponge_gourd,patola_ridged,dry,24.3,68.9,8.9,70.7,none,4,428.6,75,29,13,0,12,3,0.336
squash,kalabasa_hybrid,wet,29.1,82.7,6.1,75.7,chemical,4,244.1,38,4,1,0,1,1,0.477
bottle_gourd,upo_long,dry,32.8,62.8,7.3,57.6,organic,4,510.7,96,29,10,0,9,4,0.573
bottle_gourd,upo_long,wet,30.9,71.9,6.1,68.5,organic,3,585.5,100,50,17,0,15,8,0.532
sponge_gourd,patola_smooth,dry,32.2,55.2,9.8,56.1,mixed,5,1138.0,100,80,30,0,30,17,0.53
bottle_gourd,upo_round,dry,29.5,66.4,9.2,55.3,mixed,5,610.7,99,68,26,1,22,16,0.738
bottle_gourd,upo_round,wet,31.3,89.1,5.2,67.4,mixed,5,717.6,100,94,30,0,26,12,0.522
sponge_gourd,patola_smooth,dry,28.0,57.8,9.6,56.0,chemical,4,656.7,100,76,30,0,28,13,0.435
bitter_gourd,ampalaya_bilog,wet,30.9,87.8,4.7,53.0,mixed,4,277.2,43,42,12,0,12,7,0.508
bitter_gourd,ampalaya_hybrid,dry,29.2,74.9,8.3,64.7,mixed,4,570.1,94,63,24,1,20,14,0.654
bitter_gourd,ampalaya_oblong,wet,26.5,78.5,5.1,61.1,mixed,4,563.0,96,89,25,1,21,13,0.607
bitter_gourd,ampalaya_bilog,dry,29.0,68.5,8.3,52.0,mixed,4,348.4,61,18,6,1,4,4,0.716
squash,kalabasa,wet,30.8,70.7,5.0,59.0,mixed,5,558.3,94,63,24,1,22,13,0.665
sponge_gourd,patola_ridged,dry,25.9,60.5,9.9,63.4,organic,4,312.2,51,41,18,0,15,9,0.513
sponge_gourd,patola_smooth,dry,24.9,73.3,8.8,72.9,organic,5,763.4,100,76,30,1,28,18,0.724
squash,kalabasa_hybrid,dry,27.3,69.2,8.2,67.2,mixed,4,656.6,100,48,19,0,16,9,0.553
sponge_gourd,patola,dry,32.9,62.2,9.1,51.7,organic,4,446.4,76,65,30,1,27,16,0.56
squash,kalabasa_hybrid,dry,29.9,55.9,7.3,78.4,chemical,4,555.6,91,34,9,1,9,7,0.528
sponge_gourd,patola_ridged,dry,33.5,65.7,7.8,69.9,organic,4,526.5,93,64,27,1,23,13,0.606
bottle_gourd,upo_round,dry,32.4,59.1,7.3,66.8,mixed,4,798.4,100,96,30,1,30,19,0.568
bottle_gourd,upo_smooth,dry,28.6,62.4,8.5,60.7,mixed,5,629.7,100,61,18,1,14,7,0.564
bottle_gourd,upo_smooth,wet,30.2,88.8,5.0,77.6,mixed,4,359.1,67,16,5,0,4,1,0.485
bottle_gourd,upo_long,wet,28.8,71.4,6.2,69.5,mixed,4,455.9,77,28,11,1,9,7,0.665
bitter_gourd,ampalaya_oblong,dry,28.2,55.2,7.4,67.6,none,3,224.4,40,15,4,0,1,0,0.404
squash,kalabasa_hybrid,dry,27.6,58.6,7.0,79.2,chemical,3,309.0,50,18,7,1,4,4,0.433
bitter_gourd,ampalaya_oblong,dry,31.1,56.3,7.3,51.1,chemical,4,391.0,58,31,11,1,8,6,0.502
squash,kalabasa,dry,26.2,64.3,7.4,73.2,organic,4,532.3,79,80,30,1,27,16,0.602
bitter_gourd,ampalaya_oblong,wet,31.1,70.0,6.4,52.6,mixed,3,466.2,72,83,28,1,26,12,0.536
sponge_gourd,patola,dry,28.7,56.8,8.3,58.0,chemical,4,688.4,100,59,24,1,20,9,0.563
bottle_gourd,upo_smooth,dry,28.2,63.0,7.4,62.4,mixed,4,579.5,96,27,10,1,9,8,0.633
cucumber,pipino_japanese,dry,34.7,74.0,9.8,54.6,mixed,4,175.6,38,7,4,1,2,2,0.537
sponge_gourd,patola,wet,27.4,89.0,4.4,74.2,organic,4,361.9,64,57,20,0,19,12,0.57
bitter_gourd,ampalaya_oblong,dry,34.5,67.4,9.3,77.4,none,3,193.3,35,33,10,0,10,3,0.338
bitter_gourd,ampalaya_hybrid,dry,33.6,56.4,7.5,52.6,mixed,4,631.7,100,83,29,0,28,16,0.503
cucumber,pipino_japanese,wet,27.0,79.9,4.8,72.6,chemical,3,225.1,32,30,15,0,12,7,0.388
bitter_gourd,ampalaya_oblong,wet,31.8,79.3,4.3,72.4,mixed,4,393.4,67,41,13,1,10,8,0.606
bitter_gourd,ampalaya_bilog,wet,27.8,76.2,5.7,51.8,organic,3,376.3,57,62,20,0,17,9,0.555
sponge_gourd,patola_smooth,wet,30.3,88.1,6.0,64.3,mixed,4,330.5,64,39,14,1,13,4,0.486
squash,kalabasa,dry,27.5,71.1,7.5,54.8,organic,5,610.1,100,33,13,1,9,9,0.723
sponge_gourd,patola,dry,24.2,56.4,9.4,71.5,organic,5,241.1,40,10,4,0,2,0,0.562
sponge_gourd,patola_smooth,wet,31.2,70.8,4.8,75.6,none,3,210.3,41,22,8,1,6,3,0.361
bottle_gourd,upo_long,wet,31.6,89.6,4.4,52.0,none,4,520.8,100,56,25,1,23,12,0.414
bitter_gourd,ampalaya_hybrid,wet,30.6,72.0,4.4,51.8,none,3,526.0,86,54,17,1,17,8,0.473
bottle_gourd,upo_smooth,dry,28.1,56.7,7.8,56.1,none,3,265.4,50,28,10,0,10,1,0.327
squash,kalabasa_native,dry,30.5,71.5,7.3,75.7,none,3,575.4,92,57,19,0,19,9,0.478
squash,kalabasa,dry,25.6,63.8,7.7,76.4,chemical,3,328.9,52,32,10,0,7,5,0.392
bitter_gourd,ampalaya_hybrid,wet,29.0,87.5,4.0,72.1,organic,5,884.9,100,104,30,0,26,12,0.55
squash,kalabasa_native,dry,28.8,65.4,8.2,52.3,chemical,4,692.7,100,51,18,1,16,7,0.558
sponge_gourd,patola_smooth,dry,26.3,59.9,9.6,67.7,none,2,251.5,44,45,17,0,16,3,0.303
squash,kalabasa,wet,27.2,82.3,5.3,69.8,mixed,2,348.7,62,32,9,0,9,3,0.443
bitter_gourd,ampalaya_oblong,dry,32.2,69.9,7.3,69.5,none,3,392.3,63,55,15,1,12,6,0.562
sponge_gourd,patola_smooth,dry,25.6,67.4,7.2,69.4,mixed,5,356.7,52,33,14,1,10,9,0.698
bottle_gourd,upo_long,wet,29.1,74.5,6.7,66.4,organic,4,744.9,100,102,30,1,26,13,0.587
squash,kalabasa_hybrid,wet,31.4,75.8,6.0,61.9,mixed,4,376.7,72,34,12,0,8,5,0.54
cucumber,pipino,dry,32.7,64.0,8.1,51.2,none,4,661.0,100,64,30,1,29,16,0.467
bottle_gourd,upo_long,dry,33.0,61.0,8.4,66.0,mixed,4,460.8,75,34,13,0,12,5,0.469
squash,kalabasa_hybrid,wet,28.2,75.9,6.7,56.1,none,3,451.9,73,19,5,0,1,1,0.35
cucumber,pipino,dry,24.5,58.8,7.9,59.8,organic,4,208.9,40,14,9,0,9,4,0.534
cucumber,pipino_native,dry,30.5,61.0,8.0,74.9,mixed,4,372.8,69,56,29,1,29,18,0.569
squash,kalabasa,dry,26.2,68.4,9.6,54.1,organic,4,874.6,100,96,28,1,25,18,0.626
cucumber,pipino_native,wet,27.2,71.6,4.2,52.6,organic,4,232.8,38,30,18,1,14,11,0.769
sponge_gourd,patola_smooth,dry,31.9,58.8,9.1,69.4,mixed,4,413.6,77,19,7,1,7,5,0.521
cucumber,pipino_japanese,dry,28.4,74.0,7.7,51.9,mixed,5,491.2,88,62,30,1,29,22,0.756
bitter_gourd,ampalaya_hybrid,wet,31.5,88.4,6.5,53.6,none,3,306.6,54,31,9,1,8,0,0.308
cucumber,pipino_japanese,dry,26.2,62.1,9.3,78.1,mixed,5,440.4,73,45,21,1,21,13,0.674
cucumber,pipino,wet,27.7,80.8,5.7,57.8,mixed,4,240.1,45,20,10,1,6,4,0.655
squash,kalabasa_native,wet,31.7,88.6,5.9,60.0,none,4,353.2,54,29,11,1,11,5,0.421
squash,kalabasa_hybrid,wet,30.8,75.4,4.1,54.5,none,4,842.9,100,82,21,1,17,9,0.442
bottle_gourd,upo_round,dry,27.9,66.8,9.7,79.2,chemical,4,954.2,100,72,26,1,23,12,0.517
bitter_gourd,ampalaya_oblong,dry,30.4,70.2,7.3,69.1,mixed,4,358.2,60,53,19,0,16,10,0.595
squash,kalabasa,wet,32.0,70.5,4.4,50.4,organic,5,661.7,100,75,30,1,30,18,0.669
squash,kalabasa_hybrid,dry,32.1,70.4,7.7,63.2,none,4,523.6,81,22,8,0,7,1,0.389
sponge_gourd,patola,dry,31.3,63.7,9.5,66.8,mixed,5,1007.8,100,80,30,0,27,13,0.514
cucumber,pipino,dry,28.2,72.5,7.1,69.0,organic,4,277.3,52,24,13,1,13,7,0.691
bottle_gourd,upo_long,wet,26.2,82.1,6.6,67.0,organic,4,606.2,96,65,26,1,24,13,0.613
squash,kalabasa_native,wet,28.2,87.9,6.5,62.7,chemical,3,573.3,98,71,20,1,18,8,0.431
squash,kalabasa_hybrid,wet,31.4,75.8,4.7,66.2,mixed,4,286.1,53,10,3,1,2,0,0.659
sponge_gourd,patola_smooth,dry,26.6,66.6,9.7,71.1,chemical,4,497.1,89,67,30,1,28,12,0.503
sponge_gourd,patola,wet,31.7,74.4,6.6,54.8,none,3,232.4,43,11,5,1,2,2,0.411
cucumber,pipino_japanese,dry,32.4,69.6,7.1,55.2,mixed,5,474.1,69,74,30,0,28,14,0.532
bottle_gourd,upo_long,wet,29.1,76.4,4.7,59.8,mixed,4,708.2,100,78,30,1,28,21,0.676
bottle_gourd,upo_long,wet,26.9,83.6,6.2,62.7,none,4,500.3,87,87,25,1,21,7,0.386
bitter_gourd,ampalaya_oblong,wet,28.8,84.4,6.4,70.9,mixed,3,198.0,35,4,1,1,1,1,0.618
sponge_gourd,patola_ridged,dry,25.5,72.3,9.1,73.8,mixed,4,427.7,78,12,5,1,3,0,0.616
sponge_gourd,patola,wet,28.8,83.5,6.4,79.5,chemical,4,667.2,100,63,26,0,24,11,0.375
squash,kalabasa,wet,28.7,76.9,5.1,71.2,none,4,384.3,71,36,10,1,10,3,0.53
bottle_gourd,upo_long,wet,29.1,82.7,4.5,65.0,organic,4,907.1,100,73,25,1,25,18,0.646
bitter_gourd,ampalaya_bilog,dry,34.9,60.2,9.6,52.7,none,3,201.0,35,25,7,1,5,2,0.435
bitter_gourd,ampalaya_hybrid,wet,28.8,85.8,4.7,62.6,none,3,327.4,54,41,11,1,9,1,0.376
bitter_gourd,ampalaya_bilog,wet,27.4,81.5,6.6,76.6,none,3,313.9,41,15,4,1,4,4,0.409
sponge_gourd,patola_ridged,wet,26.1,82.6,4.7,59.8,chemical,4,259.4,42,21,9,1,7,6,0.676
bitter_gourd,ampalaya_bilog,dry,32.2,64.9,7.4,78.7,chemical,3,286.5,44,17,6,1,6,3,0.518
cucumber,pipino,wet,28.4,81.7,6.5,68.1,none,3,190.4,36,31,14,0,12,5,0.364
bottle_gourd,upo_smooth,wet,28.0,74.2,4.4,56.7,mixed,5,484.9,82,20,7,1,5,4,0.716
squash,kalabasa_hybrid,wet,27.7,88.3,5.9,68.4,mixed,4,433.0,74,13,5,0,5,0,0.496
bitter_gourd,ampalaya_hybrid,wet,27.0,75.4,4.1,71.6,none,3,430.3,64,68,27,0,23,7,0.353
bottle_gourd,upo_round,wet,30.6,74.6,6.9,74.8,none,4,605.8,99,45,16,1,16,9,0.492
sponge_gourd,patola_ridged,wet,26.8,89.9,4.2,52.0,none,5,729.8,100,69,28,1,24,8,0.417
bottle_gourd,upo_long,wet,30.0,86.0,4.0,51.7,mixed,4,581.2,99,50,21,1,18,9,0.582
bitter_gourd,ampalaya_hybrid,wet,27.3,83.8,4.3,68.6,mixed,5,306.9,47,14,4,0,2,2,0.664
sponge_gourd,patola_smooth,wet,29.0,80.3,5.3,72.7,organic,4,289.5,46,19,9,1,7,3,0.684
squash,kalabasa_hybrid,wet,31.9,84.2,4.7,78.7,chemical,4,491.4,84,47,14,1,14,8,0.479
cucumber,pipino,wet,29.2,82.3,4.6,54.2,organic,4,424.2,61,56,30,1,29,16,0.585
bottle_gourd,upo_long,wet,27.0,75.8,5.1,76.0,none,3,391.0,66,16,7,1,6,1,0.363
bottle_gourd,upo_smooth,wet,30.8,72.7,6.5,61.5,chemical,4,581.2,100,47,23,0,22,9,0.376
sponge_gourd,patola,wet,27.2,84.5,4.2,71.5,none,3,415.1,71,50,18,1,18,10,0.428
sponge_gourd,patola_ridged,wet,26.9,88.0,4.2,55.5,mixed,4,588.1,100,58,23,1,22,11,0.537
bottle_gourd,upo_long,wet,30.9,89.8,6.1,57.5,chemical,4,726.5,100,78,30,0,28,13,0.454
cucumber,pipino_native,wet,26.2,73.8,6.9,69.9,mixed,5,495.7,84,73,30,1,30,20,0.619
bottle_gourd,upo_round,dry,25.1,74.7,9.2,51.9,organic,4,277.0,55,4,2,0,2,1,0.581
bottle_gourd,upo_long,wet,26.4,84.2,4.5,70.6,mixed,4,533.2,91,40,19,1,15,8,0.631
squash,kalabasa_native,dry,28.8,69.8,7.2,76.6,none,4,282.5,39,23,6,1,5,1,0.446
squash,kalabasa_native,wet,29.2,74.8,6.3,70.7,organic,4,1000.9,100,90,25,1,22,16,0.632
cucumber,pipino_native,wet,26.6,88.8,4.3,53.9,chemical,3,182.4,34,7,3,0,1,0,0.36
cucumber,pipino_native,dry,24.2,61.7,8.7,67.2,mixed,4,200.4,28,15,7,0,7,2,0.492
bottle_gourd,upo_smooth,dry,26.4,61.4,7.1,58.5,organic,4,366.9,66,29,12,1,9,4,0.562
bitter_gourd,ampalaya_hybrid,wet,30.4,73.2,6.6,60.5,organic,4,610.3,100,111,30,0,30,14,0.514
bottle_gourd,upo_round,wet,27.7,74.7,5.0,53.6,chemical,3,348.5,66,10,3,0,1,1,0.506
squash,kalabasa,dry,32.7,57.1,8.2,51.8,mixed,5,698.6,100,35,9,1,8,4,0.513
bitter_gourd,ampalaya_oblong,dry,25.6,66.4,8.6,77.1,mixed,3,392.9,72,45,12,1,12,5,0.542
sponge_gourd,patola_ridged,dry,29.9,61.9,10.0,71.3,none,3,253.2,45,12,6,1,2,0,0.325
sponge_gourd,patola_ridged,wet,29.0,89.5,6.1,51.2,mixed,4,323.3,59,28,12,1,10,6,0.56
bottle_gourd,upo_smooth,wet,29.5,72.0,5.6,70.4,chemical,4,721.8,100,51,16,1,12,6,0.633
sponge_gourd,patola_ridged,wet,28.2,77.5,6.9,68.3,mixed,3,292.3,52,46,18,0,16,9,0.519
bottle_gourd,upo_smooth,dry,24.2,71.9,8.4,55.1,mixed,5,508.5,80,29,13,1,12,5,0.593
squash,kalabasa_hybrid,dry,27.8,69.0,7.6,71.0,organic,5,974.5,100,83,30,0,27,19,0.621
cucumber,pipino_japanese,wet,26.5,74.3,6.3,55.3,mixed,5,409.9,73,74,30,0,29,18,0.562
bottle_gourd,upo_round,dry,31.4,55.0,7.3,52.5,mixed,4,648.0,100,71,25,1,21,11,0.534
bottle_gourd,upo_smooth,dry,26.7,63.3,9.5,51.8,none,5,492.9,88,23,10,0,9,5,0.368
bitter_gourd,ampalaya_oblong,dry,32.2,56.1,10.0,57.0,none,4,643.8,98,119,30,1,26,11,0.41
bitter_gourd,ampalaya_hybrid,wet,28.5,88.0,5.0,78.5,organic,4,249.4,45,32,10,0,9,3,0.478
bottle_gourd,upo_long,dry,27.7,59.6,9.4,67.5,organic,4,603.9,100,67,20,1,18,9,0.6
squash,kalabasa,wet,28.3,85.6,6.9,55.3,chemical,4,480.8,68,14,5,0,5,1,0.505
squash,kalabasa,dry,28.6,68.5,7.5,75.8,none,4,616.4,100,47,13,1,13,7,0.412
squash,kalabasa,wet,31.5,77.2,4.8,69.2,chemical,4,350.9,52,27,10,0,9,4,0.522
bitter_gourd,ampalaya_oblong,dry,28.7,73.7,7.9,62.8,mixed,4,525.8,87,84,28,1,25,14,0.64
cucumber,pipino_japanese,dry,31.9,67.5,8.2,72.8,mixed,3,216.2,37,8,5,1,3,2,0.559
sponge_gourd,patola_smooth,dry,33.9,73.0,7.8,78.8,organic,4,209.3,41,15,5,0,1,1,0.612
bottle_gourd,upo_round,dry,34.1,56.9,9.2,73.6,organic,4,977.9,100,72,30,0,30,17,0.549
cucumber,pipino_japanese,dry,33.0,65.6,9.3,73.4,chemical,4,514.4,78,59,30,1,30,14,0.453
squash,kalabasa_native,dry,24.5,59.8,8.9,76.5,chemical,3,550.7,90,38,12,1,9,3,0.434
bottle_gourd,upo_round,dry,34.4,74.3,9.3,65.3,mixed,4,671.1,100,32,13,0,12,5,0.554
sponge_gourd,patola,wet,31.7,73.0,6.1,76.2,none,4,543.3,84,76,30,0,27,12,0.383
squash,kalabasa,wet,30.7,71.3,5.8,70.6,chemical,4,574.2,92,118,30,1,28,16,0.591
bitter_gourd,ampalaya_bilog,wet,27.0,83.2,4.3,74.2,none,3,248.5,33,20,6,1,2,0,0.404
squash,kalabasa,wet,29.6,77.0,4.5,72.8,mixed,3,410.9,75,21,6,1,3,3,0.557
sponge_gourd,patola_ridged,dry,25.2,71.3,7.8,60.4,none,3,598.4,100,57,21,0,20,7,0.352
sponge_gourd,patola_smooth,dry,31.4,55.2,7.1,69.9,chemical,3,534.1,92,76,28,1,28,15,0.518
cucumber,pipino,wet,28.0,81.1,6.4,56.3,chemical,4,122.5,18,8,4,1,2,1,0.485
cucumber,pipino_native,dry,27.7,56.7,9.6,67.4,chemical,3,117.3,25,16,8,0,7,4,0.409
bottle_gourd,upo_round,dry,32.7,66.6,8.0,77.4,mixed,4,842.7,100,73,30,1,28,19,0.593
cucumber,pipino_japanese,dry,27.2,62.8,9.5,62.3,organic,3,235.5,37,23,11,0,10,3,0.494
sponge_gourd,patola_smooth,dry,29.8,72.9,7.1,74.3,none,4,385.9,59,35,15,1,14,5,0.499
cucumber,pipino_native,wet,28.6,73.2,6.8,58.0,organic,4,550.3,98,53,28,0,25,14,0.476
bitter_gourd,ampalaya_hybrid,wet,27.2,88.0,5.9,53.6,mixed,4,443.8,72,37,13,1,9,7,0.615
bitter_gourd,ampalaya_oblong,dry,34.8,74.6,9.9,51.4,chemical,4,398.3,70,63,22,1,18,9,0.531
cucumber,pipino,dry,30.8,59.0,9.5,55.7,organic,4,153.8,22,20,9,0,5,1,0.549
bottle_gourd,upo_long,wet,28.6,89.3,6.8,67.5,mixed,4,628.4,100,70,25,0,23,13,0.464
sponge_gourd,patola,wet,28.2,75.9,5.7,74.0,chemical,3,392.1,70,79,28,0,27,11,0.45
bottle_gourd,upo_smooth,dry,29.0,71.3,9.9,66.3,none,3,409.1,69,45,15,0,13,6,0.393
squash,kalabasa_hybrid,dry,31.9,70.9,9.0,50.2,chemical,4,282.7,48,10,3,1,2,0,0.48
bitter_gourd,ampalaya_oblong,wet,31.3,87.6,6.4,62.8,organic,3,320.7,49,34,13,1,9,4,0.539
bitter_gourd,ampalaya_oblong,wet,27.4,81.7,6.3,65.0,mixed,4,336.7,62,44,13,1,12,10,0.629
cucumber,pipino,dry,26.8,67.4,9.5,65.2,none,3,195.9,37,31,14,1,12,4,0.399
squash,kalabasa_hybrid,dry,26.1,68.5,9.3,67.6,none,4,406.9,67,39,13,1,11,6,0.451
bottle_gourd,upo_smooth,dry,30.5,56.7,9.6,75.5,chemical,5,716.5,100,56,26,0,25,12,0.505
bitter_gourd,ampalaya_bilog,dry,27.7,63.0,8.8,60.8,none,4,559.0,90,102,30,1,27,7,0.331
sponge_gourd,patola,wet,26.3,78.4,5.2,59.0,organic,4,387.5,64,17,8,0,6,5,0.457
sponge_gourd,patola_smooth,wet,28.5,85.3,4.9,59.4,mixed,5,999.3,100,60,30,0,30,17,0.64
cucumber,pipino,dry,28.0,66.2,7.1,50.1,organic,4,340.3,55,49,29,0,25,15,0.679
sponge_gourd,patola_smooth,wet,29.8,78.3,6.2,70.2,mixed,5,669.3,100,63,22,0,18,10,0.589
bottle_gourd,upo_long,dry,33.6,69.1,7.2,62.1,mixed,3,647.8,100,47,18,1,17,11,0.611
cucumber,pipino,wet,27.6,80.0,5.6,50.7,none,4,366.3,56,45,25,0,25,12,0.429
cucumber,pipino,dry,28.2,61.8,8.7,66.5,organic,3,349.4,64,42,23,1,20,13,0.623
bottle_gourd,upo_round,dry,34.6,67.9,9.0,76.1,mixed,3,415.3,64,49,16,0,15,7,0.535
sponge_gourd,patola_ridged,wet,26.4,89.1,5.0,55.4,none,3,325.2,56,28,10,0,6,3,0.383
bottle_gourd,upo_smooth,dry,26.2,66.0,9.7,78.3,organic,4,347.8,56,17,5,1,3,3,0.818
bitter_gourd,ampalaya_hybrid,dry,27.4,67.2,8.6,62.4,chemical,4,461.1,76,98,30,1,26,13,0.513
squash,kalabasa_hybrid,dry,30.3,57.3,9.8,74.3,none,3,533.5,92,52,19,1,16,8,0.38
sponge_gourd,patola,wet,28.1,86.4,5.7,66.7,none,4,690.1,100,71,30,1,30,13,0.443
sponge_gourd,patola_ridged,dry,32.0,72.8,9.2,54.8,chemical,3,328.1,57,15,6,0,6,1,0.432
sponge_gourd,patola_ridged,dry,30.8,68.0,9.6,70.2,mixed,4,353.5,54,43,16,0,16,6,0.507
squash,kalabasa_native,dry,28.6,62.6,8.9,50.9,chemical,5,758.1,100,81,24,1,23,14,0.541
sponge_gourd,patola_ridged,wet,31.9,83.1,6.9,76.4,chemical,3,566.7,100,63,26,0,26,13,0.512
bitter_gourd,ampalaya_bilog,wet,30.5,86.2,6.8,74.5,organic,4,479.9,83,95,30,0,28,17,0.532
squash,kalabasa,wet,26.3,83.3,5.8,73.5,chemical,3,564.7,92,84,23,1,20,9,0.389
sponge_gourd,patola_ridged,dry,25.9,65.5,7.5,53.6,mixed,4,344.6,59,37,15,1,11,9,0.612
sponge_gourd,patola_smooth,dry,24.7,60.3,7.5,76.6,none,3,263.8,47,15,6,0,2,2,0.3
sponge_gourd,patola_ridged,dry,33.9,61.8,9.1,71.0,none,3,222.8,39,32,12,0,10,3,0.349
bottle_gourd,upo_long,wet,30.4,76.5,4.6,70.5,none,4,265.5,47,6,2,1,1,1,0.372
bitter_gourd,ampalaya_hybrid,wet,26.4,84.9,6.7,69.0,chemical,4,387.3,59,64,17,1,17,7,0.518
bitter_gourd,ampalaya_oblong,wet,27.1,87.9,6.1,73.2,none,3,427.7,72,60,21,1,20,7,0.344
bitter_gourd,ampalaya_hybrid,dry,25.3,72.9,9.0,53.3,mixed,3,424.1,75,83,22,1,22,12,0.587
sponge_gourd,patola_smooth,wet,26.5,85.3,6.1,52.9,mixed,5,788.6,100,64,30,1,30,19,0.689
bottle_gourd,upo_long,dry,32.8,68.0,9.5,64.0,none,3,618.8,100,57,22,1,19,7,0.338
bitter_gourd,ampalaya_oblong,wet,27.4,81.2,4.2,56.6,organic,4,602.1,96,79,29,1,28,21,0.702
bottle_gourd,upo_round,dry,29.0,58.0,10.0,70.0,chemical,4,687.9,100,83,24,1,23,16,0.594
squash,kalabasa_native,wet,31.5,76.8,4.5,66.3,mixed,4,555.8,95,26,7,1,6,2,0.582
bottle_gourd,upo_smooth,wet,31.1,87.0,5.6,77.1,none,3,496.6,86,19,6,1,6,2,0.331
sponge_gourd,patola_smooth,dry,33.7,65.6,7.8,63.4,chemical,4,486.6,85,69,26,0,23,10,0.516
bottle_gourd,upo_long,wet,30.8,74.1,6.3,67.2,mixed,4,604.0,99,54,20,1,17,12,0.57
cucumber,pipino,dry,28.8,58.9,8.7,52.7,mixed,3,137.5,28,2,1,1,1,1,0.593
cucumber,pipino,wet,27.5,88.1,4.0,61.3,organic,5,839.4,100,50,30,1,28,17,0.609
cucumber,pipino_native,dry,27.9,59.7,9.8,73.4,chemical,4,199.7,23,14,9,1,9,3,0.581
squash,kalabasa_hybrid,wet,30.9,73.6,6.3,67.0,chemical,3,579.5,87,57,16,0,16,8,0.488
bottle_gourd,upo_round,wet,30.4,75.4,5.9,50.3,chemical,4,626.6,100,66,30,1,30,18,0.529
sponge_gourd,patola_ridged,wet,27.7,85.0,4.0,70.3,mixed,4,369.1,63,38,13,0,11,6,0.541
bottle_gourd,upo_long,wet,28.7,71.7,6.9,57.7,chemical,4,537.6,84,25,10,1,9,6,0.525
sponge_gourd,patola_smooth,dry,27.8,66.6,8.1,77.7,organic,5,704.4,100,51,24,0,24,15,0.563
bottle_gourd,upo_long,dry,27.0,70.4,8.4,72.8,none,4,745.9,100,71,22,0,18,10,0.426
cucumber,pipino,dry,32.2,57.0,8.8,55.9,organic,4,315.7,60,48,28,1,27,18,0.651
sponge_gourd,patola_ridged,wet,30.1,84.3,6.3,66.7,mixed,4,472.2,73,87,30,1,27,15,0.554
cucumber,pipino,dry,27.9,66.7,9.5,54.6,mixed,4,505.4,82,74,30,1,28,16,0.65
sponge_gourd,patola_smooth,wet,29.1,76.4,5.9,53.2,chemical,4,648.3,100,87,30,1,26,15,0.662
squash,kalabasa_hybrid,wet,29.6,83.2,5.5,66.8,mixed,4,841.1,100,90,30,1,28,17,0.625
bottle_gourd,upo_round,wet,30.8,81.9,6.9,55.1,mixed,3,387.0,61,78,23,1,19,11,0.494
cucumber,pipino_japanese,dry,26.4,58.1,7.2,58.0,none,3,358.5,61,53,23,1,22,12,0.474
bottle_gourd,upo_smooth,wet,31.4,85.0,4.6,64.1,chemical,5,773.9,100,104,30,1,26,14,0.496
bitter_gourd,ampalaya_oblong,wet,28.0,87.7,4.9,52.6,mixed,4,381.9,56,41,16,1,12,9,0.592
squash,kalabasa_native,dry,28.1,69.1,8.6,57.4,none,3,451.7,76,22,6,1,5,4,0.419
squash,kalabasa_hybrid,wet,26.6,76.9,5.2,66.7,none,4,462.0,74,20,8,0,8,3,0.356
bitter_gourd,ampalaya_oblong,wet,26.1,88.5,5.4,60.7,organic,4,233.3,35,9,3,1,2,1,0.672
squash,kalabasa_native,dry,26.9,55.6,7.1,53.9,organic,4,954.6,100,108,28,1,25,12,0.565
bottle_gourd,upo_long,wet,26.7,85.9,5.5,62.4,none,4,397.0,71,15,6,1,2,0,0.447
sponge_gourd,patola_smooth,dry,32.2,67.7,7.2,64.5,organic,4,259.9,42,6,3,1,1,0,0.645
cucumber,pipino,dry,28.6,57.8,7.5,71.2,chemical,3,272.6,45,35,16,0,16,9,0.455
bitter_gourd,ampalaya_oblong,dry,30.5,61.0,9.2,54.9,organic,4,726.5,100,84,30,1,28,19,0.648
bottle_gourd,upo_long,wet,27.4,81.5,6.4,64.0,organic,4,630.2,100,82,29,1,29,20,0.616
bitter_gourd,ampalaya_hybrid,dry,32.4,55.2,8.7,57.9,mixed,5,494.7,84,40,13,1,10,9,0.703
squash,kalabasa,wet,30.3,72.7,6.1,77.0,chemical,4,477.3,80,13,5,1,2,0,0.567
sponge_gourd,patola_ridged,wet,27.6,79.8,5.1,74.3,mixed,4,393.4,60,51,24,1,24,14,0.564
cucumber,pipino_japanese,dry,26.7,69.4,8.0,59.4,organic,5,510.5,91,45,30,0,30,20,0.634
squash,kalabasa,wet,29.0,76.7,5.3,51.8,none,3,315.4,51,38,10,0,10,2,0.432
bitter_gourd,ampalaya_hybrid,wet,26.1,83.8,5.9,54.5,none,4,317.3,43,9,3,1,1,0,0.427
bottle_gourd,upo_round,wet,28.3,76.3,4.5,76.3,mixed,4,671.6,100,82,30,0,28,15,0.571
bitter_gourd,ampalaya_hybrid,wet,28.8,78.3,6.6,54.5,organic,4,344.9,68,33,11,0,9,5,0.592
squash,kalabasa_hybrid,wet,26.2,73.8,6.8,57.8,mixed,5,879.8,100,85,30,1,30,18,0.68
squash,kalabasa_native,dry,30.8,65.7,9.0,67.1,none,4,709.0,100,72,22,0,20,5,0.37
sponge_gourd,patola_smooth,dry,25.3,63.8,8.7,55.0,organic,4,901.1,100,63,30,1,27,19,0.627
sponge_gourd,patola,wet,29.6,76.6,4.4,75.2,organic,4,420.2,68,64,25,1,21,15,0.645
bottle_gourd,upo_round,wet,28.5,85.2,6.6,68.8,none,3,375.3,58,31,10,1,7,1,0.423
sponge_gourd,patola_ridged,dry,32.7,74.3,9.1,54.6,chemical,4,365.6,66,59,22,1,20,12,0.585
cucumber,pipino_japanese,wet,27.3,89.9,6.3,50.6,none,4,282.3,49,20,9,1,9,6,0.395
cucumber,pipino_japanese,wet,31.4,85.4,5.3,53.9,none,4,192.4,25,35,15,1,14,5,0.372
bitter_gourd,ampalaya_oblong,dry,29.2,71.2,8.8,66.8,chemical,3,185.0,34,10,3,0,2,0,0.413
cucumber,pipino_japanese,wet,31.3,87.6,5.5,64.9,mixed,4,250.9,43,52,23,0,23,11,0.527
bitter_gourd,ampalaya_hybrid,wet,26.2,83.6,6.5,56.2,none,4,589.3,100,78,26,1,26,12,0.408
bottle_gourd,upo_round,wet,31.7,71.2,4.1,71.6,mixed,3,364.1,56,35,16,0,14,7,0.361
bitter_gourd,ampalaya_bilog,wet,31.6,82.3,6.5,73.1,mixed,5,422.9,79,82,26,0,26,14,0.601
cucumber,pipino_native,dry,24.9,71.5,8.4,76.2,chemical,4,487.8,80,55,27,0,23,9,0.46
sponge_gourd,patola_smooth,dry,30.1,59.7,9.1,63.4,none,3,345.3,61,21,8,1,5,1,0.371
bitter_gourd,ampalaya_bilog,wet,26.4,83.1,6.8,70.9,mixed,3,403.9,69,80,23,0,19,11,0.471
bottle_gourd,upo_round,dry,24.6,58.8,7.6,54.9,none,3,428.9,75,53,23,0,19,8,0.3
squash,kalabasa_hybrid,wet,27.1,84.7,6.5,55.6,organic,4,208.0,39,6,2,1,2,0,0.662
bitter_gourd,ampalaya_bilog,dry,24.5,71.3,8.4,57.0,none,3,491.6,83,67,21,0,17,8,0.379
squash,kalabasa_hybrid,wet,27.6,79.8,4.4,73.7,organic,4,555.3,94,84,24,1,24,18,0.662
bitter_gourd,ampalaya_oblong,wet,29.9,72.3,6.2,77.0,chemical,4,557.7,99,79,22,1,19,10,0.571
squash,kalabasa,dry,28.5,61.6,8.4,79.3,organic,3,445.5,78,39,14,0,13,4,0.491
squash,kalabasa_native,wet,27.7,70.2,5.8,79.8,organic,5,725.5,100,93,27,0,26,19,0.642
cucumber,pipino_japanese,wet,26.1,78.9,4.0,58.1,mixed,3,293.6,51,55,24,0,24,13,0.454
squash,kalabasa_hybrid,wet,27.6,88.9,7.0,59.6,none,4,438.5,75,31,11,1,7,1,0.345
bottle_gourd,upo_round,wet,31.9,86.2,7.0,75.9,chemical,3,448.8,77,38,12,1,10,7,0.456
bitter_gourd,ampalaya_oblong,dry,24.2,74.2,7.9,51.6,none,3,172.8,33,15,5,0,1,1,0.361
bitter_gourd,ampalaya_bilog,wet,30.1,71.1,4.0,52.3,organic,4,384.6,69,30,11,1,8,8,0.747
bitter_gourd,ampalaya_oblong,dry,27.0,60.4,7.2,76.1,none,3,251.5,46,24,9,1,7,1,0.446
bitter_gourd,ampalaya_oblong,dry,28.5,69.8,7.5,63.5,mixed,4,447.5,64,69,25,1,22,16,0.667
squash,kalabasa,dry,27.8,55.7,7.7,70.7,chemical,3,508.8,96,65,20,0,16,7,0.44
bitter_gourd,ampalaya_bilog,wet,30.1,81.3,5.0,76.2,mixed,5,501.2,80,65,22,1,22,16,0.777
sponge_gourd,patola,dry,24.4,73.4,7.9,52.9,mixed,4,535.8,89,73,30,0,28,14,0.528
squash,kalabasa_hybrid,wet,30.1,80.3,4.7,60.7,mixed,4,747.3,100,91,29,1,27,18,0.633
squash,kalabasa_hybrid,wet,30.5,87.0,5.5,52.0,chemical,4,1086.1,100,102,30,1,26,16,0.55
bottle_gourd,upo_smooth,wet,29.8,70.2,6.1,78.4,none,4,477.4,90,7,2,1,1,1,0.431
sponge_gourd,patola_smooth,wet,26.8,75.8,5.5,66.5,mixed,5,832.5,100,87,30,0,28,19,0.648
squash,kalabasa,wet,31.5,89.1,6.0,73.9,mixed,5,785.3,100,61,20,1,16,12,0.62
bottle_gourd,upo_round,wet,30.0,77.5,4.1,59.7,organic,4,523.3,82,29,10,1,8,5,0.598
sponge_gourd,patola,wet,29.6,85.0,6.0,73.1,none,3,409.4,71,52,24,1,24,9,0.434
bottle_gourd,upo_long,dry,27.7,63.0,7.6,65.3,none,3,425.7,77,23,8,1,8,4,0.417
squash,kalabasa,dry,31.6,63.6,8.3,74.2,organic,5,461.1,70,42,12,0,9,6,0.555
sponge_gourd,patola,wet,29.0,86.8,6.8,76.0,none,4,539.6,94,44,15,1,13,3,0.382
sponge_gourd,patola_smooth,dry,27.6,55.6,9.5,52.0,none,2,236.2,38,27,11,1,10,3,0.303
sponge_gourd,patola,wet,30.9,80.9,7.0,55.5,chemical,3,404.2,65,33,16,1,16,6,0.468
bottle_gourd,upo_smooth,dry,27.5,73.3,9.3,61.7,mixed,5,787.0,100,80,30,1,27,19,0.674
bitter_gourd,ampalaya_bilog,dry,28.2,57.3,7.9,79.6,organic,5,310.5,50,63,18,0,15,10,0.598
cucumber,pipino,wet,31.3,78.1,4.0,74.4,none,4,309.7,52,41,27,1,25,12,0.451
bitter_gourd,ampalaya_oblong,wet,27.4,74.6,6.8,62.6,organic,4,204.3,29,4,1,1,1,0,0.667
cucumber,pipino_native,wet,26.5,72.7,6.3,61.5,mixed,4,430.8,67,69,30,0,29,13,0.492
sponge_gourd,patola_smooth,dry,30.2,73.8,9.7,67.3,organic,4,695.0,100,83,30,1,27,15,0.645
sponge_gourd,patola_smooth,wet,28.7,82.7,6.8,79.4,mixed,4,634.2,95,51,19,1,15,12,0.734
squash,kalabasa_native,dry,31.3,64.1,9.7,55.6,chemical,3,382.8,72,35,12,1,8,4,0.562
cucumber,pipino_japanese,dry,28.7,63.7,8.9,64.1,none,2,249.8,40,21,10,1,10,5,0.384
sponge_gourd,patola_smooth,wet,26.0,70.3,6.4,66.9,organic,4,802.4,100,72,30,1,29,16,0.583
cucumber,pipino,wet,29.1,75.2,5.3,65.0,organic,4,405.2,64,37,17,0,16,11,0.533
bitter_gourd,ampalaya_bilog,wet,26.3,75.2,4.8,73.2,none,4,450.3,79,79,27,1,25,11,0.41
sponge_gourd,patola_ridged,wet,31.8,73.8,4.7,79.4,none,4,272.0,48,22,10,1,8,2,0.429
sponge_gourd,patola_smooth,dry,29.1,69.3,8.3,73.8,mixed,3,223.6,45,4,2,1,2,0,0.637
squash,kalabasa_native,dry,27.9,55.2,7.4,65.4,mixed,5,724.9,100,39,13,0,10,7,0.492
squash,kalabasa_hybrid,wet,27.8,72.9,6.6,53.9,organic,4,406.1,60,18,5,1,1,0,0.76
bottle_gourd,upo_smooth,wet,30.7,73.5,5.4,75.4,chemical,3,613.9,100,49,20,1,18,7,0.48
cucumber,pipino_japanese,wet,30.1,75.2,4.2,57.9,mixed,4,255.8,36,45,22,1,18,9,0.56
bitter_gourd,ampalaya_bilog,dry,31.5,63.4,9.1,74.6,mixed,4,612.5,100,95,30,0,27,16,0.552
cucumber,pipino_native,dry,26.1,64.6,8.8,55.0,mixed,4,536.3,89,67,30,0,27,12,0.48
bottle_gourd,upo_long,wet,26.3,72.2,5.4,74.2,mixed,3,503.6,81,45,17,1,16,8,0.56
squash,kalabasa_native,dry,31.3,71.2,8.0,61.0,none,4,321.8,52,15,5,1,4,0,0.552
squash,kalabasa_hybrid,dry,32.9,59.7,8.1,75.0,none,5,716.5,100,70,21,1,19,9,0.506
bottle_gourd,upo_round,wet,30.8,72.5,4.9,76.0,none,4,967.5,100,64,30,0,28,9,0.352
squash,kalabasa_hybrid,wet,28.1,84.8,4.5,61.0,organic,4,771.6,100,69,18,1,15,12,0.698
squash,kalabasa_hybrid,wet,27.7,89.3,6.5,78.1,chemical,4,999.0,100,72,26,1,23,10,0.514
cucumber,pipino,dry,33.8,67.0,7.1,62.1,mixed,3,183.4,29,6,3,0,3,2,0.418
sponge_gourd,patola_ridged,wet,26.3,86.0,7.0,66.9,none,4,262.1,49,12,6,1,5,0,0.451
cucumber,pipino_native,wet,30.3,75.0,5.9,69.7,none,2,169.1,34,27,12,0,9,3,0.3
cucumber,pipino_japanese,wet,31.3,80.8,5.4,55.1,chemical,3,368.8,62,37,24,0,21,11,0.446
cucumber,pipino,wet,30.5,72.1,4.4,54.8,none,3,192.9,32,14,7,0,3,1,0.345
cucumber,pipino_japanese,dry,24.7,59.6,7.4,72.3,chemical,3,355.8,54,30,19,0,16,5,0.364
squash,kalabasa_hybrid,dry,33.1,72.2,7.2,74.3,none,4,821.0,100,83,29,1,26,14,0.491
squash,kalabasa,wet,29.0,80.2,5.4,75.5,chemical,4,673.5,100,44,17,1,16,7,0.511
sponge_gourd,patola_ridged,dry,28.4,69.3,9.0,61.8,chemical,4,354.3,48,41,15,1,15,10,0.514
bottle_gourd,upo_smooth,wet,29.8,89.8,4.8,51.9,none,4,980.5,100,72,26,1,24,7,0.382
bottle_gourd,upo_round,wet,31.3,83.3,5.3,76.1,mixed,5,595.9,100,51,17,1,16,9,0.623
squash,kalabasa_native,dry,26.3,68.5,7.4,71.0,chemical,3,241.2,36,23,6,0,3,1,0.414
cucumber,pipino_native,dry,24.8,71.8,7.8,56.7,organic,5,567.4,98,53,30,1,27,15,0.624
bitter_gourd,ampalaya_hybrid,dry,32.9,57.8,7.7,51.4,none,4,476.8,83,56,15,0,13,5,0.475
bitter_gourd,ampalaya_oblong,wet,31.1,80.3,4.0,71.6,none,3,454.0,80,84,21,0,19,4,0.3
cucumber,pipino_japanese,dry,30.7,62.3,10.0,73.7,mixed,5,261.0,42,40,17,0,13,8,0.545
cucumber,pipino_native,dry,29.5,74.5,7.7,58.7,chemical,3,280.2,40,63,27,1,25,12,0.458
squash,kalabasa,wet,26.2,71.1,5.7,59.7,organic,3,350.3,58,38,11,1,8,7,0.676
squash,kalabasa_hybrid,wet,29.5,88.9,4.7,69.6,mixed,4,908.0,100,86,30,1,26,13,0.546
bitter_gourd,ampalaya_oblong,wet,26.2,74.0,4.2,51.7,mixed,4,470.5,85,70,23,1,22,13,0.628
squash,kalabasa,wet,27.9,83.9,5.0,57.3,none,3,517.4,79,15,5,0,5,2,0.3
sponge_gourd,patola,wet,29.0,71.4,5.4,58.7,chemical,4,283.6,42,37,14,0,11,5,0.404
cucumber,pipino,wet,28.8,83.9,4.3,52.6,mixed,4,319.2,55,65,27,0,23,14,0.551
cucumber,pipino,dry,31.2,67.2,7.1,53.8,none,3,266.8,46,34,21,0,18,5,0.382
bitter_gourd,ampalaya_hybrid,dry,27.6,69.6,9.4,54.5,organic,4,540.6,87,91,25,1,22,14,0.605
sponge_gourd,patola_smooth,wet,28.4,74.1,6.7,78.9,chemical,4,416.9,67,56,26,0,23,11,0.528
cucumber,pipino,wet,28.7,79.6,6.9,75.0,chemical,2,131.9,26,5,2,1,2,0,0.522
cucumber,pipino,dry,34.1,57.6,8.4,53.4,organic,4,416.5,68,38,21,0,21,10,0.489
sponge_gourd,patola_smooth,wet,26.4,72.8,5.9,50.6,chemical,3,461.7,77,58,23,1,19,7,0.496
cucumber,pipino_japanese,dry,24.2,67.9,7.8,60.3,none,4,210.4,37,11,6,0,2,0,0.513
sponge_gourd,patola_ridged,dry,26.3,61.7,8.6,72.7,mixed,4,607.8,100,42,20,1,17,7,0.512
bitter_gourd,ampalaya_oblong,wet,28.9,78.1,6.8,52.7,mixed,3,306.1,46,28,11,1,8,2,0.531
squash,kalabasa_native,dry,33.1,56.7,8.4,64.3,mixed,4,566.3,88,76,26,0,26,9,0.407
squash,kalabasa,wet,27.3,76.9,5.6,62.7,mixed,5,694.8,100,79,24,1,21,15,0.777
squash,kalabasa,dry,25.1,60.3,9.2,52.4,chemical,3,428.5,82,8,3,1,3,0,0.463
bitter_gourd,ampalaya_hybrid,dry,31.6,66.6,7.7,69.7,none,4,635.1,100,107,30,1,27,13,0.447
bitter_gourd,ampalaya_oblong,wet,26.3,76.1,4.4,61.0,none,3,435.0,76,91,24,0,23,8,0.351
squash,kalabasa_hybrid,dry,24.2,57.8,7.3,72.5,none,3,278.3,45,22,7,0,4,0,0.342
cucumber,pipino_native,dry,24.4,70.8,9.3,62.4,mixed,4,214.9,30,33,16,1,15,8,0.585
sponge_gourd,patola_smooth,wet,31.2,83.9,4.7,61.7,chemical,3,394.9,58,48,23,1,20,10,0.427
bottle_gourd,upo_long,wet,30.3,88.8,4.3,58.5,none,4,683.4,100,60,20,0,16,4,0.313
squash,kalabasa_hybrid,dry,29.4,74.0,7.2,67.3,mixed,4,678.3,100,56,18,0,18,12,0.597
bitter_gourd,ampalaya_bilog,wet,29.1,81.4,4.5,76.9,organic,4,583.2,98,105,29,0,28,14,0.528
sponge_gourd,patola,wet,28.7,88.0,4.8,68.1,chemical,3,432.0,78,54,18,1,17,10,0.488
cucumber,pipino_japanese,wet,31.5,76.6,4.6,52.9,chemical,2,244.3,41,43,20,1,17,9,0.509
bitter_gourd,ampalaya_oblong,dry,33.1,70.8,8.1,65.1,chemical,3,361.1,66,49,14,1,12,7,0.491
cucumber,pipino,dry,31.5,74.9,8.0,58.4,organic,5,461.8,80,64,30,1,29,18,0.67
bottle_gourd,upo_smooth,dry,30.2,63.9,8.0,61.4,mixed,4,457.1,73,39,15,1,12,8,0.603
sponge_gourd,patola_smooth,dry,25.1,60.2,8.5,57.3,chemical,2,249.4,48,23,8,0,6,3,0.328
cucumber,pipino_native,wet,26.4,89.0,5.8,57.3,none,3,138.7,20,7,4,0,1,0,0.406
sponge_gourd,patola,dry,30.2,63.1,8.5,68.6,chemical,3,471.6,69,70,30,0,27,11,0.418
bottle_gourd,upo_long,wet,29.7,77.0,7.0,70.6,chemical,3,419.2,73,56,24,0,22,9,0.478
bitter_gourd,ampalaya_bilog,wet,30.8,82.2,6.4,67.5,mixed,4,402.2,68,97,29,0,29,17,0.553
cucumber,pipino,dry,28.4,57.6,9.9,71.7,mixed,5,398.9,69,54,25,0,24,14,0.652
bitter_gourd,ampalaya_bilog,dry,30.0,63.7,9.7,66.8,none,4,583.1,100,116,30,0,30,15,0.428
squash,kalabasa_native,wet,27.9,70.3,6.3,50.2,chemical,2,326.7,53,44,13,0,9,5,0.485
sponge_gourd,patola,wet,31.6,70.0,6.6,65.1,none,4,352.4,55,4,2,1,1,0,0.421
sponge_gourd,patola_ridged,wet,26.2,83.9,6.1,78.6,chemical,4,349.3,61,25,11,1,11,5,0.474
bitter_gourd,ampalaya_oblong,wet,31.9,84.6,6.3,50.7,mixed,4,253.5,48,32,10,0,6,5,0.507
bottle_gourd,upo_round,dry,24.1,65.8,7.4,54.6,none,3,490.6,79,38,12,0,9,4,0.363
cucumber,pipino_japanese,dry,28.8,65.5,9.7,68.0,mixed,4,412.1,69,71,30,1,26,19,0.652
bottle_gourd,upo_smooth,wet,29.6,89.8,4.8,71.6,none,4,377.9,57,25,10,1,7,2,0.442
sponge_gourd,patola_smooth,dry,31.4,56.1,8.8,76.7,mixed,4,296.6,51,21,7,1,7,6,0.518
cucumber,pipino,wet,31.1,80.5,6.4,51.3,mixed,5,215.9,39,24,12,1,8,5,0.599
bottle_gourd,upo_round,dry,33.9,70.6,8.9,72.8,none,3,403.5,61,31,12,1,9,5,0.334
sponge_gourd,patola_ridged,wet,29.3,85.2,4.2,56.8,mixed,4,270.2,49,8,4,0,1,0,0.508
sponge_gourd,patola,wet,31.5,88.7,4.4,70.8,organic,3,225.8,27,10,4,1,3,0,0.593
sponge_gourd,patola_ridged,dry,26.5,59.4,7.4,68.5,chemical,3,208.9,33,6,3,0,3,0,0.419
bitter_gourd,ampalaya_oblong,wet,30.4,76.2,5.7,66.5,none,3,421.0,75,43,12,0,11,4,0.381
squash,kalabasa,dry,28.3,74.1,7.2,52.2,chemical,3,526.2,81,75,19,0,16,5,0.397
sponge_gourd,patola_ridged,dry,32.4,56.4,9.7,79.2,organic,4,312.1,51,18,7,0,7,4,0.589
squash,kalabasa,wet,31.1,71.6,5.2,59.7,none,4,543.6,94,54,15,0,12,5,0.405
sponge_gourd,patola,dry,33.3,70.2,9.6,77.6,mixed,5,424.5,70,27,11,0,9,3,0.477
bitter_gourd,ampalaya_bilog,dry,29.0,55.1,10.0,71.2,chemical,4,392.4,73,82,21,1,19,12,0.57
squash,kalabasa_hybrid,dry,34.5,66.9,8.7,55.2,mixed,5,814.5,100,114,30,1,29,19,0.635
squash,kalabasa,dry,24.2,56.7,8.1,58.0,organic,4,425.6,72,16,5,0,3,3,0.552
squash,kalabasa_native,wet,27.3,83.3,4.4,52.6,organic,4,728.4,100,102,30,0,30,16,0.58
bitter_gourd,ampalaya_hybrid,dry,24.3,70.3,8.9,77.5,none,4,233.1,39,3,1,1,1,1,0.366
cucumber,pipino_japanese,wet,26.7,70.1,6.6,51.9,none,4,417.6,67,58,27,1,24,12,0.448
bitter_gourd,ampalaya_oblong,wet,30.3,88.1,6.5,51.2,none,4,789.9,100,99,28,0,25,8,0.346
cucumber,pipino_native,wet,29.7,83.8,6.9,64.3,organic,3,485.5,88,45,29,1,28,17,0.555
sponge_gourd,patola_smooth,dry,29.4,74.0,8.2,74.7,mixed,4,602.8,99,76,28,1,25,15,0.577
bottle_gourd,upo_smooth,wet,31.4,89.4,6.8,52.6,organic,3,524.5,75,51,21,0,18,11,0.476
bottle_gourd,upo_long,wet,30.5,71.0,5.0,56.2,organic,5,799.3,100,87,30,1,29,21,0.734
bitter_gourd,ampalaya_oblong,dry,30.0,73.6,8.8,77.3,chemical,3,381.4,61,78,22,0,18,10,0.531
sponge_gourd,patola,wet,27.7,70.4,4.6,57.3,mixed,4,390.3,65,17,6,1,2,2,0.447
sponge_gourd,patola_ridged,dry,30.5,64.8,8.8,64.1,chemical,3,361.1,56,20,9,1,9,6,0.394
bottle_gourd,upo_long,wet,26.8,81.5,4.6,65.6,chemical,4,652.6,100,65,29,1,26,15,0.56
bottle_gourd,upo_round,dry,32.2,64.0,9.4,67.6,chemical,4,478.4,79,32,16,1,16,7,0.588
sponge_gourd,patola_smooth,dry,34.3,72.5,9.7,78.4,mixed,4,327.9,50,24,10,1,8,6,0.657
bottle_gourd,upo_smooth,wet,30.9,73.6,5.6,53.2,organic,5,783.7,100,64,30,0,30,16,0.541
squash,kalabasa_hybrid,dry,34.9,66.7,8.6,56.7,mixed,4,860.0,100,79,30,0,28,14,0.427
bottle_gourd,upo_long,dry,31.1,69.6,7.5,68.5,mixed,5,604.8,97,89,28,0,28,12,0.517
squash,kalabasa,wet,28.0,74.2,5.5,76.1,none,4,980.1,100,91,30,0,29,9,0.379
squash,kalabasa_native,dry,32.8,72.0,8.5,69.1,mixed,4,480.3,87,34,9,0,5,3,0.605
bitter_gourd,ampalaya_bilog,dry,34.8,72.1,7.9,53.6,chemical,4,644.7,100,95,29,1,29,16,0.52
cucumber,pipino_japanese,wet,31.0,88.5,4.5,69.7,mixed,4,327.0,59,42,24,0,24,11,0.395
squash,kalabasa,dry,26.1,64.4,7.2,59.2,mixed,4,556.0,87,30,10,1,8,5,0.554
sponge_gourd,patola_ridged,dry,25.1,74.9,7.9,72.4,chemical,3,323.1,49,36,15,1,13,10,0.577
cucumber,pipino,wet,29.1,86.4,5.5,77.0,organic,4,626.7,100,58,30,1,28,13,0.553
bottle_gourd,upo_long,dry,29.1,59.7,9.1,69.6,chemical,4,489.1,76,49,15,0,12,4,0.427
bottle_gourd,upo_smooth,dry,26.7,68.5,9.6,55.0,mixed,5,874.7,100,63,30,1,29,22,0.678
cucumber,pipino,dry,32.0,62.6,9.0,66.7,mixed,4,235.3,39,32,15,1,12,9,0.608
bitter_gourd,ampalaya_bilog,wet,30.1,80.3,6.4,68.6,organic,5,592.5,98,106,28,1,27,19,0.644
bottle_gourd,upo_round,wet,29.2,78.4,4.2,53.6,organic,3,549.7,97,51,18,1,17,11,0.545
sponge_gourd,patola_ridged,wet,27.8,74.5,6.8,63.1,chemical,3,316.3,51,52,20,0,17,8,0.383
bitter_gourd,ampalaya_bilog,wet,30.0,72.6,6.8,53.1,none,4,361.7,63,27,7,0,5,0,0.392
squash,kalabasa_hybrid,wet,29.6,84.1,4.9,63.9,mixed,4,493.3,78,55,15,1,11,5,0.532
cucumber,pipino,dry,33.1,60.1,7.9,50.6,chemical,3,320.2,60,30,16,1,13,9,0.519
bottle_gourd,upo_smooth,dry,30.4,74.1,7.5,55.3,none,4,399.0,64,14,4,1,2,2,0.496
bottle_gourd,upo_long,wet,31.3,83.4,6.7,72.7,none,5,483.6,77,19,9,0,6,5,0.459
cucumber,pipino_japanese,dry,27.1,73.2,8.0,66.6,mixed,5,173.0,34,17,7,0,7,3,0.582
cucumber,pipino_japanese,wet,31.5,87.5,5.3,67.0,mixed,5,261.0,49,35,15,1,13,9,0.621
squash,kalabasa_hybrid,wet,30.8,71.3,6.2,65.8,chemical,4,823.8,100,114,30,1,30,16,0.548
squash,kalabasa,dry,24.0,71.2,7.5,53.7,mixed,3,286.1,47,19,7,1,4,2,0.431
bitter_gourd,ampalaya_oblong,wet,27.5,78.9,5.9,73.6,organic,4,323.4,60,56,17,1,13,9,0.597
bottle_gourd,upo_round,dry,32.0,68.5,10.0,67.6,organic,3,274.2,38,29,9,0,7,5,0.523
sponge_gourd,patola,dry,31.9,64.5,8.3,77.4,mixed,4,335.8,54,19,9,0,7,4,0.42
bottle_gourd,upo_round,dry,26.6,63.7,9.6,74.6,organic,5,740.7,100,30,10,1,7,5,0.751
cucumber,pipino_native,wet,30.7,80.5,4.4,79.8,chemical,4,286.2,52,41,20,0,18,5,0.41
sponge_gourd,patola_ridged,dry,24.9,70.9,7.3,52.1,mixed,4,617.7,100,63,30,1,28,16,0.6
squash,kalabasa,dry,33.2,73.8,10.0,73.8,organic,5,590.5,90,21,7,0,4,3,0.593
cucumber,pipino_native,wet,26.3,84.5,6.6,63.4,none,3,394.4,64,48,30,1,26,11,0.34
bottle_gourd,upo_smooth,dry,29.1,71.0,9.8,60.3,none,3,587.3,99,49,19,0,15,4,0.33
bottle_gourd,upo_round,dry,31.1,69.4,8.3,58.3,organic,4,452.1,74,20,7,1,4,4,0.642
bitter_gourd,ampalaya_hybrid,wet,30.4,81.8,5.2,61.6,none,4,231.3,42,22,7,1,3,0,0.492
squash,kalabasa_native,dry,29.1,72.0,9.8,72.7,organic,4,452.6,78,76,23,1,21,14,0.604
cucumber,pipino_native,dry,24.4,65.6,8.0,75.7,mixed,4,604.6,100,53,30,1,28,18,0.614
squash,kalabasa_hybrid,dry,28.0,55.1,8.9,52.2,chemical,3,248.1,41,17,6,1,4,3,0.518
bitter_gourd,ampalaya_hybrid,wet,31.3,84.8,5.8,63.9,none,3,583.6,100,84,27,1,27,8,0.385
bottle_gourd,upo_long,wet,26.1,87.8,5.5,69.4,chemical,3,420.0,70,47,21,1,20,9,0.488
cucumber,pipino_native,wet,28.6,72.3,4.0,76.5,organic,4,278.7,45,33,21,1,20,14,0.67
sponge_gourd,patola_ridged,dry,30.8,60.1,8.3,54.7,organic,4,346.3,58,40,17,1,17,8,0.575
sponge_gourd,patola_smooth,wet,31.6,89.4,5.8,53.7,organic,4,503.0,83,40,18,1,18,10,0.532
bottle_gourd,upo_long,wet,31.1,86.6,4.9,65.6,organic,5,1006.2,100,70,30,0,30,16,0.487
bottle_gourd,upo_smooth,dry,31.2,67.7,7.8,62.2,mixed,5,1161.5,100,62,30,1,29,21,0.656
sponge_gourd,patola_ridged,wet,26.1,75.7,5.2,74.3,chemical,5,309.1,50,32,12,0,9,5,0.57
bottle_gourd,upo_smooth,wet,26.7,83.8,6.6,61.5,chemical,3,344.3,65,44,17,1,16,6,0.458
bottle_gourd,upo_round,dry,34.7,74.4,7.0,50.7,chemical,4,331.3,51,11,5,1,5,0,0.475
sponge_gourd,patola,wet,26.3,85.6,6.3,58.5,chemical,4,424.2,75,39,17,1,14,6,0.607
squash,kalabasa_native,dry,30.7,61.0,7.1,72.7,none,4,348.2,66,23,7,0,6,2,0.371
cucumber,pipino,dry,24.7,62.5,8.3,60.7,mixed,4,540.0,96,69,30,1,28,19,0.613
cucumber,pipino,dry,26.6,65.1,8.0,60.9,none,3,433.8,73,44,27,1,26,15,0.498
bitter_gourd,ampalaya_bilog,dry,29.7,65.5,7.0,65.6,organic,4,718.9,100,101,27,1,25,20,0.753
squash,kalabasa_native,wet,26.7,85.4,5.5,72.0,none,3,673.2,100,80,21,1,17,6,0.406
sponge_gourd,patola_smooth,wet,28.2,85.1,4.6,50.3,none,4,573.3,96,62,30,0,27,8,0.339
squash,kalabasa_native,wet,30.5,73.7,5.8,52.8,organic,4,490.0,75,31,10,0,10,3,0.525
bottle_gourd,upo_long,dry,29.6,72.2,8.3,58.3,none,3,522.3,91,38,14,1,14,7,0.413
sponge_gourd,patola,dry,33.5,66.1,8.3,72.1,organic,4,362.3,63,40,15,1,14,7,0.634
sponge_gourd,patola_smooth,wet,26.8,87.8,6.9,61.0,organic,4,624.9,100,48,20,1,17,13,0.666
sponge_gourd,patola_smooth,dry,30.0,62.2,9.2,77.0,organic,4,838.6,100,60,30,0,29,17,0.6
sponge_gourd,patola_ridged,wet,30.9,76.6,5.8,63.5,chemical,4,716.7,100,71,29,1,29,19,0.582
cucumber,pipino,wet,27.8,71.2,6.5,76.3,organic,4,518.7,86,56,30,0,26,15,0.628
cucumber,pipino_native,dry,27.8,62.8,7.4,74.2,none,3,308.2,53,44,22,0,20,9,0.428
sponge_gourd,patola_smooth,dry,33.2,66.3,7.4,67.0,chemical,4,419.0,66,43,19,0,16,5,0.446
squash,kalabasa_hybrid,dry,32.3,70.5,7.0,56.3,mixed,4,520.3,85,39,14,1,10,8,0.673
sponge_gourd,patola,dry,25.3,56.9,7.8,64.4,chemical,3,239.2,43,23,8,1,5,3,0.421
sponge_gourd,patola,dry,28.5,67.4,8.1,67.1,none,4,376.4,63,20,7,1,7,2,0.463
bottle_gourd,upo_round,dry,24.8,57.0,8.5,72.0,chemical,4,424.2,72,17,8,1,7,4,0.492
squash,kalabasa_native,dry,34.1,70.8,7.1,58.4,mixed,3,376.5,62,49,16,0,14,8,0.472
squash,kalabasa,dry,31.3,69.7,8.6,76.4,none,3,390.0,53,28,8,1,6,1,0.436
cucumber,pipino_native,dry,31.1,57.7,9.2,67.6,none,4,510.2,86,62,27,1,25,11,0.393
sponge_gourd,patola,wet,27.0,78.4,5.4,77.7,chemical,4,766.2,100,71,30,0,26,14,0.484
squash,kalabasa_native,dry,33.1,60.9,8.6,70.9,organic,3,265.9,44,11,4,0,1,1,0.439
squash,kalabasa_native,wet,26.9,70.1,4.5,64.8,chemical,5,634.7,100,28,11,0,7,1,0.434
cucumber,pipino,dry,32.0,65.5,8.7,52.4,mixed,4,206.2,42,5,3,0,2,0,0.529
sponge_gourd,patola_smooth,dry,26.5,55.6,7.7,63.2,chemical,3,194.0,30,11,5,1,2,1,0.497
bitter_gourd,ampalaya_oblong,wet,31.4,70.2,4.7,53.2,none,3,306.7,51,50,14,1,14,3,0.385
bitter_gourd,ampalaya_hybrid,wet,28.0,85.8,4.6,77.8,chemical,3,225.7,28,16,6,1,3,1,0.464
sponge_gourd,patola_smooth,dry,32.0,58.6,9.4,68.3,chemical,5,335.4,55,41,15,1,15,10,0.544
cucumber,pipino_native,wet,30.8,80.8,5.7,79.1,chemical,3,197.3,39,26,16,0,12,7,0.444
bitter_gourd,ampalaya_bilog,wet,27.2,71.1,5.2,75.7,none,4,438.8,69,44,13,0,10,2,0.357
sponge_gourd,patola_smooth,wet,29.4,76.3,4.8,57.9,organic,4,474.5,69,84,30,1,30,18,0.624
squash,kalabasa_native,wet,27.8,85.3,5.5,56.0,chemical,4,327.4,54,18,5,1,4,2,0.516
cucumber,pipino,wet,26.9,73.7,5.7,64.6,chemical,4,208.2,43,18,10,1,9,7,0.559
bitter_gourd,ampalaya_hybrid,wet,27.2,77.3,5.9,53.4,organic,4,409.5,70,49,14,0,12,5,0.563
bitter_gourd,ampalaya_bilog,wet,30.2,83.4,5.9,60.8,mixed,4,343.0,56,40,13,1,11,5,0.658
squash,kalabasa_hybrid,dry,33.8,57.1,8.0,71.4,chemical,3,348.9,49,33,13,1,12,5,0.432
bottle_gourd,upo_long,wet,31.2,74.8,4.2,51.8,mixed,4,676.5,100,30,13,0,10,6,0.506
bottle_gourd,upo_long,dry,29.4,68.8,8.3,56.1,organic,4,529.4,83,50,20,1,16,10,0.644
bottle_gourd,upo_round,dry,24.8,58.0,7.4,70.2,none,4,750.1,100,63,21,1,21,8,0.438
cucumber,pipino,wet,29.2,77.2,5.4,73.9,none,4,209.7,25,22,11,1,8,3,0.505
sponge_gourd,patola_ridged,dry,29.0,70.0,7.3,51.5,mixed,5,570.1,89,64,30,1,27,17,0.64
bottle_gourd,upo_round,wet,27.4,80.9,6.9,64.6,mixed,4,686.5,100,79,25,0,24,11,0.5
sponge_gourd,patola,dry,25.3,61.7,7.5,64.6,none,3,306.1,58,46,18,1,16,5,0.423
squash,kalabasa_native,wet,27.2,86.2,4.5,63.1,chemical,4,768.9,100,73,21,0,17,7,0.446
squash,kalabasa_hybrid,dry,24.9,62.1,9.8,72.5,chemical,4,587.1,98,63,20,1,17,11,0.614
cucumber,pipino,dry,31.2,70.0,8.7,61.2,organic,4,333.1,61,62,28,0,26,14,0.482
bottle_gourd,upo_long,wet,30.5,73.7,4.1,61.1,chemical,4,437.4,83,47,15,1,14,10,0.545
squash,kalabasa,wet,31.1,88.3,4.3,79.6,chemical,3,534.7,92,38,15,1,11,5,0.491
sponge_gourd,patola_smooth,wet,27.1,74.6,7.0,78.9,mixed,4,397.9,68,47,18,1,18,14,0.648
bitter_gourd,ampalaya_bilog,wet,27.3,83.2,6.5,70.2,organic,4,412.4,66,27,9,1,9,7,0.667
bottle_gourd,upo_round,dry,29.0,57.4,8.5,66.0,none,3,303.1,48,10,5,0,3,0,0.425
bitter_gourd,ampalaya_oblong,dry,27.4,65.2,8.5,58.9,mixed,4,482.3,78,86,23,1,23,16,0.617
bitter_gourd,ampalaya_bilog,wet,28.0,82.8,5.3,52.2,mixed,5,455.7,83,59,22,0,22,14,0.631
cucumber,pipino_native,dry,25.0,72.6,7.8,70.9,organic,4,196.0,35,23,10,0,8,5,0.541
sponge_gourd,patola,wet,29.9,87.7,6.4,72.6,none,4,390.3,66,34,16,0,13,5,0.408
bottle_gourd,upo_round,dry,32.5,64.1,8.3,63.2,chemical,5,423.2,73,24,7,1,5,1,0.664
cucumber,pipino,dry,33.8,69.5,7.2,72.4,none,4,186.6,34,9,5,1,1,1,0.55
bottle_gourd,upo_round,dry,31.3,67.8,7.9,52.5,chemical,4,640.7,100,35,12,1,11,4,0.588
cucumber,pipino,wet,30.2,76.5,6.4,60.5,mixed,3,387.6,62,40,21,0,18,10,0.474
squash,kalabasa_native,dry,33.0,66.1,8.4,73.4,mixed,3,483.1,80,55,14,1,12,8,0.473
bitter_gourd,ampalaya_oblong,wet,26.4,70.9,4.2,60.0,none,3,214.3,33,22,6,1,6,2,0.404
cucumber,pipino_native,dry,25.2,58.0,7.7,50.0,organic,4,268.6,48,34,19,1,18,12,0.672
bottle_gourd,upo_smooth,dry,29.5,63.9,9.4,69.5,chemical,3,370.4,60,21,7,1,3,1,0.54
bottle_gourd,upo_smooth,wet,26.3,81.6,5.5,75.4,organic,4,688.8,100,92,28,1,25,19,0.692
squash,kalabasa_native,dry,29.1,62.5,8.2,78.6,none,3,246.7,45,8,3,1,1,0,0.367
squash,kalabasa_native,wet,27.5,87.2,5.5,64.2,mixed,4,480.2,87,29,11,0,9,6,0.539
cucumber,pipino,dry,25.4,66.7,9.2,61.9,none,3,240.2,33,24,12,1,9,3,0.511
squash,kalabasa_hybrid,dry,32.6,60.9,8.9,74.6,none,2,356.6,58,47,17,0,16,6,0.353
bitter_gourd,ampalaya_oblong,dry,34.0,69.8,8.4,74.0,none,3,318.6,52,40,11,0,9,4,0.343
cucumber,pipino,dry,32.6,63.0,8.9,78.9,mixed,4,160.7,27,19,10,0,10,3,0.508
sponge_gourd,patola_smooth,wet,28.1,85.2,5.4,61.1,mixed,4,550.9,95,48,18,1,17,11,0.554
bitter_gourd,ampalaya_bilog,dry,25.4,63.3,8.4,58.8,mixed,3,265.0,46,27,9,0,7,3,0.44
squash,kalabasa_hybrid,wet,26.4,84.0,6.5,63.7,chemical,4,491.6,72,30,10,1,9,4,0.564
bitter_gourd,ampalaya_bilog,dry,26.1,58.2,7.0,77.1,chemical,3,515.6,83,95,24,1,21,10,0.458
squash,kalabasa,wet,26.3,86.8,5.6,76.8,chemical,3,209.3,35,22,6,1,3,1,0.479
squash,kalabasa,dry,29.1,60.0,9.0,56.0,mixed,4,356.1,59,25,8,0,7,5,0.476
squash,kalabasa_hybrid,wet,28.8,85.9,5.4,52.9,mixed,5,833.5,100,76,30,0,26,15,0.528
cucumber,pipino,wet,28.0,71.8,4.1,72.7,none,4,618.4,100,55,28,0,24,9,0.452
squash,kalabasa_hybrid,dry,27.2,73.4,9.3,77.6,organic,4,1010.2,100,87,27,0,26,14,0.606
sponge_gourd,patola,wet,29.7,88.0,6.4,53.1,chemical,4,321.5,48,21,10,1,10,7,0.512
bitter_gourd,ampalaya_oblong,wet,28.1,82.3,4.4,55.0,chemical,3,368.0,63,85,24,1,21,12,0.495
cucumber,pipino_japanese,dry,27.4,63.0,9.5,58.8,mixed,4,306.4,60,31,19,0,18,8,0.455
squash,kalabasa,dry,32.0,58.4,9.4,77.8,mixed,3,586.7,100,49,18,0,16,6,0.476
squash,kalabasa_hybrid,wet,29.7,76.2,6.9,53.2,chemical,3,496.3,85,56,19,1,18,9,0.531
sponge_gourd,patola_smooth,wet,29.5,79.5,6.5,64.0,mixed,4,598.9,92,61,21,1,21,12,0.622
bitter_gourd,ampalaya_hybrid,wet,31.4,70.0,5.2,69.9,organic,4,349.5,55,63,19,0,18,10,0.554
sponge_gourd,patola_smooth,dry,26.8,67.8,8.6,57.3,chemical,3,417.4,72,60,23,1,19,7,0.454
squash,kalabasa,dry,30.1,66.5,8.7,78.7,mixed,4,360.2,67,42,11,1,11,5,0.591
cucumber,pipino_japanese,wet,30.2,83.6,5.6,59.5,mixed,4,331.7,51,27,17,0,15,5,0.412
bottle_gourd,upo_smooth,dry,27.1,72.1,7.8,59.4,mixed,3,659.9,100,48,20,0,17,8,0.48
squash,kalabasa,wet,28.1,70.7,4.7,55.3,chemical,4,625.2,100,40,12,1,8,5,0.632
cucumber,pipino,dry,26.8,62.1,9.2,68.4,chemical,4,483.2,72,71,30,1,30,17,0.565
bitter_gourd,ampalaya_bilog,dry,28.8,58.4,8.9,72.0,mixed,4,381.7,57,60,17,1,13,9,0.559
bottle_gourd,upo_long,dry,34.6,60.1,8.8,65.7,mixed,4,885.4,100,75,30,1,27,17,0.583
bottle_gourd,upo_round,dry,29.9,65.1,10.0,62.7,chemical,3,379.2,67,65,21,1,17,8,0.476
cucumber,pipino,wet,29.8,75.4,5.2,61.5,organic,4,451.5,80,42,26,0,24,14,0.524
bitter_gourd,ampalaya_hybrid,dry,27.5,68.9,9.1,52.8,organic,4,290.1,46,23,8,0,4,2,0.582
bottle_gourd,upo_round,dry,29.7,70.0,8.7,70.4,none,3,522.3,88,41,13,0,11,3,0.317
bottle_gourd,upo_smooth,wet,26.1,89.8,5.2,71.7,organic,4,466.4,81,50,21,1,21,12,0.54
squash,kalabasa,dry,26.5,65.9,9.1,71.7,mixed,3,596.9,92,34,10,0,9,3,0.446
sponge_gourd,patola,wet,28.6,81.3,6.1,67.8,chemical,3,578.8,90,47,18,0,15,7,0.494
bottle_gourd,upo_long,wet,31.8,81.5,6.7,53.8,chemical,4,554.9,84,66,30,0,29,16,0.537
sponge_gourd,patola,wet,31.9,76.1,5.2,77.7,organic,4,641.2,100,55,24,1,21,14,0.644
sponge_gourd,patola,dry,29.4,65.7,9.5,64.4,none,3,351.9,72,22,8,0,6,3,0.325
bitter_gourd,ampalaya_bilog,dry,31.3,73.0,9.5,73.8,none,3,255.2,42,8,3,0,2,0,0.373
bitter_gourd,ampalaya_oblong,wet,28.6,85.8,5.2,61.4,chemical,4,449.1,67,57,17,1,17,7,0.493
bottle_gourd,upo_long,dry,34.5,67.6,9.6,61.9,organic,5,757.9,100,69,30,0,27,18,0.601
sponge_gourd,patola,wet,31.4,72.8,6.3,52.8,chemical,4,534.2,85,74,30,1,29,13,0.519
bottle_gourd,upo_smooth,dry,27.1,67.9,7.7,58.6,chemical,4,798.6,100,57,23,1,19,10,0.593
squash,kalabasa_native,wet,26.5,70.4,6.4,53.0,mixed,4,382.7,57,17,6,0,6,2,0.523
cucumber,pipino_native,wet,29.5,74.4,5.0,78.0,mixed,4,302.0,52,22,9,1,5,1,0.532
squash,kalabasa_native,wet,31.6,82.2,5.2,74.3,none,4,386.7,66,23,8,1,6,4,0.45
bottle_gourd,upo_long,wet,26.4,72.0,5.5,79.6,mixed,4,738.3,100,60,26,1,25,15,0.605
bitter_gourd,ampalaya_oblong,dry,34.3,55.8,9.6,77.2,mixed,4,429.6,70,89,30,1,30,16,0.484
bitter_gourd,ampalaya_bilog,dry,24.4,71.8,8.7,63.9,chemical,3,148.2,22,9,3,1,3,3,0.503
cucumber,pipino,wet,28.4,71.2,6.9,58.0,chemical,4,340.0,58,27,17,1,15,7,0.593
squash,kalabasa_hybrid,wet,28.0,89.2,4.4,68.3,none,3,580.9,100,78,25,1,21,7,0.416
bitter_gourd,ampalaya_oblong,wet,29.2,73.0,6.7,56.7,mixed,3,481.5,77,68,19,1,17,12,0.596
cucumber,pipino_japanese,dry,33.1,57.5,9.9,71.1,none,4,642.4,100,75,30,0,29,11,0.343
bitter_gourd,ampalaya_oblong,dry,31.9,63.3,9.3,58.8,mixed,4,275.0,40,44,11,1,10,8,0.606
squash,kalabasa_native,wet,28.9,71.8,4.1,61.9,none,4,808.7,100,62,19,1,19,7,0.448
bottle_gourd,upo_long,dry,24.3,72.2,9.7,59.2,mixed,4,453.4,84,36,11,1,9,4,0.621
sponge_gourd,patola,dry,34.7,69.8,8.8,77.5,none,4,588.3,91,62,25,1,21,9,0.417
bitter_gourd,ampalaya_bilog,dry,34.4,55.4,7.3,75.6,organic,4,312.2,48,66,18,0,17,7,0.417
sponge_gourd,patola_ridged,wet,32.0,78.8,4.5,75.0,mixed,4,900.1,100,89,30,0,27,17,0.565
sponge_gourd,patola_smooth,wet,29.7,79.0,5.2,79.4,organic,4,918.8,100,67,30,0,30,19,0.605
sponge_gourd,patola_smooth,wet,27.0,83.8,5.0,69.4,chemical,3,488.3,89,26,13,0,9,3,0.472
bottle_gourd,upo_smooth,dry,27.3,66.3,8.9,52.2,organic,4,307.9,53,6,2,0,1,1,0.636
sponge_gourd,patola_smooth,dry,31.4,67.5,7.2,73.5,none,5,924.0,100,64,30,1,28,12,0.425
squash,kalabasa,wet,29.5,72.7,4.1,58.0,none,3,670.4,100,68,21,1,18,6,0.449
squash,kalabasa_hybrid,dry,31.1,72.3,8.6,57.7,chemical,3,431.7,62,33,11,1,7,6,0.632
bitter_gourd,ampalaya_oblong,dry,26.6,73.7,8.7,51.4,mixed,3,293.4,50,63,21,1,19,13,0.566
cucumber,pipino_japanese,dry,31.0,65.5,8.7,70.4,chemical,4,275.8,52,59,26,0,24,8,0.406
cucumber,pipino_japanese,wet,26.5,82.3,6.3,75.7,none,4,234.8,37,7,4,1,3,0,0.439
cucumber,pipino_native,wet,31.8,89.6,4.3,66.7,none,3,230.6,43,39,20,0,19,6,0.3
bitter_gourd,ampalaya_oblong,dry,32.0,55.7,7.2,60.4,chemical,4,798.7,100,77,30,1,29,14,0.512
bottle_gourd,upo_round,dry,29.2,73.9,9.0,77.5,organic,4,772.1,100,42,17,1,15,12,0.788
squash,kalabasa_hybrid,dry,27.0,72.1,9.1,67.0,none,3,445.8,78,31,10,0,10,7,0.495
squash,kalabasa_hybrid,wet,27.0,70.8,6.2,72.4,organic,4,1062.1,100,80,25,1,22,16,0.673
bottle_gourd,upo_smooth,dry,30.4,58.1,9.2,70.9,chemical,4,534.6,86,21,8,0,5,1,0.523
sponge_gourd,patola_smooth,wet,27.6,72.0,4.3,53.0,none,3,261.0,37,12,5,0,3,1,0.401
bitter_gourd,ampalaya_oblong,wet,31.8,73.2,4.6,50.3,organic,5,431.9,71,53,19,1,16,14,0.727
cucumber,pipino_native,dry,28.5,69.4,7.6,67.3,none,4,294.9,41,16,8,1,8,6,0.489
bottle_gourd,upo_long,wet,27.4,89.6,4.1,70.5,mixed,4,656.4,100,66,30,0,29,13,0.492
squash,kalabasa_native,dry,29.3,58.7,8.2,71.6,organic,3,470.5,84,26,7,1,5,5,0.61
squash,kalabasa_native,wet,29.5,87.9,6.6,66.5,mixed,5,684.4,100,82,25,0,23,12,0.607
bitter_gourd,ampalaya_oblong,dry,24.7,62.7,8.3,78.4,chemical,4,486.3,90,100,30,1,30,15,0.519
bitter_gourd,ampalaya_bilog,dry,29.7,65.5,9.8,64.0,organic,3,355.3,65,56,17,1,14,8,0.56
cucumber,pipino_japanese,wet,29.7,85.5,5.3,62.9,none,4,227.9,35,16,7,1,3,1,0.3
cucumber,pipino_japanese,dry,32.6,60.5,9.5,67.0,mixed,3,97.5,11,16,8,1,4,4,0.604
sponge_gourd,patola_smooth,wet,27.0,81.5,6.2,63.6,none,3,406.8,69,32,11,0,9,4,0.471
cucumber,pipino_native,dry,30.5,70.6,7.0,61.6,none,3,423.2,72,65,27,0,25,6,0.335
sponge_gourd,patola_ridged,dry,27.2,66.5,7.3,50.3,none,4,388.9,63,18,8,0,4,3,0.397
bitter_gourd,ampalaya_hybrid,dry,31.5,68.2,9.7,78.4,organic,5,238.3,46,20,7,0,4,2,0.611
squash,kalabasa_hybrid,dry,26.5,61.8,8.5,60.5,mixed,3,414.3,67,31,10,1,10,7,0.591
bitter_gourd,ampalaya_oblong,wet,29.2,89.1,5.9,60.8,mixed,4,431.3,73,49,18,0,17,5,0.428
cucumber,pipino_japanese,dry,24.3,74.2,8.8,55.2,organic,3,407.7,68,62,27,1,26,15,0.625
bottle_gourd,upo_long,dry,34.7,62.6,9.1,64.7,mixed,5,516.8,84,31,14,0,11,7,0.525
cucumber,pipino_native,wet,27.4,81.8,6.2,77.2,mixed,3,185.9,27,11,5,1,5,2,0.554
bitter_gourd,ampalaya_oblong,wet,31.1,71.4,6.9,65.7,none,3,189.2,37,12,4,0,2,0,0.412
cucumber,pipino_japanese,wet,26.5,85.8,4.5,68.8,none,5,523.9,86,50,30,1,27,16,0.536
sponge_gourd,patola_smooth,wet,29.6,80.2,7.0,63.8,none,4,580.9,99,46,16,1,12,3,0.445
bitter_gourd,ampalaya_oblong,dry,27.2,59.9,9.6,66.7,organic,4,247.7,52,24,7,1,3,0,0.696
sponge_gourd,patola_ridged,dry,27.3,67.4,9.3,60.9,none,3,384.3,60,37,18,1,18,8,0.404
squash,kalabasa,dry,32.5,59.3,7.4,66.5,mixed,4,843.9,100,66,24,0,21,10,0.575
sponge_gourd,patola_ridged,wet,26.5,82.1,6.6,56.3,mixed,3,293.7,54,30,10,1,7,2,0.549
bottle_gourd,upo_smooth,wet,30.1,79.1,4.7,76.6,none,3,416.9,69,44,13,0,9,2,0.411
bitter_gourd,ampalaya_oblong,dry,28.7,57.7,8.5,79.2,chemical,3,433.7,75,72,20,1,16,8,0.499
sponge_gourd,patola_smooth,dry,29.9,67.5,7.4,64.6,organic,4,696.6,100,59,26,1,26,15,0.614
sponge_gourd,patola,dry,30.8,62.7,8.8,72.4,organic,4,564.2,85,82,30,1,27,16,0.628
bitter_gourd,ampalaya_hybrid,wet,31.7,85.3,6.5,57.6,none,3,304.5,43,39,11,0,11,2,0.374
sponge_gourd,patola_ridged,dry,29.1,73.5,9.0,77.8,none,4,375.9,63,31,11,0,10,3,0.474
sponge_gourd,patola_smooth,wet,31.4,84.9,5.7,53.1,chemical,3,183.1,40,20,8,1,6,5,0.474
bitter_gourd,ampalaya_bilog,wet,31.2,73.9,6.8,68.7,organic,4,192.4,22,23,9,1,6,3,0.673
bottle_gourd,upo_round,dry,28.1,55.3,9.2,63.7,mixed,4,689.2,100,39,14,0,10,6,0.511
bottle_gourd,upo_smooth,wet,27.7,82.7,5.7,51.6,organic,5,464.7,71,3,1,0,1,0,0.55
cucumber,pipino_native,dry,32.9,61.3,8.5,55.3,mixed,4,375.8,53,54,30,1,28,14,0.53
cucumber,pipino,wet,28.5,76.7,6.8,51.9,mixed,4,591.8,87,48,30,1,27,19,0.666
sponge_gourd,patola_smooth,dry,28.4,63.0,9.3,65.2,organic,5,580.9,90,64,27,0,25,14,0.562
bottle_gourd,upo_long,dry,34.6,65.8,9.4,77.8,chemical,3,697.0,100,38,18,1,16,5,0.451
cucumber,pipino,wet,26.5,86.0,4.4,71.7,chemical,4,442.7,67,52,30,1,26,14,0.514
squash,kalabasa_hybrid,wet,30.4,88.8,4.3,66.2,chemical,4,638.7,100,72,20,0,17,6,0.427
sponge_gourd,patola,wet,30.2,84.2,5.3,60.4,organic,3,368.6,60,65,22,1,19,14,0.614
sponge_gourd,patola_smooth,wet,27.7,78.9,4.3,52.2,chemical,4,271.1,45,17,6,1,2,0,0.504
bottle_gourd,upo_smooth,dry,27.8,66.0,8.4,74.5,mixed,4,464.3,76,17,6,0,5,2,0.538
squash,kalabasa,dry,28.6,68.1,7.0,76.0,chemical,3,471.9,69,62,20,1,16,7,0.545
sponge_gourd,patola_smooth,wet,31.2,89.1,4.4,62.6,chemical,3,254.3,34,28,13,0,11,5,0.412
cucumber,pipino_japanese,wet,31.2,74.7,5.3,60.6,none,4,196.3,26,12,6,0,3,0,0.408
cucumber,pipino,dry,33.9,67.1,7.6,59.0,chemical,4,469.5,83,40,17,1,17,8,0.399
sponge_gourd,patola,dry,34.8,65.0,7.3,75.8,chemical,4,740.6,100,58,26,1,26,13,0.501
bottle_gourd,upo_long,wet,28.9,74.0,5.9,53.6,organic,5,884.3,100,75,30,1,26,15,0.666
cucumber,pipino_native,wet,26.2,79.6,4.6,51.5,organic,4,180.4,18,19,8,0,4,4,0.56
squash,kalabasa_native,dry,26.7,68.5,8.0,76.7,organic,4,392.2,67,18,6,0,5,3,0.516
sponge_gourd,patola_ridged,dry,30.3,68.3,8.9,57.3,organic,5,627.9,100,67,24,0,21,12,0.69
sponge_gourd,patola_smooth,wet,30.1,85.2,4.5,66.0,none,3,502.4,77,47,20,1,20,7,0.372
sponge_gourd,patola,dry,32.3,57.5,7.7,69.3,organic,4,385.5,59,28,11,1,11,4,0.558
bottle_gourd,upo_round,wet,29.0,78.8,5.4,56.9,chemical,4,619.7,100,73,26,0,22,12,0.449
sponge_gourd,patola,wet,31.2,88.1,5.7,67.8,chemical,3,418.1,73,57,23,1,23,11,0.428
sponge_gourd,patola_ridged,wet,27.9,82.8,4.3,79.3,none,4,380.9,63,22,11,1,11,3,0.375
sponge_gourd,patola_ridged,dry,31.7,67.2,9.1,56.4,chemical,4,654.8,100,54,25,0,22,8,0.402
bottle_gourd,upo_round,dry,27.8,65.2,7.4,50.6,organic,5,484.5,74,19,8,0,7,4,0.633
sponge_gourd,patola,wet,27.9,80.1,6.6,55.7,organic,3,557.9,87,77,27,1,27,17,0.567
bitter_gourd,ampalaya_bilog,dry,30.0,65.6,7.9,77.9,chemical,4,696.0,100,105,30,0,28,13,0.524
bitter_gourd,ampalaya_bilog,dry,24.7,67.4,7.1,61.5,mixed,4,475.3,88,109,28,0,25,10,0.5
sponge_gourd,patola_smooth,dry,25.2,59.7,7.8,75.8,none,3,540.6,86,64,24,0,24,5,0.3
squash,kalabasa_native,dry,31.3,57.3,9.6,62.7,organic,3,237.3,38,6,2,1,1,1,0.544
bottle_gourd,upo_round,wet,26.7,79.8,4.3,67.5,organic,3,611.4,99,54,16,1,15,7,0.536
sponge_gourd,patola,wet,26.4,78.9,6.9,55.7,mixed,5,1095.3,100,74,30,0,30,18,0.609
cucumber,pipino_japanese,dry,27.0,59.9,7.1,57.4,none,2,152.3,25,22,12,1,9,3,0.404
bottle_gourd,upo_smooth,dry,30.7,65.4,7.3,50.2,chemical,4,632.0,100,59,19,0,16,8,0.569
sponge_gourd,patola_smooth,dry,30.9,73.2,7.2,50.8,none,3,540.8,87,59,28,1,24,10,0.416
cucumber,pipino_japanese,dry,28.2,65.8,8.8,71.2,organic,4,262.3,34,27,18,0,18,8,0.526
sponge_gourd,patola_smooth,wet,26.2,72.5,5.6,77.5,chemical,3,300.8,57,25,12,1,10,6,0.458
bottle_gourd,upo_round,wet,28.0,82.8,4.8,70.4,chemical,3,522.8,82,64,23,0,21,9,0.389
sponge_gourd,patola_ridged,wet,28.1,78.7,6.4,76.1,none,3,341.9,60,28,10,0,8,3,0.406
bitter_gourd,ampalaya_bilog,dry,33.7,62.7,8.3,75.2,none,2,210.8,35,17,6,0,3,2,0.301
bitter_gourd,ampalaya_hybrid,wet,29.2,78.2,4.6,57.8,chemical,4,302.0,42,41,16,0,15,5,0.465
bitter_gourd,ampalaya_bilog,dry,26.0,69.1,9.7,60.7,organic,4,516.1,86,89,24,0,24,14,0.57
bitter_gourd,ampalaya_bilog,wet,31.6,86.7,6.9,68.9,chemical,3,524.3,88,48,18,1,15,9,0.466
squash,kalabasa_native,wet,27.6,73.0,5.7,62.1,organic,3,629.7,100,57,15,0,14,8,0.559
squash,kalabasa,dry,33.1,60.2,8.0,77.9,organic,4,501.9,85,59,15,0,15,9,0.477
bitter_gourd,ampalaya_hybrid,dry,26.5,57.8,8.1,75.2,mixed,4,322.6,61,41,13,1,11,5,0.572
bitter_gourd,ampalaya_hybrid,wet,28.9,74.0,5.7,78.3,organic,4,327.4,55,47,15,1,13,11,0.751
cucumber,pipino_japanese,wet,29.3,70.2,4.2,71.6,none,4,364.2,64,69,30,1,26,13,0.425
squash,kalabasa_hybrid,dry,26.4,66.0,9.8,65.8,mixed,4,492.1,86,42,12,1,10,3,0.531
squash,kalabasa_native,wet,26.3,71.3,4.7,67.4,mixed,4,662.5,100,61,20,0,16,10,0.61
cucumber,pipino_japanese,wet,30.6,81.5,5.2,60.3,organic,5,702.1,100,47,30,1,28,18,0.652
sponge_gourd,patola_smooth,wet,31.6,70.6,5.2,75.1,mixed,4,613.1,100,69,25,1,21,12,0.642
sponge_gourd,patola_smooth,dry,28.9,56.3,8.6,76.1,organic,3,479.8,77,47,22,0,20,10,0.508
bitter_gourd,ampalaya_hybrid,dry,25.5,66.5,9.8,70.3,mixed,5,519.6,98,92,24,0,24,14,0.54
bitter_gourd,ampalaya_bilog,dry,29.9,61.5,9.0,66.1,mixed,4,547.1,100,103,26,1,24,13,0.618
squash,kalabasa,wet,28.9,74.9,4.0,55.8,mixed,4,736.0,100,93,27,1,26,17,0.564
squash,kalabasa,dry,27.5,55.3,9.3,78.1,organic,4,361.4,62,12,4,0,3,1,0.434
bitter_gourd,ampalaya_bilog,dry,24.7,64.8,9.7,68.7,mixed,4,192.1,39,7,2,1,1,0,0.645
bitter_gourd,ampalaya_bilog,dry,26.0,74.3,9.5,59.9,chemical,4,290.6,53,24,7,1,6,1,0.477
sponge_gourd,patola_smooth,dry,33.4,60.5,7.9,58.2,organic,5,754.2,100,77,30,1,26,16,0.644
sponge_gourd,patola_ridged,wet,31.1,80.1,4.1,80.0,organic,4,389.9,74,68,29,1,28,20,0.638
cucumber,pipino,dry,27.6,58.1,9.2,65.5,organic,4,435.5,68,58,30,1,29,22,0.712
sponge_gourd,patola_smooth,wet,28.6,76.0,5.2,65.2,none,4,466.8,74,80,29,1,29,15,0.543
bitter_gourd,ampalaya_hybrid,dry,31.4,60.3,7.0,57.4,mixed,4,304.8,47,20,6,1,5,3,0.725
squash,kalabasa,wet,31.3,84.5,5.6,57.0,mixed,4,494.5,85,40,15,0,15,5,0.361
bitter_gourd,ampalaya_hybrid,dry,24.5,69.0,8.1,77.3,organic,3,487.2,81,88,24,0,24,14,0.516
bottle_gourd,upo_long,dry,27.4,66.9,8.2,60.3,organic,4,1028.7,100,66,30,1,26,18,0.696
sponge_gourd,patola_ridged,dry,28.8,69.0,7.0,67.3,none,4,355.7,60,60,21,0,19,5,0.382
squash,kalabasa,dry,24.4,61.6,9.1,77.9,chemical,4,549.0,96,13,5,0,1,1,0.39
squash,kalabasa,wet,31.8,74.5,4.7,61.9,mixed,3,608.7,100,52,13,0,12,3,0.441
bottle_gourd,upo_smooth,dry,32.0,74.6,7.4,51.1,mixed,4,466.8,71,25,9,0,7,2,0.542
bottle_gourd,upo_round,dry,34.3,71.2,9.1,77.2,mixed,4,958.7,100,89,30,0,29,16,0.509
squash,kalabasa_hybrid,dry,33.4,66.2,8.7,77.5,mixed,4,966.5,100,111,30,1,30,18,0.573
cucumber,pipino_japanese,dry,26.0,66.8,9.7,64.4,none,4,297.9,52,50,20,1,19,7,0.441
squash,kalabasa_native,dry,33.9,67.3,9.7,78.0,chemical,3,226.9,39,7,2,0,2,1,0.446
squash,kalabasa_hybrid,wet,29.7,75.9,5.4,59.7,none,4,394.6,69,32,11,0,11,4,0.416
bitter_gourd,ampalaya_bilog,dry,28.2,73.2,7.3,66.5,mixed,4,626.9,100,93,29,0,29,16,0.584
sponge_gourd,patola_ridged,wet,31.2,86.0,6.6,51.2,organic,4,468.9,77,28,13,1,12,6,0.681
squash,kalabasa,dry,29.7,55.3,9.9,56.0,organic,5,720.1,100,90,25,1,21,13,0.642
bitter_gourd,ampalaya_hybrid,dry,29.0,55.3,9.0,76.5,chemical,3,543.2,88,111,29,1,27,15,0.495
sponge_gourd,patola,dry,25.0,66.1,9.3,58.9,chemical,4,691.0,100,78,30,1,26,13,0.541
cucumber,pipino,wet,31.7,79.5,4.7,69.6,chemical,3,186.0,26,15,7,0,4,1,0.417
sponge_gourd,patola,wet,27.0,76.0,4.3,69.4,mixed,3,161.1,21,14,6,1,3,3,0.692
bitter_gourd,ampalaya_bilog,wet,28.5,85.5,4.8,60.5,mixed,4,489.3,84,114,30,0,30,13,0.502
cucumber,pipino_native,wet,31.2,71.6,4.1,77.4,organic,3,240.7,45,57,25,0,23,12,0.48
cucumber,pipino,wet,27.9,77.9,6.2,65.4,none,4,320.1,59,60,24,1,24,13,0.478
bottle_gourd,upo_round,dry,28.3,66.2,7.1,55.2,chemical,2,249.8,50,10,3,0,3,0,0.429
bitter_gourd,ampalaya_hybrid,dry,30.6,65.1,9.5,54.5,chemical,4,379.3,66,87,25,0,25,13,0.555
squash,kalabasa_hybrid,wet,28.8,76.2,4.1,53.5,mixed,4,447.3,69,19,6,0,6,3,0.546
cucumber,pipino_native,dry,32.9,66.0,9.0,71.2,organic,4,174.5,31,2,1,0,1,0,0.513
bitter_gourd,ampalaya_hybrid,dry,24.8,60.9,7.0,56.5,organic,4,536.7,87,104,29,1,28,19,0.655
sponge_gourd,patola_smooth,dry,33.6,61.9,9.0,59.7,none,4,492.1,76,26,12,1,12,5,0.389
cucumber,pipino_japanese,dry,27.3,66.5,8.4,72.8,mixed,4,170.8,27,35,15,1,11,8,0.689
cucumber,pipino,dry,33.4,60.1,8.9,61.8,organic,4,380.9,67,59,30,1,30,22,0.652
sponge_gourd,patola_smooth,wet,30.2,70.1,4.2,73.7,organic,4,648.6,100,47,22,1,21,11,0.638
bitter_gourd,ampalaya_bilog,wet,29.2,71.5,6.2,63.8,organic,4,220.4,45,3,1,1,1,1,0.728
bottle_gourd,upo_long,wet,29.4,87.3,5.7,74.6,organic,4,719.2,100,62,29,1,29,18,0.691
bottle_gourd,upo_round,dry,28.3,64.0,8.9,70.6,chemical,4,900.7,100,71,30,1,28,16,0.592
bitter_gourd,ampalaya_oblong,wet,26.8,80.0,4.4,69.4,mixed,3,357.5,61,62,22,1,22,12,0.519
cucumber,pipino_japanese,dry,27.5,57.4,8.8,50.8,organic,4,235.0,43,10,6,1,6,1,0.558
cucumber,pipino_native,wet,28.6,71.4,5.0,56.1,mixed,5,544.2,94,52,30,1,27,19,0.661
sponge_gourd,patola,wet,30.4,77.4,5.4,51.3,none,4,301.1,40,16,8,0,4,2,0.335
squash,kalabasa_hybrid,wet,26.3,72.4,6.1,67.2,none,2,202.3,46,15,5,1,3,0,0.38
sponge_gourd,patola_ridged,wet,27.6,73.0,6.7,58.7,organic,3,218.4,37,24,10,0,7,2,0.555
sponge_gourd,patola_ridged,wet,31.8,74.6,6.6,65.2,organic,4,609.9,100,75,30,1,27,13,0.548
cucumber,pipino,dry,29.9,62.4,8.6,73.8,none,3,252.0,48,19,12,1,11,4,0.377
cucumber,pipino,wet,30.0,79.8,7.0,73.4,mixed,3,461.2,70,56,24,1,23,16,0.595
cucumber,pipino_japanese,dry,31.8,58.3,7.7,73.2,chemical,4,243.8,37,16,9,1,7,5,0.49
squash,kalabasa_hybrid,wet,31.2,70.3,4.7,72.0,mixed,4,868.5,100,69,25,1,25,17,0.65
bitter_gourd,ampalaya_bilog,dry,32.8,70.9,9.3,74.0,none,3,312.2,54,50,19,1,18,10,0.423
bottle_gourd,upo_long,dry,31.5,67.8,8.6,79.8,chemical,3,472.0,79,23,8,1,6,2,0.619
bottle_gourd,upo_round,wet,30.6,79.6,6.3,51.3,chemical,3,292.1,56,28,11,1,10,7,0.53
squash,kalabasa_hybrid,wet,30.0,80.2,4.1,52.0,none,4,813.0,100,57,16,1,15,10,0.507
squash,kalabasa,dry,31.6,65.3,8.0,76.0,mixed,4,625.8,98,58,21,1,18,10,0.53
cucumber,pipino_native,wet,31.3,87.0,5.6,75.7,chemical,4,397.6,63,43,25,1,24,11,0.558
squash,kalabasa_native,wet,31.9,88.2,6.3,62.2,none,4,593.7,100,65,18,1,14,3,0.366
squash,kalabasa,wet,28.5,76.3,4.6,64.4,chemical,3,313.1,49,56,15,0,13,4,0.419
bottle_gourd,upo_smooth,wet,30.5,84.6,5.8,61.2,none,3,223.8,42,9,3,1,3,2,0.385
cucumber,pipino,wet,28.9,72.2,5.1,72.6,mixed,4,186.7,37,10,4,1,1,1,0.614
cucumber,pipino_native,wet,29.4,85.8,5.4,76.8,chemical,4,344.7,54,25,11,1,7,4,0.556
bottle_gourd,upo_smooth,wet,29.7,78.8,5.7,71.4,organic,5,821.5,100,57,23,1,22,16,0.69
sponge_gourd,patola_smooth,wet,28.4,72.7,6.6,73.9,none,4,932.1,100,78,30,0,26,9,0.431
bottle_gourd,upo_long,wet,28.9,78.5,5.8,65.5,chemical,3,596.8,100,51,18,0,14,6,0.457
cucumber,pipino_japanese,wet,28.6,72.1,4.7,72.5,none,3,225.3,39,28,15,0,12,6,0.321
sponge_gourd,patola_ridged,dry,25.3,62.4,8.3,74.7,none,3,415.6,72,40,16,0,16,5,0.313
bottle_gourd,upo_round,wet,32.0,74.8,4.9,76.6,organic,4,540.2,88,76,22,0,21,8,0.479
sponge_gourd,patola_ridged,dry,32.2,55.3,9.0,57.9,none,4,409.0,78,31,12,0,12,4,0.382
squash,kalabasa_native,dry,30.2,56.0,8.2,59.1,mixed,4,250.3,40,24,6,1,2,0,0.554
squash,kalabasa_hybrid,dry,31.2,72.3,8.0,53.3,chemical,2,217.1,36,12,3,0,2,1,0.368
squash,kalabasa_native,wet,27.5,81.6,5.1,50.9,chemical,3,481.8,75,66,17,1,13,8,0.46
bottle_gourd,upo_round,wet,27.3,81.9,5.2,62.8,organic,4,737.4,100,40,19,0,19,10,0.55
cucumber,pipino,dry,25.1,56.5,8.5,67.6,none,4,495.0,85,54,30,1,27,14,0.554
sponge_gourd,patola_ridged,dry,28.9,66.6,9.8,72.0,none,4,602.4,100,75,30,1,28,13,0.406
squash,kalabasa_hybrid,dry,32.0,75.0,9.5,55.9,none,4,545.2,87,56,19,0,15,5,0.386
bitter_gourd,ampalaya_bilog,dry,27.0,58.4,7.4,79.4,organic,5,517.7,91,108,30,1,27,16,0.596
cucumber,pipino_native,wet,26.6,81.5,6.8,51.4,mixed,4,564.6,85,53,30,1,30,18,0.638
bottle_gourd,upo_smooth,dry,27.5,58.8,8.5,62.1,mixed,4,464.4,80,45,15,0,12,7,0.565
bitter_gourd,ampalaya_oblong,dry,34.2,72.0,9.7,57.0,mixed,4,585.8,100,60,23,1,19,11,0.629
bottle_gourd,upo_smooth,dry,33.8,57.2,9.0,62.3,chemical,3,305.7,55,2,1,0,1,1,0.448
cucumber,pipino_native,dry,26.5,62.9,7.4,58.9,none,3,320.0,60,35,21,1,18,9,0.423
sponge_gourd,patola_smooth,dry,27.5,60.0,7.6,57.3,chemical,4,641.2,100,51,22,1,18,9,0.616
cucumber,pipino,dry,25.7,62.3,7.9,66.4,organic,4,130.5,29,10,5,0,1,1,0.597
sponge_gourd,patola_ridged,wet,27.4,73.8,6.7,56.5,organic,4,226.9,42,17,7,1,3,3,0.663
squash,kalabasa,wet,29.3,88.4,4.7,64.7,organic,3,730.9,100,95,26,0,25,12,0.504
sponge_gourd,patola_ridged,dry,26.7,66.2,7.1,56.8,chemical,4,548.1,91,45,20,0,17,9,0.418
cucumber,pipino_japanese,dry,29.2,64.0,9.4,53.8,none,4,298.6,43,69,28,1,26,14,0.507
bitter_gourd,ampalaya_bilog,wet,28.4,82.1,5.7,56.0,none,3,571.0,100,66,23,0,22,7,0.363
cucumber,pipino,dry,26.8,72.4,9.5,72.1,none,3,146.7,25,7,4,0,3,3,0.408
cucumber,pipino,wet,29.9,85.5,4.3,61.8,mixed,4,690.5,100,65,30,1,30,17,0.58
bitter_gourd,ampalaya_oblong,dry,30.0,74.8,9.6,50.3,none,5,558.1,83,92,30,0,28,10,0.401
cucumber,pipino_native,dry,30.8,71.3,7.4,64.5,none,4,255.7,50,39,20,0,17,8,0.513
bitter_gourd,ampalaya_hybrid,dry,30.4,68.5,8.7,71.7,none,3,329.7,57,20,7,0,6,2,0.356
cucumber,pipino,dry,25.6,55.7,8.1,52.6,chemical,4,157.7,25,3,2,0,1,0,0.483
bottle_gourd,upo_smooth,dry,28.2,69.0,8.7,63.5,none,4,779.6,100,51,22,1,19,7,0.478
bitter_gourd,ampalaya_oblong,dry,27.1,57.9,9.1,66.0,organic,4,401.9,64,43,13,1,9,4,0.487
bottle_gourd,upo_smooth,wet,27.1,81.4,6.0,73.7,chemical,3,665.2,100,54,22,1,19,10,0.493
squash,kalabasa,dry,29.1,70.3,8.0,61.1,none,3,591.2,100,39,13,1,9,3,0.352
sponge_gourd,patola_ridged,wet,31.4,73.5,4.7,51.1,chemical,3,445.8,73,25,11,0,9,2,0.466
squash,kalabasa,wet,27.9,70.8,6.3,64.8,chemical,4,625.8,100,40,15,0,14,9,0.526
squash,kalabasa_hybrid,dry,31.8,59.5,8.0,73.1,organic,4,339.4,51,4,1,1,1,1,0.53
squash,kalabasa_native,wet,27.9,82.2,4.4,54.7,mixed,4,321.6,54,26,10,1,6,4,0.578
bitter_gourd,ampalaya_oblong,wet,29.9,78.1,6.6,51.2,chemical,2,191.7,24,30,9,0,6,1,0.471
cucumber,pipino,wet,26.4,85.4,6.6,64.4,organic,4,257.3,41,45,22,0,21,13,0.565
bottle_gourd,upo_long,wet,27.8,77.9,5.1,53.9,organic,4,824.3,100,55,22,0,22,15,0.583
cucumber,pipino_japanese,dry,28.9,71.6,7.9,74.8,none,4,521.4,88,45,26,1,23,12,0.511
sponge_gourd,patola_ridged,wet,30.1,75.9,6.2,69.0,chemical,4,250.2,43,32,13,1,10,7,0.643
bitter_gourd,ampalaya_bilog,dry,26.0,68.0,7.5,74.5,chemical,3,300.4,47,38,11,1,7,1,0.452
squash,kalabasa_hybrid,wet,31.1,74.2,5.0,76.9,organic,4,902.4,100,103,30,0,27,15,0.534
bottle_gourd,upo_long,dry,28.3,58.7,8.9,74.2,none,4,538.6,91,61,26,1,24,13,0.459
sponge_gourd,patola_smooth,wet,26.2,86.0,4.4,53.4,chemical,3,265.7,37,12,5,0,5,2,0.488
squash,kalabasa_hybrid,dry,24.4,63.6,7.3,51.5,none,3,483.9,82,25,9,1,8,4,0.331
bitter_gourd,ampalaya_bilog,wet,27.2,77.5,6.7,63.5,mixed,4,483.5,81,106,30,1,30,18,0.636
sponge_gourd,patola_ridged,dry,24.2,67.9,9.6,57.2,chemical,4,354.4,54,59,24,1,24,11,0.508
bottle_gourd,upo_smooth,dry,24.8,72.2,8.1,75.9,none,4,787.3,100,70,30,0,30,9,0.364
cucumber,pipino_native,dry,34.6,71.3,9.5,58.6,none,4,156.8,23,15,7,1,7,2,0.361
bottle_gourd,upo_round,wet,26.5,75.6,6.7,53.7,organic,3,265.4,41,21,7,1,6,2,0.564
cucumber,pipino,wet,31.1,84.0,5.4,51.2,organic,4,211.8,30,27,12,1,9,4,0.661
bottle_gourd,upo_round,wet,28.7,72.9,6.2,79.2,organic,3,430.7,82,24,9,0,6,2,0.477
bottle_gourd,upo_smooth,wet,31.3,85.9,6.1,68.7,organic,4,631.1,100,40,18,1,18,9,0.57
bottle_gourd,upo_smooth,wet,31.3,78.3,4.6,52.9,organic,4,311.4,66,16,7,0,4,2,0.465
sponge_gourd,patola,wet,30.7,81.9,6.2,68.9,chemical,3,285.1,43,6,3,1,3,0,0.558
cucumber,pipino_japanese,dry,27.2,56.0,10.0,62.5,none,3,119.7,17,2,1,0,1,0,0.344
bottle_gourd,upo_smooth,dry,27.3,61.8,8.3,79.8,mixed,5,805.2,100,90,28,1,26,18,0.699
bitter_gourd,ampalaya_oblong,dry,33.4,64.9,9.9,62.1,organic,4,287.5,51,10,4,1,3,3,0.588
sponge_gourd,patola_smooth,dry,34.9,59.2,9.7,54.9,chemical,4,411.9,72,14,6,1,6,3,0.443
cucumber,pipino_japanese,dry,26.0,63.8,7.2,64.0,mixed,4,366.2,52,64,30,0,28,15,0.534
bitter_gourd,ampalaya_bilog,dry,31.8,72.7,7.7,54.3,organic,4,491.9,88,89,29,0,29,19,0.672
sponge_gourd,patola_ridged,dry,31.6,60.9,8.5,65.3,none,2,303.3,59,25,10,1,8,0,0.3
cucumber,pipino,dry,32.6,57.9,8.8,61.6,none,5,377.9,74,48,29,1,28,12,0.443
bottle_gourd,upo_round,dry,34.0,66.8,9.5,52.9,none,4,373.9,69,19,6,0,2,2,0.463
bitter_gourd,ampalaya_hybrid,wet,31.3,79.3,4.9,51.1,chemical,4,708.9,100,87,30,1,30,14,0.492
bottle_gourd,upo_round,wet,30.8,83.7,5.5,73.7,mixed,3,221.6,36,12,5,1,5,3,0.531
cucumber,pipino_japanese,dry,26.9,62.3,8.8,65.4,mixed,4,537.3,84,65,30,0,28,13,0.524
bitter_gourd,ampalaya_hybrid,wet,30.5,85.8,5.6,51.4,none,3,387.4,64,45,16,1,14,7,0.463
cucumber,pipino_japanese,dry,27.1,57.2,8.2,64.7,mixed,4,273.8,52,12,7,1,5,1,0.612
cucumber,pipino_japanese,dry,34.4,63.6,9.6,55.5,organic,4,115.4,17,2,1,1,1,1,0.643
bitter_gourd,ampalaya_bilog,dry,32.8,60.1,7.6,50.7,organic,5,630.4,100,80,30,1,28,14,0.585
squash,kalabasa,wet,27.6,84.1,6.9,62.8,organic,4,757.8,100,92,26,0,25,14,0.579
cucumber,pipino_native,wet,29.8,87.5,5.6,55.4,none,4,305.7,51,25,13,0,11,1,0.311
sponge_gourd,patola,wet,31.7,84.8,4.4,77.9,chemical,4,449.5,80,31,12,1,12,6,0.565
squash,kalabasa_hybrid,dry,29.5,67.9,7.2,56.0,none,4,764.2,100,66,25,1,23,9,0.455
bitter_gourd,ampalaya_hybrid,dry,28.5,63.4,8.0,78.2,mixed,4,594.1,100,66,23,1,23,14,0.583
squash,kalabasa_hybrid,dry,33.4,57.7,9.2,61.4,none,4,465.2,82,36,12,1,8,5,0.458
sponge_gourd,patola,dry,34.9,74.3,8.6,61.6,organic,4,361.9,60,38,15,1,13,11,0.673
cucumber,pipino_japanese,wet,31.4,78.2,6.5,60.4,mixed,4,176.4,31,11,5,1,1,1,0.6
cucumber,pipino,wet,30.6,73.4,5.5,68.5,mixed,4,503.6,79,75,30,1,29,22,0.706
bottle_gourd,upo_round,wet,26.4,71.3,4.6,74.9,organic,5,798.7,100,71,26,1,24,18,0.693
bitter_gourd,ampalaya_hybrid,dry,34.8,72.6,8.5,55.6,none,3,191.1,41,13,5,0,2,0,0.318
bitter_gourd,ampalaya_hybrid,wet,28.8,73.6,5.3,70.8,organic,5,465.8,80,53,14,0,13,8,0.664
bitter_gourd,ampalaya_oblong,dry,30.6,74.7,9.6,52.7,none,4,356.3,56,54,16,1,15,7,0.399
squash,kalabasa_hybrid,dry,30.6,72.6,7.8,76.8,chemical,3,765.3,100,78,23,0,20,9,0.461
squash,kalabasa_hybrid,wet,27.1,81.3,4.0,56.5,organic,4,625.5,100,78,30,0,27,14,0.535
squash,kalabasa,dry,27.9,60.0,8.5,64.9,none,4,917.6,100,80,30,1,26,11,0.495
squash,kalabasa,wet,29.8,81.7,6.7,54.4,mixed,3,461.4,79,97,26,1,22,12,0.561
bitter_gourd,ampalaya_bilog,wet,31.2,89.5,4.3,60.8,none,3,607.8,100,92,30,1,30,14,0.387
cucumber,pipino,dry,29.2,67.5,7.8,66.2,none,4,395.2,64,47,30,1,27,13,0.468
bottle_gourd,upo_long,dry,30.9,70.2,9.8,53.0,organic,4,871.4,100,92,30,0,27,15,0.557
bottle_gourd,upo_round,dry,31.5,62.7,9.3,64.3,none,4,706.6,100,70,25,1,22,10,0.495
bottle_gourd,upo_round,wet,29.3,74.6,5.3,69.3,mixed,4,456.0,74,39,15,0,14,6,0.571
cucumber,pipino,dry,29.1,56.8,8.3,57.2,chemical,4,302.0,45,41,19,0,16,6,0.368
sponge_gourd,patola_ridged,dry,34.5,60.8,9.4,59.8,organic,4,448.7,71,79,30,1,29,22,0.691
squash,kalabasa,dry,25.6,66.5,7.4,75.0,chemical,3,357.9,59,41,11,1,8,4,0.518
bottle_gourd,upo_smooth,wet,30.2,86.6,6.4,51.5,mixed,3,493.5,84,25,9,1,8,2,0.525
squash,kalabasa,dry,27.3,61.5,9.2,66.8,organic,5,548.5,100,23,7,1,4,2,0.839
squash,kalabasa,wet,28.1,70.9,6.6,71.4,mixed,4,528.5,94,60,17,0,17,12,0.567
bitter_gourd,ampalaya_hybrid,dry,33.3,71.7,9.8,54.8,organic,4,383.5,61,51,17,1,13,11,0.669
squash,kalabasa,wet,26.8,79.9,5.8,72.0,none,5,1235.3,100,104,30,1,26,10,0.471
bottle_gourd,upo_long,dry,24.2,58.4,8.5,60.9,chemical,3,409.8,73,34,12,1,11,5,0.502
sponge_gourd,patola,dry,25.3,67.6,7.0,68.4,organic,3,236.3,43,14,6,1,2,2,0.534
cucumber,pipino_japanese,wet,27.5,88.8,4.1,78.6,organic,4,224.2,37,23,14,0,13,5,0.496
squash,kalabasa_hybrid,wet,30.6,75.6,4.6,78.6,organic,4,302.4,62,50,14,0,10,8,0.587
cucumber,pipino_japanese,wet,26.8,72.1,6.1,67.4,organic,5,156.5,26,22,10,0,8,7,0.661
cucumber,pipino_japanese,wet,27.8,83.3,4.1,60.3,chemical,4,271.8,38,12,8,1,6,4,0.521
squash,kalabasa_hybrid,wet,27.3,84.9,4.6,59.1,organic,4,633.3,100,93,24,1,24,12,0.577
sponge_gourd,patola_ridged,dry,32.8,65.7,9.7,69.3,mixed,4,388.9,67,48,20,0,16,7,0.503
cucumber,pipino_native,dry,29.6,64.9,8.4,54.4,organic,4,283.4,38,35,16,1,13,8,0.685
sponge_gourd,patola_smooth,dry,26.2,65.5,7.5,54.7,organic,5,731.9,100,89,30,0,29,15,0.567
squash,kalabasa_native,dry,25.2,67.8,9.2,55.2,mixed,4,749.6,100,98,30,1,29,18,0.661
bitter_gourd,ampalaya_bilog,wet,30.3,70.2,4.6,74.7,mixed,4,492.1,84,71,24,1,20,15,0.635
bottle_gourd,upo_long,dry,26.4,67.1,9.7,55.4,chemical,4,679.9,100,104,30,1,29,18,0.57
bottle_gourd,upo_round,wet,26.4,75.3,6.8,50.9,none,4,358.2,56,14,4,0,4,0,0.429
sponge_gourd,patola,wet,31.3,79.5,6.1,53.8,chemical,4,439.2,68,63,28,0,28,12,0.459
cucumber,pipino_native,wet,27.2,87.4,5.4,54.8,none,2,220.4,27,23,14,0,11,1,0.3
sponge_gourd,patola_ridged,wet,29.9,75.9,5.0,53.6,chemical,4,495.0,85,61,28,0,28,16,0.534
bottle_gourd,upo_smooth,dry,30.5,61.2,7.4,64.8,none,4,536.3,89,52,17,1,13,8,0.447
cucumber,pipino_native,wet,28.8,70.6,6.0,60.7,mixed,4,485.2,81,59,30,1,26,18,0.678
cucumber,pipino_native,dry,28.1,70.8,8.4,60.1,mixed,4,409.7,73,42,23,1,23,13,0.616
squash,kalabasa,wet,31.2,74.6,6.8,68.2,chemical,3,514.2,86,80,29,0,26,12,0.463
bitter_gourd,ampalaya_hybrid,dry,26.6,59.2,7.7,70.6,none,4,363.8,59,5,2,1,2,2,0.555
sponge_gourd,patola_ridged,dry,34.3,63.0,8.9,75.9,organic,4,257.3,47,25,11,1,10,3,0.545
cucumber,pipino_native,wet,31.0,79.8,6.1,54.3,none,4,205.4,38,12,7,1,6,0,0.38
bottle_gourd,upo_round,dry,32.0,58.6,7.3,60.6,organic,4,405.9,67,35,10,0,10,5,0.611
cucumber,pipino,wet,26.7,86.3,5.8,54.8,none,3,302.0,48,40,18,0,14,6,0.3
sponge_gourd,patola_ridged,dry,34.0,74.4,7.7,51.9,none,3,201.9,37,6,2,1,2,0,0.437
bottle_gourd,upo_round,dry,32.0,70.8,7.5,59.3,none,3,354.7,59,20,8,0,7,3,0.346
squash,kalabasa_hybrid,wet,28.0,82.3,4.6,72.5,none,4,617.4,100,110,30,1,29,12,0.49
squash,kalabasa_native,dry,27.3,71.5,7.7,52.0,chemical,4,503.0,90,15,5,1,1,1,0.591
sponge_gourd,patola_ridged,wet,28.4,80.3,4.2,75.4,none,3,351.7,56,25,10,1,7,4,0.439
bitter_gourd,ampalaya_bilog,dry,33.6,57.6,7.6,68.7,none,3,443.4,75,60,19,0,19,4,0.3
cucumber,pipino_native,dry,27.8,63.5,7.2,70.7,organic,4,370.4,58,45,26,1,23,14,0.59
bottle_gourd,upo_long,dry,28.0,65.6,7.8,63.9,mixed,4,766.1,100,56,20,1,16,10,0.664
squash,kalabasa_hybrid,wet,31.3,83.6,5.8,66.8,organic,5,537.9,98,39,12,1,10,7,0.588
bitter_gourd,ampalaya_hybrid,dry,26.8,73.7,8.7,70.0,none,4,431.4,60,30,11,0,11,3,0.338
cucumber,pipino,dry,28.1,62.3,8.9,78.3,chemical,3,243.4,48,42,21,0,17,10,0.453
bottle_gourd,upo_smooth,dry,26.4,59.4,7.2,61.3,none,4,354.8,60,7,3,0,1,0,0.467
bitter_gourd,ampalaya_bilog,dry,28.4,57.2,10.0,70.1,chemical,4,590.9,98,77,30,0,26,12,0.457
bottle_gourd,upo_long,wet,27.8,88.5,4.1,69.5,none,3,412.5,73,24,8,0,7,1,0.425
bitter_gourd,ampalaya_bilog,dry,25.5,58.5,8.9,62.9,chemical,4,746.5,100,91,30,1,29,15,0.465
squash,kalabasa,wet,28.0,77.1,6.4,79.4,chemical,3,370.8,64,83,23,0,20,11,0.443
squash,kalabasa_hybrid,wet,31.9,83.4,4.5,61.0,organic,3,581.8,97,47,16,0,13,5,0.479
bottle_gourd,upo_round,wet,27.9,77.7,6.6,71.4,mixed,4,659.0,100,80,27,1,26,14,0.608
cucumber,pipino_native,dry,33.0,66.1,8.4,57.5,chemical,3,358.7,53,30,17,1,15,9,0.577
bottle_gourd,upo_long,wet,29.3,72.7,5.1,73.4,mixed,4,881.7,100,72,22,1,19,16,0.712
sponge_gourd,patola_smooth,wet,31.9,80.7,6.4,51.5,organic,4,345.3,53,53,22,1,22,14,0.648
sponge_gourd,patola_smooth,dry,27.2,72.1,9.6,71.2,mixed,4,417.3,71,77,26,1,22,14,0.613
bitter_gourd,ampalaya_hybrid,wet,29.0,84.8,4.2,66.4,chemical,4,400.9,67,25,8,1,4,2,0.56
squash,kalabasa,wet,29.7,74.4,4.5,68.2,organic,5,420.1,71,26,10,1,9,5,0.608
bottle_gourd,upo_round,wet,31.1,87.9,7.0,51.3,none,5,471.4,79,10,4,0,4,0,0.323
bottle_gourd,upo_smooth,dry,24.1,66.2,8.8,68.7,none,4,947.8,100,101,30,1,28,11,0.473
bottle_gourd,upo_round,dry,24.9,70.7,7.6,57.9,mixed,4,572.7,99,79,27,1,24,16,0.645
squash,kalabasa,wet,28.3,85.4,6.1,61.7,mixed,5,1288.7,100,102,30,0,30,17,0.54
squash,kalabasa_native,wet,26.2,89.0,5.8,62.1,organic,4,600.6,100,60,22,0,20,11,0.514
squash,kalabasa_native,dry,28.1,67.9,8.5,76.7,none,4,672.3,100,53,14,1,11,5,0.46
squash,kalabasa,dry,27.0,60.3,9.3,76.9,none,4,1019.7,100,84,28,1,28,16,0.53
bitter_gourd,ampalaya_oblong,dry,27.5,66.8,8.7,72.2,none,4,298.0,56,20,7,1,6,1,0.462
bitter_gourd,ampalaya_oblong,dry,32.9,57.7,8.5,74.9,chemical,2,230.2,43,31,8,0,8,2,0.364
bottle_gourd,upo_round,wet,26.7,75.7,5.9,62.4,none,3,451.5,73,35,11,1,10,7,0.467
squash,kalabasa,dry,32.7,61.2,8.6,77.1,none,4,549.5,91,22,7,1,3,0,0.337
squash,kalabasa_hybrid,wet,31.4,76.8,6.7,69.2,chemical,3,418.1,65,51,15,1,15,10,0.532
bitter_gourd,ampalaya_hybrid,dry,30.9,56.8,9.6,57.0,organic,4,487.5,77,82,22,1,21,13,0.627
bitter_gourd,ampalaya_oblong,dry,27.0,66.5,7.6,55.3,organic,4,434.3,74,68,21,0,19,11,0.546
bottle_gourd,upo_round,dry,31.2,65.0,8.0,55.1,chemical,4,313.8,53,20,8,1,5,2,0.542
squash,kalabasa_native,wet,29.2,82.3,6.7,60.5,none,3,386.9,63,9,3,0,2,0,0.395
sponge_gourd,patola,wet,31.0,82.4,6.3,59.6,chemical,4,289.8,51,40,17,1,14,9,0.557
bitter_gourd,ampalaya_hybrid,wet,28.7,84.7,5.3,71.8,none,4,432.8,74,33,13,1,10,5,0.473
bottle_gourd,upo_long,dry,29.3,74.8,9.4,75.3,mixed,4,481.3,78,20,10,0,8,5,0.633
squash,kalabasa_hybrid,dry,28.2,71.8,9.4,63.5,organic,5,1155.9,100,88,30,0,30,20,0.718
bottle_gourd,upo_smooth,dry,34.1,55.2,8.4,70.7,none,4,410.4,68,36,12,1,12,6,0.412
bitter_gourd,ampalaya_hybrid,wet,29.3,78.6,5.7,77.0,chemical,3,486.4,84,72,24,0,24,11,0.403
cucumber,pipino_native,dry,24.7,72.5,8.9,63.8,mixed,5,395.9,58,73,30,0,27,15,0.573
bitter_gourd,ampalaya_hybrid,wet,29.4,71.1,6.2,70.9,organic,4,521.1,72,102,29,1,28,17,0.676
sponge_gourd,patola_smooth,dry,25.6,58.2,8.4,54.0,organic,4,768.8,100,74,28,1,24,16,0.596
bottle_gourd,upo_round,dry,24.1,72.0,9.8,78.9,mixed,4,361.8,61,18,6,1,3,2,0.645
cucumber,pipino,wet,30.3,79.7,5.5,57.8,organic,3,291.0,50,29,16,1,12,6,0.57
squash,kalabasa_native,dry,30.9,70.5,7.2,78.0,organic,4,796.5,100,98,30,1,27,18,0.642
squash,kalabasa_native,wet,30.6,86.4,6.3,50.5,none,4,855.7,100,68,27,1,25,8,0.384
bitter_gourd,ampalaya_hybrid,dry,24.1,66.3,9.9,54.2,chemical,3,482.6,83,72,21,1,18,8,0.438
sponge_gourd,patola_ridged,dry,33.1,70.9,7.1,57.9,none,4,533.5,79,20,10,0,10,5,0.327
bitter_gourd,ampalaya_hybrid,wet,27.6,89.0,4.8,56.0,mixed,4,490.4,73,80,25,0,22,8,0.453
cucumber,pipino_japanese,dry,24.9,59.9,9.9,59.8,none,3,209.6,36,24,11,0,8,1,0.389
cucumber,pipino_native,wet,29.6,79.5,4.9,70.1,chemical,4,391.4,65,70,30,1,26,14,0.455
squash,kalabasa_hybrid,wet,29.0,70.3,4.1,52.7,none,4,702.2,100,86,22,1,22,8,0.466
bitter_gourd,ampalaya_oblong,dry,25.4,59.9,9.9,53.6,chemical,3,404.9,73,49,15,1,13,3,0.414
cucumber,pipino_native,dry,26.6,72.0,7.9,52.7,chemical,3,356.0,58,52,25,1,22,9,0.52
cucumber,pipino,dry,34.9,66.6,7.6,50.7,organic,4,215.6,31,26,14,1,13,9,0.707
bottle_gourd,upo_smooth,wet,31.9,74.5,5.5,79.1,none,3,423.3,68,75,23,1,23,11,0.458
squash,kalabasa_native,dry,26.3,74.4,7.9,68.7,none,3,528.4,98,95,24,1,21,7,0.39
bitter_gourd,ampalaya_hybrid,dry,25.7,67.4,7.8,67.0,none,4,250.1,45,33,9,0,8,1,0.37
squash,kalabasa_native,wet,27.6,71.2,5.0,67.1,none,4,720.1,100,72,21,1,21,8,0.472
squash,kalabasa,wet,29.4,72.9,6.6,61.4,organic,4,278.9,51,5,2,1,1,1,0.656
sponge_gourd,patola_smooth,dry,30.3,70.9,7.3,67.3,none,4,274.2,45,29,14,0,11,6,0.462
sponge_gourd,patola,wet,29.6,74.6,4.5,61.9,chemical,4,749.6,100,71,30,1,26,17,0.627
cucumber,pipino_japanese,dry,33.6,70.9,9.5,65.7,mixed,4,373.0,55,58,27,0,26,14,0.475
bitter_gourd,ampalaya_bilog,wet,31.8,83.5,5.1,68.0,organic,4,318.7,57,33,11,0,9,3,0.521
cucumber,pipino,wet,30.2,71.7,4.9,59.0,chemical,4,626.2,100,66,30,0,30,17,0.493
bitter_gourd,ampalaya_bilog,wet,30.0,70.7,6.8,59.1,none,4,310.5,50,30,11,0,10,2,0.351
bitter_gourd,ampalaya_hybrid,dry,34.6,61.0,7.8,63.7,none,3,323.5,54,35,14,0,12,2,0.372
cucumber,pipino_native,dry,33.9,72.2,8.2,62.6,none,3,323.4,59,25,12,0,9,6,0.407
cucumber,pipino,wet,29.4,72.1,4.7,69.9,none,4,108.2,7,3,2,1,2,1,0.495
cucumber,pipino_native,wet,31.9,88.5,5.8,65.8,chemical,3,198.6,37,17,11,0,11,3,0.38
cucumber,pipino_native,wet,31.5,78.2,4.7,71.9,mixed,3,215.8,28,35,16,1,16,6,0.464
sponge_gourd,patola_ridged,dry,24.6,73.2,7.6,53.8,none,3,421.3,69,48,17,0,17,7,0.396
cucumber,pipino_japanese,wet,30.8,76.2,6.2,66.7,mixed,4,508.4,93,66,30,0,27,16,0.511
sponge_gourd,patola_ridged,wet,31.7,73.8,6.8,75.2,chemical,4,242.5,51,23,9,0,5,2,0.471
squash,kalabasa,wet,26.3,82.7,6.0,77.6,none,4,562.0,93,37,14,0,12,2,0.355
bitter_gourd,ampalaya_oblong,dry,29.2,55.5,8.0,71.9,mixed,4,295.4,48,3,1,0,1,0,0.52
bitter_gourd,ampalaya_oblong,wet,31.8,79.8,5.9,50.8,chemical,3,626.7,100,105,30,1,29,15,0.563
bottle_gourd,upo_smooth,wet,26.4,86.7,6.2,63.6,chemical,4,410.8,62,23,8,1,8,5,0.434
bitter_gourd,ampalaya_bilog,dry,31.9,58.8,9.6,73.1,mixed,4,295.6,58,32,10,1,9,6,0.648
bottle_gourd,upo_round,wet,30.0,70.7,4.2,58.4,mixed,4,531.1,90,43,16,1,14,7,0.574
bottle_gourd,upo_smooth,wet,29.1,79.9,6.0,74.0,none,3,468.6,75,37,12,0,12,2,0.314
cucumber,pipino_japanese,wet,28.8,74.1,4.8,50.7,none,3,460.5,73,48,29,1,27,13,0.443
bitter_gourd,ampalaya_oblong,dry,26.3,64.7,8.3,67.1,none,4,312.8,55,32,10,1,7,2,0.438
bitter_gourd,ampalaya_bilog,dry,32.3,69.3,9.8,75.5,chemical,3,429.0,69,64,25,0,21,9,0.447
squash,kalabasa_native,wet,31.0,79.0,6.9,66.1,organic,5,531.1,92,53,17,0,13,8,0.63
sponge_gourd,patola_smooth,dry,27.5,65.4,9.9,50.1,mixed,3,237.5,38,20,9,0,7,3,0.554
sponge_gourd,patola_smooth,dry,34.3,67.5,8.4,78.1,chemical,3,207.3,36,26,9,0,9,5,0.375
cucumber,pipino_japanese,dry,26.5,55.6,9.1,66.2,none,3,247.2,37,40,17,0,17,4,0.369
cucumber,pipino_native,dry,27.8,69.6,8.1,57.1,none,3,200.9,38,2,1,0,1,0,0.3
bitter_gourd,ampalaya_bilog,wet,26.6,85.3,6.4,58.1,none,4,244.0,35,12,4,1,1,1,0.438
bitter_gourd,ampalaya_bilog,dry,26.7,64.1,9.2,66.9,chemical,4,632.9,99,112,30,1,26,15,0.564
squash,kalabasa_hybrid,wet,29.5,79.0,5.2,74.8,none,4,610.3,97,54,16,0,13,4,0.422
squash,kalabasa_hybrid,dry,26.5,68.0,8.7,54.4,organic,5,683.8,100,65,19,0,17,10,0.681
bottle_gourd,upo_long,wet,26.4,77.1,4.7,54.6,mixed,4,740.4,100,30,14,1,12,6,0.62
bitter_gourd,ampalaya_hybrid,wet,30.6,76.4,6.6,79.3,none,4,613.6,100,87,23,0,23,6,0.346
bottle_gourd,upo_round,dry,27.8,67.1,9.3,68.3,chemical,4,846.8,100,88,29,0,28,13,0.534
cucumber,pipino,wet,26.2,75.9,4.1,70.7,organic,4,118.3,21,2,1,1,1,1,0.67
squash,kalabasa_native,wet,31.8,71.1,6.5,67.3,none,3,744.1,100,51,20,1,19,5,0.386
bottle_gourd,upo_long,wet,28.3,85.7,6.2,78.2,mixed,4,326.7,47,21,10,0,10,5,0.515
cucumber,pipino_japanese,wet,26.8,84.7,4.4,59.5,mixed,4,181.4,28,15,8,0,8,2,0.471
bottle_gourd,upo_round,dry,31.4,59.8,7.7,71.8,chemical,3,744.9,100,72,25,1,21,10,0.547
sponge_gourd,patola,dry,29.6,68.8,7.6,73.4,organic,4,362.4,62,35,13,1,12,10,0.652
bitter_gourd,ampalaya_hybrid,wet,29.1,83.0,7.0,70.3,mixed,3,201.7,34,30,8,1,7,3,0.573
cucumber,pipino,wet,30.9,81.8,6.1,73.8,chemical,4,353.8,60,63,30,0,29,16,0.494
cucumber,pipino_native,wet,26.9,71.0,4.4,69.9,mixed,4,310.8,50,49,30,1,30,18,0.568
squash,kalabasa_hybrid,wet,29.3,75.8,4.6,79.1,organic,5,993.1,100,78,30,0,26,19,0.675
sponge_gourd,patola_smooth,dry,33.7,68.7,9.8,73.9,mixed,5,517.0,78,63,30,1,29,19,0.669
bitter_gourd,ampalaya_oblong,wet,29.7,73.1,5.9,66.1,chemical,3,332.4,59,79,20,0,20,7,0.421
squash,kalabasa_hybrid,wet,28.0,89.2,5.1,74.7,chemical,3,711.1,100,93,24,1,23,11,0.494
bottle_gourd,upo_smooth,dry,26.5,67.6,7.4,67.0,chemical,3,298.8,59,24,10,0,9,5,0.491
squash,kalabasa_native,dry,32.1,63.9,9.5,53.1,chemical,3,297.2,49,17,5,0,1,1,0.456
bitter_gourd,ampalaya_bilog,dry,26.1,63.8,9.1,61.4,none,3,278.8,42,28,8,1,7,5,0.416
squash,kalabasa_hybrid,wet,30.6,89.2,6.6,52.3,none,3,447.0,77,35,9,1,8,1,0.359
bitter_gourd,ampalaya_oblong,dry,26.6,71.1,9.5,57.6,mixed,3,457.3,80,106,29,0,29,15,0.491
cucumber,pipino,dry,30.1,58.9,8.9,64.8,chemical,3,259.3,37,13,7,1,6,1,0.419
bitter_gourd,ampalaya_hybrid,dry,34.2,60.5,8.0,61.4,chemical,5,633.3,100,68,26,1,22,11,0.516
bitter_gourd,ampalaya_bilog,dry,32.4,68.1,9.7,61.0,organic,5,431.9,79,29,8,1,6,5,0.687
squash,kalabasa_native,dry,31.3,71.4,7.9,62.5,organic,4,624.9,100,60,23,0,23,15,0.589
bitter_gourd,ampalaya_hybrid,dry,24.4,58.7,9.9,52.0,chemical,4,366.5,60,39,10,0,6,3,0.505
bottle_gourd,upo_round,dry,33.0,70.8,9.2,79.7,organic,4,536.3,78,50,25,1,24,15,0.626
bitter_gourd,ampalaya_oblong,wet,30.9,78.7,4.3,52.2,chemical,3,382.7,65,59,16,1,15,6,0.479
bitter_gourd,ampalaya_oblong,wet,26.5,81.3,4.8,52.8,mixed,5,297.7,56,58,15,1,12,9,0.776
squash,kalabasa_native,wet,28.9,86.1,4.1,71.3,chemical,3,490.6,78,81,23,1,21,8,0.475
sponge_gourd,patola_ridged,dry,32.7,61.1,8.8,53.1,none,4,534.8,79,25,9,1,9,5,0.488
squash,kalabasa,wet,31.7,82.7,4.8,77.6,organic,3,810.6,100,79,24,1,20,9,0.445
bitter_gourd,ampalaya_hybrid,dry,26.8,71.9,9.1,54.0,organic,5,312.7,58,32,10,1,9,9,0.745
cucumber,pipino,wet,31.3,82.6,5.7,59.1,organic,3,291.1,45,23,12,1,9,3,0.471
squash,kalabasa_hybrid,dry,31.9,58.6,8.4,75.6,mixed,4,656.1,100,75,24,0,23,12,0.5
bitter_gourd,ampalaya_bilog,dry,27.1,72.1,8.5,60.9,mixed,4,734.7,100,119,30,1,26,17,0.741
squash,kalabasa_native,wet,27.8,83.5,6.2,77.0,none,4,426.1,70,18,7,1,6,3,0.5
squash,kalabasa_hybrid,wet,27.9,86.5,5.4,64.5,organic,4,582.4,92,52,19,0,15,9,0.574
sponge_gourd,patola,wet,28.6,70.8,4.7,50.2,organic,4,491.6,81,35,13,0,13,7,0.592
cucumber,pipino_japanese,wet,31.9,70.1,7.0,67.7,chemical,4,284.2,42,22,13,1,12,6,0.575
bottle_gourd,upo_long,dry,33.7,56.9,9.7,67.7,none,3,431.4,74,3,1,0,1,0,0.3
cucumber,pipino_native,wet,30.5,70.7,6.3,65.0,mixed,4,159.7,36,12,7,1,3,3,0.665
bottle_gourd,upo_round,wet,30.9,72.7,7.0,53.5,chemical,3,482.3,84,41,12,0,10,6,0.401
bottle_gourd,upo_long,dry,25.8,68.4,8.1,60.7,none,4,586.9,99,90,27,1,24,10,0.502
cucumber,pipino_japanese,dry,28.5,64.6,7.1,77.5,none,3,183.0,30,20,13,1,13,6,0.415
sponge_gourd,patola_ridged,dry,31.6,60.2,8.1,63.3,mixed,3,331.1,46,60,20,0,18,10,0.446
bitter_gourd,ampalaya_oblong,dry,29.6,71.2,8.2,62.4,mixed,3,404.9,65,73,19,1,17,12,0.636
bitter_gourd,ampalaya_oblong,dry,31.7,71.4,9.0,66.2,mixed,4,441.9,76,70,24,1,22,15,0.583
bitter_gourd,ampalaya_bilog,wet,31.8,77.1,6.7,65.0,chemical,4,557.1,87,55,21,0,20,9,0.559
bottle_gourd,upo_round,wet,26.5,81.5,4.7,79.4,chemical,4,949.2,100,75,29,1,27,13,0.56
bitter_gourd,ampalaya_hybrid,dry,28.4,73.8,7.4,74.5,organic,4,374.8,57,37,10,1,10,7,0.749
cucumber,pipino_japanese,wet,31.8,81.1,5.9,68.1,chemical,4,440.4,84,66,30,1,26,10,0.412
squash,kalabasa_native,dry,34.0,74.6,9.1,70.5,mixed,4,417.0,68,42,14,1,13,6,0.64
bottle_gourd,upo_round,wet,26.3,87.3,6.4,57.7,mixed,5,1031.5,100,74,30,1,27,19,0.649
bottle_gourd,upo_long,wet,31.4,83.0,5.7,58.1,none,4,853.6,100,62,19,1,18,8,0.394
squash,kalabasa,dry,31.9,57.0,9.1,67.5,organic,4,1124.0,100,110,30,0,28,13,0.525
cucumber,pipino_japanese,dry,32.9,74.3,8.8,61.9,chemical,3,135.0,31,23,11,1,7,3,0.374
squash,kalabasa_native,wet,27.9,82.0,5.3,53.6,organic,5,537.7,96,32,8,1,8,3,0.64
cucumber,pipino_native,wet,30.9,70.1,4.6,78.6,chemical,5,500.9,88,51,30,0,30,17,0.504
sponge_gourd,patola_smooth,wet,27.2,85.8,5.4,76.5,mixed,5,734.0,100,65,30,1,30,18,0.661
bottle_gourd,upo_smooth,dry,24.7,73.0,7.8,63.6,none,3,450.0,75,42,20,0,20,4,0.3
bitter_gourd,ampalaya_oblong,wet,30.7,70.5,6.7,76.1,mixed,4,543.0,89,55,21,0,18,13,0.623
sponge_gourd,patola_smooth,dry,29.6,72.8,7.8,50.2,none,3,169.3,22,3,1,0,1,0,0.368
squash,kalabasa_native,dry,31.9,74.9,7.3,63.2,mixed,4,403.4,62,39,12,1,9,3,0.604
squash,kalabasa_native,wet,27.8,74.7,6.8,76.9,organic,4,593.5,100,68,21,1,18,9,0.623
bottle_gourd,upo_round,wet,26.1,71.7,6.3,55.5,chemical,3,484.4,78,14,6,1,4,1,0.609
sponge_gourd,patola_ridged,dry,34.9,72.0,9.4,67.2,organic,5,376.8,64,53,22,1,22,14,0.635
cucumber,pipino,wet,28.1,79.6,6.0,51.7,chemical,2,239.6,40,54,22,1,19,7,0.444
cucumber,pipino_japanese,dry,32.6,62.5,9.7,53.7,mixed,3,267.6,44,26,12,0,9,4,0.429
bitter_gourd,ampalaya_bilog,dry,32.1,58.6,8.8,58.4,mixed,4,619.4,100,109,30,1,30,17,0.552
bottle_gourd,upo_smooth,wet,27.5,70.6,5.2,58.8,none,4,440.4,77,19,8,1,7,2,0.594
cucumber,pipino,wet,28.8,70.2,5.8,75.8,chemical,4,400.1,62,50,24,1,23,12,0.51
cucumber,pipino_japanese,wet,30.0,89.9,5.7,74.6,none,4,329.6,54,48,27,1,26,12,0.388
cucumber,pipino_japanese,wet,26.5,76.1,5.1,65.7,chemical,3,297.6,43,37,15,0,14,9,0.477
bitter_gourd,ampalaya_bilog,wet,27.0,75.8,4.3,78.9,mixed,5,630.0,100,93,30,1,29,19,0.63
cucumber,pipino_japanese,dry,24.9,56.7,7.1,75.5,mixed,4,222.4,42,6,3,0,3,2,0.567
squash,kalabasa_native,wet,28.9,85.9,6.0,57.1,organic,4,1020.6,100,96,30,0,29,12,0.467
bitter_gourd,ampalaya_bilog,wet,29.4,89.3,6.5,65.2,chemical,4,586.5,97,113,30,1,28,15,0.601
bottle_gourd,upo_long,wet,30.2,75.1,4.8,54.1,mixed,4,608.0,99,95,30,1,30,20,0.598
squash,kalabasa,wet,28.1,80.4,5.6,58.2,chemical,4,448.8,81,28,9,0,5,2,0.432
bottle_gourd,upo_round,wet,30.3,71.2,5.2,54.2,organic,4,479.3,80,59,18,1,16,11,0.67
bitter_gourd,ampalaya_bilog,wet,30.5,74.2,4.2,50.7,organic,4,289.8,48,43,11,1,11,6,0.658
bitter_gourd,ampalaya_hybrid,dry,24.2,62.2,9.3,64.3,organic,4,346.3,57,50,13,1,13,8,0.62
squash,kalabasa_hybrid,dry,33.9,71.0,8.3,79.0,none,4,924.2,100,78,30,0,26,7,0.342
sponge_gourd,patola_smooth,dry,30.5,67.1,9.0,77.7,organic,4,486.4,86,48,18,0,15,9,0.55
bottle_gourd,upo_smooth,wet,32.0,79.8,4.4,52.8,mixed,4,844.8,100,98,30,0,30,12,0.459
sponge_gourd,patola_smooth,dry,24.3,65.8,7.2,75.3,organic,4,378.2,62,34,16,0,15,10,0.519
cucumber,pipino,dry,25.9,69.9,9.8,56.1,mixed,4,568.1,96,73,30,1,30,21,0.65
bitter_gourd,ampalaya_oblong,wet,27.5,80.1,4.5,55.0,organic,5,671.8,100,83,30,1,30,21,0.731
bitter_gourd,ampalaya_bilog,wet,29.8,73.6,6.1,64.8,organic,4,348.1,66,52,17,1,13,10,0.784
squash,kalabasa_hybrid,wet,31.9,80.3,6.2,57.5,mixed,5,851.3,100,77,30,0,27,16,0.511
bottle_gourd,upo_smooth,dry,26.5,71.6,8.4,78.4,chemical,3,406.0,67,61,19,0,17,8,0.464
cucumber,pipino_native,dry,33.2,70.4,9.7,79.7,chemical,3,274.4,46,33,15,1,12,6,0.506
sponge_gourd,patola_ridged,dry,27.4,73.0,9.0,70.7,none,3,362.0,58,38,16,1,12,2,0.372
sponge_gourd,patola,wet,29.2,74.7,5.4,68.4,chemical,4,292.5,50,3,1,0,1,1,0.528
cucumber,pipino_native,dry,30.1,65.3,9.5,50.1,mixed,3,166.7,21,8,4,1,1,1,0.619
bitter_gourd,ampalaya_bilog,dry,31.4,56.0,9.0,67.4,chemical,3,264.1,37,47,12,1,10,6,0.498
cucumber,pipino_japanese,wet,30.7,71.3,4.4,70.4,none,3,517.2,82,61,29,0,29,11,0.3
cucumber,pipino,dry,29.4,66.8,9.5,74.0,mixed,5,396.3,63,56,30,0,26,15,0.624
sponge_gourd,patola_smooth,dry,28.0,57.8,8.8,76.7,chemical,4,529.9,86,67,23,1,22,12,0.533
bottle_gourd,upo_round,wet,30.1,75.5,5.0,62.9,chemical,4,522.7,78,56,20,1,17,8,0.59
cucumber,pipino_japanese,dry,34.8,63.8,8.8,53.8,none,4,360.2,64,36,18,1,15,5,0.457
sponge_gourd,patola,wet,31.7,75.9,5.8,62.9,organic,5,643.0,100,66,25,0,23,13,0.566
cucumber,pipino_native,wet,29.9,73.5,6.7,78.7,mixed,5,439.4,69,22,14,0,11,7,0.595
cucumber,pipino,wet,27.2,73.9,6.8,57.5,none,2,69.4,16,5,3,1,2,0,0.442
cucumber,pipino_japanese,dry,32.2,56.2,7.2,67.3,chemical,4,578.9,100,61,28,0,28,11,0.456
cucumber,pipino,wet,28.4,87.0,6.9,57.4,organic,4,267.1,44,37,17,1,13,9,0.569
sponge_gourd,patola_smooth,wet,31.0,75.2,5.2,74.9,mixed,3,179.1,35,24,10,0,6,1,0.412
sponge_gourd,patola,wet,30.1,82.6,5.1,77.1,mixed,4,753.4,100,61,30,0,30,16,0.488
squash,kalabasa_native,dry,32.4,67.6,8.8,66.7,chemical,3,359.5,64,18,6,0,2,0,0.478
cucumber,pipino,dry,24.3,60.5,7.2,74.7,mixed,4,356.9,55,27,17,1,13,6,0.57
bottle_gourd,upo_long,dry,31.2,59.3,7.9,56.4,organic,4,697.6,100,73,27,1,27,21,0.713
sponge_gourd,patola,dry,28.7,69.3,9.7,51.1,chemical,4,317.8,59,11,5,0,2,0,0.422
cucumber,pipino_japanese,dry,32.2,67.1,7.7,76.9,mixed,5,514.5,79,46,30,1,29,17,0.565
squash,kalabasa,dry,26.8,63.8,8.2,50.2,mixed,3,404.2,69,46,17,0,14,9,0.483
sponge_gourd,patola,wet,29.1,79.6,5.6,54.6,chemical,4,601.0,100,48,18,1,15,8,0.512
sponge_gourd,patola_ridged,dry,27.4,63.0,10.0,62.9,organic,4,392.9,70,56,24,0,24,15,0.593
cucumber,pipino_native,wet,29.9,86.0,5.0,60.4,mixed,4,397.2,67,48,30,0,27,11,0.492
sponge_gourd,patola_smooth,dry,26.6,66.9,7.4,64.8,mixed,4,368.2,67,40,15,1,13,6,0.561
cucumber,pipino_japanese,dry,26.3,73.4,9.7,62.9,chemical,4,531.0,80,50,30,1,29,16,0.521
cucumber,pipino_native,wet,27.6,76.5,4.5,56.4,none,3,479.4,73,62,28,1,28,10,0.374
cucumber,pipino_japanese,dry,26.9,73.4,9.3,72.6,chemical,4,166.4,30,26,12,1,10,7,0.606
squash,kalabasa_hybrid,wet,27.3,71.3,5.7,79.3,mixed,4,490.4,88,112,28,0,24,13,0.533
sponge_gourd,patola,wet,29.2,89.1,5.1,72.4,mixed,4,532.1,98,70,30,1,27,16,0.658
bitter_gourd,ampalaya_hybrid,wet,31.4,81.1,6.9,70.9,organic,5,710.6,100,110,30,1,27,17,0.62
sponge_gourd,patola_ridged,wet,31.6,82.3,6.8,78.7,mixed,4,527.7,83,38,13,1,11,5,0.59
squash,kalabasa,dry,27.3,63.1,8.0,52.4,organic,4,528.8,87,54,21,1,21,12,0.643
cucumber,pipino,dry,34.8,60.9,9.0,71.9,mixed,4,530.4,81,72,30,1,29,14,0.492
bottle_gourd,upo_smooth,wet,27.7,73.1,4.0,76.9,mixed,4,612.5,100,95,30,0,29,16,0.504
sponge_gourd,patola_ridged,dry,32.6,59.8,7.0,55.0,organic,5,521.8,90,74,26,0,23,16,0.639
cucumber,pipino,wet,31.9,84.9,4.7,80.0,organic,4,465.0,81,49,23,0,19,10,0.499
bitter_gourd,ampalaya_hybrid,wet,31.8,71.8,6.6,71.6,chemical,3,424.2,71,79,26,0,26,14,0.51
bottle_gourd,upo_smooth,dry,34.3,70.5,8.6,62.4,mixed,4,587.9,99,65,28,1,25,15,0.677
sponge_gourd,patola,dry,24.3,70.2,7.0,50.9,none,4,406.7,70,61,21,1,21,6,0.359
squash,kalabasa_hybrid,wet,28.8,84.1,5.4,54.8,organic,3,426.8,70,54,15,1,14,8,0.643
bitter_gourd,ampalaya_bilog,wet,31.9,70.7,4.5,50.1,mixed,4,527.2,97,73,28,1,24,13,0.557
bottle_gourd,upo_smooth,dry,28.0,63.0,8.3,53.5,mixed,4,852.9,100,63,22,0,19,12,0.524
bottle_gourd,upo_smooth,dry,33.0,58.2,7.1,52.6,organic,4,801.0,100,96,30,1,27,13,0.458
sponge_gourd,patola_ridged,wet,26.2,75.5,4.7,50.9,mixed,5,297.4,63,24,8,1,5,4,0.692
squash,kalabasa_native,wet,29.1,79.8,6.9,50.6,none,3,782.4,100,62,21,1,17,7,0.362
bottle_gourd,upo_smooth,dry,24.4,63.4,9.0,67.9,chemical,3,336.8,55,29,11,0,8,6,0.446
bottle_gourd,upo_smooth,dry,33.9,72.6,7.7,72.3,organic,4,820.5,100,97,28,1,24,15,0.563
sponge_gourd,patola_ridged,wet,26.7,83.5,5.8,71.2,none,4,412.1,69,32,14,0,10,3,0.41
bitter_gourd,ampalaya_oblong,dry,27.0,67.7,9.1,55.6,organic,4,422.1,70,38,14,1,11,10,0.684
cucumber,pipino_native,wet,28.4,75.8,5.3,64.0,none,4,417.5,67,49,29,1,28,14,0.494
squash,kalabasa_native,dry,32.4,65.3,7.8,56.7,mixed,4,823.5,100,93,24,1,20,13,0.556
bitter_gourd,ampalaya_oblong,wet,27.6,73.4,5.1,73.4,none,3,240.2,44,33,9,0,8,3,0.3
bitter_gourd,ampalaya_hybrid,dry,30.4,55.3,7.2,74.1,none,3,418.7,70,55,16,0,12,6,0.32
cucumber,pipino_japanese,wet,27.3,85.8,4.1,53.3,organic,4,363.9,60,34,20,1,18,13,0.613
cucumber,pipino_native,wet,31.5,77.4,6.2,60.6,none,4,462.7,86,58,30,1,30,13,0.376
bitter_gourd,ampalaya_oblong,wet,31.8,74.7,6.6,61.8,mixed,3,195.2,40,3,1,1,1,1,0.542
bottle_gourd,upo_round,wet,26.7,85.8,4.8,50.9,chemical,4,780.9,100,84,30,1,28,11,0.47
bitter_gourd,ampalaya_oblong,wet,29.7,83.1,6.9,63.1,organic,4,618.8,100,118,30,1,28,21,0.712
squash,kalabasa_hybrid,dry,32.3,61.7,9.8,66.6,chemical,4,415.4,73,15,4,0,4,0,0.335
bottle_gourd,upo_round,wet,31.9,78.7,5.6,61.6,none,3,410.7,72,42,19,1,17,8,0.395
sponge_gourd,patola,dry,30.1,69.1,8.6,73.5,organic,4,501.0,85,39,14,1,12,9,0.571
bitter_gourd,ampalaya_oblong,wet,28.6,83.8,5.1,55.3,none,4,537.6,98,68,17,1,16,8,0.452
cucumber,pipino_native,dry,30.2,70.4,8.1,65.6,organic,5,809.1,100,54,30,0,29,20,0.619
sponge_gourd,patola_smooth,dry,31.1,57.7,7.9,64.0,chemical,4,209.9,41,9,4,1,3,3,0.509
bottle_gourd,upo_smooth,dry,30.5,56.9,7.6,55.8,chemical,4,560.4,86,76,22,1,21,11,0.513
sponge_gourd,patola_smooth,dry,27.4,61.6,9.4,70.9,none,3,245.4,42,20,10,1,10,6,0.458
cucumber,pipino,wet,28.8,76.8,7.0,71.2,organic,4,495.3,80,42,24,1,21,10,0.586
squash,kalabasa_native,dry,30.4,67.3,9.8,63.9,organic,5,693.7,100,100,28,1,28,23,0.739
cucumber,pipino_native,dry,34.7,73.0,9.2,63.5,chemical,4,449.0,72,40,26,0,25,10,0.48
cucumber,pipino_japanese,wet,26.6,76.4,6.8,63.8,mixed,4,304.4,53,50,24,1,21,13,0.667
bottle_gourd,upo_smooth,wet,28.3,85.7,4.2,64.4,chemical,3,581.1,93,39,19,1,18,9,0.427
bitter_gourd,ampalaya_oblong,wet,27.6,86.6,5.0,66.2,mixed,3,328.3,58,66,17,0,15,6,0.531
sponge_gourd,patola_smooth,wet,26.8,86.5,6.7,77.9,organic,3,260.9,50,34,17,0,13,8,0.491
sponge_gourd,patola_smooth,wet,27.1,78.3,4.7,53.3,mixed,5,846.3,100,66,30,1,28,16,0.594
sponge_gourd,patola,dry,33.3,57.9,9.3,65.0,chemical,3,489.6,84,51,20,0,18,4,0.341
cucumber,pipino_japanese,dry,32.5,59.6,8.1,52.2,organic,4,272.0,46,22,10,1,7,3,0.588
cucumber,pipino_japanese,wet,28.8,75.1,5.6,60.8,chemical,4,526.6,82,47,25,1,22,14,0.665
bottle_gourd,upo_long,wet,31.2,79.3,6.7,79.5,mixed,3,393.6,69,45,18,0,14,3,0.387
sponge_gourd,patola_smooth,dry,33.9,63.6,7.7,79.5,none,4,196.7,27,4,2,0,1,0,0.318
bitter_gourd,ampalaya_hybrid,dry,31.1,65.8,9.6,75.7,chemical,5,387.7,67,14,5,0,1,1,0.524
cucumber,pipino_japanese,wet,29.3,74.2,5.8,73.8,none,4,293.1,56,21,12,1,8,3,0.459
squash,kalabasa,dry,28.0,71.3,9.9,74.3,mixed,4,566.5,88,41,11,0,11,5,0.532
squash,kalabasa,dry,29.1,63.1,7.3,65.4,mixed,4,1132.3,100,89,30,0,26,15,0.484
bottle_gourd,upo_smooth,wet,27.1,72.5,5.8,74.6,none,3,454.8,70,29,10,1,6,2,0.495
squash,kalabasa,wet,30.5,79.2,5.2,55.6,none,3,263.5,34,11,3,0,2,1,0.348
cucumber,pipino_native,wet,31.3,70.6,4.7,72.3,mixed,4,666.9,100,68,30,1,29,18,0.619
bottle_gourd,upo_round,dry,33.6,65.5,8.5,54.6,mixed,5,845.3,100,63,30,1,26,19,0.661
squash,kalabasa,dry,31.4,70.5,9.0,67.5,chemical,4,468.2,81,54,15,1,15,10,0.52
sponge_gourd,patola_smooth,dry,27.7,58.4,9.0,71.7,organic,4,326.8,56,2,1,1,1,0,0.613
bitter_gourd,ampalaya_oblong,dry,24.9,59.1,8.4,71.9,chemical,4,514.1,86,47,12,0,10,2,0.402
cucumber,pipino,wet,30.8,86.5,5.7,56.6,chemical,4,308.2,46,35,18,1,17,10,0.545
cucumber,pipino_native,dry,30.2,68.7,9.3,77.0,mixed,3,287.1,52,35,18,1,14,6,0.533
bitter_gourd,ampalaya_hybrid,wet,28.3,72.8,4.9,52.7,mixed,4,304.4,53,55,15,1,13,9,0.638
bottle_gourd,upo_smooth,wet,31.8,73.7,5.7,66.8,mixed,3,438.0,69,13,5,1,4,2,0.519
bottle_gourd,upo_round,dry,27.9,63.2,8.7,73.7,chemical,3,204.7,37,8,3,0,2,1,0.468
sponge_gourd,patola,wet,26.9,83.3,6.8,51.7,mixed,4,564.5,93,47,16,1,14,6,0.592
squash,kalabasa_hybrid,dry,33.5,73.2,7.6,54.1,organic,4,236.1,46,3,1,1,1,1,0.66
bitter_gourd,ampalaya_hybrid,dry,31.8,74.6,7.6,66.5,organic,4,271.5,41,13,5,1,5,4,0.697
cucumber,pipino,dry,32.6,55.8,9.9,53.7,mixed,5,469.4,87,50,30,0,27,16,0.516
bitter_gourd,ampalaya_bilog,dry,25.0,64.7,8.2,66.6,mixed,5,488.6,77,44,16,1,15,8,0.647
squash,kalabasa_native,dry,28.6,61.5,9.7,71.3,organic,4,524.5,80,79,26,1,25,15,0.638
squash,kalabasa_hybrid,dry,27.4,56.9,9.3,78.6,mixed,4,673.1,100,78,30,0,26,11,0.469
sponge_gourd,patola,dry,31.8,70.7,9.8,71.2,chemical,3,262.4,43,4,2,1,2,0,0.405
cucumber,pipino,dry,33.8,67.1,7.2,75.6,mixed,3,342.3,50,49,30,1,28,12,0.517
bitter_gourd,ampalaya_bilog,wet,30.5,88.8,6.0,76.5,chemical,3,352.2,61,30,10,1,7,2,0.436
bitter_gourd,ampalaya_hybrid,dry,33.8,64.5,7.1,65.3,none,5,725.1,100,76,28,0,26,7,0.364
bitter_gourd,ampalaya_oblong,dry,29.4,72.7,8.2,54.4,organic,4,351.7,65,37,11,0,8,6,0.655
sponge_gourd,patola,dry,25.6,73.1,9.4,67.7,organic,4,380.8,57,32,14,1,10,5,0.608
bottle_gourd,upo_round,dry,31.3,56.3,9.3,57.5,mixed,3,425.8,76,17,8,1,8,4,0.551
squash,kalabasa,dry,34.6,58.9,10.0,71.5,chemical,4,464.0,77,9,3,1,1,1,0.493
squash,kalabasa,dry,28.3,61.7,9.1,68.8,none,3,366.3,57,3,1,1,1,0,0.463
bottle_gourd,upo_long,wet,27.2,72.0,5.7,67.3,none,3,489.4,78,24,9,1,9,5,0.391
bitter_gourd,ampalaya_oblong,dry,28.2,62.0,9.5,67.8,organic,4,767.9,100,108,30,0,30,17,0.556
cucumber,pipino_japanese,dry,33.1,63.3,8.4,77.3,mixed,4,605.0,100,70,30,0,28,15,0.467
squash,kalabasa,dry,33.7,58.2,7.0,58.7,chemical,3,522.9,88,26,10,1,7,4,0.44
sponge_gourd,patola,dry,34.4,57.9,7.8,75.8,organic,4,568.7,92,82,30,1,26,16,0.556
cucumber,pipino_native,dry,25.8,68.9,8.4,60.4,chemical,3,167.4,31,9,5,1,5,4,0.472
sponge_gourd,patola_smooth,dry,32.5,64.4,8.2,74.0,chemical,4,290.4,45,42,19,0,18,9,0.467
bottle_gourd,upo_long,dry,25.5,70.6,7.3,76.0,organic,4,536.2,86,42,17,0,14,9,0.591
sponge_gourd,patola_smooth,dry,30.0,66.4,8.3,76.5,mixed,4,400.6,68,54,23,1,20,13,0.528
cucumber,pipino_japanese,wet,30.0,82.1,6.6,70.7,mixed,4,307.8,50,34,19,1,18,10,0.569
bitter_gourd,ampalaya_bilog,dry,32.2,59.3,8.2,73.8,mixed,5,681.3,100,82,26,1,23,14,0.658
bitter_gourd,ampalaya_bilog,wet,28.6,84.5,4.7,51.1,none,4,408.2,68,108,27,0,23,10,0.387
bottle_gourd,upo_round,dry,34.3,63.2,10.0,76.4,none,3,684.3,100,41,17,0,14,7,0.354
sponge_gourd,patola_ridged,dry,25.9,64.7,8.4,65.2,none,4,599.6,96,78,30,1,28,10,0.339
sponge_gourd,patola,dry,28.3,58.7,9.7,50.0,chemical,4,654.9,100,70,30,1,27,14,0.455
sponge_gourd,patola,dry,26.9,63.2,9.3,72.8,chemical,4,642.3,100,62,21,1,18,10,0.519
sponge_gourd,patola_smooth,dry,26.0,55.4,8.8,63.6,organic,4,410.3,69,66,25,1,24,13,0.61
squash,kalabasa_native,dry,33.3,57.9,8.6,52.4,none,4,652.9,100,50,19,1,18,4,0.352
sponge_gourd,patola_ridged,dry,24.7,57.5,9.1,50.2,organic,5,541.1,90,65,24,1,23,15,0.658
bitter_gourd,ampalaya_oblong,wet,28.0,74.5,5.8,72.3,mixed,3,246.4,31,16,6,1,5,3,0.66
bottle_gourd,upo_smooth,wet,29.9,71.4,5.5,51.9,chemical,4,752.7,100,59,25,0,25,13,0.531
cucumber,pipino_native,wet,31.0,86.6,5.2,72.9,none,4,572.8,97,49,30,1,29,14,0.449
squash,kalabasa,wet,27.9,88.6,6.4,61.2,mixed,4,640.8,100,96,30,1,30,18,0.626
bitter_gourd,ampalaya_hybrid,dry,30.5,57.5,8.4,72.4,none,3,260.1,42,19,5,1,4,2,0.406
sponge_gourd,patola,wet,30.1,88.1,6.8,54.2,none,3,490.4,81,59,25,1,22,7,0.328
squash,kalabasa_hybrid,dry,24.4,55.6,9.2,69.0,none,3,421.2,65,14,5,0,3,0,0.366
squash,kalabasa,dry,26.7,65.9,7.1,61.0,mixed,5,837.8,100,82,22,1,22,14,0.673
sponge_gourd,patola,wet,29.4,72.1,4.6,60.0,chemical,4,564.4,96,63,27,0,25,13,0.514
cucumber,pipino,dry,31.0,63.6,7.3,77.5,none,4,384.8,67,70,29,0,29,13,0.399
bitter_gourd,ampalaya_bilog,dry,33.0,58.9,7.0,61.9,none,4,722.3,100,93,30,1,27,11,0.463
bitter_gourd,ampalaya_bilog,wet,31.4,90.0,4.9,68.1,none,4,607.2,100,59,18,1,14,7,0.404
sponge_gourd,patola,dry,31.8,62.6,9.0,58.9,chemical,3,506.2,88,59,27,0,23,12,0.434
sponge_gourd,patola_smooth,dry,24.5,57.0,9.6,55.5,none,3,516.3,92,54,25,1,24,7,0.346
bitter_gourd,ampalaya_hybrid,dry,34.2,65.9,9.4,65.8,none,4,684.0,100,63,24,1,23,11,0.554
bottle_gourd,upo_smooth,wet,31.4,74.2,6.5,55.2,mixed,4,426.5,74,23,10,0,6,2,0.556
bitter_gourd,ampalaya_bilog,dry,25.7,56.4,8.7,57.4,organic,4,675.5,100,98,30,1,27,15,0.535
sponge_gourd,patola_ridged,dry,24.3,72.3,9.9,57.5,organic,4,539.6,90,80,30,0,30,18,0.599
squash,kalabasa_hybrid,wet,30.4,82.6,4.2,52.1,none,3,497.1,86,32,12,0,9,5,0.3
squash,kalabasa_hybrid,wet,30.0,76.1,6.0,78.3,organic,3,520.0,87,46,18,1,16,8,0.586
bitter_gourd,ampalaya_hybrid,dry,33.0,69.1,9.2,78.2,none,4,818.9,100,100,30,0,30,12,0.395
cucumber,pipino_japanese,dry,25.0,59.9,9.9,51.1,chemical,3,465.1,73,59,27,1,23,12,0.627
bitter_gourd,ampalaya_hybrid,wet,29.6,84.1,6.8,59.5,chemical,3,245.2,33,30,10,0,9,2,0.392
sponge_gourd,patola_smooth,dry,26.5,55.0,8.6,73.5,chemical,4,915.0,100,72,30,0,30,12,0.45
sponge_gourd,patola_smooth,dry,28.0,70.2,9.6,64.8,chemical,3,523.8,82,64,22,0,19,9,0.397
bitter_gourd,ampalaya_oblong,dry,27.1,65.2,9.7,52.5,mixed,4,397.3,59,110,29,1,25,14,0.592
bitter_gourd,ampalaya_hybrid,wet,26.8,89.6,4.0,54.8,none,4,541.3,95,94,28,1,26,8,0.375
cucumber,pipino,dry,25.8,67.2,9.7,75.3,mixed,4,662.2,100,53,30,0,30,17,0.533
cucumber,pipino_japanese,wet,28.2,78.7,5.8,70.7,none,4,510.6,83,42,24,0,23,7,0.345
squash,kalabasa,dry,26.3,60.8,9.7,54.2,organic,4,594.7,100,60,18,0,18,7,0.508
bitter_gourd,ampalaya_bilog,wet,27.5,79.3,6.7,55.8,organic,3,358.4,54,48,14,1,10,6,0.628
sponge_gourd,patola_ridged,dry,26.6,61.6,9.2,59.3,mixed,4,336.9,54,21,7,1,4,4,0.598
sponge_gourd,patola,wet,28.1,76.9,4.5,71.8,chemical,4,408.0,77,24,11,1,10,5,0.512
sponge_gourd,patola,dry,27.7,67.8,7.8,66.5,chemical,4,664.2,100,52,20,0,19,10,0.422
bottle_gourd,upo_smooth,dry,30.8,71.3,7.3,51.1,organic,4,337.4,53,37,12,0,9,7,0.506
cucumber,pipino_japanese,wet,26.2,80.4,6.0,53.9,none,3,216.8,34,20,9,1,7,4,0.477
bitter_gourd,ampalaya_oblong,wet,28.8,76.1,4.6,68.1,none,3,350.2,58,36,10,0,7,4,0.357
squash,kalabasa,dry,34.1,63.4,7.1,69.6,organic,5,607.1,96,63,25,1,22,15,0.656
squash,kalabasa_hybrid,wet,30.1,75.0,5.2,61.2,organic,4,651.3,100,96,26,1,23,16,0.609
bottle_gourd,upo_long,dry,26.0,71.1,9.0,74.0,organic,4,508.6,90,23,8,1,4,2,0.649
squash,kalabasa_hybrid,dry,34.4,73.6,9.0,50.4,mixed,4,418.3,59,37,12,1,9,7,0.555
squash,kalabasa_hybrid,dry,30.0,73.2,7.6,71.4,chemical,4,480.9,72,68,18,0,16,8,0.49
squash,kalabasa_hybrid,wet,26.7,81.3,4.3,76.5,chemical,4,517.1,88,69,27,0,24,12,0.512
cucumber,pipino_japanese,dry,32.6,61.6,7.2,79.4,organic,4,506.6,78,48,26,0,23,14,0.637
bottle_gourd,upo_round,dry,25.4,73.3,8.3,78.8,mixed,4,351.1,59,23,9,1,5,5,0.675
bottle_gourd,upo_round,dry,33.9,74.2,7.6,68.4,chemical,3,277.5,41,28,9,1,7,2,0.502
cucumber,pipino_native,dry,29.1,73.8,7.7,57.1,chemical,4,396.0,60,61,30,1,27,17,0.62
cucumber,pipino,dry,27.7,57.3,7.0,73.4,organic,4,374.0,67,29,15,1,14,10,0.647
sponge_gourd,patola,wet,31.2,80.1,5.3,52.0,mixed,4,580.5,95,56,27,1,27,17,0.666
squash,kalabasa_native,dry,31.7,65.4,7.5,51.7,organic,4,382.5,61,30,8,1,5,2,0.551
squash,kalabasa,wet,27.5,73.8,4.6,59.9,chemical,3,299.8,52,34,10,0,10,4,0.493
sponge_gourd,patola_smooth,dry,29.5,68.4,9.4,59.7,none,3,329.2,60,35,14,1,12,3,0.356
squash,kalabasa_hybrid,wet,28.9,87.4,5.6,72.0,none,4,506.1,82,19,5,1,1,1,0.444
cucumber,pipino_japanese,dry,27.6,65.1,9.7,51.9,organic,4,532.9,85,55,30,1,30,23,0.734
cucumber,pipino_japanese,dry,25.0,74.8,7.8,74.7,chemical,3,128.7,24,2,1,1,1,1,0.622
cucumber,pipino_native,wet,26.7,74.8,5.8,60.9,organic,4,375.3,60,71,30,1,26,15,0.626
sponge_gourd,patola_ridged,wet,28.4,85.7,5.8,74.8,none,4,736.5,100,63,26,0,22,8,0.411
squash,kalabasa_native,dry,27.7,73.0,7.6,63.3,mixed,4,335.1,52,14,4,0,2,1,0.502
sponge_gourd,patola,dry,30.1,63.3,8.0,55.3,mixed,4,386.4,66,83,29,1,28,18,0.675
cucumber,pipino_japanese,dry,27.7,55.6,7.7,67.0,organic,4,444.2,82,63,30,1,27,16,0.599
sponge_gourd,patola,dry,32.5,59.5,9.2,76.5,organic,4,325.0,48,34,14,1,11,8,0.604
bitter_gourd,ampalaya_oblong,dry,30.8,66.8,7.0,55.7,organic,4,343.8,57,69,19,0,17,8,0.519
sponge_gourd,patola_ridged,dry,33.1,64.2,10.0,68.4,chemical,3,312.6,53,51,20,0,19,7,0.401
squash,kalabasa_hybrid,dry,27.4,69.7,8.8,60.7,organic,4,998.5,100,78,30,1,30,20,0.723
bitter_gourd,ampalaya_bilog,dry,31.5,67.9,7.7,51.1,mixed,4,421.4,67,34,9,1,8,5,0.617
cucumber,pipino,wet,31.3,76.0,6.9,79.5,mixed,4,379.5,72,72,30,1,29,18,0.577
sponge_gourd,patola_ridged,dry,33.9,66.3,7.8,75.0,organic,4,432.7,71,40,15,1,15,9,0.568
cucumber,pipino_japanese,dry,31.0,61.7,7.2,57.7,none,3,452.8,80,60,24,1,20,9,0.422
bitter_gourd,ampalaya_hybrid,wet,29.4,71.0,4.7,64.2,mixed,3,343.6,57,49,19,0,17,7,0.481
bitter_gourd,ampalaya_hybrid,wet,26.5,76.9,4.4,61.4,none,4,718.9,100,82,30,0,29,13,0.503
sponge_gourd,patola_ridged,dry,26.6,73.7,9.6,69.5,organic,5,1050.2,100,68,30,1,27,18,0.679
squash,kalabasa_hybrid,dry,31.9,66.8,9.6,73.9,organic,3,301.2,48,17,5,1,2,2,0.551
cucumber,pipino_japanese,wet,28.1,88.1,5.7,75.6,organic,5,744.7,100,64,30,1,26,18,0.631
bitter_gourd,ampalaya_oblong,wet,29.5,89.6,5.9,59.8,chemical,2,246.9,39,28,10,0,9,1,0.328
squash,kalabasa_hybrid,wet,28.5,88.3,5.4,69.3,chemical,4,520.5,95,35,9,1,9,3,0.558
bottle_gourd,upo_round,wet,28.1,73.1,6.1,60.7,organic,4,554.6,90,64,26,0,26,16,0.537
sponge_gourd,patola_smooth,wet,27.8,84.9,6.6,77.1,none,3,524.7,96,43,21,1,17,6,0.312
sponge_gourd,patola_smooth,dry,28.5,67.5,8.7,77.9,chemical,3,136.0,23,2,1,1,1,0,0.497
bitter_gourd,ampalaya_bilog,dry,31.9,74.8,9.7,71.8,none,4,492.1,90,57,20,0,18,8,0.42
cucumber,pipino,wet,30.6,84.3,5.6,73.5,organic,4,485.2,84,70,29,1,29,16,0.596
cucumber,pipino_native,wet,28.2,73.9,4.8,53.4,mixed,4,334.2,60,33,17,1,16,10,0.617
sponge_gourd,patola_ridged,dry,31.1,59.8,9.3,56.9,chemical,4,304.5,51,53,20,1,18,10,0.486
bottle_gourd,upo_round,wet,26.8,88.4,6.9,55.0,none,3,458.9,77,16,8,0,8,2,0.343
squash,kalabasa_native,dry,30.8,55.6,9.0,72.4,mixed,5,800.2,100,95,30,1,29,18,0.624
squash,kalabasa_hybrid,dry,33.0,57.5,7.1,52.8,none,4,918.7,100,71,23,1,22,11,0.451
squash,kalabasa_hybrid,dry,34.7,72.7,8.5,70.3,mixed,4,610.0,100,61,21,0,19,10,0.527
sponge_gourd,patola_ridged,wet,31.0,89.6,4.8,68.9,organic,5,549.0,91,37,13,0,12,7,0.544
cucumber,pipino,dry,33.1,67.3,8.2,67.3,mixed,4,211.2,39,17,8,1,6,2,0.624
sponge_gourd,patola_ridged,wet,30.7,81.5,6.4,69.4,chemical,3,359.3,51,49,22,1,18,12,0.583
bitter_gourd,ampalaya_hybrid,wet,30.0,73.6,4.7,70.3,none,5,626.4,95,96,30,0,30,12,0.44
bottle_gourd,upo_round,wet,26.3,74.0,5.1,67.1,mixed,5,679.6,100,68,29,1,26,19,0.68
sponge_gourd,patola_ridged,dry,26.4,74.2,9.2,76.4,none,3,351.5,50,19,7,0,7,4,0.385
sponge_gourd,patola_smooth,wet,28.0,75.3,6.4,79.2,none,3,283.0,48,46,18,1,18,9,0.449
bottle_gourd,upo_smooth,wet,28.3,89.5,4.2,68.9,none,3,254.1,41,14,4,0,3,2,0.32
bitter_gourd,ampalaya_hybrid,wet,30.8,78.9,5.6,54.7,chemical,3,223.2,27,3,1,1,1,0,0.48
bitter_gourd,ampalaya_bilog,dry,26.5,55.9,8.2,65.3,chemical,3,188.2,32,16,6,0,6,0,0.313
bottle_gourd,upo_smooth,dry,25.9,72.5,9.0,79.1,none,3,234.1,37,6,2,1,2,0,0.46
bottle_gourd,upo_smooth,wet,31.0,84.5,4.6,57.9,none,3,318.0,59,15,7,0,7,1,0.3
cucumber,pipino_japanese,wet,30.9,73.0,6.7,61.6,organic,4,237.9,35,11,6,1,6,4,0.608
cucumber,pipino_native,wet,26.5,82.7,5.4,72.2,mixed,5,473.6,81,58,30,1,27,17,0.577
sponge_gourd,patola_smooth,dry,29.3,64.6,9.1,75.9,none,4,214.2,38,10,4,0,4,1,0.407
bottle_gourd,upo_long,wet,29.5,86.4,5.8,59.5,chemical,4,369.8,66,29,9,1,7,4,0.504
cucumber,pipino,wet,28.5,87.1,6.3,61.1,mixed,3,183.9,25,20,9,0,6,1,0.334
bitter_gourd,ampalaya_bilog,dry,24.6,64.0,8.3,52.3,mixed,5,413.1,62,34,9,1,5,3,0.622
cucumber,pipino_native,dry,34.6,55.8,9.0,52.3,chemical,4,260.0,41,36,15,1,13,9,0.514
bottle_gourd,upo_smooth,dry,34.5,66.0,8.2,56.5,mixed,4,832.9,100,75,24,1,20,8,0.517
squash,kalabasa,wet,30.9,89.2,6.3,56.1,chemical,3,370.7,61,28,8,1,5,2,0.511
bottle_gourd,upo_round,wet,31.5,79.7,5.3,59.1,organic,5,912.8,100,87,30,1,28,18,0.715
squash,kalabasa,wet,28.9,81.0,6.7,69.1,chemical,4,418.1,70,15,4,0,2,2,0.51
cucumber,pipino_native,dry,31.7,70.3,7.3,59.2,mixed,4,284.2,43,45,29,1,27,14,0.597
sponge_gourd,patola,wet,31.1,70.7,4.6,78.2,chemical,3,354.7,63,35,16,1,13,9,0.617
cucumber,pipino,wet,26.6,88.3,5.2,58.5,none,3,171.0,34,6,3,0,2,0,0.323
squash,kalabasa_native,dry,32.8,59.6,9.2,67.6,chemical,3,440.9,75,29,9,1,9,3,0.546
squash,kalabasa,dry,31.1,65.8,9.4,68.0,none,4,409.5,73,20,6,1,5,2,0.453
bottle_gourd,upo_long,dry,25.0,62.2,7.2,51.3,organic,4,513.4,85,10,3,0,1,1,0.583
cucumber,pipino_japanese,dry,31.1,55.8,8.2,60.2,chemical,4,170.3,20,13,7,1,4,0,0.482
squash,kalabasa,wet,29.8,86.0,6.8,71.7,organic,4,680.6,100,96,24,1,20,13,0.577
cucumber,pipino_native,wet,28.1,86.0,5.1,67.5,organic,4,177.3,28,17,8,0,6,2,0.562
squash,kalabasa,dry,31.2,62.5,7.3,59.1,none,3,693.3,100,53,20,0,18,6,0.356
sponge_gourd,patola,wet,26.7,72.4,6.5,69.0,none,3,568.6,94,60,22,0,22,6,0.355
bottle_gourd,upo_round,dry,26.7,58.6,8.1,64.7,mixed,4,836.0,100,70,30,1,26,16,0.626
sponge_gourd,patola,dry,27.5,67.3,8.7,68.6,organic,5,322.4,46,34,13,0,9,6,0.526
sponge_gourd,patola_smooth,wet,27.6,76.4,6.5,52.8,organic,4,600.0,100,81,28,1,25,18,0.638
squash,kalabasa_native,dry,24.4,57.0,7.4,58.8,none,4,536.5,94,34,12,1,11,4,0.469
cucumber,pipino_japanese,wet,29.0,88.8,4.4,55.9,chemical,4,463.1,80,66,30,0,27,11,0.384
cucumber,pipino_native,wet,30.1,85.3,4.8,79.3,none,3,255.4,48,43,19,1,17,4,0.328
sponge_gourd,patola_smooth,dry,30.1,68.5,7.3,56.7,mixed,3,355.8,58,16,6,1,2,0,0.591
bitter_gourd,ampalaya_oblong,dry,31.1,66.1,7.1,61.8,none,4,413.3,73,94,27,0,25,10,0.407
cucumber,pipino_native,wet,29.4,70.8,6.2,57.0,mixed,4,218.8,36,26,16,0,12,5,0.526
squash,kalabasa,wet,27.4,72.7,4.9,61.7,none,3,573.6,93,50,19,1,18,6,0.453
bitter_gourd,ampalaya_bilog,dry,26.2,70.1,8.5,65.1,organic,3,478.0,85,84,24,1,21,12,0.658
sponge_gourd,patola,dry,34.8,67.2,9.5,75.0,none,3,204.4,31,3,1,0,1,1,0.313
sponge_gourd,patola_ridged,dry,29.5,64.3,7.9,53.9,mixed,3,426.8,66,25,12,1,12,6,0.599
squash,kalabasa_native,dry,26.2,64.5,8.3,51.8,organic,4,272.4,38,15,4,1,3,1,0.649
sponge_gourd,patola_smooth,dry,30.8,61.1,7.7,61.4,organic,5,479.5,83,60,22,1,19,10,0.587
cucumber,pipino,wet,31.5,72.5,4.4,73.5,chemical,4,316.7,54,29,13,0,11,6,0.494
bottle_gourd,upo_round,wet,31.8,79.5,4.9,53.5,none,3,379.4,67,43,16,0,12,6,0.312
bottle_gourd,upo_round,wet,30.0,78.8,6.7,63.9,chemical,4,668.8,100,33,14,1,12,8,0.582
squash,kalabasa_hybrid,dry,24.6,55.9,7.2,52.7,organic,4,816.3,100,72,28,1,27,12,0.504
sponge_gourd,patola_smooth,dry,26.2,56.6,7.2,76.2,chemical,5,526.3,84,75,30,0,30,13,0.441
bottle_gourd,upo_smooth,wet,27.7,79.2,4.4,62.9,none,4,381.9,61,24,8,0,5,0,0.438
squash,kalabasa_hybrid,wet,29.2,72.0,6.4,65.7,none,4,406.0,66,19,5,1,5,3,0.542
sponge_gourd,patola,wet,27.9,70.2,4.3,50.3,mixed,4,229.8,39,13,5,1,5,3,0.6
sponge_gourd,patola,wet,27.5,80.1,4.9,76.0,mixed,5,432.5,67,18,8,0,4,1,0.57
bottle_gourd,upo_smooth,dry,32.0,69.0,8.8,66.6,organic,5,731.7,100,62,19,1,17,11,0.693
bottle_gourd,upo_round,dry,28.9,73.0,9.6,54.1,none,3,668.1,100,42,20,0,16,7,0.371
bitter_gourd,ampalaya_oblong,wet,27.7,77.1,5.1,60.6,organic,4,288.6,47,30,8,1,6,4,0.68
cucumber,pipino_japanese,dry,30.1,73.3,8.4,56.3,mixed,4,632.2,100,62,30,0,27,12,0.487
sponge_gourd,patola_smooth,wet,28.1,80.6,6.4,60.9,organic,4,368.2,65,27,11,1,8,8,0.76
bitter_gourd,ampalaya_bilog,dry,24.6,69.2,7.0,76.5,organic,3,393.2,71,85,26,0,25,10,0.449
bottle_gourd,upo_round,wet,27.6,72.5,4.1,74.6,mixed,4,314.2,57,3,1,1,1,0,0.561
bitter_gourd,ampalaya_hybrid,wet,31.9,82.4,6.1,77.0,chemical,4,302.4,44,38,11,1,7,3,0.545
bottle_gourd,upo_round,wet,27.3,79.4,6.5,50.7,none,4,628.1,100,30,10,1,9,3,0.558
sponge_gourd,patola_ridged,dry,24.8,67.5,8.5,56.8,mixed,4,595.1,92,88,30,0,30,14,0.483
cucumber,pipino,wet,30.3,85.0,5.2,64.5,none,3,308.9,45,24,10,1,6,2,0.383
bitter_gourd,ampalaya_hybrid,dry,28.5,69.3,7.8,54.0,mixed,4,513.0,87,74,20,0,16,11,0.565
bitter_gourd,ampalaya_hybrid,dry,29.4,66.7,7.0,77.9,mixed,4,399.5,67,52,19,0,16,11,0.614
bitter_gourd,ampalaya_hybrid,wet,27.8,84.1,5.4,52.0,chemical,4,291.5,59,44,13,0,9,3,0.456
sponge_gourd,patola_ridged,wet,27.4,87.0,5.5,52.0,chemical,3,480.2,72,33,14,0,13,5,0.488
bitter_gourd,ampalaya_hybrid,dry,34.1,71.9,9.8,57.9,none,3,493.2,80,67,20,1,20,9,0.451
bitter_gourd,ampalaya_hybrid,dry,28.4,75.0,9.9,64.1,mixed,4,498.6,88,95,30,1,29,19,0.623
bitter_gourd,ampalaya_bilog,wet,31.8,79.9,4.9,67.9,chemical,3,381.3,64,96,25,0,25,10,0.407
bitter_gourd,ampalaya_hybrid,wet,29.5,73.5,4.2,61.3,mixed,5,439.9,76,52,18,1,16,11,0.645
squash,kalabasa_hybrid,dry,26.2,59.2,7.8,65.0,mixed,4,643.3,100,66,24,1,24,12,0.604
bitter_gourd,ampalaya_bilog,dry,33.1,64.7,9.4,54.7,mixed,4,484.3,78,33,11,0,8,3,0.58
sponge_gourd,patola_ridged,dry,32.9,63.2,9.5,63.9,organic,4,386.6,57,28,13,0,11,8,0.529
bitter_gourd,ampalaya_oblong,wet,26.5,78.1,5.1,73.0,organic,4,286.8,46,62,16,0,13,6,0.613
bitter_gourd,ampalaya_hybrid,wet,31.4,82.9,6.6,73.1,none,4,351.5,60,48,12,0,12,7,0.407
sponge_gourd,patola_smooth,wet,26.7,76.1,6.2,75.5,organic,4,486.3,80,26,10,1,10,5,0.587
bottle_gourd,upo_long,wet,29.7,74.8,6.1,66.8,chemical,4,313.3,52,10,4,0,3,3,0.431
bitter_gourd,ampalaya_bilog,dry,30.9,55.8,7.6,58.6,mixed,3,302.8,57,42,11,1,7,4,0.515
sponge_gourd,patola,dry,31.4,72.4,7.9,57.3,none,4,530.6,89,51,24,1,22,9,0.426
cucumber,pipino_japanese,wet,29.7,81.4,5.9,58.5,organic,4,456.6,75,64,30,1,26,14,0.604
cucumber,pipino,dry,31.0,72.1,8.3,68.1,none,4,172.6,25,2,1,1,1,0,0.41
sponge_gourd,patola_smooth,wet,27.1,87.1,4.7,60.3,mixed,4,560.9,87,42,17,0,13,8,0.487
bottle_gourd,upo_long,wet,29.6,73.6,6.5,69.2,mixed,4,671.1,100,85,30,1,27,19,0.628
cucumber,pipino_native,dry,30.2,64.8,8.6,57.2,organic,4,391.0,59,74,30,1,27,18,0.639
bitter_gourd,ampalaya_oblong,dry,28.9,69.1,9.0,72.5,chemical,4,579.6,100,90,30,0,26,15,0.546
squash,kalabasa_hybrid,wet,29.7,71.8,4.1,72.9,chemical,2,283.7,41,14,4,1,2,1,0.508
bitter_gourd,ampalaya_hybrid,wet,31.1,84.9,5.1,57.5,none,3,326.4,55,19,5,0,3,0,0.338
bottle_gourd,upo_long,dry,33.7,65.1,9.2,69.7,none,3,433.0,77,23,9,1,5,0,0.329
bitter_gourd,ampalaya_hybrid,wet,28.0,79.0,5.5,56.1,mixed,5,705.4,100,101,30,1,27,17,0.646
sponge_gourd,patola_smooth,wet,27.1,79.0,4.8,52.5,mixed,5,355.1,62,22,8,0,6,2,0.582
squash,kalabasa_hybrid,wet,29.2,86.4,4.5,59.9,chemical,3,529.0,95,74,23,0,20,5,0.333
bitter_gourd,ampalaya_oblong,dry,30.9,69.5,8.5,53.1,none,4,678.9,100,77,28,0,28,13,0.452
sponge_gourd,patola,wet,31.6,77.8,4.7,73.2,organic,4,864.1,100,64,30,1,26,20,0.773
bottle_gourd,upo_round,dry,30.9,56.7,8.4,62.5,chemical,3,440.7,75,54,21,0,18,6,0.41
bottle_gourd,upo_round,wet,26.3,86.2,5.6,75.0,mixed,4,484.4,77,60,19,0,15,5,0.486
bitter_gourd,ampalaya_bilog,dry,29.4,70.7,7.3,50.0,organic,4,406.3,69,59,22,1,19,11,0.63
bitter_gourd,ampalaya_hybrid,wet,27.0,80.8,5.8,75.7,none,3,272.7,47,34,13,1,13,7,0.373
sponge_gourd,patola_smooth,wet,29.7,83.8,7.0,77.8,chemical,5,1052.9,100,87,30,1,27,17,0.596
cucumber,pipino_japanese,dry,32.9,58.5,9.7,69.4,mixed,4,347.8,60,60,25,1,23,11,0.569
cucumber,pipino_japanese,dry,29.3,67.4,7.7,73.0,chemical,3,153.3,26,14,8,1,7,2,0.5
cucumber,pipino_japanese,wet,31.6,86.3,5.1,77.6,mixed,5,431.5,72,66,30,1,29,17,0.562
sponge_gourd,patola_ridged,dry,34.3,67.6,8.3,56.3,organic,4,550.8,86,50,22,1,21,14,0.66
squash,kalabasa,wet,26.1,70.1,6.0,67.4,chemical,4,757.2,100,48,13,1,12,7,0.422
bottle_gourd,upo_smooth,wet,28.2,80.9,4.5,52.5,mixed,5,676.6,100,64,26,0,25,16,0.554
bottle_gourd,upo_long,wet,31.1,70.5,6.0,69.5,mixed,5,506.1,80,33,11,1,10,4,0.591
bitter_gourd,ampalaya_hybrid,dry,27.3,71.6,7.3,52.7,none,4,743.3,100,105,28,1,27,10,0.455
bottle_gourd,upo_smooth,wet,29.8,86.9,6.1,63.8,none,3,394.0,64,22,8,0,8,3,0.337
sponge_gourd,patola_ridged,wet,26.2,85.0,4.8,71.6,chemical,4,239.9,41,16,7,0,6,4,0.41
bottle_gourd,upo_round,dry,34.5,58.0,8.1,64.7,chemical,3,473.5,74,55,26,0,24,12,0.406
squash,kalabasa_native,wet,28.3,87.1,4.1,70.4,organic,5,980.1,100,110,30,1,26,17,0.678
bottle_gourd,upo_smooth,wet,29.4,75.4,5.5,77.8,chemical,3,556.3,85,54,16,0,16,8,0.407
sponge_gourd,patola_ridged,wet,27.3,83.3,6.8,75.3,none,4,799.9,100,83,30,1,27,9,0.412
sponge_gourd,patola_ridged,dry,27.4,60.9,8.5,59.5,none,4,343.5,53,62,22,0,21,7,0.364
squash,kalabasa_hybrid,wet,28.5,75.3,6.3,69.7,organic,3,370.0,64,59,19,0,15,8,0.523
bitter_gourd,ampalaya_hybrid,wet,27.2,85.2,5.4,54.3,mixed,4,312.2,52,33,13,1,13,9,0.703
cucumber,pipino_native,wet,30.0,79.7,6.7,73.0,mixed,4,339.5,53,48,28,1,27,13,0.565
bottle_gourd,upo_round,dry,29.0,63.6,7.6,51.5,none,3,315.2,53,2,1,1,1,0,0.354
bottle_gourd,upo_long,wet,30.9,90.0,5.3,62.3,organic,3,273.6,45,16,5,1,5,3,0.503
squash,kalabasa_hybrid,wet,29.9,80.1,6.8,62.1,none,4,543.5,98,14,5,0,1,0,0.419
bottle_gourd,upo_long,wet,27.9,89.5,4.5,68.3,organic,4,426.8,73,58,18,0,15,8,0.532
sponge_gourd,patola,dry,31.0,68.4,7.0,75.4,none,3,311.9,46,31,11,0,7,4,0.3
bottle_gourd,upo_long,wet,28.6,84.2,6.1,63.2,organic,5,390.1,55,19,6,1,6,4,0.743
cucumber,pipino_japanese,wet,28.1,88.9,6.6,78.2,organic,4,459.9,75,53,23,1,20,11,0.604
cucumber,pipino,wet,28.5,72.2,4.6,78.8,chemical,3,151.9,21,16,7,1,3,1,0.533
bottle_gourd,upo_smooth,dry,29.2,66.1,10.0,64.1,none,4,743.1,100,93,30,0,29,10,0.359
squash,kalabasa_hybrid,dry,29.3,62.2,9.2,61.4,none,2,382.7,60,58,15,1,15,4,0.35
cucumber,pipino_japanese,wet,31.7,81.8,5.8,64.6,organic,4,568.6,95,60,30,0,29,15,0.596
squash,kalabasa_hybrid,wet,27.5,88.9,5.2,59.2,mixed,4,680.0,100,90,30,0,28,15,0.512
cucumber,pipino_native,wet,26.7,75.8,4.6,71.3,organic,4,501.8,79,72,30,1,29,19,0.646
bitter_gourd,ampalaya_oblong,wet,29.8,72.6,4.7,74.7,mixed,5,452.9,75,20,7,0,6,4,0.65
bitter_gourd,ampalaya_bilog,wet,28.5,79.7,6.4,62.9,mixed,3,365.1,74,22,8,1,5,3,0.632
sponge_gourd,patola,wet,29.3,72.8,6.0,73.3,mixed,3,596.0,96,82,28,0,28,15,0.455
cucumber,pipino_japanese,wet,28.9,74.2,6.7,63.8,mixed,3,171.2,32,13,8,1,6,4,0.531
squash,kalabasa_hybrid,wet,31.6,71.2,5.4,58.5,chemical,4,298.0,44,10,4,1,3,0,0.563
bitter_gourd,ampalaya_oblong,wet,28.1,87.2,5.8,59.6,chemical,3,341.7,47,46,16,1,14,6,0.494
sponge_gourd,patola_smooth,dry,33.6,60.1,8.4,66.0,organic,5,691.2,100,61,21,1,21,16,0.673
bitter_gourd,ampalaya_hybrid,wet,31.1,81.5,5.3,67.9,none,4,294.1,45,22,6,0,4,0,0.381
bottle_gourd,upo_round,wet,29.6,85.7,5.5,57.2,chemical,3,297.0,53,19,9,1,5,4,0.468
sponge_gourd,patola_ridged,dry,28.6,58.6,7.9,59.9,mixed,3,438.9,64,52,23,1,19,11,0.5
bottle_gourd,upo_round,wet,29.0,77.5,6.6,68.4,none,4,810.0,100,91,30,1,29,13,0.486
sponge_gourd,patola_ridged,dry,24.6,64.6,8.5,54.2,mixed,4,488.1,84,65,22,1,21,11,0.49
squash,kalabasa,dry,32.8,59.9,8.1,57.2,mixed,4,1019.9,100,92,24,0,24,8,0.426
bitter_gourd,ampalaya_oblong,dry,29.8,74.9,9.4,77.6,chemical,3,388.5,65,71,21,1,19,10,0.519
bitter_gourd,ampalaya_hybrid,wet,27.8,71.2,5.7,51.6,none,4,225.7,36,15,4,1,2,0,0.481
sponge_gourd,patola_smooth,dry,31.3,74.2,7.9,56.7,none,3,414.0,76,34,12,0,8,2,0.413
squash,kalabasa,dry,30.4,71.4,8.6,52.2,organic,3,829.9,100,70,21,0,21,10,0.522
cucumber,pipino_japanese,dry,31.7,67.7,8.5,61.8,organic,5,745.6,100,65,30,1,27,17,0.604
cucumber,pipino_native,dry,26.7,61.3,9.6,76.1,chemical,3,321.1,52,34,14,1,13,7,0.502
bottle_gourd,upo_round,wet,29.4,89.7,4.8,74.7,organic,4,778.4,100,61,30,0,27,18,0.594
sponge_gourd,patola,wet,30.9,84.6,5.4,78.5,mixed,4,571.3,96,61,30,0,30,18,0.526
squash,kalabasa_native,wet,26.7,76.3,5.9,67.0,organic,4,847.2,100,105,30,1,28,16,0.542
cucumber,pipino_native,dry,30.5,59.1,9.9,61.3,mixed,4,454.4,76,70,30,1,27,14,0.565
bottle_gourd,upo_round,wet,30.5,83.9,4.7,79.5,chemical,3,291.4,46,39,15,0,14,3,0.3
sponge_gourd,patola_smooth,wet,27.1,71.6,5.5,63.4,mixed,5,553.5,89,38,13,1,13,9,0.804
squash,kalabasa_hybrid,wet,30.7,71.4,5.6,52.5,mixed,3,274.5,49,10,3,0,1,1,0.489
squash,kalabasa_native,dry,34.1,71.0,7.3,73.4,organic,3,650.2,100,83,21,0,21,9,0.495
cucumber,pipino_japanese,wet,29.3,71.7,4.6,72.9,none,3,160.4,13,16,9,0,6,1,0.325
bitter_gourd,ampalaya_oblong,wet,29.7,87.5,6.5,67.8,organic,4,369.3,60,69,19,1,17,11,0.655
cucumber,pipino_native,dry,30.2,58.2,9.3,62.2,none,3,255.6,50,16,7,1,5,1,0.409
bottle_gourd,upo_long,dry,32.6,75.0,9.8,76.6,mixed,3,372.7,55,23,8,1,8,2,0.458
squash,kalabasa_hybrid,dry,26.8,71.9,9.9,68.5,none,4,523.3,91,72,26,1,25,9,0.426
sponge_gourd,patola_ridged,dry,34.4,66.2,9.9,68.6,mixed,4,287.0,55,15,6,1,6,2,0.589
bitter_gourd,ampalaya_hybrid,wet,27.7,75.0,5.6,68.6,chemical,4,398.3,67,13,4,1,4,1,0.575
bitter_gourd,ampalaya_hybrid,dry,27.8,68.1,8.5,73.4,mixed,4,183.1,29,23,6,1,5,1,0.658
bottle_gourd,upo_smooth,dry,30.7,63.7,9.9,70.9,mixed,3,484.4,85,45,20,1,16,9,0.569
cucumber,pipino_japanese,wet,26.4,79.0,6.0,60.6,mixed,4,540.9,95,73,30,1,29,17,0.608
cucumber,pipino_native,dry,24.8,59.2,7.6,64.9,chemical,4,187.8,28,9,5,1,5,2,0.598
squash,kalabasa_native,dry,26.2,75.0,7.3,63.1,mixed,4,1036.2,100,110,30,0,26,14,0.507
cucumber,pipino,dry,31.4,62.5,9.5,74.6,organic,4,327.9,56,17,11,1,10,7,0.543
bitter_gourd,ampalaya_bilog,dry,27.4,67.7,7.2,60.1,mixed,5,951.8,100,104,30,0,30,17,0.625
squash,kalabasa,dry,27.7,64.9,7.5,51.6,organic,3,757.8,100,63,19,1,18,15,0.697
squash,kalabasa_hybrid,dry,27.4,72.8,7.8,78.7,chemical,3,283.2,45,36,12,0,12,4,0.437
bottle_gourd,upo_long,dry,28.9,68.2,8.3,53.6,organic,4,842.7,100,51,18,1,15,11,0.732
squash,kalabasa_hybrid,dry,27.4,59.4,7.9,71.7,none,3,609.1,100,35,14,1,12,4,0.397
squash,kalabasa_hybrid,dry,27.2,72.5,8.1,69.5,none,3,371.7,52,55,20,1,19,9,0.433
bottle_gourd,upo_long,dry,28.8,64.8,8.4,77.4,none,4,550.4,96,29,12,0,11,5,0.445
bottle_gourd,upo_smooth,wet,27.7,71.1,6.9,79.4,chemical,3,264.2,42,18,8,0,5,0,0.473
sponge_gourd,patola_smooth,wet,28.3,76.2,4.2,52.0,mixed,4,511.9,85,50,17,1,14,10,0.737
cucumber,pipino,wet,30.5,83.7,6.8,77.9,organic,4,472.2,79,60,29,0,29,18,0.562
squash,kalabasa_native,wet,31.4,89.9,5.0,65.1,none,3,386.3,68,59,17,0,17,7,0.309
bottle_gourd,upo_smooth,dry,28.2,61.7,7.2,56.8,none,4,560.4,93,48,17,1,17,8,0.478
sponge_gourd,patola_ridged,wet,28.9,73.4,5.0,62.1,none,3,268.3,40,30,15,0,14,5,0.412
cucumber,pipino,dry,34.4,67.6,9.8,73.7,mixed,5,268.3,57,13,8,0,8,5,0.507
bitter_gourd,ampalaya_hybrid,wet,28.8,81.9,5.9,62.8,none,4,309.7,52,48,16,0,12,6,0.435
sponge_gourd,patola_smooth,dry,33.7,71.4,7.7,68.0,none,4,207.3,32,4,2,1,1,1,0.378
squash,kalabasa_native,wet,30.0,80.8,5.4,67.4,mixed,4,756.5,100,78,30,1,29,17,0.597
squash,kalabasa,wet,28.0,70.8,5.6,57.6,none,4,539.2,90,13,5,0,3,2,0.511
bottle_gourd,upo_long,wet,29.3,80.4,4.6,70.0,mixed,4,708.9,100,76,24,0,23,14,0.563
squash,kalabasa_native,dry,32.6,56.3,7.5,71.8,none,3,661.2,100,47,18,1,14,4,0.343
sponge_gourd,patola_ridged,wet,30.3,87.6,6.1,62.5,mixed,5,1005.5,100,67,30,0,27,18,0.581
bottle_gourd,upo_long,dry,34.4,64.5,8.7,75.9,organic,5,640.6,100,38,12,1,10,8,0.656
squash,kalabasa_native,wet,31.1,87.1,4.1,73.1,chemical,4,516.3,92,54,17,0,17,5,0.407
cucumber,pipino_japanese,wet,28.4,73.6,4.8,67.0,none,3,122.9,22,2,1,1,1,0,0.407
squash,kalabasa,dry,32.4,60.4,7.2,66.0,chemical,4,371.8,64,30,11,0,9,5,0.471
cucumber,pipino,dry,27.3,59.1,7.2,59.4,organic,4,345.1,52,58,24,0,23,11,0.533
bottle_gourd,upo_long,wet,28.6,70.8,4.7,74.8,organic,4,738.0,100,57,21,1,19,11,0.662
bottle_gourd,upo_round,dry,27.0,68.4,7.1,76.3,chemical,3,397.0,64,9,4,0,4,2,0.522
cucumber,pipino_native,dry,29.9,56.5,9.2,76.8,mixed,4,286.3,48,44,28,0,27,15,0.539
sponge_gourd,patola,dry,33.9,63.1,8.0,63.1,organic,3,419.8,66,69,25,0,24,8,0.372
bottle_gourd,upo_long,wet,26.3,84.4,4.7,60.3,organic,4,743.7,100,97,28,0,26,12,0.495
cucumber,pipino,dry,28.2,58.1,8.2,68.1,organic,4,273.4,50,59,29,0,25,15,0.611
sponge_gourd,patola_ridged,wet,26.6,75.4,4.9,67.2,none,3,595.0,98,59,27,1,24,14,0.48
bottle_gourd,upo_long,dry,28.1,62.5,9.8,72.2,organic,4,568.3,88,92,27,0,27,14,0.562
cucumber,pipino_japanese,dry,33.6,68.0,9.1,71.6,organic,4,488.1,84,48,23,0,23,13,0.579
bottle_gourd,upo_long,dry,34.7,63.2,8.3,54.8,none,4,573.1,94,35,12,1,12,5,0.499
sponge_gourd,patola_ridged,wet,27.2,88.2,4.6,70.1,none,4,315.9,42,20,7,0,7,1,0.434
squash,kalabasa,dry,25.8,58.4,9.3,79.0,none,4,352.1,56,3,1,1,1,1,0.489
bitter_gourd,ampalaya_bilog,dry,24.1,55.3,10.0,50.2,chemical,5,502.8,83,61,21,0,19,10,0.431
cucumber,pipino,dry,32.5,70.1,8.9,70.7,chemical,3,220.5,40,34,22,1,21,13,0.564
cucumber,pipino,dry,28.9,63.4,7.5,74.8,none,4,332.2,66,24,10,1,7,2,0.425
sponge_gourd,patola,dry,28.2,69.7,8.5,74.2,none,3,497.3,87,51,17,0,17,8,0.346
sponge_gourd,patola,wet,29.2,90.0,4.7,75.9,none,3,273.0,35,3,1,1,1,1,0.473
bitter_gourd,ampalaya_hybrid,wet,28.3,85.6,5.8,64.2,mixed,4,595.7,93,113,30,1,30,19,0.692
cucumber,pipino_native,dry,29.9,69.8,8.5,63.6,organic,4,189.0,33,23,10,1,8,6,0.676
cucumber,pipino,wet,31.8,89.1,6.3,51.8,chemical,3,219.6,33,34,17,1,17,8,0.398
cucumber,pipino_native,dry,32.2,55.5,7.1,55.1,mixed,5,776.0,100,49,30,1,30,22,0.655
squash,kalabasa,dry,33.1,55.5,8.0,76.2,mixed,4,503.4,85,62,17,0,13,5,0.473
bottle_gourd,upo_round,wet,29.7,75.2,5.8,77.4,mixed,4,502.4,86,43,17,1,14,9,0.575
cucumber,pipino_japanese,wet,28.1,70.5,5.2,60.6,none,4,232.3,35,9,5,1,5,4,0.428
squash,kalabasa_hybrid,dry,32.5,74.2,8.0,65.5,mixed,4,341.8,66,39,10,1,6,3,0.645
sponge_gourd,patola_ridged,dry,34.6,68.5,8.4,65.5,organic,3,676.1,100,74,25,1,25,11,0.539
bitter_gourd,ampalaya_oblong,dry,31.8,60.9,7.0,62.1,chemical,4,441.0,73,93,29,1,26,13,0.501
cucumber,pipino,wet,27.0,77.8,6.7,60.2,chemical,3,142.7,21,10,6,1,6,1,0.459
squash,kalabasa_native,wet,31.6,76.5,7.0,53.0,mixed,4,372.6,62,22,6,1,6,3,0.588
cucumber,pipino_native,dry,30.4,65.6,8.4,50.6,chemical,4,589.3,95,56,30,0,29,10,0.419
bottle_gourd,upo_smooth,dry,30.3,59.1,8.9,71.4,none,4,455.8,77,32,11,0,11,2,0.377
bitter_gourd,ampalaya_bilog,dry,31.8,67.5,9.6,59.7,chemical,3,298.7,53,26,8,1,7,2,0.497
cucumber,pipino_japanese,dry,31.6,73.7,8.4,72.1,mixed,5,496.7,90,48,30,0,27,16,0.546
squash,kalabasa,wet,30.4,89.0,5.4,68.8,none,4,810.7,100,118,30,0,27,10,0.3
cucumber,pipino_japanese,dry,25.7,67.7,9.2,66.5,mixed,4,399.2,63,67,29,0,27,13,0.41
cucumber,pipino_native,dry,24.1,62.4,7.4,72.5,none,4,167.0,24,15,6,1,4,1,0.438
cucumber,pipino_japanese,wet,28.6,82.9,4.3,73.1,mixed,5,320.7,52,25,12,0,10,7,0.523
sponge_gourd,patola_smooth,dry,25.3,65.9,8.3,69.4,mixed,4,711.8,100,76,27,1,24,15,0.644
cucumber,pipino_native,dry,32.6,64.0,8.8,52.5,mixed,3,141.6,30,12,7,0,4,4,0.45
cucumber,pipino_native,wet,31.6,81.0,6.8,74.0,chemical,4,226.6,38,41,17,1,13,5,0.514
sponge_gourd,patola_smooth,dry,28.7,66.8,9.6,57.0,none,3,293.9,47,37,15,0,11,6,0.367
sponge_gourd,patola,dry,24.2,57.4,9.6,51.6,none,4,762.5,100,78,30,1,30,14,0.403
cucumber,pipino,wet,31.0,82.7,6.9,59.2,mixed,4,286.3,45,50,27,1,24,14,0.482
cucumber,pipino_native,wet,31.7,87.5,5.9,59.8,none,3,288.6,37,39,19,1,18,6,0.325
cucumber,pipino_japanese,wet,31.3,83.7,5.0,70.2,chemical,3,239.8,39,23,13,0,13,3,0.397
squash,kalabasa_native,dry,27.8,62.7,9.8,56.6,organic,3,243.5,41,6,2,0,2,1,0.528
sponge_gourd,patola_smooth,dry,27.1,70.9,9.4,74.0,mixed,4,585.3,92,62,29,1,27,17,0.691
cucumber,pipino_native,wet,29.4,77.5,4.5,50.7,mixed,4,161.2,18,14,6,1,4,4,0.627
bitter_gourd,ampalaya_oblong,dry,27.0,69.0,8.5,55.8,mixed,5,321.4,54,53,15,0,12,6,0.601
bitter_gourd,ampalaya_oblong,wet,26.7,87.2,6.1,63.1,none,4,534.0,89,79,27,0,23,11,0.399
cucumber,pipino,dry,35.0,60.7,9.8,70.9,none,3,333.2,68,45,24,1,22,9,0.442
cucumber,pipino_native,wet,29.7,82.0,7.0,67.4,chemical,4,140.9,19,22,9,1,7,4,0.516
squash,kalabasa_hybrid,wet,31.1,86.5,4.4,69.9,mixed,4,257.0,46,3,1,0,1,1,0.517
squash,kalabasa_hybrid,wet,31.0,81.5,5.4,75.8,none,3,789.3,100,81,24,0,21,7,0.335
bottle_gourd,upo_round,dry,28.2,68.3,7.9,62.1,mixed,4,366.4,56,16,6,1,2,2,0.646
cucumber,pipino,dry,32.4,66.2,7.0,58.9,chemical,4,228.0,39,28,12,1,10,5,0.506
squash,kalabasa_native,wet,30.5,86.7,5.3,78.5,chemical,3,609.4,98,67,18,0,15,9,0.444
squash,kalabasa,wet,28.3,86.3,6.7,53.6,organic,4,614.3,96,38,13,0,12,7,0.554
cucumber,pipino_native,wet,31.9,80.8,6.2,71.1,organic,5,733.1,100,68,30,1,26,15,0.608
bottle_gourd,upo_round,dry,28.8,69.6,8.1,67.2,organic,4,359.6,61,13,6,1,5,3,0.673
squash,kalabasa_hybrid,wet,30.4,87.0,5.7,79.2,mixed,4,672.6,100,55,21,0,21,10,0.577
squash,kalabasa,dry,34.5,68.0,9.1,76.7,mixed,3,386.4,66,31,8,1,7,2,0.559
squash,kalabasa_hybrid,dry,32.3,65.7,9.3,59.2,mixed,5,650.5,96,19,6,1,2,1,0.617
sponge_gourd,patola_ridged,dry,34.4,59.6,7.8,70.7,mixed,4,270.7,50,20,7,0,3,2,0.492
bottle_gourd,upo_long,wet,28.4,70.6,6.2,55.5,none,4,580.6,90,59,21,1,20,9,0.476
cucumber,pipino_japanese,wet,31.2,72.2,6.8,69.6,mixed,4,360.6,61,36,15,0,15,7,0.631
squash,kalabasa_native,dry,26.2,66.0,7.4,53.6,none,3,377.4,63,60,17,0,13,6,0.31
bitter_gourd,ampalaya_hybrid,dry,33.3,61.7,8.6,52.5,organic,5,886.0,100,101,30,0,26,13,0.558
bitter_gourd,ampalaya_bilog,dry,31.7,70.5,9.8,75.3,none,4,356.0,64,4,1,1,1,0,0.432
squash,kalabasa_hybrid,wet,26.4,75.0,6.8,66.9,chemical,4,802.1,100,86,27,1,27,15,0.633
bottle_gourd,upo_round,wet,28.6,71.7,6.5,65.2,mixed,4,565.5,99,54,23,1,19,10,0.657
cucumber,pipino_native,dry,24.6,67.6,8.8,77.3,organic,5,506.6,72,48,25,1,25,17,0.773
sponge_gourd,patola_ridged,wet,27.4,74.4,4.1,63.6,organic,4,404.7,66,72,26,0,25,11,0.518
bitter_gourd,ampalaya_oblong,dry,27.8,59.9,8.5,61.1,chemical,4,560.1,93,85,27,0,25,9,0.446
bottle_gourd,upo_long,dry,31.2,73.1,8.8,54.1,organic,4,537.8,96,27,8,0,4,3,0.572
bottle_gourd,upo_smooth,wet,29.6,72.6,6.8,61.5,none,4,503.1,76,57,17,1,15,8,0.477
bitter_gourd,ampalaya_bilog,dry,27.4,55.5,9.8,75.7,chemical,4,440.1,79,70,18,1,18,8,0.482
bottle_gourd,upo_long,dry,28.9,56.4,9.1,54.2,mixed,5,768.4,100,48,23,0,21,13,0.576
bottle_gourd,upo_long,dry,28.1,60.0,9.8,67.0,mixed,4,931.4,100,80,30,0,29,15,0.484
sponge_gourd,patola_ridged,wet,26.9,73.8,6.2,60.1,none,4,230.8,36,12,4,1,2,0,0.469
squash,kalabasa_hybrid,dry,31.1,69.2,7.6,52.7,none,3,485.8,86,55,18,0,14,5,0.3
bottle_gourd,upo_round,wet,27.2,78.2,6.6,71.1,organic,4,622.6,98,72,22,1,18,10,0.651
bitter_gourd,ampalaya_hybrid,dry,30.1,64.8,7.6,78.1,none,4,613.1,100,76,29,0,26,10,0.476
bitter_gourd,ampalaya_hybrid,dry,24.2,64.7,8.9,75.2,none,3,536.2,92,60,24,0,24,9,0.358
sponge_gourd,patola_smooth,wet,28.0,70.0,6.1,60.9,organic,4,401.6,63,59,24,1,23,11,0.561
bottle_gourd,upo_round,dry,30.7,74.3,8.0,52.3,organic,4,515.2,92,57,27,1,27,18,0.675
cucumber,pipino_japanese,wet,31.3,72.2,6.2,62.7,mixed,4,596.0,95,49,30,1,29,18,0.607
sponge_gourd,patola,dry,26.9,74.9,8.3,64.2,organic,5,303.1,58,26,10,1,9,8,0.69
cucumber,pipino_native,dry,30.0,69.7,9.0,62.1,none,4,213.0,30,20,11,0,8,4,0.45
bottle_gourd,upo_round,wet,30.5,87.4,4.2,60.8,none,3,368.6,64,23,9,1,6,3,0.397
bottle_gourd,upo_long,wet,29.5,89.1,4.3,78.3,chemical,3,404.7,64,48,16,1,13,6,0.497
sponge_gourd,patola,dry,31.1,70.1,8.5,77.1,mixed,4,490.3,81,86,30,0,29,14,0.497
cucumber,pipino,wet,26.9,71.7,6.6,72.8,mixed,4,359.4,59,56,29,1,25,14,0.646
bottle_gourd,upo_long,dry,24.4,57.6,8.6,77.2,none,4,535.4,91,25,8,1,4,0,0.361
cucumber,pipino_native,wet,26.3,76.0,5.6,59.3,chemical,4,314.7,46,50,30,0,28,11,0.408
sponge_gourd,patola_ridged,wet,26.3,88.1,4.3,70.9,organic,3,670.7,100,78,26,0,24,11,0.484
bitter_gourd,ampalaya_hybrid,wet,26.9,87.3,5.3,56.1,organic,4,752.6,100,82,30,1,28,20,0.657
bottle_gourd,upo_smooth,dry,26.6,70.4,7.1,65.1,chemical,4,485.0,81,13,6,1,4,0,0.625
cucumber,pipino_japanese,wet,29.7,85.7,6.7,51.9,mixed,4,125.6,26,6,3,1,2,2,0.488
sponge_gourd,patola_smooth,wet,27.6,74.7,5.5,59.0,organic,5,859.5,100,72,25,0,23,17,0.632
sponge_gourd,patola_ridged,dry,30.1,57.7,7.8,69.0,none,3,276.4,47,58,22,1,21,7,0.429
cucumber,pipino_native,wet,30.1,85.0,5.7,78.8,organic,4,286.7,49,44,26,0,22,9,0.484
squash,kalabasa_hybrid,wet,26.1,87.9,6.3,77.7,chemical,4,356.7,56,19,5,1,2,0,0.467
sponge_gourd,patola,dry,25.7,73.0,9.0,57.3,none,3,204.2,36,2,1,0,1,1,0.397
bottle_gourd,upo_round,wet,29.0,84.2,6.6,53.2,organic,4,513.1,91,22,11,0,8,6,0.452
bitter_gourd,ampalaya_oblong,wet,29.7,88.3,6.3,69.9,organic,5,515.2,85,66,23,0,20,11,0.633
bitter_gourd,ampalaya_oblong,dry,31.8,59.3,8.2,75.4,none,4,389.6,59,41,13,0,10,4,0.432
sponge_gourd,patola_ridged,wet,26.3,85.6,6.2,69.1,chemical,3,669.2,100,69,30,0,26,10,0.473
sponge_gourd,patola_smooth,wet,28.9,75.9,4.9,55.8,mixed,3,633.6,100,63,25,1,25,12,0.55
sponge_gourd,patola_ridged,dry,30.9,57.4,7.1,59.1,mixed,4,240.4,45,17,6,1,6,6,0.589
sponge_gourd,patola_smooth,wet,27.5,77.5,6.7,70.1,organic,4,257.9,41,14,7,0,3,3,0.589
bitter_gourd,ampalaya_oblong,dry,33.0,62.9,8.1,70.0,mixed,3,163.4,29,16,6,0,6,1,0.493
cucumber,pipino_japanese,dry,30.4,68.4,8.8,58.5,none,5,461.6,76,25,16,1,16,6,0.462
sponge_gourd,patola_ridged,wet,27.8,86.8,6.3,64.1,organic,5,260.2,42,7,3,0,2,1,0.654
bottle_gourd,upo_long,dry,24.6,71.9,7.6,55.0,none,4,590.8,99,61,26,1,25,11,0.418
bitter_gourd,ampalaya_bilog,dry,24.1,74.0,9.7,74.3,mixed,4,243.4,37,20,8,1,4,2,0.586
squash,kalabasa_hybrid,dry,28.8,69.0,8.3,59.3,chemical,4,676.3,100,49,14,0,14,9,0.474
sponge_gourd,patola_smooth,dry,34.4,57.5,9.2,54.6,chemical,3,417.0,67,68,23,1,23,13,0.505
cucumber,pipino_japanese,dry,25.9,69.1,7.4,57.5,chemical,4,446.8,76,58,28,1,28,17,0.686
bottle_gourd,upo_round,dry,24.8,66.1,8.5,70.1,none,4,407.4,78,40,14,0,10,3,0.3
bottle_gourd,upo_smooth,wet,29.6,84.1,4.5,56.4,chemical,3,474.6,83,22,9,1,5,2,0.484
squash,kalabasa,dry,26.4,58.5,8.1,58.1,organic,3,624.0,100,82,22,1,19,12,0.527
sponge_gourd,patola_ridged,dry,32.9,59.2,7.3,60.2,mixed,4,201.0,35,9,3,0,3,2,0.568
sponge_gourd,patola_ridged,dry,32.6,58.9,8.5,71.0,none,3,284.7,46,17,6,0,4,0,0.3
bitter_gourd,ampalaya_hybrid,dry,31.7,65.4,7.4,51.0,mixed,3,436.1,74,107,30,0,27,15,0.472
squash,kalabasa,dry,32.6,60.8,9.7,71.2,chemical,3,551.7,86,74,19,1,17,6,0.497
cucumber,pipino_native,wet,29.8,87.6,6.2,52.2,chemical,4,392.9,64,31,18,1,17,8,0.506
sponge_gourd,patola_smooth,wet,29.8,81.6,6.4,76.9,chemical,4,250.3,42,14,6,1,2,0,0.505
squash,kalabasa,wet,27.7,87.0,4.1,66.3,none,3,393.5,72,31,9,0,8,4,0.373
squash,kalabasa_native,wet,30.0,89.3,6.5,63.8,mixed,4,813.6,100,106,29,1,26,17,0.588
cucumber,pipino_native,wet,26.2,76.3,4.6,77.7,mixed,4,371.9,72,23,13,0,11,6,0.546
bitter_gourd,ampalaya_oblong,wet,30.4,74.6,5.5,54.7,chemical,4,430.2,74,55,21,0,21,9,0.511
sponge_gourd,patola_smooth,wet,30.2,73.4,4.5,66.0,none,3,354.0,52,29,13,0,9,2,0.437
squash,kalabasa_hybrid,dry,30.8,74.9,8.5,51.2,mixed,4,821.2,100,119,30,1,27,14,0.603
squash,kalabasa_hybrid,dry,33.1,59.5,9.2,53.3,organic,4,627.7,95,98,29,1,27,17,0.547
sponge_gourd,patola,wet,31.8,85.8,5.1,72.9,chemical,3,315.8,57,50,17,0,14,4,0.392
bottle_gourd,upo_long,dry,27.1,57.5,9.8,79.7,organic,4,461.2,80,33,11,1,9,7,0.739
cucumber,pipino_native,wet,29.3,80.4,4.7,58.8,organic,5,544.0,88,71,30,1,29,19,0.663
bottle_gourd,upo_round,dry,28.0,65.4,7.9,79.2,none,3,533.8,88,44,15,1,11,6,0.48
bottle_gourd,upo_round,dry,29.9,56.6,8.5,62.5,organic,4,308.5,56,15,7,1,4,1,0.602
squash,kalabasa_native,wet,28.5,81.3,4.9,56.3,chemical,3,324.2,52,4,1,1,1,1,0.474
bottle_gourd,upo_smooth,dry,27.3,72.5,7.2,54.4,none,4,604.3,99,92,27,1,26,13,0.451
cucumber,pipino,dry,35.0,72.8,8.3,50.8,organic,4,271.8,53,37,16,1,15,9,0.531
bitter_gourd,ampalaya_oblong,wet,28.2,74.8,6.3,68.2,organic,3,340.3,58,43,17,1,16,9,0.612
cucumber,pipino_japanese,wet,28.3,78.7,5.7,73.8,mixed,5,391.7,56,46,27,0,26,15,0.611
bottle_gourd,upo_long,dry,26.0,65.6,7.7,50.6,organic,5,754.8,100,103,30,0,27,17,0.675
cucumber,pipino_japanese,wet,31.9,81.3,5.1,53.7,none,5,688.9,100,60,30,0,29,12,0.36
bitter_gourd,ampalaya_hybrid,wet,28.2,84.6,5.7,71.2,mixed,4,728.8,100,111,30,1,26,16,0.647
bitter_gourd,ampalaya_oblong,wet,27.6,81.2,5.8,58.0,mixed,5,591.6,93,78,23,1,19,14,0.625
bitter_gourd,ampalaya_oblong,wet,31.7,83.7,6.5,74.0,mixed,4,547.7,85,76,30,1,29,18,0.601
cucumber,pipino_japanese,dry,29.9,71.1,9.8,51.5,mixed,5,235.8,32,24,10,1,8,7,0.646
sponge_gourd,patola_smooth,wet,29.3,71.9,5.7,79.3,chemical,4,750.6,100,59,25,1,25,17,0.589
bitter_gourd,ampalaya_hybrid,dry,34.6,67.5,8.1,62.1,organic,4,258.8,44,14,4,0,3,3,0.494
sponge_gourd,patola,dry,33.3,67.2,8.5,67.7,mixed,4,384.1,68,35,17,0,14,7,0.539
squash,kalabasa_native,wet,28.8,77.4,5.6,50.4,chemical,4,473.0,80,47,17,0,14,6,0.519
squash,kalabasa,wet,29.6,77.0,6.1,58.2,organic,4,549.1,94,61,21,1,21,15,0.605
squash,kalabasa_native,dry,24.8,58.3,7.7,66.1,mixed,4,739.7,100,46,15,0,15,8,0.516
bitter_gourd,ampalaya_oblong,wet,26.7,88.0,5.9,70.7,chemical,4,627.4,100,67,26,1,24,14,0.535
bottle_gourd,upo_long,wet,29.4,82.3,4.1,55.2,mixed,4,705.1,100,71,24,1,23,11,0.523
bitter_gourd,ampalaya_oblong,wet,31.3,71.9,5.1,54.9,mixed,3,322.6,57,46,17,0,15,10,0.613
squash,kalabasa_native,wet,30.4,71.2,6.2,54.5,none,2,509.7,96,45,17,1,15,3,0.34
cucumber,pipino_native,dry,30.2,74.7,8.7,65.3,mixed,3,355.5,67,42,17,0,14,9,0.548
squash,kalabasa_native,wet,28.7,79.1,5.0,75.0,mixed,4,720.0,100,50,19,1,16,13,0.66
squash,kalabasa,wet,28.9,84.6,6.8,63.8,none,3,561.8,97,30,9,0,8,2,0.449
sponge_gourd,patola_ridged,wet,29.9,88.5,6.1,57.7,mixed,4,438.2,73,79,30,1,30,19,0.619
sponge_gourd,patola,wet,27.9,77.0,5.6,56.5,organic,5,462.9,83,54,27,1,23,19,0.719
bitter_gourd,ampalaya_hybrid,wet,26.4,77.8,6.4,55.5,mixed,4,492.4,85,120,30,1,29,17,0.577
cucumber,pipino_japanese,wet,30.4,82.5,4.4,58.2,chemical,3,310.5,53,30,19,0,17,7,0.3
squash,kalabasa_native,wet,27.8,84.7,6.7,69.8,mixed,4,231.7,39,14,4,1,3,3,0.593
sponge_gourd,patola_smooth,dry,27.2,74.2,9.5,70.8,chemical,4,890.5,100,88,30,1,29,19,0.672
squash,kalabasa,dry,32.3,72.9,7.2,67.6,none,4,971.7,100,104,30,0,26,10,0.331
bottle_gourd,upo_long,wet,31.1,78.4,4.3,71.8,mixed,5,696.8,100,75,30,0,29,15,0.467
sponge_gourd,patola_ridged,dry,30.3,71.9,8.9,65.4,chemical,4,484.2,77,76,30,1,30,17,0.581
squash,kalabasa,wet,29.1,78.0,4.9,59.9,organic,3,449.9,76,71,24,0,22,14,0.559
squash,kalabasa_native,dry,25.1,66.5,9.0,66.0,chemical,4,582.6,85,81,27,1,25,12,0.512
cucumber,pipino_native,dry,26.4,55.2,7.2,55.4,chemical,3,465.0,81,60,27,1,25,15,0.587
squash,kalabasa_hybrid,wet,26.6,86.0,4.7,75.7,organic,5,881.1,100,79,27,0,26,16,0.64
sponge_gourd,patola_ridged,dry,32.7,61.4,7.3,71.4,none,3,349.0,58,56,19,0,18,4,0.3
bitter_gourd,ampalaya_oblong,dry,28.8,71.8,9.2,74.1,mixed,4,451.8,81,80,23,1,20,14,0.728
bitter_gourd,ampalaya_bilog,wet,27.6,87.0,5.1,63.2,organic,5,356.5,58,61,18,0,14,9,0.65
cucumber,pipino_native,dry,25.2,59.0,7.1,65.9,none,3,248.8,40,20,11,1,8,3,0.37
bitter_gourd,ampalaya_oblong,wet,26.4,79.6,5.2,50.2,none,3,275.2,43,50,13,0,10,6,0.373
bottle_gourd,upo_smooth,dry,31.1,61.8,9.0,72.3,chemical,2,347.0,56,29,12,1,10,5,0.485
cucumber,pipino,dry,31.3,63.4,8.8,69.2,mixed,4,364.5,72,29,18,0,16,12,0.605
bitter_gourd,ampalaya_bilog,wet,26.8,78.8,5.6,59.8,none,3,436.1,72,45,15,0,15,4,0.319
sponge_gourd,patola,wet,30.2,87.1,6.4,53.1,chemical,4,499.9,83,65,23,1,21,14,0.564
bitter_gourd,ampalaya_hybrid,wet,29.4,72.1,6.9,65.6,mixed,4,323.2,50,47,15,1,14,7,0.534
squash,kalabasa_hybrid,dry,26.6,63.3,8.7,78.6,none,3,507.8,94,42,11,1,10,6,0.396
squash,kalabasa,wet,29.3,77.2,6.0,58.3,chemical,4,839.5,100,105,30,1,26,13,0.516
bottle_gourd,upo_long,dry,32.6,59.0,8.8,61.1,mixed,5,994.2,100,75,25,1,24,14,0.659
sponge_gourd,patola_smooth,dry,29.3,56.7,7.4,63.4,mixed,5,593.2,100,39,14,1,10,7,0.551
squash,kalabasa,dry,35.0,73.3,7.0,50.5,none,4,367.3,63,18,7,0,4,0,0.378
squash,kalabasa_hybrid,wet,27.6,86.3,4.7,59.8,organic,4,484.6,73,94,25,1,23,14,0.704
bottle_gourd,upo_smooth,dry,27.6,72.8,8.4,63.6,none,4,799.3,100,63,20,1,19,10,0.518
sponge_gourd,patola_ridged,dry,24.1,60.4,7.5,55.2,organic,5,504.1,82,29,10,0,10,6,0.593
squash,kalabasa_native,dry,29.5,62.8,7.9,64.0,chemical,3,549.4,91,27,9,1,9,4,0.539
squash,kalabasa,dry,28.8,68.5,8.0,67.8,none,3,545.3,88,47,14,1,12,8,0.48
bitter_gourd,ampalaya_bilog,dry,32.3,59.1,7.1,78.3,none,3,282.0,41,47,17,1,13,7,0.448
cucumber,pipino_japanese,wet,31.1,76.7,6.1,52.0,organic,4,631.8,100,47,30,1,27,14,0.611
squash,kalabasa,wet,26.2,86.1,5.1,75.9,organic,4,819.6,100,95,29,1,27,18,0.629
bottle_gourd,upo_round,dry,31.9,66.6,9.1,71.8,none,4,903.7,100,59,29,1,26,15,0.504
bottle_gourd,upo_long,wet,29.9,80.6,5.8,71.0,none,4,385.5,62,12,5,0,2,1,0.367
bottle_gourd,upo_round,dry,29.8,73.5,8.2,51.0,none,4,288.5,48,3,1,1,1,0,0.454
sponge_gourd,patola,wet,26.5,79.9,6.6,68.4,organic,4,208.6,36,21,7,0,3,3,0.561
sponge_gourd,patola_smooth,dry,29.7,71.6,9.0,51.9,mixed,4,497.5,76,41,15,0,11,6,0.563
squash,kalabasa,dry,27.6,58.9,7.6,51.1,chemical,3,360.5,58,4,1,1,1,0,0.544
squash,kalabasa,dry,30.2,63.6,9.5,62.7,none,4,871.0,100,96,29,1,25,9,0.385
bottle_gourd,upo_smooth,wet,29.7,70.8,6.7,58.4,organic,4,777.5,100,43,20,1,16,11,0.614
cucumber,pipino_native,wet,31.5,70.6,5.8,67.4,mixed,4,195.2,31,18,8,0,7,2,0.516
squash,kalabasa_native,wet,26.2,74.7,4.4,77.3,chemical,4,710.9,100,55,22,1,21,12,0.532
bitter_gourd,ampalaya_oblong,wet,28.4,85.6,5.2,71.1,none,4,481.7,78,77,20,0,19,7,0.38
squash,kalabasa_hybrid,dry,31.4,59.3,7.6,50.7,organic,4,488.5,84,58,22,1,22,13,0.681
bottle_gourd,upo_long,wet,26.3,76.7,4.7,54.7,chemical,4,384.0,66,46,15,1,13,5,0.458
cucumber,pipino_japanese,dry,26.1,59.2,9.7,76.2,none,3,132.2,18,2,1,1,1,1,0.519
squash,kalabasa,dry,25.4,74.6,8.7,79.6,organic,3,553.6,98,81,21,0,18,11,0.498
cucumber,pipino,dry,29.2,73.4,9.4,55.8,none,4,627.6,100,58,30,1,30,13,0.452
bottle_gourd,upo_smooth,dry,34.1,65.6,8.4,65.5,mixed,4,746.7,100,50,24,1,23,11,0.557
cucumber,pipino_japanese,dry,32.9,60.3,9.5,70.4,chemical,3,208.9,21,24,15,0,11,4,0.352
cucumber,pipino_native,wet,26.9,83.5,5.0,72.4,organic,5,775.1,100,51,30,1,29,19,0.659
cucumber,pipino,dry,26.1,71.6,9.0,61.3,chemical,3,185.2,30,20,10,0,7,5,0.482
bitter_gourd,ampalaya_bilog,wet,28.7,80.4,5.9,55.2,mixed,4,583.2,97,105,30,0,29,13,0.533
sponge_gourd,patola_ridged,wet,27.4,81.6,4.6,76.2,none,3,295.2,47,22,9,1,7,1,0.453
bitter_gourd,ampalaya_oblong,dry,34.1,68.7,7.4,66.1,organic,3,296.0,48,28,10,0,6,1,0.487
cucumber,pipino_native,dry,26.4,57.5,9.4,53.2,chemical,3,444.7,79,58,26,1,25,14,0.497
bitter_gourd,ampalaya_hybrid,dry,25.6,70.7,7.3,73.2,none,5,350.6,57,39,11,1,9,7,0.534
bitter_gourd,ampalaya_oblong,wet,28.7,88.6,5.1,67.0,organic,4,620.7,100,99,30,0,30,15,0.562
squash,kalabasa_native,dry,27.2,55.5,7.2,64.8,none,3,251.4,38,3,1,0,1,0,0.4
squash,kalabasa_hybrid,dry,27.6,65.4,9.8,71.1,none,4,560.6,100,59,18,1,18,9,0.523
cucumber,pipino_japanese,dry,25.3,62.5,7.7,52.0,mixed,4,283.5,48,32,13,0,10,5,0.56
bottle_gourd,upo_round,wet,28.1,72.3,6.7,53.1,mixed,3,416.8,69,28,11,0,11,5,0.542
bottle_gourd,upo_round,wet,27.7,86.3,5.5,65.9,none,4,576.3,95,19,7,1,7,3,0.453
squash,kalabasa_hybrid,wet,27.1,83.2,5.7,70.2,organic,3,535.6,100,86,23,1,20,10,0.503
sponge_gourd,patola_ridged,wet,29.2,77.9,4.8,51.4,organic,3,434.6,64,82,30,1,26,16,0.642
cucumber,pipino_japanese,dry,31.8,64.9,7.0,61.5,organic,4,128.7,17,11,7,1,3,1,0.548
sponge_gourd,patola_ridged,dry,24.1,59.1,8.2,50.1,organic,5,471.6,81,77,30,1,30,16,0.56
bitter_gourd,ampalaya_oblong,wet,27.2,80.6,6.4,61.0,none,3,392.3,71,44,14,0,13,6,0.368
bitter_gourd,ampalaya_bilog,wet,28.2,87.4,4.7,64.5,organic,4,364.6,62,34,10,0,8,5,0.569
cucumber,pipino_japanese,wet,27.7,85.1,6.1,53.6,mixed,5,284.5,48,9,4,0,2,1,0.541
squash,kalabasa_hybrid,wet,30.4,84.0,6.3,67.1,chemical,5,936.9,100,59,19,1,15,6,0.546
sponge_gourd,patola,dry,28.5,70.1,9.9,72.2,chemical,3,589.7,100,53,22,1,22,9,0.453
sponge_gourd,patola_ridged,wet,30.7,84.0,4.4,76.7,none,4,477.3,76,50,23,1,19,6,0.376
cucumber,pipino,dry,32.4,73.7,7.4,60.8,organic,4,224.3,36,30,15,0,12,6,0.505
bitter_gourd,ampalaya_hybrid,dry,29.7,65.4,9.4,56.2,none,3,408.4,70,42,13,1,10,7,0.452
squash,kalabasa_native,dry,28.8,70.0,9.3,76.3,chemical,4,420.9,71,19,6,1,3,3,0.527
bottle_gourd,upo_long,dry,26.6,57.0,9.4,66.7,mixed,4,578.9,98,57,21,0,21,11,0.546
bottle_gourd,upo_smooth,dry,29.3,74.9,7.0,62.0,mixed,3,498.9,86,69,25,1,23,12,0.613
bitter_gourd,ampalaya_hybrid,wet,29.6,78.3,5.1,77.6,organic,4,763.1,100,86,30,0,26,15,0.586
cucumber,pipino_native,dry,34.2,74.1,9.6,68.6,mixed,5,528.9,88,66,30,1,30,16,0.564
squash,kalabasa_native,wet,28.5,89.1,5.1,57.1,chemical,3,230.4,39,15,4,0,3,3,0.394
squash,kalabasa_native,dry,24.6,74.1,8.8,50.8,mixed,4,402.1,65,20,7,0,6,4,0.537
bitter_gourd,ampalaya_hybrid,dry,32.5,56.0,9.9,52.1,chemical,3,304.9,59,47,16,1,15,6,0.434
cucumber,pipino_japanese,dry,28.1,59.4,10.0,53.2,chemical,4,320.5,52,39,26,1,23,16,0.59
squash,kalabasa,dry,26.0,68.3,9.8,53.0,chemical,3,745.4,100,55,21,1,17,7,0.453
cucumber,pipino_japanese,wet,30.2,78.4,6.7,70.7,chemical,4,550.2,94,60,30,0,28,11,0.458
sponge_gourd,patola_ridged,wet,29.3,72.0,6.7,77.9,organic,3,271.5,47,20,7,1,6,2,0.592
sponge_gourd,patola_ridged,wet,31.4,85.5,5.0,71.1,none,4,386.3,62,37,17,0,15,7,0.353
cucumber,pipino_japanese,dry,26.3,60.3,8.9,74.5,mixed,5,182.8,34,5,2,1,2,2,0.693
sponge_gourd,patola,wet,28.3,88.3,5.2,67.5,organic,4,216.7,39,16,6,0,2,0,0.515
cucumber,pipino,dry,34.6,74.4,9.0,79.2,mixed,5,770.2,100,74,30,0,30,18,0.541
cucumber,pipino_native,wet,26.7,89.5,4.8,62.1,mixed,4,576.9,92,50,30,0,28,14,0.536
bitter_gourd,ampalaya_hybrid,wet,30.9,70.5,5.6,68.3,chemical,3,233.1,35,27,7,0,6,1,0.452
bottle_gourd,upo_long,wet,31.9,87.1,4.4,75.0,organic,3,217.9,39,17,5,1,5,1,0.433
squash,kalabasa_native,dry,24.4,68.1,7.5,62.0,chemical,4,585.8,94,38,11,1,10,5,0.515
bitter_gourd,ampalaya_oblong,dry,30.7,63.1,8.5,71.0,none,4,524.3,91,61,19,0,16,9,0.426
bottle_gourd,upo_smooth,dry,35.0,68.7,7.1,70.6,organic,5,880.6,100,82,27,0,23,14,0.533
bitter_gourd,ampalaya_hybrid,wet,31.5,78.9,6.2,53.6,mixed,4,751.0,100,109,30,1,28,16,0.558
bitter_gourd,ampalaya_bilog,wet,29.9,73.9,5.7,76.6,chemical,3,181.2,36,3,1,1,1,1,0.475
cucumber,pipino_native,dry,33.5,70.3,9.7,73.3,mixed,5,618.0,99,50,30,0,27,12,0.516
bottle_gourd,upo_long,dry,24.5,60.9,7.8,70.8,chemical,4,734.5,100,77,23,0,19,10,0.447
sponge_gourd,patola_ridged,dry,24.2,72.2,9.3,69.5,none,3,576.6,100,43,17,0,16,4,0.376
bitter_gourd,ampalaya_hybrid,wet,26.6,79.2,4.4,72.4,mixed,4,486.2,89,108,30,0,26,17,0.609
bottle_gourd,upo_round,dry,33.1,55.2,10.0,78.2,chemical,3,714.7,100,66,20,0,19,7,0.45
sponge_gourd,patola,dry,33.3,73.6,8.7,56.5,mixed,3,226.3,48,29,13,0,10,5,0.455
cucumber,pipino_native,dry,30.7,66.7,8.9,75.5,mixed,5,418.2,68,46,30,1,28,18,0.692
sponge_gourd,patola_smooth,dry,27.4,57.6,9.8,59.9,none,4,369.0,54,34,12,1,10,5,0.385
cucumber,pipino,dry,33.7,55.9,8.1,62.7,mixed,4,297.8,49,25,10,1,7,2,0.453
bitter_gourd,ampalaya_oblong,dry,32.9,62.9,9.9,55.8,mixed,3,352.0,56,81,23,0,22,11,0.548
squash,kalabasa,dry,26.1,65.3,7.6,70.2,mixed,4,804.9,100,95,30,0,26,16,0.641
sponge_gourd,patola_smooth,dry,24.8,67.5,9.3,53.7,none,4,600.4,94,85,30,0,27,11,0.334
cucumber,pipino_japanese,dry,34.7,63.5,9.5,72.7,organic,5,407.3,72,40,21,1,19,13,0.663
squash,kalabasa_native,dry,30.4,72.9,8.3,54.6,chemical,4,848.0,100,119,30,1,28,14,0.497
sponge_gourd,patola_smooth,wet,26.4,74.1,4.4,56.4,organic,4,462.2,74,42,16,0,14,7,0.594
cucumber,pipino_japanese,dry,25.8,73.9,7.3,74.6,organic,5,305.9,50,24,12,1,9,7,0.677
sponge_gourd,patola_ridged,wet,28.7,81.4,5.2,55.7,organic,4,238.3,40,19,8,0,4,2,0.651
squash,kalabasa_hybrid,dry,30.5,69.0,7.9,79.7,organic,4,474.6,82,38,14,0,14,7,0.492
bitter_gourd,ampalaya_bilog,dry,26.7,66.6,8.6,66.5,organic,4,506.8,80,83,30,1,27,18,0.648
squash,kalabasa_native,wet,31.1,83.6,4.3,65.5,organic,4,618.8,100,79,20,0,17,10,0.546
sponge_gourd,patola,wet,31.0,77.3,5.8,55.7,mixed,4,434.7,67,55,24,0,23,10,0.479
squash,kalabasa_native,wet,27.3,75.8,6.3,57.6,organic,3,374.8,63,15,5,1,5,3,0.552
squash,kalabasa_native,dry,26.6,74.5,9.7,65.7,chemical,4,852.3,100,91,28,0,27,13,0.5
squash,kalabasa,wet,31.8,89.6,4.6,74.4,organic,4,497.3,83,30,8,0,6,3,0.464
bottle_gourd,upo_long,dry,32.2,59.6,8.4,56.6,chemical,3,693.4,100,59,19,1,15,7,0.47
bottle_gourd,upo_smooth,wet,26.5,73.4,5.2,70.1,mixed,4,338.1,66,2,1,0,1,0,0.547
bitter_gourd,ampalaya_oblong,dry,28.0,70.3,8.2,60.3,mixed,4,625.9,99,105,30,0,30,15,0.523
squash,kalabasa_native,dry,25.1,61.4,7.7,52.2,organic,3,658.8,100,62,18,0,17,8,0.461
cucumber,pipino,dry,29.4,69.2,7.7,61.9,organic,3,352.4,56,61,25,0,24,11,0.467
bottle_gourd,upo_round,dry,24.8,72.0,7.9,55.9,chemical,4,256.9,38,3,1,0,1,0,0.434
squash,kalabasa_native,wet,26.5,74.5,5.0,51.6,chemical,4,479.1,72,26,8,0,4,3,0.473
bitter_gourd,ampalaya_bilog,wet,31.8,72.6,4.9,70.5,organic,3,218.2,33,12,4,1,2,1,0.639
squash,kalabasa_native,wet,29.5,74.6,6.0,59.9,organic,3,534.1,90,35,12,0,12,7,0.543
bottle_gourd,upo_smooth,dry,26.8,60.6,9.8,73.7,chemical,3,282.4,56,15,7,0,4,1,0.349
cucumber,pipino_japanese,dry,25.3,61.9,9.5,80.0,chemical,3,280.2,45,31,20,0,18,8,0.544
bitter_gourd,ampalaya_hybrid,dry,34.8,68.9,9.1,68.4,none,3,250.0,42,25,8,1,4,4,0.42
squash,kalabasa_native,dry,31.3,55.4,10.0,66.4,mixed,4,420.6,62,12,3,0,3,0,0.446
bottle_gourd,upo_long,wet,31.7,80.6,4.8,52.4,mixed,4,470.0,80,7,2,1,1,1,0.446
squash,kalabasa,dry,34.1,71.4,8.9,55.6,chemical,3,564.0,100,69,22,1,20,9,0.469
bottle_gourd,upo_smooth,dry,25.3,55.1,9.1,63.0,chemical,5,1129.0,100,61,30,1,28,14,0.558
bottle_gourd,upo_smooth,dry,33.7,71.1,8.0,76.7,chemical,4,518.9,83,72,22,1,18,11,0.525
cucumber,pipino_native,dry,33.3,69.6,7.5,57.1,chemical,4,429.7,77,50,25,1,22,12,0.471
bitter_gourd,ampalaya_hybrid,dry,28.1,73.3,9.3,63.2,none,3,465.8,67,69,24,0,23,7,0.3
squash,kalabasa_native,wet,29.7,89.9,6.7,67.7,organic,5,1148.6,100,114,30,0,26,17,0.583
squash,kalabasa_hybrid,wet,30.2,78.1,5.3,67.0,chemical,3,731.8,100,76,25,0,25,10,0.494
cucumber,pipino_japanese,dry,34.2,65.3,7.1,52.5,mixed,4,427.5,72,54,26,1,24,12,0.603
sponge_gourd,patola_ridged,wet,26.1,80.8,5.3,79.4,mixed,4,409.4,66,48,21,0,19,10,0.516
squash,kalabasa,wet,30.1,84.0,6.5,70.0,mixed,4,751.7,100,69,27,1,25,15,0.635
bottle_gourd,upo_long,wet,26.2,87.8,7.0,76.0,none,3,261.7,43,2,1,1,1,0,0.3
squash,kalabasa_hybrid,wet,29.3,76.6,5.6,70.5,organic,4,482.2,83,91,24,1,20,13,0.72
cucumber,pipino_native,wet,31.8,79.9,4.6,67.0,mixed,3,118.8,22,17,8,0,8,5,0.498
cucumber,pipino_japanese,wet,26.2,80.0,4.1,52.8,organic,4,258.5,44,36,24,1,22,13,0.67
bitter_gourd,ampalaya_hybrid,dry,29.5,70.5,9.5,57.1,none,4,455.5,72,26,10,0,8,3,0.418
sponge_gourd,patola_ridged,wet,27.4,75.8,4.7,50.3,mixed,4,531.3,88,39,19,0,16,8,0.514
cucumber,pipino_japanese,dry,27.8,67.3,9.8,51.3,organic,5,420.8,73,52,23,1,23,17,0.74
sponge_gourd,patola,dry,34.5,55.4,8.1,67.9,chemical,3,426.3,74,47,17,1,17,5,0.431
cucumber,pipino_japanese,wet,28.5,81.6,4.2,76.9,organic,4,205.4,35,30,14,1,11,7,0.554
bottle_gourd,upo_long,dry,34.8,67.0,8.4,64.3,organic,4,780.4,100,72,30,1,26,14,0.621
bitter_gourd,ampalaya_oblong,wet,32.0,77.4,5.3,79.0,none,3,406.0,63,65,17,1,15,8,0.415
cucumber,pipino,wet,29.7,77.8,4.7,74.7,organic,4,533.2,82,60,28,0,25,13,0.609
sponge_gourd,patola_smooth,wet,30.4,88.2,6.1,55.6,none,4,763.5,100,85,30,0,28,8,0.339
sponge_gourd,patola,wet,27.7,82.6,4.6,75.4,mixed,3,263.4,40,27,10,1,7,4,0.566
cucumber,pipino_native,wet,31.2,87.7,6.8,72.3,mixed,4,404.2,62,59,24,0,21,8,0.457
bitter_gourd,ampalaya_bilog,dry,25.1,64.8,9.1,78.7,organic,4,529.1,88,100,30,1,26,14,0.565
cucumber,pipino_native,dry,30.7,59.6,9.0,53.8,chemical,4,251.4,40,11,7,1,5,3,0.554
bottle_gourd,upo_long,wet,29.2,87.4,4.5,59.5,none,3,365.1,54,18,7,1,6,1,0.374
squash,kalabasa_native,wet,31.7,77.7,6.3,55.5,organic,4,678.9,100,78,22,1,22,16,0.646
sponge_gourd,patola,dry,25.3,73.2,9.4,52.1,mixed,4,414.2,67,24,9,1,9,7,0.559
bitter_gourd,ampalaya_oblong,dry,27.4,65.2,8.4,79.8,none,4,493.7,78,80,21,1,18,10,0.433
sponge_gourd,patola_ridged,dry,34.3,62.1,8.2,62.1,none,4,630.2,100,86,29,1,26,12,0.383
bitter_gourd,ampalaya_oblong,wet,31.1,74.5,6.8,67.9,mixed,4,441.7,78,67,22,1,18,14,0.715
squash,kalabasa_native,wet,29.0,76.5,4.6,78.6,chemical,2,263.5,46,12,3,0,1,0,0.453
squash,kalabasa,wet,26.1,75.5,6.5,62.7,mixed,4,475.6,74,31,10,1,9,5,0.612
bottle_gourd,upo_long,wet,28.5,79.2,6.7,54.2,chemical,4,611.3,100,60,21,1,19,10,0.446
squash,kalabasa,wet,29.9,80.0,4.5,75.6,chemical,4,388.8,69,3,1,0,1,1,0.475
bottle_gourd,upo_smooth,dry,30.2,73.7,9.3,64.4,none,4,706.9,100,60,24,1,24,9,0.422
cucumber,pipino,wet,28.5,79.2,6.5,72.8,chemical,4,396.4,65,37,24,0,20,7,0.441
sponge_gourd,patola,wet,28.4,89.7,4.7,78.4,organic,5,1118.0,100,76,30,1,29,22,0.692
sponge_gourd,patola_ridged,dry,24.9,71.6,9.7,65.1,chemical,3,294.2,51,35,14,0,13,4,0.416
bitter_gourd,ampalaya_hybrid,dry,24.5,72.7,8.7,74.8,none,4,218.5,35,3,1,1,1,1,0.528
sponge_gourd,patola_smooth,wet,29.2,76.4,6.2,50.6,organic,5,449.4,79,69,28,1,28,23,0.738
cucumber,pipino_native,wet,29.7,76.4,4.4,74.8,chemical,4,550.1,98,73,30,0,30,12,0.476
bottle_gourd,upo_long,wet,32.0,70.4,6.3,69.6,chemical,5,602.3,89,61,20,0,18,10,0.488
squash,kalabasa_native,wet,30.4,77.0,5.4,64.2,chemical,3,321.7,61,44,12,0,10,6,0.426
bottle_gourd,upo_round,dry,28.4,69.8,9.9,60.9,mixed,4,1011.3,100,75,30,1,26,19,0.684
sponge_gourd,patola_smooth,wet,27.0,70.3,6.1,55.5,organic,3,276.0,44,19,9,1,7,4,0.681
squash,kalabasa_hybrid,dry,31.5,66.6,10.0,70.5,organic,4,913.6,100,112,30,0,28,12,0.491
bottle_gourd,upo_round,dry,27.0,67.7,9.2,71.7,chemical,4,565.0,93,37,11,1,10,4,0.594
squash,kalabasa,dry,24.0,73.7,7.9,72.2,mixed,4,888.6,100,106,27,1,26,13,0.582
bitter_gourd,ampalaya_bilog,wet,27.2,89.1,5.5,60.5,organic,4,286.4,41,46,12,0,10,4,0.519
cucumber,pipino,dry,30.0,72.1,8.5,62.1,organic,5,141.1,21,5,2,0,1,1,0.608
bitter_gourd,ampalaya_hybrid,wet,26.3,75.4,6.9,79.6,none,4,795.4,100,105,30,1,29,14,0.461
sponge_gourd,patola_smooth,dry,25.4,74.8,8.6,58.5,organic,4,354.1,67,31,12,1,8,3,0.66
bottle_gourd,upo_smooth,wet,28.2,83.0,6.3,62.4,organic,4,349.4,54,3,1,0,1,0,0.622
bitter_gourd,ampalaya_oblong,dry,30.7,60.8,9.7,53.5,mixed,4,332.4,53,67,21,1,18,13,0.62
squash,kalabasa_hybrid,wet,28.1,82.3,5.1,60.8,none,4,1059.5,100,81,30,0,26,7,0.328
bottle_gourd,upo_long,wet,27.1,71.3,4.0,55.0,none,4,760.3,100,43,21,1,21,8,0.468
sponge_gourd,patola,dry,28.1,59.8,9.2,69.5,mixed,4,555.0,95,51,20,1,17,11,0.585
cucumber,pipino_japanese,dry,33.6,63.4,8.3,64.3,chemical,4,348.0,65,60,30,0,27,13,0.51
sponge_gourd,patola,wet,26.9,73.1,6.9,60.0,chemical,4,307.5,45,51,21,1,17,11,0.525
squash,kalabasa_native,wet,31.4,77.1,5.4,61.7,organic,4,542.3,99,120,30,1,26,15,0.634
sponge_gourd,patola_ridged,dry,28.3,62.7,7.6,50.7,chemical,4,528.9,88,44,15,0,12,6,0.443
cucumber,pipino_native,wet,30.6,79.2,6.3,56.8,mixed,3,173.9,32,30,13,1,9,7,0.525
cucumber,pipino_japanese,wet,28.2,80.7,5.5,58.9,mixed,4,597.7,100,51,30,1,30,17,0.52
squash,kalabasa,wet,29.1,73.7,6.1,55.8,mixed,4,1093.1,100,96,29,1,26,15,0.593
bottle_gourd,upo_round,wet,31.0,74.3,4.4,56.3,none,4,754.5,100,58,26,1,24,11,0.429
bitter_gourd,ampalaya_oblong,dry,26.5,56.3,10.0,55.5,chemical,3,212.7,41,46,14,1,10,5,0.497
bottle_gourd,upo_long,dry,34.4,62.3,8.7,65.0,none,4,735.9,100,68,23,0,19,6,0.322
bottle_gourd,upo_round,wet,27.4,75.1,4.5,57.1,organic,4,561.1,86,40,12,0,11,5,0.623
cucumber,pipino_native,dry,32.6,72.1,8.9,59.7,mixed,5,271.4,43,12,5,0,4,1,0.588
cucumber,pipino,dry,25.6,69.2,9.7,79.5,mixed,5,593.1,95,62,30,1,29,16,0.604
bottle_gourd,upo_long,dry,31.5,64.9,8.1,70.5,organic,4,504.5,95,49,16,1,13,9,0.657
bitter_gourd,ampalaya_oblong,wet,29.1,71.9,6.0,58.0,chemical,3,470.6,81,79,30,1,28,15,0.476
squash,kalabasa_hybrid,dry,33.6,64.1,7.9,75.7,mixed,4,573.7,100,97,26,0,25,14,0.481
cucumber,pipino,dry,34.1,65.0,7.2,56.7,organic,4,181.3,30,6,4,1,3,1,0.628
cucumber,pipino_native,dry,26.6,57.2,8.7,52.7,chemical,4,576.8,100,75,30,0,28,15,0.531
bitter_gourd,ampalaya_hybrid,wet,28.6,87.6,4.4,52.3,chemical,3,311.1,55,82,23,1,21,10,0.548
sponge_gourd,patola_ridged,wet,27.3,76.0,4.3,60.8,organic,4,322.7,55,58,21,1,17,10,0.628
bottle_gourd,upo_smooth,wet,27.5,83.7,6.2,67.9,chemical,2,196.7,17,19,7,1,4,1,0.484
bitter_gourd,ampalaya_hybrid,wet,26.6,87.6,4.4,74.8,organic,4,485.6,80,43,14,0,13,6,0.494
squash,kalabasa,wet,29.4,77.1,5.7,76.8,mixed,4,525.3,79,71,18,1,18,12,0.682
squash,kalabasa,dry,31.2,70.9,7.5,57.2,none,4,617.8,100,25,10,0,6,3,0.385
sponge_gourd,patola,dry,28.3,58.2,9.2,64.0,mixed,4,504.1,79,39,16,1,16,8,0.653
bitter_gourd,ampalaya_oblong,wet,28.0,73.2,5.3,54.1,mixed,3,423.9,76,44,15,1,14,10,0.662
squash,kalabasa_native,wet,27.1,80.6,4.4,57.3,organic,5,406.2,56,26,8,1,8,8,0.73
squash,kalabasa,wet,27.5,70.7,5.7,67.8,chemical,3,372.3,59,59,15,1,15,7,0.476
sponge_gourd,patola,wet,31.0,89.2,7.0,69.5,mixed,4,562.4,95,74,28,1,26,12,0.461
bitter_gourd,ampalaya_oblong,wet,28.1,80.8,6.4,61.2,mixed,3,244.5,47,14,5,0,3,0,0.536
bitter_gourd,ampalaya_bilog,wet,31.1,86.7,6.4,59.8,mixed,4,199.8,33,3,1,1,1,1,0.601
bottle_gourd,upo_long,wet,31.2,72.0,5.3,52.9,chemical,3,545.2,94,83,25,1,22,10,0.494
bitter_gourd,ampalaya_hybrid,dry,33.6,63.8,9.0,70.1,chemical,3,446.8,87,49,19,1,19,11,0.463
sponge_gourd,patola,dry,31.5,66.5,7.7,54.0,chemical,3,243.9,39,32,12,0,10,5,0.346
bottle_gourd,upo_long,dry,24.2,59.2,8.7,65.7,chemical,3,473.5,78,69,26,1,26,17,0.56
squash,kalabasa_native,wet,30.0,79.8,4.4,75.6,mixed,5,343.8,59,34,12,0,10,6,0.567
squash,kalabasa,wet,29.7,76.4,6.4,71.7,mixed,4,372.7,58,3,1,1,1,0,0.664
squash,kalabasa_native,dry,25.1,66.0,8.8,54.8,mixed,3,681.7,100,75,26,1,26,16,0.535
cucumber,pipino_native,dry,24.1,60.2,8.0,65.9,organic,4,340.7,63,22,13,0,9,6,0.565
bitter_gourd,ampalaya_oblong,wet,28.8,75.4,5.4,79.8,organic,4,298.4,36,17,6,0,6,4,0.564
cucumber,pipino_native,wet,30.3,89.7,5.0,66.6,mixed,4,470.3,84,57,30,0,30,14,0.406
sponge_gourd,patola_smooth,dry,24.6,69.6,9.0,66.7,chemical,4,365.8,66,6,3,0,2,2,0.313
sponge_gourd,patola_ridged,dry,24.2,67.9,9.3,57.9,mixed,4,192.9,36,2,1,0,1,0,0.623
squash,kalabasa_native,wet,29.0,82.5,6.9,55.4,mixed,5,532.9,83,35,14,0,12,7,0.662
bitter_gourd,ampalaya_bilog,wet,31.6,74.2,5.9,72.6,chemical,4,434.4,73,58,20,1,16,9,0.624
squash,kalabasa_native,wet,26.5,74.3,6.7,51.5,none,4,909.6,100,103,30,0,30,15,0.47
squash,kalabasa_native,dry,31.9,60.3,7.4,75.5,mixed,5,1208.2,100,103,30,0,28,19,0.601
squash,kalabasa,dry,25.9,64.0,7.1,75.0,chemical,3,664.6,100,53,15,1,13,6,0.461
sponge_gourd,patola_ridged,dry,33.1,71.5,9.8,74.8,chemical,3,391.9,65,24,11,0,9,2,0.468
bitter_gourd,ampalaya_oblong,dry,30.9,61.6,9.4,76.1,chemical,3,312.0,49,68,18,0,18,7,0.373
bottle_gourd,upo_smooth,wet,31.5,71.6,5.9,74.1,mixed,4,720.2,100,58,22,1,19,12,0.565
sponge_gourd,patola,wet,28.4,77.2,6.2,74.0,organic,4,706.8,100,86,30,1,30,19,0.705
squash,kalabasa,dry,25.3,63.6,8.6,74.9,organic,4,855.8,100,58,20,0,16,10,0.528
bitter_gourd,ampalaya_bilog,dry,25.5,70.9,7.3,73.7,chemical,3,334.4,65,21,8,0,4,4,0.434
cucumber,pipino,wet,26.1,84.6,4.4,76.5,chemical,3,219.0,34,29,18,1,15,7,0.496
sponge_gourd,patola,wet,30.2,79.7,5.5,50.9,chemical,4,338.1,66,25,12,1,8,2,0.463
sponge_gourd,patola_ridged,wet,27.3,78.3,5.9,73.6,none,3,396.1,67,23,10,1,8,2,0.425
sponge_gourd,patola_ridged,wet,30.8,71.6,4.1,79.8,none,4,538.8,90,62,22,0,18,8,0.366
bottle_gourd,upo_smooth,wet,29.2,81.0,5.3,77.6,mixed,4,448.6,74,52,22,0,20,12,0.479
sponge_gourd,patola,wet,29.2,87.0,6.7,55.3,chemical,4,648.5,100,79,30,1,28,14,0.532
sponge_gourd,patola_ridged,dry,28.6,61.6,8.8,64.5,organic,4,539.0,90,72,28,1,28,19,0.64
bitter_gourd,ampalaya_oblong,wet,28.5,74.8,5.3,74.0,organic,4,696.9,100,106,30,0,29,17,0.611
bitter_gourd,ampalaya_bilog,wet,28.0,70.8,6.9,71.8,none,2,240.5,39,33,10,0,9,3,0.32
cucumber,pipino_japanese,wet,29.8,72.6,4.8,64.7,mixed,4,516.4,86,55,30,0,29,15,0.546
bottle_gourd,upo_smooth,wet,26.9,70.1,4.3,76.5,none,4,583.6,100,39,16,1,16,9,0.421
bitter_gourd,ampalaya_bilog,wet,27.9,70.5,4.1,74.8,mixed,4,335.9,54,19,5,0,5,4,0.616
bitter_gourd,ampalaya_oblong,wet,28.4,74.3,5.5,52.4,organic,3,274.9,52,36,10,0,10,5,0.606
sponge_gourd,patola_ridged,wet,30.3,71.7,5.5,50.7,chemical,4,566.1,88,39,15,1,13,5,0.513
bitter_gourd,ampalaya_bilog,wet,29.8,88.7,4.7,61.1,mixed,3,391.3,62,66,17,1,15,8,0.525
bottle_gourd,upo_round,wet,29.3,74.4,4.1,69.9,chemical,4,396.3,71,10,4,1,2,0,0.501
sponge_gourd,patola_ridged,dry,25.0,64.3,9.2,60.9,organic,4,280.3,35,30,11,1,9,5,0.629
cucumber,pipino_japanese,wet,31.6,73.8,4.9,61.7,none,3,152.4,23,12,6,0,6,0,0.3
bottle_gourd,upo_round,wet,27.7,88.5,6.0,65.1,organic,5,839.7,100,77,29,1,28,17,0.632
squash,kalabasa,wet,28.0,82.6,5.1,62.4,organic,4,863.5,100,81,30,1,28,17,0.642
sponge_gourd,patola_smooth,wet,30.3,89.4,4.5,50.5,mixed,4,582.3,100,54,18,1,16,7,0.592
cucumber,pipino_japanese,wet,30.4,88.4,6.9,74.1,chemical,3,279.4,44,30,17,1,17,8,0.395
bottle_gourd,upo_long,dry,25.8,58.1,7.5,58.4,none,3,330.7,57,33,12,1,9,3,0.361
bottle_gourd,upo_round,dry,30.2,63.9,7.7,50.9,mixed,4,635.5,100,51,16,1,13,9,0.547
bitter_gourd,ampalaya_hybrid,wet,26.9,75.1,6.2,68.9,mixed,4,227.2,37,19,5,0,2,2,0.549
squash,kalabasa_native,dry,32.5,62.9,10.0,74.2,mixed,3,442.7,76,85,23,0,22,8,0.419
cucumber,pipino,dry,28.1,64.9,8.5,64.9,organic,4,315.2,60,47,19,0,19,13,0.59
sponge_gourd,patola,dry,26.5,57.7,7.1,71.0,chemical,3,416.5,64,43,20,1,19,11,0.463
cucumber,pipino_native,wet,29.8,76.6,6.4,74.7,mixed,2,281.0,41,36,18,0,15,4,0.393
cucumber,pipino_japanese,wet,29.2,83.3,4.9,68.1,none,3,337.0,56,53,27,1,25,12,0.411
bitter_gourd,ampalaya_bilog,dry,34.9,70.4,9.2,70.4,none,3,257.9,40,17,5,1,1,0,0.442
squash,kalabasa_hybrid,wet,31.8,81.1,5.6,55.0,organic,4,538.5,91,85,23,0,19,8,0.497
bottle_gourd,upo_smooth,dry,28.1,56.1,9.9,61.8,chemical,3,439.4,72,16,6,0,3,0,0.385
sponge_gourd,patola,dry,31.7,58.0,7.2,55.0,chemical,3,340.3,61,44,17,1,17,8,0.381
sponge_gourd,patola_smooth,wet,31.8,88.0,5.5,65.4,organic,5,431.3,74,20,8,0,7,3,0.59
cucumber,pipino,dry,28.1,72.3,7.8,51.1,mixed,3,219.8,32,17,9,1,7,6,0.55
bottle_gourd,upo_round,dry,28.5,60.0,7.1,65.4,organic,4,652.9,100,45,13,1,10,4,0.612
cucumber,pipino_native,dry,31.8,63.2,7.0,79.7,none,5,290.7,47,17,7,0,7,5,0.433
bottle_gourd,upo_smooth,wet,31.2,86.0,6.0,72.6,chemical,4,954.9,100,76,30,0,29,12,0.428
squash,kalabasa,dry,30.9,58.4,9.5,79.4,none,3,367.6,68,23,8,0,8,2,0.353
sponge_gourd,patola_smooth,wet,28.2,84.3,6.5,70.6,chemical,4,621.8,98,66,30,0,29,17,0.538
squash,kalabasa,dry,31.5,73.3,8.5,76.1,chemical,4,365.5,70,53,15,1,11,4,0.503
squash,kalabasa_hybrid,dry,25.2,64.6,7.7,60.9,none,3,370.4,71,53,17,1,13,4,0.381
cucumber,pipino_japanese,dry,29.0,71.8,9.3,54.8,mixed,3,430.5,65,52,27,0,24,9,0.439
bitter_gourd,ampalaya_oblong,dry,26.3,74.9,8.7,57.9,mixed,4,761.0,100,101,28,1,26,13,0.559
bottle_gourd,upo_round,wet,30.4,89.1,4.4,56.5,mixed,4,456.5,74,49,15,0,11,5,0.513
squash,kalabasa,wet,27.4,86.4,6.0,72.3,organic,4,441.6,71,46,13,1,13,10,0.682
sponge_gourd,patola,wet,29.5,82.6,6.3,72.6,none,3,351.7,57,28,10,0,10,4,0.329
bottle_gourd,upo_round,dry,27.0,57.3,8.8,55.9,none,3,262.2,49,3,1,0,1,0,0.413
bitter_gourd,ampalaya_hybrid,dry,30.7,70.4,7.0,68.6,organic,4,561.8,95,102,30,1,27,18,0.672
bottle_gourd,upo_round,dry,26.3,72.6,7.7,72.7,organic,5,610.5,94,37,12,0,11,7,0.598
bottle_gourd,upo_long,dry,26.6,69.3,8.6,68.5,organic,4,297.2,48,13,5,0,1,0,0.549
cucumber,pipino,wet,26.9,70.7,4.0,66.0,mixed,4,217.3,33,8,5,1,5,5,0.634
squash,kalabasa_native,wet,28.4,74.9,6.7,56.4,organic,4,286.9,39,24,7,1,3,3,0.749
squash,kalabasa,wet,26.0,77.0,5.7,73.9,organic,4,290.8,41,16,5,1,1,1,0.585
sponge_gourd,patola,dry,26.5,64.5,9.5,70.2,chemical,3,514.1,87,68,25,1,22,9,0.478
sponge_gourd,patola_smooth,dry,34.7,55.5,7.5,77.6,organic,5,643.9,100,62,30,1,26,17,0.683
bitter_gourd,ampalaya_bilog,dry,30.0,69.9,9.5,65.2,chemical,4,308.6,58,33,11,0,10,3,0.453
cucumber,pipino,dry,26.0,70.2,8.0,59.6,chemical,4,253.7,38,35,14,1,10,4,0.569
bottle_gourd,upo_long,dry,33.4,67.6,9.3,53.8,mixed,5,620.4,98,15,6,0,3,2,0.499
squash,kalabasa_hybrid,wet,29.5,76.5,4.8,56.9,none,4,475.1,71,8,3,1,1,0,0.445
cucumber,pipino_japanese,dry,29.7,69.0,7.7,64.8,none,5,310.5,51,11,5,0,4,2,0.499
sponge_gourd,patola,dry,25.8,74.8,8.3,53.3,organic,4,823.4,100,62,30,1,30,20,0.691
bottle_gourd,upo_round,dry,32.8,58.3,9.8,60.9,chemical,3,607.5,96,68,25,0,24,12,0.461
bottle_gourd,upo_smooth,wet,26.5,88.7,4.5,58.3,organic,4,624.8,100,49,22,1,19,9,0.555
sponge_gourd,patola_smooth,wet,27.7,73.1,6.0,69.1,organic,4,777.8,100,84,30,0,26,16,0.56
bitter_gourd,ampalaya_bilog,wet,30.6,83.2,4.6,69.6,organic,4,684.8,100,89,30,1,27,18,0.614
bottle_gourd,upo_round,wet,30.1,71.1,4.6,74.0,chemical,5,999.3,100,97,30,0,27,13,0.45
sponge_gourd,patola,dry,27.6,73.7,8.8,51.0,chemical,3,290.7,51,14,7,0,7,1,0.487
squash,kalabasa,wet,30.9,85.7,6.2,77.5,mixed,4,619.6,100,116,30,1,28,19,0.629
squash,kalabasa_hybrid,dry,25.1,57.7,9.6,60.1,mixed,4,974.9,100,117,30,1,29,14,0.467
bottle_gourd,upo_long,dry,34.5,61.0,8.6,73.8,none,4,656.0,100,37,16,1,13,7,0.462
bitter_gourd,ampalaya_bilog,wet,28.6,72.7,4.1,50.1,chemical,4,372.8,61,96,28,0,28,16,0.593
sponge_gourd,patola_ridged,wet,29.5,84.8,5.2,66.0,none,3,561.4,95,40,18,1,18,6,0.3
sponge_gourd,patola_smooth,wet,31.4,74.8,6.4,69.4,organic,5,968.5,100,80,30,1,29,15,0.575
bottle_gourd,upo_long,dry,31.9,74.9,7.8,66.6,mixed,3,584.6,92,76,22,0,22,11,0.492
bitter_gourd,ampalaya_bilog,dry,27.5,67.0,8.7,57.0,none,3,212.4,28,20,7,0,6,3,0.335
cucumber,pipino_native,wet,27.9,77.7,6.4,63.2,organic,4,332.4,49,46,29,1,26,16,0.622
sponge_gourd,patola_ridged,wet,31.6,78.8,6.5,63.2,organic,4,287.6,50,22,9,1,6,6,0.669
sponge_gourd,patola_smooth,wet,30.5,76.5,6.5,55.4,none,4,698.1,100,88,30,1,27,9,0.344
cucumber,pipino,wet,30.6,80.7,4.3,55.2,none,4,591.1,97,70,29,1,29,13,0.434
cucumber,pipino,dry,26.3,59.7,9.6,76.1,chemical,4,242.0,43,24,12,0,11,6,0.454
cucumber,pipino_japanese,wet,28.4,89.4,6.8,55.1,none,4,535.8,91,46,29,0,25,8,0.315
cucumber,pipino_japanese,dry,32.0,66.8,9.9,65.5,organic,5,250.8,46,45,22,1,21,13,0.691
cucumber,pipino,dry,33.5,60.8,9.8,55.9,organic,5,275.3,49,39,17,1,17,11,0.664
sponge_gourd,patola_ridged,wet,27.4,87.0,5.3,79.6,none,4,479.9,80,62,25,1,23,11,0.551
squash,kalabasa_hybrid,wet,29.2,81.0,6.5,53.2,organic,5,1031.4,100,79,30,0,27,14,0.577
bitter_gourd,ampalaya_bilog,wet,31.9,84.7,5.3,56.1,none,2,243.9,47,48,12,1,12,5,0.42
bottle_gourd,upo_round,dry,33.8,66.1,9.8,67.5,chemical,4,336.0,60,9,4,1,3,2,0.581
sponge_gourd,patola_smooth,wet,29.5,77.7,6.1,67.8,none,4,356.3,50,26,10,0,6,3,0.417
cucumber,pipino_japanese,dry,24.9,56.3,8.6,79.8,mixed,4,309.9,49,21,14,1,13,7,0.581
sponge_gourd,patola_ridged,wet,26.2,72.2,6.6,52.0,chemical,4,437.9,62,23,11,0,9,1,0.334
sponge_gourd,patola_smooth,wet,28.9,84.1,7.0,67.7,mixed,4,792.0,100,65,30,0,30,16,0.532
squash,kalabasa,dry,27.4,57.7,7.6,67.9,mixed,4,622.6,100,39,15,0,13,9,0.561
sponge_gourd,patola_ridged,dry,25.1,72.9,8.6,78.1,chemical,4,471.4,77,23,10,0,6,2,0.54
bitter_gourd,ampalaya_hybrid,dry,33.4,66.4,9.9,69.2,mixed,4,594.2,100,105,30,1,29,19,0.577
cucumber,pipino_japanese,dry,24.4,57.2,7.4,63.6,organic,5,303.3,56,31,14,1,13,11,0.766
sponge_gourd,patola_smooth,dry,26.2,68.1,9.5,68.3,none,5,600.8,100,71,30,1,29,13,0.521
cucumber,pipino_native,wet,28.4,73.0,4.3,78.4,organic,4,553.3,98,49,30,1,30,19,0.596
bitter_gourd,ampalaya_bilog,wet,27.7,81.4,6.4,65.3,chemical,4,449.3,67,101,28,0,28,13,0.454
bitter_gourd,ampalaya_hybrid,dry,27.1,61.5,8.0,75.9,chemical,4,416.5,76,53,21,0,20,7,0.436
squash,kalabasa_hybrid,dry,27.9,63.3,9.8,57.8,none,3,705.6,100,70,23,1,20,6,0.335
squash,kalabasa,wet,30.4,80.7,4.5,62.2,none,4,1165.1,100,92,30,0,28,11,0.406
cucumber,pipino_native,wet,31.0,87.9,6.7,58.5,chemical,4,219.3,40,36,17,1,17,6,0.456
cucumber,pipino_native,wet,27.1,75.3,4.8,79.6,mixed,4,414.1,64,41,24,0,22,10,0.492
cucumber,pipino_japanese,wet,30.6,75.7,4.2,78.9,chemical,4,176.7,33,7,4,1,2,2,0.551
sponge_gourd,patola_ridged,dry,26.7,63.5,9.3,68.4,organic,5,610.7,100,55,25,1,23,14,0.647
bitter_gourd,ampalaya_oblong,dry,25.0,58.7,9.2,57.5,chemical,4,492.8,75,29,10,1,9,5,0.48
sponge_gourd,patola_ridged,wet,30.0,88.4,5.0,77.9,none,3,430.4,71,54,22,1,21,7,0.345
squash,kalabasa,dry,32.6,59.2,7.8,69.6,mixed,3,882.4,100,87,27,0,23,14,0.529
bitter_gourd,ampalaya_bilog,dry,34.1,59.6,9.3,64.4,none,4,235.9,39,14,4,1,4,4,0.45
bitter_gourd,ampalaya_bilog,dry,24.2,69.6,7.6,53.9,organic,4,295.4,48,47,12,1,12,7,0.565
bitter_gourd,ampalaya_oblong,dry,32.4,55.8,7.7,58.3,organic,5,555.5,93,85,30,1,26,15,0.563
bitter_gourd,ampalaya_bilog,wet,29.1,79.1,4.7,63.7,chemical,3,287.6,49,21,8,1,6,2,0.496
cucumber,pipino,wet,30.2,78.0,5.6,57.3,organic,4,190.1,20,8,4,1,4,2,0.603
cucumber,pipino_japanese,dry,28.0,73.4,9.1,58.3,mixed,4,599.9,100,67,30,1,29,20,0.62
bottle_gourd,upo_round,dry,29.9,59.3,7.6,65.7,none,4,985.1,100,80,30,1,30,15,0.49
bitter_gourd,ampalaya_bilog,wet,31.8,74.5,6.1,53.1,chemical,4,553.2,85,39,15,1,11,5,0.533
bitter_gourd,ampalaya_bilog,dry,29.8,67.9,9.9,62.2,chemical,4,350.6,54,35,9,1,9,4,0.545
sponge_gourd,patola_smooth,wet,31.8,81.8,5.9,58.3,chemical,4,611.9,100,69,30,0,26,15,0.486
cucumber,pipino_native,wet,30.0,87.7,5.3,79.6,none,4,197.3,35,22,9,1,6,1,0.411
squash,kalabasa_hybrid,wet,26.6,76.2,4.0,66.8,organic,4,650.8,100,72,19,0,16,8,0.582
squash,kalabasa_native,wet,27.2,75.8,4.2,71.6,mixed,4,346.5,53,15,4,1,1,0,0.591
bottle_gourd,upo_long,wet,30.4,80.7,5.4,71.7,mixed,3,304.0,52,43,14,0,10,3,0.491
squash,kalabasa,wet,31.3,82.7,6.6,61.3,none,3,627.9,98,65,24,1,21,10,0.445
bitter_gourd,ampalaya_bilog,dry,31.1,61.8,8.4,76.1,organic,4,492.3,82,81,25,1,21,13,0.631
cucumber,pipino,wet,29.0,78.7,4.6,56.1,chemical,4,197.0,32,6,3,1,3,2,0.533
sponge_gourd,patola_smooth,dry,34.0,61.8,7.7,64.4,organic,3,468.3,81,48,24,0,23,10,0.455
bottle_gourd,upo_smooth,wet,30.4,85.6,6.9,50.5,organic,4,635.4,100,38,11,1,7,6,0.646
bitter_gourd,ampalaya_oblong,wet,29.7,73.6,6.9,63.5,mixed,4,407.3,72,35,9,0,7,5,0.473
cucumber,pipino_japanese,dry,28.0,61.3,9.8,79.4,chemical,2,113.2,20,10,5,1,2,0,0.455
cucumber,pipino,dry,30.0,55.8,8.9,54.2,chemical,3,411.7,60,52,24,1,21,10,0.475
bottle_gourd,upo_round,wet,29.8,81.2,5.8,57.2,none,4,538.9,86,41,13,1,10,4,0.398
sponge_gourd,patola_smooth,dry,26.0,72.6,9.2,69.7,chemical,3,378.8,57,39,19,0,17,4,0.382
sponge_gourd,patola_ridged,dry,34.3,63.7,9.0,64.8,organic,5,447.0,71,25,12,1,10,7,0.642
cucumber,pipino_native,dry,30.3,55.3,7.8,76.6,none,4,194.7,35,13,6,0,6,3,0.338
squash,kalabasa_hybrid,dry,32.9,67.6,7.1,74.5,mixed,5,806.7,100,85,25,1,23,12,0.62
squash,kalabasa,wet,27.9,81.6,6.2,51.4,none,2,293.4,45,21,7,1,4,0,0.302
squash,kalabasa,dry,25.4,72.3,8.4,79.9,chemical,3,616.4,99,59,17,1,17,9,0.482
cucumber,pipino,wet,31.5,81.8,5.3,63.7,organic,4,125.0,17,15,6,0,6,1,0.486
bottle_gourd,upo_smooth,wet,29.7,77.0,5.9,59.2,none,4,519.5,88,34,12,1,12,3,0.406
sponge_gourd,patola_ridged,wet,31.0,74.0,5.1,55.6,organic,4,466.9,76,62,28,1,24,16,0.634
sponge_gourd,patola,dry,32.9,63.1,7.2,60.6,organic,3,401.4,73,22,9,0,9,6,0.465
bottle_gourd,upo_long,wet,27.1,74.9,4.7,73.5,organic,4,838.3,100,60,20,1,16,12,0.601
cucumber,pipino_native,dry,25.3,56.7,8.8,76.1,mixed,4,312.2,56,21,13,1,10,4,0.585
bitter_gourd,ampalaya_bilog,dry,26.1,69.5,8.1,79.9,none,3,337.4,60,85,27,1,25,11,0.449
bottle_gourd,upo_round,dry,31.8,61.8,8.9,52.8,none,3,485.5,73,48,15,0,12,3,0.401
cucumber,pipino_japanese,dry,31.1,74.9,9.8,76.2,mixed,5,254.4,44,11,7,1,7,5,0.603
sponge_gourd,patola,wet,29.8,72.7,6.7,60.0,chemical,4,442.9,83,45,17,1,17,11,0.573
bottle_gourd,upo_long,wet,31.4,86.5,6.5,52.3,mixed,3,499.1,86,62,21,0,17,8,0.468
bitter_gourd,ampalaya_bilog,wet,27.5,72.5,6.0,71.6,organic,5,372.8,67,28,11,1,8,3,0.648
squash,kalabasa,dry,28.4,72.2,9.7,60.9,organic,3,303.8,50,14,5,1,4,2,0.7
cucumber,pipino,wet,30.4,79.9,6.4,60.1,organic,4,382.5,64,36,23,1,20,11,0.617
cucumber,pipino_native,dry,31.4,70.4,8.9,60.2,organic,5,227.8,38,8,4,1,4,4,0.74
sponge_gourd,patola_smooth,wet,26.7,72.4,4.1,61.6,none,4,257.3,39,13,6,1,4,3,0.479
bottle_gourd,upo_round,dry,27.4,72.4,9.3,79.7,mixed,4,284.4,39,2,1,1,1,1,0.629
bottle_gourd,upo_smooth,wet,28.7,86.7,5.3,62.5,chemical,4,442.7,75,40,17,0,15,10,0.531
bottle_gourd,upo_smooth,wet,31.2,88.8,6.1,50.6,chemical,4,598.4,100,45,14,1,10,5,0.49
squash,kalabasa_native,dry,33.8,56.1,7.8,50.5,organic,4,830.2,100,89,30,1,28,15,0.543
bitter_gourd,ampalaya_bilog,wet,30.5,77.2,5.6,50.6,organic,4,390.2,69,35,9,1,8,4,0.695
squash,kalabasa_hybrid,dry,31.1,67.6,9.1,73.9,chemical,4,800.5,100,62,24,0,23,9,0.467
squash,kalabasa_hybrid,wet,27.5,83.2,5.8,73.3,chemical,2,153.4,24,8,3,1,1,1,0.358
cucumber,pipino,dry,26.5,71.8,9.0,78.5,organic,4,338.7,63,31,19,1,19,14,0.616
cucumber,pipino,wet,26.6,79.8,6.4,50.1,chemical,3,219.7,40,46,20,1,16,8,0.424
bitter_gourd,ampalaya_hybrid,dry,28.6,64.7,9.7,62.7,mixed,4,581.4,91,102,30,1,27,22,0.727
bottle_gourd,upo_smooth,wet,28.4,81.1,4.8,76.2,mixed,3,646.1,98,67,22,1,22,15,0.58
sponge_gourd,patola_smooth,dry,26.5,73.2,8.5,63.5,chemical,5,959.6,100,82,30,1,28,14,0.538
bitter_gourd,ampalaya_oblong,dry,30.3,66.4,8.8,70.0,organic,3,419.8,73,72,20,1,18,14,0.645
bottle_gourd,upo_round,wet,30.2,79.6,4.6,75.8,organic,4,626.8,100,83,25,1,24,16,0.611
sponge_gourd,patola_ridged,wet,28.3,88.5,4.7,70.9,organic,4,851.7,100,65,29,1,26,18,0.685
cucumber,pipino,wet,26.9,70.1,6.9,50.1,mixed,4,241.2,43,43,25,1,21,13,0.593
sponge_gourd,patola_smooth,dry,32.2,55.3,7.9,65.9,none,4,566.3,100,29,12,1,9,6,0.422
squash,kalabasa_native,wet,27.9,80.1,7.0,58.5,organic,4,663.7,100,90,30,1,28,16,0.651
squash,kalabasa_hybrid,wet,30.3,77.6,5.0,57.8,mixed,3,301.7,50,23,6,1,2,0,0.578
bitter_gourd,ampalaya_hybrid,wet,26.8,74.8,4.4,61.4,chemical,3,267.4,40,17,6,1,4,1,0.484
bitter_gourd,ampalaya_bilog,dry,34.6,56.9,7.9,50.1,organic,5,780.7,100,89,30,1,26,17,0.619
sponge_gourd,patola,dry,30.6,64.2,9.1,57.0,none,3,354.0,61,13,5,1,1,0,0.446
squash,kalabasa_hybrid,wet,26.5,85.4,6.7,66.3,none,3,377.8,62,36,12,0,12,4,0.3
cucumber,pipino,wet,28.1,73.6,6.5,50.6,none,3,353.5,52,26,11,0,7,2,0.369
sponge_gourd,patola_ridged,dry,25.8,71.1,7.3,55.0,mixed,5,343.9,58,33,12,0,8,3,0.57
bottle_gourd,upo_round,dry,24.4,72.1,8.1,52.4,organic,4,380.6,61,14,5,0,1,0,0.568
squash,kalabasa_hybrid,wet,31.3,72.5,5.2,57.2,chemical,3,451.6,86,21,7,0,7,2,0.502
squash,kalabasa_hybrid,dry,30.6,55.4,7.5,76.8,none,3,526.0,87,65,20,1,19,6,0.339
squash,kalabasa,dry,27.9,60.1,9.6,66.0,mixed,3,566.5,88,74,23,1,19,11,0.498
sponge_gourd,patola,dry,27.0,68.2,9.6,67.6,mixed,5,384.8,70,52,21,0,21,13,0.536
cucumber,pipino,wet,28.8,70.2,5.2,50.2,organic,5,759.8,100,61,30,0,28,17,0.625
bitter_gourd,ampalaya_oblong,dry,34.2,72.0,9.9,71.4,chemical,4,426.2,60,61,20,0,18,7,0.477
sponge_gourd,patola,wet,28.9,86.8,6.1,78.3,none,3,137.7,26,7,3,1,2,2,0.351
cucumber,pipino_japanese,dry,25.3,65.8,7.2,75.6,organic,5,235.4,39,21,9,0,5,5,0.707
squash,kalabasa,wet,27.2,81.5,6.7,58.1,chemical,2,158.8,31,6,2,1,1,1,0.463
sponge_gourd,patola_ridged,dry,31.0,73.9,8.9,57.5,organic,4,775.3,100,66,30,1,28,16,0.641
squash,kalabasa_native,dry,34.8,67.0,9.2,60.4,organic,4,788.4,100,102,28,0,26,15,0.536
bitter_gourd,ampalaya_oblong,dry,27.9,69.8,9.6,61.3,mixed,4,382.3,66,73,23,0,20,9,0.545
bottle_gourd,upo_long,wet,26.4,85.0,4.8,74.8,organic,5,1110.8,100,89,30,0,26,14,0.512
bitter_gourd,ampalaya_hybrid,wet,27.9,72.8,5.5,59.7,chemical,4,666.3,100,108,29,0,29,14,0.565
squash,kalabasa_native,dry,31.9,55.2,8.6,75.8,mixed,4,766.3,100,57,18,0,16,8,0.482
cucumber,pipino_japanese,wet,29.0,74.8,6.0,79.9,chemical,4,608.7,95,65,30,0,29,14,0.454
cucumber,pipino,dry,28.5,56.6,8.1,56.9,mixed,3,287.0,52,69,30,1,26,17,0.61
sponge_gourd,patola_ridged,dry,31.0,55.4,9.0,55.4,mixed,5,405.1,64,46,16,1,13,8,0.621
bitter_gourd,ampalaya_hybrid,wet,29.2,71.2,5.8,67.1,organic,4,499.8,77,52,20,1,18,12,0.678
sponge_gourd,patola_ridged,wet,31.6,84.5,7.0,61.2,mixed,4,326.3,51,38,13,0,11,4,0.503
cucumber,pipino,dry,29.4,71.2,9.9,72.0,organic,4,319.0,53,50,20,0,19,10,0.529
squash,kalabasa_hybrid,dry,34.6,57.8,7.0,75.0,chemical,3,435.4,78,15,5,1,1,1,0.465
squash,kalabasa_native,wet,26.9,77.1,5.9,74.1,none,2,370.0,63,44,13,0,10,4,0.363
squash,kalabasa_hybrid,wet,31.0,84.3,4.6,63.6,chemical,3,580.4,100,56,17,1,16,8,0.456
bottle_gourd,upo_round,dry,26.1,69.3,9.7,53.6,chemical,4,771.8,100,76,22,1,20,10,0.615
bottle_gourd,upo_long,wet,29.8,74.8,4.1,63.5,chemical,4,545.8,94,79,24,1,21,12,0.525
cucumber,pipino_japanese,wet,27.3,83.8,6.1,51.1,chemical,3,341.4,61,23,11,1,10,3,0.53
sponge_gourd,patola,wet,31.5,86.6,6.2,56.3,chemical,4,183.6,22,17,6,1,2,0,0.499
squash,kalabasa_native,wet,30.9,87.8,4.7,64.0,mixed,3,313.7,58,18,5,1,1,1,0.553
bitter_gourd,ampalaya_hybrid,wet,29.1,84.2,6.7,54.3,organic,5,781.9,100,104,30,1,27,18,0.702
sponge_gourd,patola_smooth,wet,28.3,79.5,4.9,68.0,organic,3,346.8,53,32,13,1,10,4,0.616
bottle_gourd,upo_round,wet,31.3,80.7,5.6,53.0,none,4,796.0,100,59,23,1,20,8,0.463
bitter_gourd,ampalaya_hybrid,wet,26.2,77.6,5.4,65.3,none,4,586.2,92,83,23,1,23,12,0.535
bitter_gourd,ampalaya_oblong,wet,26.3,76.6,5.9,63.3,chemical,4,308.3,48,3,1,0,1,1,0.477
squash,kalabasa_hybrid,dry,30.1,68.2,7.6,63.2,none,4,1027.1,100,76,26,1,26,10,0.426
cucumber,pipino,dry,27.1,60.5,8.0,57.4,organic,3,207.6,31,23,10,1,8,5,0.58
bottle_gourd,upo_round,wet,30.0,83.3,5.7,71.0,mixed,5,1042.7,100,63,30,0,27,16,0.517
bitter_gourd,ampalaya_oblong,dry,28.1,73.9,7.4,64.8,none,3,281.5,45,28,9,1,8,0,0.305
bitter_gourd,ampalaya_bilog,wet,27.5,83.9,6.8,50.5,chemical,5,235.8,36,26,7,1,3,3,0.629
squash,kalabasa,dry,34.6,72.4,7.5,76.7,chemical,3,330.6,50,16,5,1,5,1,0.429
bitter_gourd,ampalaya_bilog,wet,29.9,76.2,6.8,60.1,organic,4,477.8,76,82,30,1,27,20,0.685
cucumber,pipino_native,dry,29.9,59.9,9.9,55.5,none,3,359.6,55,29,19,0,18,8,0.339
bottle_gourd,upo_round,wet,31.5,84.3,7.0,63.0,none,3,366.1,55,22,8,1,8,4,0.3
bottle_gourd,upo_smooth,wet,30.1,78.9,5.8,61.0,none,4,720.7,100,84,28,1,28,18,0.559
squash,kalabasa_native,dry,26.4,61.0,7.8,68.0,mixed,3,349.4,61,20,7,1,6,5,0.569
bitter_gourd,ampalaya_bilog,wet,30.6,79.1,4.8,71.6,organic,4,322.4,58,22,7,0,4,1,0.525
squash,kalabasa_hybrid,wet,28.5,88.3,6.9,66.9,none,3,683.1,100,64,24,1,22,7,0.3
sponge_gourd,patola_ridged,dry,34.3,62.4,7.7,79.4,chemical,4,467.9,77,33,12,1,8,4,0.515
sponge_gourd,patola,dry,26.9,65.2,8.4,56.0,none,4,402.6,62,20,9,0,5,3,0.368
bitter_gourd,ampalaya_oblong,wet,30.2,78.2,6.7,71.6,none,3,432.7,68,85,24,1,21,9,0.383
bitter_gourd,ampalaya_hybrid,dry,33.8,56.7,9.3,75.3,mixed,4,670.2,100,117,30,1,27,11,0.465
bottle_gourd,upo_long,wet,28.7,86.9,6.2,78.5,mixed,4,608.3,99,33,16,1,14,9,0.528
sponge_gourd,patola,wet,26.2,71.9,5.4,58.7,none,5,650.1,100,59,20,0,16,9,0.407
bitter_gourd,ampalaya_oblong,wet,27.3,73.3,4.1,78.6,organic,5,358.2,56,34,12,0,11,6,0.64
cucumber,pipino,dry,27.4,65.0,8.9,57.8,chemical,4,466.3,79,66,30,1,27,16,0.543
sponge_gourd,patola_ridged,wet,26.0,85.8,6.3,69.8,organic,4,623.9,100,68,29,1,29,21,0.72
sponge_gourd,patola_smooth,dry,25.4,71.8,7.1,76.9,mixed,4,496.5,74,44,18,0,14,4,0.415
cucumber,pipino_native,dry,26.1,64.8,7.4,66.3,organic,4,387.6,65,53,30,0,30,17,0.525
bitter_gourd,ampalaya_oblong,wet,26.8,79.4,6.2,50.2,chemical,3,149.3,18,11,4,1,4,3,0.46
sponge_gourd,patola_smooth,dry,33.6,74.2,9.3,50.7,organic,4,450.7,74,53,19,1,19,11,0.693
bottle_gourd,upo_smooth,dry,31.9,69.6,8.8,60.4,chemical,3,433.7,77,30,10,1,10,4,0.487
cucumber,pipino_japanese,wet,28.4,72.3,6.9,59.2,organic,4,156.0,25,2,1,1,1,1,0.73
cucumber,pipino_japanese,dry,25.8,70.5,9.2,77.7,none,3,237.2,42,33,15,0,12,6,0.388
cucumber,pipino_native,dry,31.9,64.1,8.8,50.7,none,3,164.7,28,11,6,1,2,2,0.405
bitter_gourd,ampalaya_oblong,dry,34.2,70.2,7.3,79.3,organic,4,488.6,86,56,21,1,17,12,0.627
bottle_gourd,upo_round,dry,33.0,62.2,8.6,50.3,chemical,3,519.2,82,60,19,1,16,7,0.527
sponge_gourd,patola_smooth,dry,25.3,60.9,7.7,65.1,chemical,3,412.6,74,19,9,0,7,4,0.448
squash,kalabasa_hybrid,wet,27.6,78.5,4.7,66.2,organic,3,714.5,100,74,23,1,21,14,0.579
squash,kalabasa,dry,24.1,68.0,9.4,61.5,chemical,4,681.6,100,84,23,1,22,11,0.46
squash,kalabasa_hybrid,dry,29.0,74.0,7.7,61.1,chemical,4,613.6,99,61,18,1,15,5,0.44
cucumber,pipino_japanese,wet,31.1,85.5,5.1,71.6,mixed,4,179.8,27,16,7,1,6,2,0.651
bitter_gourd,ampalaya_oblong,wet,30.2,89.7,6.3,53.8,none,3,409.8,71,70,24,1,22,7,0.388
cucumber,pipino_japanese,dry,27.3,60.9,9.3,63.8,mixed,4,158.9,24,16,8,1,6,2,0.658
bottle_gourd,upo_smooth,dry,31.3,72.9,7.7,74.5,chemical,5,622.0,100,65,19,1,16,10,0.596
squash,kalabasa_hybrid,wet,26.7,88.3,5.1,62.8,organic,4,481.1,87,31,11,1,8,3,0.596
squash,kalabasa_native,dry,33.3,67.8,7.5,79.1,chemical,4,995.3,100,93,27,0,26,9,0.397
cucumber,pipino,dry,26.8,60.2,7.7,78.3,none,4,151.6,23,4,2,1,1,1,0.467
bitter_gourd,ampalaya_oblong,dry,24.8,55.6,9.9,63.4,chemical,4,392.9,54,38,10,1,9,3,0.48
bottle_gourd,upo_round,dry,28.4,65.1,8.6,69.6,chemical,3,392.3,66,41,13,1,13,7,0.477
sponge_gourd,patola_ridged,dry,29.8,63.8,7.9,66.6,chemical,4,602.2,97,63,29,1,25,12,0.531
bitter_gourd,ampalaya_oblong,dry,25.6,59.2,8.5,60.7,organic,3,279.0,55,31,11,0,10,4,0.552
squash,kalabasa_native,wet,30.5,89.2,5.3,58.6,none,4,540.4,94,52,18,1,17,8,0.433
squash,kalabasa,wet,29.9,79.8,4.7,53.1,mixed,5,851.4,100,103,26,0,23,14,0.539
cucumber,pipino_japanese,wet,27.2,85.2,6.3,72.4,none,5,792.9,100,50,30,1,28,15,0.518
squash,kalabasa_hybrid,wet,26.1,78.7,5.5,66.4,mixed,4,781.4,100,75,30,0,28,13,0.541
bottle_gourd,upo_smooth,wet,29.6,76.8,7.0,65.2,organic,4,729.3,100,27,13,0,11,6,0.593
bottle_gourd,upo_smooth,dry,24.6,62.8,9.6,55.2,chemical,3,376.6,63,50,20,0,19,10,0.447
bottle_gourd,upo_long,wet,28.7,71.9,6.9,56.8,mixed,5,1144.8,100,72,30,1,29,24,0.743
bitter_gourd,ampalaya_bilog,dry,24.2,59.0,9.4,67.4,mixed,5,650.7,100,120,30,1,27,18,0.602
sponge_gourd,patola_smooth,dry,32.8,65.2,9.2,65.7,organic,3,312.0,54,35,15,0,11,7,0.437
sponge_gourd,patola_smooth,dry,27.6,58.8,8.4,61.0,mixed,4,597.3,89,49,21,1,19,10,0.563
sponge_gourd,patola,dry,32.3,64.8,7.7,78.6,mixed,5,660.4,100,78,30,1,29,19,0.717
squash,kalabasa_hybrid,wet,29.3,86.3,5.8,75.5,chemical,3,473.6,85,63,20,0,18,9,0.453
bottle_gourd,upo_smooth,wet,29.8,88.1,5.3,54.7,chemical,4,279.5,49,13,6,0,5,2,0.48
cucumber,pipino_native,dry,29.2,69.1,8.6,50.3,mixed,4,119.9,18,11,7,0,3,3,0.634
bottle_gourd,upo_round,wet,29.7,70.6,5.2,76.4,mixed,4,370.5,54,22,10,0,7,5,0.504
sponge_gourd,patola_smooth,dry,32.1,62.3,8.3,60.8,organic,4,554.9,91,83,29,1,27,15,0.55
bitter_gourd,ampalaya_hybrid,wet,28.1,85.3,6.1,76.6,none,3,467.7,81,64,21,0,20,7,0.397
sponge_gourd,patola_smooth,dry,26.9,73.7,9.6,68.6,mixed,4,432.9,70,68,26,1,25,17,0.646
bottle_gourd,upo_round,wet,28.2,87.0,6.4,60.8,organic,5,589.9,100,37,15,0,15,10,0.549
sponge_gourd,patola_smooth,wet,26.7,72.6,6.6,70.0,mixed,5,256.9,38,33,14,0,14,10,0.583
bottle_gourd,upo_long,dry,26.4,61.7,9.2,68.5,chemical,3,515.5,87,44,17,0,17,7,0.5
bitter_gourd,ampalaya_oblong,wet,30.3,89.4,5.7,57.0,none,3,186.4,22,34,10,1,6,3,0.379
bitter_gourd,ampalaya_oblong,dry,24.4,67.3,7.4,59.7,organic,5,465.2,76,97,27,1,23,13,0.654
cucumber,pipino_native,wet,27.9,73.2,4.6,64.6,chemical,4,235.0,40,12,5,1,5,5,0.579
bitter_gourd,ampalaya_hybrid,dry,30.8,60.7,7.6,72.7,none,4,305.9,45,34,9,1,6,1,0.48
bitter_gourd,ampalaya_hybrid,wet,28.6,77.9,5.9,79.5,organic,3,386.7,66,60,15,1,14,10,0.555
bitter_gourd,ampalaya_hybrid,wet,31.1,80.4,5.2,63.6,mixed,4,224.9,39,30,8,0,8,2,0.47
bottle_gourd,upo_smooth,wet,27.8,71.8,5.9,73.7,chemical,3,678.7,100,65,21,1,20,12,0.599
bottle_gourd,upo_long,wet,27.4,73.0,5.3,58.8,mixed,4,861.8,100,85,30,1,27,19,0.648
cucumber,pipino,dry,32.5,62.7,7.9,57.4,none,3,301.7,54,34,14,1,11,6,0.418
bitter_gourd,ampalaya_hybrid,wet,30.4,73.8,5.7,68.2,mixed,3,407.8,77,99,25,1,21,12,0.542
bitter_gourd,ampalaya_oblong,wet,26.7,72.2,6.6,74.9,none,2,276.2,49,26,8,1,5,0,0.386
sponge_gourd,patola_ridged,dry,25.8,59.4,7.7,79.1,organic,4,348.3,60,65,23,0,23,9,0.419
bottle_gourd,upo_round,dry,25.0,62.5,7.9,60.6,mixed,4,421.3,77,8,4,1,3,3,0.66
bitter_gourd,ampalaya_bilog,dry,32.9,65.0,8.1,55.6,mixed,3,138.8,20,18,5,0,2,1,0.524
sponge_gourd,patola,wet,29.2,70.4,4.7,79.4,organic,4,589.8,93,62,25,1,23,14,0.674
bitter_gourd,ampalaya_bilog,dry,30.7,55.9,7.4,73.1,none,3,489.0,78,90,26,1,23,10,0.451
sponge_gourd,patola,wet,28.9,72.9,4.6,52.6,chemical,4,416.6,71,42,19,0,18,9,0.458
cucumber,pipino_japanese,wet,28.1,77.5,4.9,72.0,none,4,425.8,75,38,25,1,22,10,0.449
sponge_gourd,patola_smooth,dry,26.5,68.3,7.7,61.0,chemical,3,247.2,37,15,6,0,6,1,0.379
sponge_gourd,patola,wet,26.9,79.6,5.4,63.7,organic,4,461.0,71,31,12,0,8,6,0.524
sponge_gourd,patola_smooth,dry,25.2,66.8,9.4,59.1,mixed,4,583.0,100,37,18,1,18,13,0.638
cucumber,pipino_japanese,dry,32.4,61.5,8.8,50.4,mixed,3,214.1,32,14,7,1,6,4,0.407
cucumber,pipino_japanese,dry,25.8,65.8,9.4,65.5,mixed,4,231.3,39,9,5,0,1,0,0.487
cucumber,pipino_native,wet,31.3,73.4,4.1,75.8,chemical,4,126.3,9,2,1,0,1,0,0.481
sponge_gourd,patola,dry,25.9,70.2,9.3,50.3,none,3,164.4,30,15,6,0,6,1,0.394
cucumber,pipino_japanese,wet,30.8,80.3,4.0,52.1,none,3,370.4,67,57,26,1,26,12,0.424
cucumber,pipino_native,wet,27.3,87.7,4.4,66.1,chemical,4,379.0,55,47,22,1,21,13,0.597
bottle_gourd,upo_round,wet,31.4,78.7,4.9,72.4,none,2,399.6,74,49,15,1,14,3,0.34
bottle_gourd,upo_smooth,dry,27.8,61.9,9.6,76.6,mixed,4,395.0,64,45,13,0,13,8,0.501
sponge_gourd,patola_ridged,dry,26.9,71.1,8.5,52.1,none,3,174.5,28,20,7,0,6,3,0.364
cucumber,pipino_native,wet,30.7,72.8,6.8,52.2,organic,4,217.5,28,22,12,1,8,8,0.744
sponge_gourd,patola,wet,27.4,77.9,6.9,51.8,mixed,4,953.6,100,67,30,0,28,17,0.568
cucumber,pipino_japanese,dry,25.5,62.3,9.1,51.8,none,3,202.0,42,24,14,1,13,6,0.518
cucumber,pipino_japanese,wet,31.8,80.7,5.9,63.2,organic,4,274.9,44,25,13,1,13,10,0.616
sponge_gourd,patola,dry,27.0,71.1,7.4,57.1,organic,5,958.8,100,69,30,1,30,22,0.742
cucumber,pipino_native,wet,29.5,77.0,6.3,50.3,mixed,4,226.1,48,14,8,0,8,4,0.593
bitter_gourd,ampalaya_oblong,dry,34.9,69.5,7.1,74.8,organic,4,445.0,68,31,8,0,5,5,0.504
bitter_gourd,ampalaya_oblong,wet,29.2,71.9,6.2,78.2,chemical,3,472.0,73,44,17,1,14,8,0.584
sponge_gourd,patola,dry,27.7,59.3,8.3,68.2,none,4,754.7,100,54,23,0,22,9,0.467
squash,kalabasa,wet,31.4,73.8,6.0,67.1,mixed,5,442.4,69,40,11,0,9,3,0.505
bitter_gourd,ampalaya_oblong,dry,27.5,72.9,8.9,50.4,chemical,3,284.6,44,31,8,0,5,0,0.453
sponge_gourd,patola,wet,29.4,89.2,6.3,61.1,chemical,3,469.7,82,63,29,1,27,12,0.507
squash,kalabasa,dry,34.8,57.7,8.4,76.2,none,4,726.2,100,65,26,1,24,9,0.465
cucumber,pipino_japanese,wet,27.1,82.0,4.6,74.5,none,4,466.7,78,70,30,1,26,10,0.412
bottle_gourd,upo_long,dry,33.1,55.2,7.5,53.8,chemical,3,483.2,82,38,11,0,11,7,0.422
bottle_gourd,upo_smooth,wet,26.1,73.4,5.5,58.9,mixed,5,846.2,100,66,21,0,17,11,0.646
cucumber,pipino_native,dry,33.7,55.1,9.4,73.8,none,4,307.3,47,17,7,1,4,2,0.418
squash,kalabasa,wet,30.7,83.5,5.0,52.4,chemical,4,421.9,70,35,9,1,9,3,0.53
squash,kalabasa,wet,27.1,86.8,4.2,70.8,chemical,4,516.6,92,62,22,0,18,9,0.53
bitter_gourd,ampalaya_oblong,dry,24.0,62.8,8.6,63.3,mixed,4,757.2,100,91,30,1,26,15,0.586
cucumber,pipino_japanese,wet,29.5,70.7,6.4,62.4,mixed,5,487.8,92,45,30,0,26,14,0.58
bitter_gourd,ampalaya_hybrid,wet,30.1,88.4,6.3,67.1,none,4,261.4,42,23,6,0,5,0,0.37
cucumber,pipino,dry,29.8,58.8,8.1,64.1,chemical,4,110.4,19,7,4,1,1,1,0.526
squash,kalabasa,wet,26.6,72.0,5.5,74.4,organic,4,547.7,93,79,20,1,17,12,0.691
bottle_gourd,upo_round,dry,33.2,56.5,7.1,51.5,organic,4,467.9,83,15,7,1,7,3,0.679
cucumber,pipino_native,wet,30.0,78.6,4.2,64.5,organic,4,632.3,100,72,30,0,26,17,0.56
sponge_gourd,patola_ridged,dry,28.9,69.9,7.9,54.0,organic,4,835.2,100,60,30,1,26,15,0.559
bitter_gourd,ampalaya_oblong,dry,26.1,61.5,9.0,64.5,mixed,3,297.5,42,35,9,0,8,4,0.441
squash,kalabasa,dry,25.5,59.4,9.6,52.0,mixed,3,306.2,54,29,11,0,8,2,0.474
bottle_gourd,upo_smooth,dry,30.4,67.8,9.1,61.8,none,4,649.0,100,76,26,0,23,7,0.376
squash,kalabasa_hybrid,wet,30.8,87.6,5.8,63.7,mixed,4,777.3,100,68,23,0,20,10,0.451
bitter_gourd,ampalaya_hybrid,dry,27.4,66.2,9.4,67.1,none,3,283.2,41,80,20,1,18,9,0.393
squash,kalabasa,dry,25.4,64.3,7.1,71.5,chemical,4,316.7,47,15,5,1,2,2,0.531
cucumber,pipino_native,dry,24.1,73.2,9.4,68.4,none,4,389.7,60,65,28,1,28,10,0.384
bottle_gourd,upo_smooth,wet,28.3,75.0,4.4,76.7,mixed,4,468.6,79,43,13,0,9,5,0.559
bottle_gourd,upo_round,dry,27.9,58.6,7.6,77.3,organic,3,436.0,74,54,21,0,17,11,0.525
bottle_gourd,upo_smooth,wet,31.3,79.3,7.0,51.1,chemical,3,554.0,90,22,10,0,10,4,0.374
bitter_gourd,ampalaya_hybrid,dry,26.1,61.4,9.1,64.1,mixed,4,452.8,78,67,21,0,21,14,0.577
bottle_gourd,upo_smooth,wet,28.7,77.9,4.3,63.4,chemical,3,321.4,48,31,13,0,11,5,0.324
bitter_gourd,ampalaya_bilog,wet,31.0,75.9,6.9,59.8,none,3,505.3,85,53,18,0,16,7,0.355
squash,kalabasa,wet,26.2,87.4,4.4,75.1,mixed,4,511.8,81,36,14,0,10,7,0.474
squash,kalabasa_native,wet,28.3,85.6,5.1,50.8,chemical,3,686.5,100,52,20,1,18,9,0.575
bitter_gourd,ampalaya_bilog,dry,28.2,67.6,9.4,64.4,organic,4,347.2,61,81,22,1,20,14,0.647
squash,kalabasa_native,wet,30.6,78.4,5.5,56.6,none,4,464.8,75,10,3,0,2,2,0.3
bottle_gourd,upo_smooth,wet,27.7,81.4,4.7,66.2,mixed,3,622.5,100,42,20,1,16,6,0.502
cucumber,pipino,dry,27.6,58.6,7.6,62.6,organic,5,291.4,38,26,11,1,10,8,0.716
bottle_gourd,upo_smooth,wet,26.1,70.3,5.4,75.0,chemical,5,853.8,100,76,30,1,27,17,0.582
bitter_gourd,ampalaya_bilog,dry,29.7,68.2,8.3,52.8,none,2,147.7,17,6,2,1,1,0,0.486
sponge_gourd,patola_ridged,dry,28.6,63.0,9.6,73.8,none,3,394.0,70,37,18,0,16,5,0.361
bottle_gourd,upo_long,wet,31.9,74.2,5.5,67.1,organic,3,452.6,72,56,20,1,17,11,0.565
bitter_gourd,ampalaya_bilog,dry,24.5,59.0,7.1,70.2,chemical,4,599.6,96,70,23,1,19,11,0.508
sponge_gourd,patola_smooth,dry,29.6,59.9,8.3,61.3,none,4,229.7,43,15,6,1,2,0,0.487
bottle_gourd,upo_round,dry,24.5,59.1,10.0,56.6,none,4,347.2,66,2,1,1,1,0,0.458
bottle_gourd,upo_long,dry,32.3,58.5,9.7,59.2,none,2,231.0,32,15,6,0,3,1,0.3
cucumber,pipino_native,wet,31.6,78.2,5.0,59.3,chemical,4,302.3,45,21,9,0,7,1,0.387
sponge_gourd,patola_smooth,dry,31.2,60.7,7.6,58.1,chemical,4,542.2,94,62,23,1,22,10,0.505
sponge_gourd,patola,dry,34.4,60.0,8.9,53.2,organic,4,252.1,49,20,9,1,6,4,0.562
squash,kalabasa,wet,27.9,76.5,5.2,59.8,none,4,767.8,100,69,19,1,16,10,0.541
bottle_gourd,upo_long,dry,32.4,70.5,7.1,59.9,organic,5,1032.1,100,63,30,1,28,19,0.657
cucumber,pipino,dry,24.5,62.2,8.7,51.8,none,4,348.7,57,64,26,0,24,12,0.404
bitter_gourd,ampalaya_hybrid,dry,29.9,69.8,9.8,74.5,mixed,4,399.5,70,63,19,0,16,7,0.526
cucumber,pipino_native,wet,29.0,77.5,5.8,79.5,chemical,4,588.0,93,47,30,1,30,20,0.591
bitter_gourd,ampalaya_hybrid,wet,28.8,82.8,4.1,54.9,chemical,5,754.0,100,100,30,1,26,16,0.653
squash,kalabasa_native,dry,27.0,74.2,8.4,72.6,mixed,4,408.2,72,5,2,0,1,0,0.563
sponge_gourd,patola_smooth,wet,30.5,70.1,5.3,56.8,chemical,4,733.7,100,60,25,0,21,11,0.432
cucumber,pipino,wet,32.0,81.2,6.9,61.7,organic,3,150.3,19,31,15,1,11,6,0.551
bottle_gourd,upo_round,wet,30.2,79.5,4.9,57.8,mixed,5,930.3,100,103,30,1,28,20,0.675
sponge_gourd,patola_smooth,dry,27.7,69.5,9.1,63.9,mixed,4,635.8,100,71,26,0,24,15,0.53
cucumber,pipino_japanese,dry,30.2,55.8,8.6,60.7,organic,4,267.7,38,32,14,1,13,8,0.562
cucumber,pipino_native,dry,27.1,57.5,8.0,79.5,none,3,190.8,42,28,18,1,17,8,0.408
cucumber,pipino_native,wet,31.8,89.4,4.0,67.6,none,4,446.5,76,54,29,0,27,10,0.3
bottle_gourd,upo_smooth,dry,24.8,65.2,8.9,68.4,mixed,4,742.7,100,65,24,0,20,11,0.557
cucumber,pipino,wet,29.8,71.5,4.5,54.0,chemical,3,262.6,47,30,17,1,14,6,0.496
bottle_gourd,upo_smooth,wet,26.4,77.9,5.9,64.1,organic,5,323.2,55,10,4,1,2,2,0.717
sponge_gourd,patola,wet,26.1,77.6,5.6,50.1,chemical,2,146.8,27,23,9,1,8,2,0.524
sponge_gourd,patola_ridged,dry,24.7,61.4,7.8,50.7,organic,4,360.0,61,16,7,0,4,2,0.499
cucumber,pipino,wet,30.0,76.1,5.2,62.2,chemical,3,166.0,32,4,2,1,2,2,0.487
bitter_gourd,ampalaya_oblong,dry,26.7,70.1,7.9,67.5,mixed,3,501.8,91,76,29,1,26,12,0.541
cucumber,pipino_japanese,dry,27.3,57.9,8.7,57.7,organic,4,183.9,37,21,13,1,13,7,0.563
bitter_gourd,ampalaya_bilog,dry,29.8,74.0,8.0,72.3,chemical,4,509.8,85,84,25,1,21,11,0.517
sponge_gourd,patola_smooth,wet,29.8,72.7,5.2,73.7,organic,3,179.4,26,8,3,1,3,1,0.599
sponge_gourd,patola_ridged,wet,31.7,77.9,4.6,69.6,organic,4,654.0,100,83,30,0,30,19,0.551
bitter_gourd,ampalaya_hybrid,wet,31.0,85.1,4.5,59.4,none,4,441.4,66,49,15,0,13,3,0.42
bitter_gourd,ampalaya_oblong,dry,33.0,55.2,9.1,52.7,mixed,4,219.2,38,18,6,1,4,0,0.552
cucumber,pipino_native,dry,28.1,71.6,8.7,61.7,mixed,4,438.3,78,54,27,1,23,13,0.578
sponge_gourd,patola,dry,33.9,61.5,8.1,59.8,chemical,4,217.4,26,5,2,0,1,0,0.436
squash,kalabasa_native,dry,27.6,63.0,9.8,68.9,chemical,4,293.5,46,4,1,1,1,1,0.503
bottle_gourd,upo_smooth,wet,28.0,73.3,4.8,72.0,organic,4,572.0,100,28,13,1,11,6,0.745
bottle_gourd,upo_long,dry,34.8,69.5,9.0,53.5,chemical,3,395.3,64,41,13,1,11,7,0.45
bottle_gourd,upo_round,dry,34.5,61.8,7.1,60.2,none,3,429.0,69,54,17,1,16,5,0.379
sponge_gourd,patola,wet,29.9,88.0,4.0,52.9,organic,4,256.7,38,16,7,1,3,1,0.675
squash,kalabasa_hybrid,dry,32.0,70.5,8.8,53.7,none,4,596.9,100,54,14,1,14,9,0.521
sponge_gourd,patola,dry,31.2,66.7,8.5,60.6,chemical,3,599.5,100,59,24,0,21,9,0.533
bitter_gourd,ampalaya_oblong,wet,27.2,88.9,5.2,72.7,mixed,4,451.6,76,66,17,1,15,9,0.573
bitter_gourd,ampalaya_bilog,dry,24.9,56.9,8.7,67.6,none,5,576.5,96,50,15,0,11,6,0.402
bottle_gourd,upo_smooth,dry,33.0,71.6,7.7,75.3,chemical,4,386.8,67,11,5,0,1,0,0.435
bottle_gourd,upo_smooth,dry,34.3,70.0,9.6,59.0,chemical,3,245.6,45,12,5,0,5,2,0.387
bottle_gourd,upo_round,wet,31.3,72.7,6.1,75.2,organic,4,372.9,67,12,5,1,5,2,0.656
bottle_gourd,upo_smooth,dry,31.6,62.6,8.1,51.8,mixed,3,536.6,86,24,11,1,7,2,0.598
bottle_gourd,upo_round,dry,33.0,74.8,8.6,54.2,mixed,3,363.2,61,16,5,1,2,1,0.588
squash,kalabasa_hybrid,dry,34.4,62.6,9.6,65.1,chemical,4,613.2,100,53,20,0,18,11,0.482
squash,kalabasa_hybrid,dry,34.1,59.9,9.9,70.2,mixed,4,625.4,96,78,22,1,21,11,0.585
bottle_gourd,upo_round,dry,32.8,65.6,8.2,61.1,organic,4,375.1,60,2,1,1,1,1,0.679
cucumber,pipino_japanese,dry,27.9,57.6,9.4,73.5,chemical,4,178.3,35,17,10,0,9,3,0.505
sponge_gourd,patola_ridged,wet,26.5,86.8,5.4,58.7,mixed,4,308.3,57,16,6,0,4,0,0.531
cucumber,pipino_native,wet,30.0,72.7,5.0,58.7,chemical,4,346.2,63,59,25,1,22,14,0.624
squash,kalabasa_hybrid,dry,33.7,74.3,7.3,61.5,organic,3,698.9,100,69,21,1,17,10,0.552
bitter_gourd,ampalaya_hybrid,wet,29.5,89.3,6.0,52.1,chemical,3,262.3,41,20,8,0,7,5,0.364
cucumber,pipino_japanese,wet,28.9,82.0,5.8,67.8,none,3,167.6,26,31,13,1,11,6,0.398
squash,kalabasa_hybrid,wet,29.0,79.3,5.8,50.1,none,4,708.0,100,79,24,1,23,11,0.546
sponge_gourd,patola_ridged,wet,28.2,80.4,6.1,60.2,mixed,5,954.2,100,69,30,1,26,17,0.693
bitter_gourd,ampalaya_bilog,dry,29.0,70.0,9.8,55.5,organic,4,173.3,31,4,1,0,1,1,0.539
sponge_gourd,patola_ridged,wet,27.5,88.0,5.3,66.4,chemical,4,487.5,81,34,14,1,13,6,0.556
sponge_gourd,patola,wet,27.9,78.0,4.7,59.5,organic,3,223.7,42,21,8,1,8,7,0.631
cucumber,pipino_japanese,dry,31.1,72.5,7.3,61.7,chemical,3,236.2,33,9,5,1,4,0,0.442
cucumber,pipino,dry,34.7,58.0,7.9,57.5,none,4,382.0,63,51,30,1,27,12,0.499
bottle_gourd,upo_round,wet,30.6,85.1,5.9,65.7,chemical,4,642.6,99,59,18,1,14,6,0.567
bottle_gourd,upo_round,dry,33.4,66.1,9.6,66.4,organic,4,709.0,100,61,26,1,25,17,0.644
sponge_gourd,patola_smooth,wet,29.3,77.4,4.6,66.8,chemical,3,211.0,41,4,2,0,1,0,0.478
cucumber,pipino_japanese,wet,26.8,73.0,4.2,55.1,chemical,4,226.0,44,40,22,0,21,12,0.508
bottle_gourd,upo_long,dry,27.0,57.2,7.5,58.7,organic,4,266.7,50,20,7,0,3,2,0.629
squash,kalabasa_native,wet,27.3,79.7,4.8,66.1,organic,4,477.8,76,69,26,0,25,12,0.478
bitter_gourd,ampalaya_bilog,dry,33.4,65.3,9.0,74.0,mixed,4,747.2,100,79,30,1,27,19,0.656
squash,kalabasa_native,dry,32.9,63.7,7.6,58.2,organic,4,348.2,58,50,15,0,14,6,0.58
bitter_gourd,ampalaya_bilog,wet,26.4,88.3,4.2,70.1,chemical,4,391.4,64,54,19,0,17,7,0.403
bitter_gourd,ampalaya_hybrid,dry,30.0,62.0,8.8,59.1,chemical,4,444.0,78,70,21,1,21,11,0.58
sponge_gourd,patola_smooth,wet,29.1,88.6,5.9,52.6,organic,4,700.9,100,80,30,0,26,11,0.475
squash,kalabasa_native,wet,27.1,86.8,6.1,60.6,none,4,476.0,86,23,9,0,6,4,0.329
squash,kalabasa_native,wet,32.0,80.5,5.4,60.8,chemical,3,228.0,54,3,1,1,1,0,0.426
bitter_gourd,ampalaya_hybrid,dry,28.9,60.5,8.2,58.5,none,4,390.0,60,42,16,1,15,9,0.441
sponge_gourd,patola,dry,24.5,63.8,7.6,66.3,mixed,4,387.3,66,26,10,1,6,2,0.546
sponge_gourd,patola_smooth,dry,26.5,60.0,8.8,74.9,chemical,3,207.5,35,17,6,1,3,1,0.516
bottle_gourd,upo_smooth,dry,30.8,65.4,9.3,57.6,chemical,3,532.2,86,40,17,0,17,5,0.4
squash,kalabasa_hybrid,wet,27.3,74.3,4.3,71.3,chemical,2,490.7,86,59,20,1,16,5,0.426
bitter_gourd,ampalaya_oblong,wet,30.9,71.6,5.1,65.6,chemical,4,383.2,62,27,10,1,9,7,0.58
bitter_gourd,ampalaya_oblong,wet,28.8,71.9,4.3,73.0,chemical,4,623.4,100,111,30,0,26,12,0.506
squash,kalabasa_native,dry,30.9,65.3,7.3,73.2,chemical,4,386.4,65,26,7,0,5,4,0.406
sponge_gourd,patola_ridged,dry,33.0,69.4,9.1,60.8,chemical,3,510.5,81,51,20,0,17,8,0.476
cucumber,pipino_native,wet,28.2,88.3,4.0,73.5,mixed,4,320.2,62,41,23,1,23,15,0.633
bottle_gourd,upo_smooth,wet,31.0,73.0,4.5,75.4,organic,4,465.6,77,54,21,0,20,12,0.502
cucumber,pipino_japanese,dry,34.7,62.9,9.6,60.0,mixed,5,282.1,44,32,20,0,18,12,0.529
cucumber,pipino_native,wet,26.9,88.9,6.6,62.9,organic,5,478.2,82,62,25,0,22,10,0.521
sponge_gourd,patola_ridged,wet,30.0,88.7,6.9,72.9,mixed,4,475.1,79,55,19,0,19,9,0.586
bottle_gourd,upo_smooth,wet,31.8,89.1,4.6,73.4,none,3,468.5,78,18,6,1,6,4,0.379
bottle_gourd,upo_round,wet,27.8,75.2,6.2,74.6,chemical,3,337.4,56,17,5,1,4,0,0.525
bottle_gourd,upo_round,dry,24.0,65.8,7.0,75.3,mixed,4,519.9,83,72,22,1,20,12,0.581
sponge_gourd,patola_ridged,dry,27.7,68.5,8.8,52.4,chemical,4,726.5,100,77,29,0,27,11,0.455
bitter_gourd,ampalaya_oblong,wet,30.5,85.7,4.6,65.4,none,4,533.2,82,48,14,0,11,3,0.438
bitter_gourd,ampalaya_hybrid,dry,26.2,71.4,8.5,52.4,mixed,5,940.0,100,85,30,1,27,17,0.652
sponge_gourd,patola_smooth,wet,29.2,71.9,5.6,79.7,chemical,4,839.7,100,86,30,1,29,18,0.552
bitter_gourd,ampalaya_hybrid,dry,32.9,64.4,9.6,52.0,mixed,4,572.0,94,108,28,1,27,16,0.641
bottle_gourd,upo_smooth,dry,34.6,74.8,7.4,55.9,none,3,356.5,60,12,4,1,4,1,0.356
bottle_gourd,upo_round,dry,31.1,58.7,8.1,62.4,organic,4,399.8,60,19,9,1,7,2,0.625
bitter_gourd,ampalaya_hybrid,dry,29.6,58.8,9.8,70.5,none,3,438.7,72,55,14,1,12,2,0.34
bitter_gourd,ampalaya_hybrid,wet,30.0,86.7,5.9,66.9,none,3,186.7,25,32,9,1,6,0,0.413
cucumber,pipino_japanese,dry,29.9,62.6,8.2,66.3,organic,5,291.5,40,27,15,0,14,10,0.622
bitter_gourd,ampalaya_oblong,wet,30.5,86.0,4.3,63.9,mixed,3,260.9,47,19,5,1,3,3,0.467
cucumber,pipino_japanese,dry,26.8,71.7,7.2,51.1,organic,4,325.6,57,37,15,1,15,8,0.668
cucumber,pipino_japanese,wet,27.7,81.5,5.3,70.2,none,4,455.7,75,38,20,1,19,7,0.474
bottle_gourd,upo_round,wet,29.9,85.0,5.4,66.1,organic,4,306.7,55,6,2,1,2,2,0.607
squash,kalabasa_native,dry,29.5,56.4,7.3,50.7,mixed,5,782.4,100,112,30,1,30,18,0.562
sponge_gourd,patola_ridged,dry,30.8,59.0,9.7,62.4,chemical,5,528.2,80,33,11,0,9,6,0.517
cucumber,pipino,wet,26.4,88.5,5.0,76.2,organic,4,287.8,50,64,26,1,22,15,0.589
sponge_gourd,patola,dry,29.2,58.9,7.6,72.4,none,4,557.7,91,67,29,1,29,15,0.441
bottle_gourd,upo_round,dry,34.9,65.1,8.3,76.6,organic,3,231.6,29,7,2,1,2,1,0.586
cucumber,pipino,dry,30.5,65.8,7.5,78.5,mixed,4,388.6,61,60,30,1,27,14,0.565
cucumber,pipino,dry,25.6,63.7,7.1,67.5,mixed,4,253.0,49,17,10,0,7,4,0.494
bitter_gourd,ampalaya_bilog,dry,25.5,71.8,9.8,57.4,chemical,4,434.7,71,39,15,0,11,6,0.446
squash,kalabasa_hybrid,dry,34.6,63.0,9.2,68.5,mixed,4,656.8,100,99,30,1,29,13,0.532
sponge_gourd,patola_smooth,dry,25.7,56.8,9.9,69.5,organic,4,384.4,62,28,14,0,13,7,0.503
cucumber,pipino_japanese,wet,27.5,74.8,4.5,65.2,mixed,5,543.9,91,68,30,1,30,22,0.689
sponge_gourd,patola,dry,30.4,66.1,7.9,59.1,mixed,4,438.2,72,56,26,0,24,14,0.494
bottle_gourd,upo_round,wet,26.9,70.0,6.1,51.5,organic,4,630.9,100,99,30,0,28,15,0.605
sponge_gourd,patola_ridged,dry,29.6,63.6,9.2,52.7,none,3,253.6,39,38,13,1,12,6,0.357
sponge_gourd,patola,dry,25.9,69.8,9.5,79.7,none,4,445.0,76,24,12,1,11,7,0.451
sponge_gourd,patola,wet,29.1,71.5,4.5,54.3,none,4,623.7,100,56,20,1,16,6,0.495
bottle_gourd,upo_smooth,dry,33.9,68.6,9.7,67.3,chemical,4,818.1,100,67,21,0,18,8,0.478
bottle_gourd,upo_round,wet,31.7,82.0,6.6,61.4,mixed,4,524.4,85,48,21,0,19,8,0.412
bottle_gourd,upo_round,wet,27.2,75.8,6.9,75.6,mixed,4,366.3,57,36,13,0,11,6,0.585
bottle_gourd,upo_smooth,dry,24.6,68.0,7.2,59.0,chemical,2,456.6,71,44,14,0,14,5,0.327
squash,kalabasa_hybrid,wet,30.0,78.3,5.0,70.2,none,3,492.1,74,76,22,1,21,11,0.465
squash,kalabasa_native,dry,29.1,65.8,9.7,61.3,mixed,5,876.1,100,85,30,1,29,19,0.684
sponge_gourd,patola_ridged,dry,29.5,64.1,9.0,52.4,none,4,578.4,99,77,30,1,28,10,0.413
cucumber,pipino,dry,28.8,73.9,8.2,71.7,mixed,4,192.8,33,14,8,0,4,4,0.545
squash,kalabasa,wet,27.2,78.5,4.3,66.8,mixed,4,815.4,100,70,26,1,24,12,0.575
sponge_gourd,patola_smooth,dry,25.2,55.3,7.9,58.4,organic,4,501.0,83,30,11,1,11,7,0.507
sponge_gourd,patola_smooth,wet,31.6,87.7,4.1,60.5,mixed,5,577.7,94,26,12,1,12,8,0.644
bottle_gourd,upo_smooth,dry,29.8,64.9,9.5,76.1,none,4,575.1,97,45,21,1,20,11,0.438
cucumber,pipino_native,dry,24.1,58.7,8.5,66.6,none,4,272.5,42,20,10,1,8,5,0.334
squash,kalabasa_hybrid,dry,25.7,74.5,7.6,67.3,mixed,4,686.3,100,52,16,0,15,10,0.562
bottle_gourd,upo_long,wet,27.7,73.2,4.0,66.3,chemical,5,673.3,100,39,12,1,12,7,0.617
squash,kalabasa_native,wet,26.8,86.3,5.3,64.9,none,4,365.0,59,24,7,0,3,2,0.321
cucumber,pipino_native,dry,34.3,59.7,8.2,72.1,none,3,413.4,65,56,30,1,26,12,0.384
squash,kalabasa_native,wet,29.1,88.2,6.7,77.1,chemical,3,499.0,85,51,17,0,15,8,0.481
bottle_gourd,upo_round,wet,27.0,71.3,5.7,59.2,mixed,5,523.3,86,49,19,1,17,11,0.649
sponge_gourd,patola,wet,28.3,80.6,5.7,57.4,mixed,4,457.6,73,33,14,0,11,9,0.595
bottle_gourd,upo_long,dry,31.2,64.1,8.4,53.2,none,5,739.1,100,79,26,1,23,8,0.446
sponge_gourd,patola_smooth,dry,31.8,72.3,8.1,60.9,none,4,761.4,100,61,29,1,25,12,0.455
bottle_gourd,upo_smooth,dry,27.0,71.8,10.0,71.7,organic,3,382.6,67,30,10,0,7,2,0.559
bitter_gourd,ampalaya_bilog,dry,34.6,60.1,8.8,54.8,none,2,302.9,52,29,9,1,5,2,0.3
bottle_gourd,upo_smooth,wet,27.6,83.7,5.3,73.5,organic,5,603.8,100,76,23,0,23,16,0.65
bitter_gourd,ampalaya_hybrid,dry,31.7,61.4,9.4,65.7,organic,4,497.2,85,67,22,1,22,16,0.653
bitter_gourd,ampalaya_oblong,wet,26.7,87.0,6.3,64.2,mixed,4,375.2,61,39,14,0,10,6,0.484
squash,kalabasa_native,wet,26.1,77.3,5.2,74.0,mixed,3,357.8,62,29,11,1,7,2,0.602
squash,kalabasa,dry,27.9,72.8,8.0,66.0,organic,4,947.8,100,75,30,1,26,15,0.657
cucumber,pipino_japanese,dry,27.1,67.4,8.5,50.8,none,3,265.6,50,59,27,0,26,10,0.417
sponge_gourd,patola_smooth,dry,28.3,73.0,9.0,78.8,organic,4,519.5,81,80,30,1,29,20,0.723
squash,kalabasa_native,dry,26.5,61.0,8.1,70.4,chemical,4,814.3,100,52,19,1,16,10,0.525
cucumber,pipino,wet,28.2,80.8,5.8,64.6,chemical,4,381.5,64,48,22,1,18,12,0.557
bottle_gourd,upo_round,dry,25.3,62.3,9.1,57.5,none,4,768.0,100,69,30,1,26,11,0.504
sponge_gourd,patola_ridged,dry,25.0,58.5,8.9,72.2,chemical,3,231.4,39,7,3,0,1,1,0.35
bitter_gourd,ampalaya_oblong,dry,30.1,61.4,8.2,52.8,none,4,758.3,100,86,30,1,26,11,0.447
sponge_gourd,patola,dry,25.6,71.9,8.4,75.3,chemical,3,345.4,58,43,20,0,19,6,0.418
cucumber,pipino,dry,24.7,70.4,8.6,71.1,none,3,155.1,25,4,2,1,1,1,0.494
bitter_gourd,ampalaya_hybrid,wet,30.7,84.0,6.7,66.7,organic,5,455.4,80,47,14,1,13,6,0.649
bitter_gourd,ampalaya_hybrid,wet,28.5,75.3,6.8,54.6,organic,4,606.7,89,84,30,1,30,21,0.759
bitter_gourd,ampalaya_oblong,dry,25.1,73.7,7.7,76.5,organic,4,618.0,98,69,24,0,22,13,0.571
cucumber,pipino_native,dry,28.7,65.8,7.8,61.1,chemical,3,222.3,43,41,17,0,14,6,0.519
squash,kalabasa,wet,26.3,84.2,4.3,78.5,organic,3,623.1,100,100,28,1,28,15,0.534
sponge_gourd,patola_smooth,wet,27.8,71.7,5.0,73.6,none,4,201.4,46,11,4,1,4,2,0.5
bitter_gourd,ampalaya_hybrid,dry,29.4,65.1,8.5,73.6,organic,4,538.3,88,71,24,1,23,14,0.599
bitter_gourd,ampalaya_bilog,wet,26.4,81.7,4.7,50.3,chemical,3,299.7,46,27,8,0,8,4,0.363
cucumber,pipino_native,wet,30.4,73.0,5.9,64.1,chemical,3,170.7,31,32,13,1,11,5,0.56
bottle_gourd,upo_round,wet,31.2,83.1,6.7,51.4,none,3,606.9,100,31,15,0,14,7,0.381
cucumber,pipino_japanese,dry,32.7,57.6,7.4,70.8,none,4,478.6,77,55,28,1,25,12,0.386
sponge_gourd,patola,dry,24.3,60.0,8.5,59.1,chemical,3,314.9,55,54,19,1,17,7,0.495
bitter_gourd,ampalaya_bilog,wet,29.5,81.4,6.7,54.7,none,4,705.4,100,93,28,1,26,11,0.43
cucumber,pipino,dry,29.5,68.7,9.1,68.1,organic,4,162.4,28,29,12,0,11,4,0.585
sponge_gourd,patola_smooth,wet,26.1,77.2,6.1,58.7,organic,4,691.5,100,61,30,1,26,16,0.666
cucumber,pipino_native,dry,33.3,73.6,7.5,57.1,mixed,3,176.1,27,5,2,0,1,1,0.413
squash,kalabasa_native,wet,27.4,88.1,7.0,76.2,none,5,911.9,100,99,29,1,27,17,0.594
bitter_gourd,ampalaya_hybrid,dry,31.2,59.4,7.8,68.7,organic,4,403.4,67,45,17,0,13,7,0.551
bitter_gourd,ampalaya_oblong,dry,29.6,65.5,7.6,56.0,mixed,4,557.4,100,78,27,0,23,15,0.572
sponge_gourd,patola_smooth,wet,29.4,78.5,4.5,51.8,chemical,4,275.9,38,26,10,0,6,2,0.456
cucumber,pipino_japanese,dry,30.8,63.8,7.8,67.8,none,4,607.6,100,71,30,1,30,14,0.395
bitter_gourd,ampalaya_oblong,wet,28.7,81.3,6.3,54.4,mixed,4,499.7,83,88,27,1,26,16,0.578
bitter_gourd,ampalaya_bilog,wet,29.2,81.2,4.6,55.0,none,3,474.8,80,106,28,0,24,10,0.393
bottle_gourd,upo_long,dry,24.5,70.0,9.7,56.8,chemical,3,523.4,91,66,24,0,24,12,0.426
squash,kalabasa,dry,27.7,58.1,7.3,79.4,organic,4,613.5,98,38,11,0,7,3,0.588
cucumber,pipino_japanese,dry,29.9,73.1,9.9,69.6,mixed,4,128.5,20,12,7,0,7,1,0.477
sponge_gourd,patola_smooth,wet,30.6,74.5,6.0,60.5,organic,4,243.3,39,21,8,1,5,3,0.564
squash,kalabasa,dry,28.9,69.7,7.5,66.0,none,3,397.6,69,25,8,0,8,1,0.311
sponge_gourd,patola_smooth,dry,29.1,74.4,7.1,55.2,chemical,4,406.6,68,57,23,1,21,13,0.578
sponge_gourd,patola_ridged,dry,34.2,63.7,7.7,52.1,organic,4,372.2,65,55,21,1,21,11,0.585
cucumber,pipino_japanese,dry,26.0,55.1,9.3,65.3,chemical,3,123.6,14,17,8,1,4,4,0.461
sponge_gourd,patola,dry,27.3,55.3,9.0,74.9,chemical,4,432.8,66,26,12,1,8,4,0.426
sponge_gourd,patola,wet,27.1,75.1,5.1,66.5,none,3,246.5,45,22,8,0,5,0,0.388
cucumber,pipino,dry,32.3,60.7,8.1,79.9,mixed,5,635.1,100,71,30,1,30,19,0.692
bottle_gourd,upo_smooth,wet,31.8,71.9,5.6,52.2,chemical,3,388.8,62,35,10,0,8,4,0.427
bitter_gourd,ampalaya_bilog,dry,31.9,62.7,9.7,52.4,chemical,4,321.5,57,24,9,1,9,3,0.473
bitter_gourd,ampalaya_bilog,wet,31.4,81.8,6.1,51.7,organic,5,416.7,73,25,9,1,5,2,0.714
squash,kalabasa,wet,29.9,85.3,6.4,52.1,chemical,3,302.7,54,27,9,1,7,1,0.491
bottle_gourd,upo_long,wet,31.3,88.8,7.0,73.1,mixed,4,508.5,78,47,17,0,16,9,0.525
cucumber,pipino,wet,28.8,76.2,4.1,70.2,organic,4,171.5,27,11,5,0,2,2,0.61
cucumber,pipino_native,wet,26.5,76.8,6.3,57.5,none,4,221.6,40,28,14,1,11,3,0.496
squash,kalabasa_hybrid,dry,29.5,57.6,7.3,67.3,organic,5,595.4,97,33,11,1,9,5,0.647
bottle_gourd,upo_round,dry,32.6,62.1,8.5,78.1,mixed,5,392.9,54,23,7,1,3,0,0.618
sponge_gourd,patola_ridged,wet,30.7,79.0,6.0,71.5,chemical,4,301.5,63,28,10,0,6,3,0.472
bottle_gourd,upo_smooth,dry,28.4,64.5,9.9,72.2,none,4,567.4,95,66,21,0,20,10,0.448
cucumber,pipino_japanese,dry,29.2,66.5,7.5,73.5,none,3,429.8,76,47,24,0,21,6,0.318
bottle_gourd,upo_long,dry,30.8,62.4,7.9,61.9,chemical,4,856.1,100,84,26,1,26,12,0.538
squash,kalabasa_hybrid,wet,27.4,83.2,6.5,53.9,mixed,4,433.0,82,33,9,1,5,1,0.65
bitter_gourd,ampalaya_bilog,wet,28.9,85.7,5.8,66.6,mixed,4,472.9,80,58,16,1,15,8,0.521
cucumber,pipino_japanese,wet,30.8,71.7,5.6,58.7,organic,5,735.8,100,65,30,1,27,18,0.701
cucumber,pipino_native,dry,26.7,72.8,9.4,69.1,none,4,179.5,33,14,6,0,2,2,0.422
cucumber,pipino_native,wet,29.9,89.2,4.1,67.8,none,4,541.3,94,52,25,0,25,8,0.3
bottle_gourd,upo_smooth,dry,34.7,70.8,8.5,68.4,none,4,579.8,95,23,9,1,9,3,0.432
bottle_gourd,upo_round,dry,27.8,74.4,9.6,63.8,chemical,3,394.0,69,64,20,1,16,7,0.448
sponge_gourd,patola_ridged,dry,25.2,62.9,9.7,76.7,mixed,4,515.5,83,82,30,1,29,18,0.57
sponge_gourd,patola,wet,28.6,71.5,5.8,67.5,mixed,4,357.8,62,27,10,1,8,3,0.629
bottle_gourd,upo_round,dry,31.6,71.9,8.7,60.7,none,4,827.5,100,96,30,1,27,11,0.461
cucumber,pipino,wet,29.5,74.2,5.0,75.0,mixed,5,154.4,27,4,2,1,2,0,0.663
bitter_gourd,ampalaya_bilog,wet,27.6,75.1,7.0,50.3,mixed,4,447.8,66,44,16,1,16,12,0.626
squash,kalabasa_native,wet,28.2,84.7,5.2,51.7,chemical,4,711.6,100,90,29,1,25,14,0.529
bitter_gourd,ampalaya_bilog,dry,24.2,64.8,7.5,77.7,organic,4,494.8,75,71,26,0,22,13,0.555
bitter_gourd,ampalaya_hybrid,wet,30.4,77.6,4.3,66.6,none,3,230.6,34,39,11,0,11,5,0.3
bottle_gourd,upo_smooth,dry,24.7,66.0,9.9,52.1,organic,4,1001.9,100,86,27,1,26,16,0.584
cucumber,pipino_japanese,dry,26.0,56.6,7.4,63.7,organic,4,242.3,37,8,5,0,1,0,0.497
bitter_gourd,ampalaya_oblong,wet,29.6,71.7,6.7,71.9,chemical,4,386.7,67,47,17,1,16,9,0.605
cucumber,pipino_japanese,wet,30.0,73.3,5.6,61.0,mixed,4,371.8,56,39,17,1,16,10,0.593
squash,kalabasa_native,dry,31.8,70.9,9.7,54.3,chemical,3,717.1,100,99,28,1,25,13,0.421
squash,kalabasa_hybrid,dry,26.6,72.4,9.5,56.3,chemical,4,630.0,100,81,23,1,19,13,0.572
squash,kalabasa_native,wet,30.7,85.6,6.7,70.5,chemical,3,446.7,74,61,22,1,21,8,0.413
bottle_gourd,upo_smooth,dry,32.2,68.3,8.1,51.5,none,4,938.4,100,84,30,1,28,13,0.43
bottle_gourd,upo_long,dry,27.5,56.2,7.0,56.4,mixed,5,1072.1,100,86,30,0,27,18,0.653
cucumber,pipino_japanese,wet,29.3,84.0,6.1,70.7,chemical,3,121.4,22,18,9,1,5,1,0.499
bottle_gourd,upo_smooth,wet,28.5,75.7,4.4,71.2,mixed,4,633.7,100,82,27,0,25,16,0.57
bottle_gourd,upo_long,dry,33.9,59.9,10.0,54.3,mixed,4,696.8,100,78,28,0,27,13,0.481
bitter_gourd,ampalaya_oblong,dry,25.4,67.6,8.7,63.7,mixed,4,542.8,88,98,30,1,29,14,0.555
squash,kalabasa,wet,31.8,70.4,5.0,61.9,mixed,4,841.6,100,83,30,1,27,16,0.569
squash,kalabasa_native,wet,31.6,85.8,6.1,72.7,none,4,534.3,94,48,14,0,12,4,0.34
squash,kalabasa_native,dry,25.5,56.0,7.4,80.0,none,3,386.5,67,20,5,1,4,4,0.423
sponge_gourd,patola_smooth,dry,34.4,63.8,7.6,51.8,none,4,727.1,100,62,26,1,23,7,0.359
bottle_gourd,upo_smooth,dry,28.3,55.4,7.2,70.9,organic,5,676.7,100,95,30,0,28,17,0.552
sponge_gourd,patola_smooth,wet,26.8,85.3,6.2,70.9,chemical,5,528.5,87,22,11,1,10,4,0.545
bitter_gourd,ampalaya_oblong,wet,26.2,85.5,4.9,60.7,chemical,4,470.4,72,45,17,1,15,6,0.425
squash,kalabasa,dry,29.0,68.6,9.8,66.5,none,4,781.8,100,77,20,0,18,7,0.393
bottle_gourd,upo_round,wet,27.8,73.5,5.2,62.6,none,4,665.4,100,78,30,0,26,9,0.428
bottle_gourd,upo_long,dry,29.6,56.9,8.2,61.8,none,3,335.8,49,2,1,0,1,1,0.3
cucumber,pipino,wet,27.2,88.4,5.9,70.2,none,4,423.9,72,35,17,0,14,7,0.344
cucumber,pipino_japanese,dry,28.7,69.3,10.0,69.8,organic,4,122.7,13,3,2,1,1,1,0.634
cucumber,pipino_native,dry,31.3,70.4,8.6,57.1,organic,4,155.4,32,23,11,0,8,4,0.57
squash,kalabasa_hybrid,dry,32.5,66.2,7.0,54.6,none,3,754.1,100,99,25,1,21,9,0.396
bitter_gourd,ampalaya_oblong,wet,29.7,85.3,4.8,54.0,mixed,3,449.9,71,72,23,1,23,12,0.49
sponge_gourd,patola_smooth,wet,27.0,70.9,5.4,65.6,mixed,4,280.0,38,20,9,1,8,4,0.514
bottle_gourd,upo_long,wet,30.6,82.1,4.3,68.5,mixed,4,976.5,100,61,29,0,25,12,0.437
bitter_gourd,ampalaya_hybrid,dry,27.7,60.7,7.5,55.7,chemical,3,239.6,45,22,6,1,5,2,0.437
bitter_gourd,ampalaya_hybrid,wet,26.6,81.8,4.3,70.6,organic,4,631.4,100,87,27,0,23,13,0.547
squash,kalabasa_hybrid,dry,27.4,66.6,7.9,51.9,chemical,3,539.2,84,81,24,0,20,7,0.373
sponge_gourd,patola_smooth,dry,28.0,56.7,8.3,50.2,mixed,4,269.2,38,12,5,1,5,1,0.551
cucumber,pipino_japanese,wet,28.8,89.5,6.5,52.8,chemical,4,233.9,46,27,15,1,11,4,0.443
squash,kalabasa_native,wet,31.4,72.1,4.9,54.3,organic,5,630.8,100,47,12,1,9,8,0.801
sponge_gourd,patola_ridged,dry,26.0,61.5,7.8,54.5,chemical,3,154.3,18,12,5,1,3,3,0.414
cucumber,pipino_native,wet,26.2,87.8,4.0,60.5,organic,5,304.9,55,33,17,1,15,8,0.636
bottle_gourd,upo_long,dry,24.1,72.8,9.7,63.4,organic,5,975.9,100,83,30,1,28,18,0.704
bitter_gourd,ampalaya_hybrid,dry,28.8,61.6,7.1,62.9,chemical,3,321.9,58,41,14,1,11,4,0.488
cucumber,pipino,dry,33.6,60.9,7.4,71.7,chemical,3,153.4,19,14,9,1,7,2,0.516
bitter_gourd,ampalaya_hybrid,wet,27.5,86.3,5.4,64.1,chemical,4,569.0,100,104,30,0,29,14,0.469
bottle_gourd,upo_round,wet,29.5,83.4,4.7,70.4,organic,4,652.7,100,91,30,1,28,15,0.607
cucumber,pipino_japanese,wet,26.1,84.0,4.5,78.1,none,4,609.6,100,53,30,1,26,13,0.427
bitter_gourd,ampalaya_bilog,wet,28.3,73.3,6.5,79.4,organic,4,297.2,53,34,12,1,8,5,0.719
bitter_gourd,ampalaya_oblong,dry,29.7,64.6,7.7,73.3,mixed,4,494.5,83,64,23,1,19,13,0.562
cucumber,pipino,dry,32.7,67.4,7.5,71.8,mixed,5,456.7,71,38,24,0,21,12,0.574
squash,kalabasa,dry,24.0,71.4,9.2,56.7,organic,4,454.7,78,57,15,0,15,11,0.581
cucumber,pipino_native,wet,27.2,72.3,6.7,64.4,chemical,4,284.8,43,41,17,1,15,7,0.61
sponge_gourd,patola,dry,28.1,70.0,8.6,71.1,none,4,668.9,100,39,19,0,17,5,0.411
cucumber,pipino_japanese,wet,29.0,74.1,6.8,75.8,mixed,4,431.2,68,62,30,1,28,19,0.633
cucumber,pipino,dry,34.6,55.0,8.4,68.7,none,4,263.7,47,26,11,0,9,3,0.303
bottle_gourd,upo_smooth,wet,28.8,77.1,5.8,54.7,organic,4,508.2,87,29,10,0,8,4,0.603
squash,kalabasa_hybrid,wet,28.6,74.1,6.6,67.0,organic,4,978.8,100,108,30,1,27,17,0.684
bottle_gourd,upo_smooth,wet,28.2,88.6,5.6,66.2,organic,4,859.8,100,94,30,1,27,13,0.564
cucumber,pipino_native,wet,31.8,82.0,4.2,71.5,none,4,259.1,44,13,8,0,8,3,0.323
bitter_gourd,ampalaya_hybrid,wet,30.8,74.8,5.7,79.4,organic,4,516.6,90,82,25,1,25,15,0.619
cucumber,pipino_native,wet,31.9,72.8,4.8,80.0,mixed,5,342.0,65,33,16,1,16,12,0.682
sponge_gourd,patola_smooth,wet,29.0,77.3,4.5,57.3,organic,4,519.5,88,26,9,0,7,5,0.596
bottle_gourd,upo_smooth,wet,26.5,84.4,6.9,56.8,chemical,3,404.0,63,50,15,1,11,4,0.502
squash,kalabasa,dry,28.6,65.4,8.3,79.3,none,3,473.9,77,73,20,0,16,3,0.305
squash,kalabasa_hybrid,dry,24.1,61.8,9.5,63.8,none,4,540.8,89,102,28,1,28,14,0.474
cucumber,pipino,wet,28.4,88.5,4.6,73.9,mixed,5,446.9,73,75,30,1,30,18,0.624
bitter_gourd,ampalaya_oblong,wet,26.4,74.6,6.0,70.4,organic,4,358.4,57,44,12,0,10,7,0.541
squash,kalabasa_hybrid,dry,31.5,59.2,9.4,71.6,none,4,819.9,100,103,30,1,30,9,0.345
cucumber,pipino_native,wet,31.6,71.5,6.5,53.7,mixed,4,483.6,76,72,30,0,28,15,0.532
sponge_gourd,patola_smooth,wet,31.1,80.6,5.9,77.1,organic,4,759.9,100,82,30,1,26,14,0.553
cucumber,pipino_native,wet,27.0,88.0,6.9,67.1,mixed,4,224.0,43,48,21,0,19,12,0.551
squash,kalabasa_native,dry,26.6,70.6,8.1,56.7,chemical,3,443.7,75,111,29,1,28,14,0.478
bitter_gourd,ampalaya_hybrid,dry,30.2,62.0,7.4,57.5,mixed,5,637.9,100,93,30,1,29,20,0.648
bitter_gourd,ampalaya_bilog,dry,29.2,67.4,7.8,75.5,chemical,4,259.6,49,12,4,0,2,2,0.383
cucumber,pipino_japanese,dry,26.9,67.0,8.2,79.1,organic,4,145.5,23,19,9,0,8,6,0.649
bottle_gourd,upo_smooth,dry,27.3,61.0,9.0,66.9,chemical,3,351.6,56,22,9,0,8,2,0.498
squash,kalabasa,wet,29.2,88.4,4.9,74.7,chemical,3,539.3,89,43,12,1,9,4,0.49
bitter_gourd,ampalaya_bilog,dry,27.9,72.6,8.2,69.2,chemical,4,269.1,50,18,6,1,4,3,0.49
bottle_gourd,upo_round,wet,29.2,72.1,5.3,52.2,none,3,345.3,68,14,5,0,1,1,0.36
cucumber,pipino_native,dry,28.6,65.8,8.9,66.9,none,4,378.8,71,59,30,0,27,9,0.372
squash,kalabasa,wet,27.7,74.0,4.4,51.7,none,3,391.2,60,56,18,0,16,5,0.358
bitter_gourd,ampalaya_hybrid,wet,28.1,82.1,5.2,56.5,chemical,3,364.1,51,88,22,1,20,9,0.555
cucumber,pipino,wet,30.2,81.6,4.1,71.1,chemical,2,242.4,45,29,18,0,15,5,0.363
sponge_gourd,patola_ridged,dry,33.7,67.7,9.2,64.0,chemical,3,559.0,100,75,30,0,26,10,0.403
sponge_gourd,patola_ridged,dry,29.6,67.7,8.4,79.5,mixed,4,319.8,53,20,9,1,6,6,0.605
squash,kalabasa_native,dry,25.1,72.5,8.9,62.9,mixed,4,678.8,100,78,21,1,17,8,0.605
cucumber,pipino_japanese,dry,30.2,70.0,8.0,64.2,organic,4,174.2,22,18,8,1,5,5,0.646
sponge_gourd,patola,wet,28.6,74.3,5.0,77.5,organic,3,423.1,71,84,28,0,25,8,0.372
sponge_gourd,patola_ridged,wet,29.4,87.5,4.3,65.0,organic,5,565.1,98,61,27,1,25,16,0.671
sponge_gourd,patola_ridged,dry,28.8,69.2,9.0,61.2,none,4,463.4,71,43,16,0,13,4,0.3
bottle_gourd,upo_round,wet,26.8,73.7,6.5,54.6,none,4,445.4,75,27,9,1,9,3,0.517
bottle_gourd,upo_smooth,dry,33.5,67.4,7.0,70.4,organic,4,651.6,100,61,19,1,18,12,0.62
bottle_gourd,upo_round,wet,29.6,85.1,4.7,76.3,organic,4,562.6,95,56,26,1,23,15,0.613
sponge_gourd,patola_ridged,dry,32.1,71.8,9.1,73.4,mixed,4,406.8,76,60,26,1,24,18,0.659
cucumber,pipino,wet,28.2,72.7,4.9,53.4,chemical,4,351.5,55,63,30,1,29,17,0.637
bitter_gourd,ampalaya_hybrid,wet,29.4,87.1,6.7,70.9,chemical,4,366.0,71,47,15,1,12,6,0.511
squash,kalabasa_hybrid,wet,28.0,85.9,4.2,66.2,chemical,3,363.2,56,18,6,1,3,2,0.508
bitter_gourd,ampalaya_bilog,wet,31.4,78.0,4.6,57.5,chemical,4,461.0,80,91,30,1,27,13,0.484
bitter_gourd,ampalaya_bilog,wet,28.8,81.9,6.9,74.6,chemical,4,427.6,68,50,20,0,17,6,0.446
sponge_gourd,patola,wet,26.9,86.2,4.4,57.5,mixed,3,214.2,43,9,4,1,3,3,0.629
squash,kalabasa_hybrid,dry,25.9,69.4,7.2,65.7,organic,3,300.6,35,31,8,0,6,1,0.5
bottle_gourd,upo_smooth,dry,24.7,58.6,8.4,75.6,none,3,537.8,81,20,9,0,9,2,0.341
squash,kalabasa_hybrid,dry,33.3,69.1,9.4,67.9,none,3,683.9,100,68,19,0,19,6,0.372
bitter_gourd,ampalaya_oblong,dry,31.3,62.6,7.0,68.1,organic,4,556.2,91,96,30,0,26,13,0.465
bottle_gourd,upo_round,wet,27.5,81.6,5.2,72.9,none,3,543.8,81,70,21,0,20,9,0.347
bottle_gourd,upo_round,wet,28.9,70.5,5.4,64.3,mixed,4,446.9,80,51,16,0,16,9,0.51
squash,kalabasa_native,dry,33.7,64.6,8.3,79.7,mixed,3,214.2,28,16,6,1,3,0,0.454
squash,kalabasa_hybrid,dry,28.9,60.2,9.5,70.5,chemical,4,561.5,97,34,9,0,8,3,0.429
bottle_gourd,upo_long,dry,34.2,58.7,7.1,77.5,organic,4,675.9,100,57,21,0,20,10,0.535
cucumber,pipino,wet,31.0,82.1,6.7,56.0,organic,4,390.0,70,37,18,1,15,10,0.559
bitter_gourd,ampalaya_bilog,wet,31.1,77.1,5.7,51.8,organic,4,264.8,38,51,15,1,15,12,0.68
cucumber,pipino,dry,31.4,61.5,9.9,67.2,organic,4,624.0,100,71,30,0,27,12,0.504
sponge_gourd,patola,dry,34.6,68.0,9.5,59.8,chemical,5,769.5,100,74,30,1,30,19,0.573
bottle_gourd,upo_round,wet,28.8,88.7,5.9,50.8,mixed,5,661.9,100,60,19,0,17,5,0.441
sponge_gourd,patola,dry,24.2,74.2,7.7,51.5,organic,4,554.3,100,75,30,1,27,16,0.646
bitter_gourd,ampalaya_bilog,wet,27.6,88.4,6.3,73.6,chemical,4,476.1,79,72,25,1,21,12,0.538
squash,kalabasa,dry,25.5,70.7,8.4,62.2,chemical,4,507.6,91,22,7,1,3,3,0.518
sponge_gourd,patola,wet,31.8,77.2,4.4,54.9,chemical,2,210.3,38,21,10,1,6,3,0.399
cucumber,pipino_japanese,dry,26.1,73.6,7.4,61.5,mixed,3,307.2,56,33,16,1,15,9,0.573
bottle_gourd,upo_long,dry,33.1,73.5,8.3,68.4,mixed,4,799.6,100,54,18,1,14,9,0.633
cucumber,pipino_japanese,wet,28.3,78.1,6.7,79.4,chemical,4,162.2,22,11,7,0,3,0,0.47
cucumber,pipino_native,wet,28.5,74.5,4.2,78.1,chemical,3,379.7,61,58,24,1,20,9,0.464
sponge_gourd,patola_smooth,wet,28.3,83.0,5.0,66.6,mixed,4,745.2,100,66,27,0,27,13,0.563
cucumber,pipino_native,wet,31.7,84.3,4.9,71.0,mixed,5,399.2,67,17,11,0,9,4,0.582
squash,kalabasa_native,wet,26.2,74.3,6.2,72.5,mixed,4,1027.1,100,94,24,1,21,12,0.578
cucumber,pipino,dry,30.0,55.0,7.3,63.9,none,4,185.7,28,5,2,1,1,0,0.468
bottle_gourd,upo_round,dry,31.6,74.2,9.6,51.4,mixed,5,750.0,100,76,22,1,18,13,0.646
sponge_gourd,patola_ridged,wet,27.5,88.1,6.2,60.9,organic,4,335.1,56,12,5,1,3,1,0.648
cucumber,pipino_japanese,wet,30.2,72.1,5.0,59.5,organic,4,295.0,51,51,27,0,25,17,0.582
cucumber,pipino_japanese,wet,30.5,89.9,4.2,74.0,none,4,392.7,67,34,15,1,12,6,0.375
sponge_gourd,patola,dry,34.9,57.7,9.7,70.7,mixed,4,240.5,42,12,4,1,3,1,0.601
sponge_gourd,patola,dry,26.1,63.0,9.6,75.9,mixed,4,275.9,54,19,7,0,5,3,0.445
cucumber,pipino_japanese,wet,30.2,83.2,5.2,55.0,none,4,271.4,46,30,16,1,16,7,0.346
sponge_gourd,patola,wet,30.2,88.4,5.0,75.3,none,3,637.6,100,74,27,0,27,7,0.336
bitter_gourd,ampalaya_bilog,wet,30.6,80.6,5.5,77.9,none,4,460.0,78,90,30,1,26,8,0.379
cucumber,pipino_native,dry,26.9,74.4,9.7,55.6,organic,4,344.2,61,49,30,0,30,19,0.56
squash,kalabasa,dry,29.5,70.3,7.2,69.3,organic,4,559.9,95,26,10,1,8,7,0.64
squash,kalabasa_native,wet,29.5,82.2,6.4,78.7,mixed,4,842.5,100,49,15,1,14,7,0.651
sponge_gourd,patola_ridged,wet,26.9,79.0,6.9,53.1,organic,4,361.4,58,45,20,1,20,16,0.716
bitter_gourd,ampalaya_oblong,wet,27.6,75.4,5.4,56.2,chemical,3,330.4,56,41,13,1,13,5,0.506
bitter_gourd,ampalaya_hybrid,wet,31.1,82.2,4.7,53.0,organic,3,210.2,38,41,12,1,10,6,0.499
bottle_gourd,upo_smooth,dry,30.8,56.7,7.3,67.1,chemical,4,989.4,100,78,30,1,30,15,0.532
cucumber,pipino,dry,30.5,66.4,7.2,76.0,none,4,286.1,40,19,8,1,7,4,0.395
cucumber,pipino_japanese,dry,33.8,72.1,7.2,57.1,mixed,4,415.4,74,31,18,1,16,10,0.596
bitter_gourd,ampalaya_bilog,wet,27.2,87.1,5.0,72.9,chemical,3,178.6,35,3,1,1,1,1,0.411
bitter_gourd,ampalaya_bilog,wet,27.1,78.3,4.9,66.0,mixed,5,472.1,77,72,26,1,25,17,0.623
cucumber,pipino,wet,26.3,72.5,5.8,72.1,organic,4,241.9,47,26,13,0,11,8,0.587
bottle_gourd,upo_round,dry,25.2,55.8,8.2,78.9,chemical,3,636.8,100,49,22,0,18,5,0.391
bitter_gourd,ampalaya_bilog,wet,29.1,79.4,4.5,51.7,organic,4,384.7,61,38,10,1,6,6,0.703
sponge_gourd,patola_smooth,dry,34.7,70.5,8.9,50.6,mixed,5,815.2,100,81,30,1,30,16,0.575
bitter_gourd,ampalaya_oblong,wet,30.4,73.7,6.3,66.6,mixed,3,392.6,70,41,13,1,9,7,0.669
cucumber,pipino_japanese,dry,25.8,65.9,7.5,59.3,none,3,260.1,48,66,29,0,25,10,0.356
cucumber,pipino_japanese,dry,26.6,73.9,8.9,52.2,organic,5,331.3,60,52,30,1,29,17,0.648
squash,kalabasa_hybrid,wet,27.1,89.7,4.1,79.0,none,3,535.9,91,46,16,1,16,9,0.415
bottle_gourd,upo_smooth,wet,26.3,86.8,6.9,52.0,mixed,4,680.1,100,100,30,0,29,11,0.356
cucumber,pipino,dry,31.7,74.6,8.1,56.5,none,4,295.7,42,37,24,1,24,7,0.367
sponge_gourd,patola_ridged,dry,34.1,63.3,10.0,75.9,chemical,4,265.2,44,3,1,1,1,1,0.516
bitter_gourd,ampalaya_oblong,wet,30.9,74.1,4.3,73.7,chemical,3,236.6,29,4,1,0,1,0,0.43
bottle_gourd,upo_round,dry,34.6,64.6,8.3,69.4,mixed,4,334.4,71,25,9,1,6,2,0.635
sponge_gourd,patola,dry,28.5,59.9,8.9,73.0,organic,5,687.4,100,48,24,1,20,14,0.773
squash,kalabasa_hybrid,wet,26.4,80.5,4.5,66.6,none,3,303.6,47,3,1,1,1,1,0.498
sponge_gourd,patola,wet,29.8,78.7,5.0,57.0,organic,4,274.1,57,31,12,1,8,4,0.685
squash,kalabasa,wet,31.0,72.2,6.6,67.3,chemical,4,807.2,100,52,16,1,13,9,0.598
cucumber,pipino_japanese,wet,30.0,88.4,5.0,78.6,none,3,141.3,26,18,10,1,8,3,0.314
cucumber,pipino,wet,30.9,84.8,5.8,55.1,none,4,256.5,48,18,12,0,11,5,0.357
bottle_gourd,upo_round,dry,27.1,65.9,8.0,64.7,chemical,4,646.0,100,31,14,1,10,4,0.54
bitter_gourd,ampalaya_bilog,wet,30.6,75.8,5.1,79.2,chemical,4,655.9,100,106,30,0,26,13,0.427
squash,kalabasa,wet,29.0,72.1,6.8,60.1,chemical,3,486.2,79,57,18,0,15,10,0.551
cucumber,pipino_native,dry,27.1,69.6,8.5,57.2,none,5,682.1,100,75,30,0,30,16,0.49
bottle_gourd,upo_smooth,wet,27.2,86.9,4.8,75.5,organic,3,291.0,54,11,4,1,4,1,0.458
sponge_gourd,patola_smooth,dry,24.2,59.3,9.4,79.3,mixed,5,473.5,76,51,21,0,21,12,0.583
cucumber,pipino_native,dry,30.4,73.2,7.3,59.3,organic,5,416.7,72,67,30,1,27,20,0.667
cucumber,pipino_japanese,wet,29.5,78.0,6.1,72.1,organic,4,354.7,64,25,12,0,11,3,0.497
cucumber,pipino_native,dry,24.1,56.5,9.8,78.7,chemical,3,273.8,44,30,13,1,10,3,0.489
bottle_gourd,upo_round,dry,29.1,69.6,8.9,66.3,none,3,395.4,73,20,9,1,7,3,0.495
squash,kalabasa,dry,31.2,63.2,8.2,75.1,chemical,4,573.2,100,23,8,0,5,4,0.465
sponge_gourd,patola,dry,24.4,59.7,9.3,67.5,mixed,5,443.6,69,26,11,0,7,4,0.483
cucumber,pipino_japanese,dry,29.7,74.0,9.3,71.7,chemical,3,168.3,23,27,12,0,11,7,0.499
bottle_gourd,upo_smooth,dry,29.0,66.1,7.1,64.8,none,4,781.9,100,88,30,1,30,15,0.453
squash,kalabasa,wet,27.3,79.3,5.7,71.0,chemical,4,680.4,100,42,12,0,11,3,0.41
bitter_gourd,ampalaya_oblong,wet,28.1,77.4,4.3,50.2,chemical,4,228.5,36,23,6,1,4,0,0.522
sponge_gourd,patola_ridged,wet,26.1,82.4,4.6,66.5,organic,3,525.7,88,62,30,1,30,15,0.529
sponge_gourd,patola,wet,31.1,81.0,4.5,79.5,organic,5,221.0,31,9,4,1,4,3,0.679
bitter_gourd,ampalaya_bilog,dry,24.6,57.3,8.6,66.8,none,3,387.6,70,75,21,0,19,8,0.379
bitter_gourd,ampalaya_bilog,wet,29.1,75.5,5.7,68.8,mixed,4,424.0,72,73,23,1,20,15,0.685
sponge_gourd,patola,wet,28.3,76.6,4.8,72.0,none,4,732.8,100,58,29,1,29,14,0.5
bitter_gourd,ampalaya_bilog,wet,31.3,86.8,4.6,66.7,organic,3,253.6,41,25,9,1,9,6,0.566
sponge_gourd,patola_smooth,wet,26.2,72.5,5.8,63.0,none,4,783.9,100,75,30,1,30,12,0.409
cucumber,pipino_japanese,dry,30.5,61.4,9.3,76.5,none,3,447.4,64,59,24,0,23,9,0.344
sponge_gourd,patola_ridged,wet,29.3,87.0,5.3,56.2,mixed,4,542.2,87,48,20,0,16,7,0.473
bitter_gourd,ampalaya_hybrid,dry,27.8,63.5,9.5,50.5,chemical,4,171.0,30,15,4,0,2,2,0.459
bottle_gourd,upo_round,wet,31.8,88.6,6.4,73.1,none,4,656.3,100,58,19,0,17,4,0.35
cucumber,pipino_native,wet,29.1,70.7,4.5,53.0,chemical,4,251.2,43,10,4,1,3,1,0.578
squash,kalabasa_native,dry,28.3,61.3,7.8,53.9,chemical,3,546.7,90,97,26,1,22,11,0.535
bitter_gourd,ampalaya_hybrid,dry,27.6,59.1,7.9,76.4,none,4,217.3,35,4,1,1,1,0,0.484
sponge_gourd,patola_ridged,wet,31.3,77.6,6.7,63.3,chemical,3,326.6,50,43,20,1,18,9,0.57
bitter_gourd,ampalaya_oblong,wet,30.6,85.6,6.5,55.1,mixed,4,437.6,72,85,25,0,25,13,0.533
cucumber,pipino_japanese,wet,31.0,78.6,4.8,60.4,mixed,4,367.0,48,40,18,0,16,8,0.446
bottle_gourd,upo_smooth,wet,31.6,79.9,4.2,55.4,none,3,356.6,46,46,17,1,13,3,0.368
bitter_gourd,ampalaya_oblong,dry,28.6,65.1,9.9,77.0,chemical,2,328.6,53,49,16,0,14,5,0.369
bottle_gourd,upo_smooth,dry,29.0,60.8,9.1,57.3,mixed,3,252.9,48,3,1,0,1,1,0.53
bitter_gourd,ampalaya_oblong,wet,26.3,76.8,6.2,58.6,chemical,4,673.4,100,73,26,1,23,11,0.541
sponge_gourd,patola,dry,30.0,58.7,8.8,59.8,none,3,454.9,69,39,19,1,15,5,0.38
bitter_gourd,ampalaya_bilog,dry,24.9,65.5,9.3,67.5,mixed,4,489.8,73,41,11,0,7,2,0.467
bitter_gourd,ampalaya_oblong,wet,27.4,76.4,6.4,70.4,chemical,4,317.6,54,16,6,1,4,3,0.694
sponge_gourd,patola_ridged,dry,33.0,60.8,8.7,55.7,none,4,238.2,45,19,7,0,4,1,0.328
sponge_gourd,patola,wet,28.7,80.0,5.1,66.8,none,3,612.7,100,57,20,0,20,7,0.363
bitter_gourd,ampalaya_bilog,dry,31.6,57.5,9.6,79.3,organic,3,207.7,41,14,4,0,3,3,0.497
cucumber,pipino_japanese,wet,31.7,83.6,6.8,63.4,organic,4,313.4,49,26,12,1,12,7,0.518
sponge_gourd,patola_ridged,dry,31.3,70.4,9.2,69.4,organic,4,330.2,59,13,6,1,2,2,0.626
sponge_gourd,patola_ridged,wet,29.3,86.0,5.3,57.7,mixed,5,459.5,67,68,24,1,23,17,0.699
bitter_gourd,ampalaya_bilog,dry,30.9,57.0,9.1,67.3,chemical,3,413.4,69,60,22,1,18,10,0.549
cucumber,pipino,wet,28.1,87.4,5.3,53.9,chemical,4,489.0,76,59,30,1,28,16,0.518
bitter_gourd,ampalaya_bilog,wet,31.1,85.3,6.2,77.7,mixed,4,321.0,56,32,9,1,5,2,0.602
sponge_gourd,patola_ridged,dry,27.0,58.2,7.7,66.9,none,4,427.1,77,77,30,1,26,9,0.438
cucumber,pipino,dry,25.4,69.7,9.2,79.2,chemical,4,432.7,69,43,26,1,26,16,0.548
bottle_gourd,upo_round,wet,27.8,89.6,5.9,72.7,mixed,4,715.1,100,51,17,0,17,8,0.415
sponge_gourd,patola_smooth,dry,32.8,61.6,7.9,52.2,chemical,4,315.4,50,18,6,1,3,1,0.553
cucumber,pipino_japanese,wet,27.6,71.0,5.6,66.4,mixed,4,403.1,60,49,26,0,22,12,0.481
bitter_gourd,ampalaya_oblong,wet,27.5,87.7,6.7,69.5,mixed,4,422.9,76,49,15,0,14,9,0.549
cucumber,pipino,wet,29.3,81.0,4.9,70.9,chemical,3,472.2,83,69,29,1,26,8,0.341
bitter_gourd,ampalaya_hybrid,wet,27.8,89.7,5.9,68.1,none,4,539.4,95,113,30,1,29,13,0.407
bottle_gourd,upo_long,dry,30.0,61.9,7.3,70.6,organic,3,541.0,78,49,15,1,11,6,0.61
cucumber,pipino_japanese,wet,27.1,79.3,6.0,61.5,organic,4,229.8,35,8,5,0,3,0,0.479
squash,kalabasa,dry,33.0,69.3,9.8,57.1,chemical,3,260.1,49,16,6,1,5,3,0.526
cucumber,pipino,wet,30.7,85.7,6.5,65.7,organic,5,599.7,100,61,30,0,29,13,0.46
bottle_gourd,upo_round,dry,30.8,62.4,8.2,53.7,chemical,3,506.6,80,87,25,0,24,10,0.404
bitter_gourd,ampalaya_bilog,wet,27.9,76.5,5.9,75.8,organic,3,176.3,29,3,1,1,1,1,0.574
cucumber,pipino_native,dry,27.2,72.1,7.9,72.2,none,3,202.7,35,2,1,1,1,1,0.422
cucumber,pipino,dry,30.1,57.4,7.9,67.3,organic,4,387.4,65,33,20,1,19,12,0.591
bitter_gourd,ampalaya_bilog,dry,25.2,58.2,7.4,52.6,chemical,4,481.1,85,56,15,0,13,7,0.567
bitter_gourd,ampalaya_hybrid,dry,33.9,57.9,8.4,67.3,organic,5,721.1,100,102,30,0,28,16,0.631
bottle_gourd,upo_smooth,dry,33.0,60.0,9.9,69.2,none,4,965.0,100,86,26,0,24,7,0.3
squash,kalabasa_native,wet,26.1,72.1,6.8,69.3,none,3,651.3,100,75,19,1,17,7,0.438
bitter_gourd,ampalaya_bilog,dry,32.5,62.7,9.1,67.9,none,3,226.3,38,41,14,1,11,2,0.328
bitter_gourd,ampalaya_oblong,dry,24.0,72.9,9.4,78.2,organic,4,454.8,82,28,9,1,8,6,0.698
sponge_gourd,patola_ridged,wet,31.0,86.1,4.4,52.6,none,4,314.6,55,23,9,0,5,1,0.399
cucumber,pipino_native,dry,33.9,74.7,8.3,68.9,chemical,4,393.0,65,54,30,0,27,12,0.358
bottle_gourd,upo_smooth,wet,26.9,82.4,6.9,57.7,mixed,5,488.9,85,2,1,1,1,0,0.693
bottle_gourd,upo_round,wet,26.4,70.6,4.4,64.9,mixed,4,392.1,64,3,1,0,1,1,0.494
cucumber,pipino_japanese,dry,25.4,57.8,7.9,63.5,none,4,160.8,18,9,4,1,2,2,0.462
bitter_gourd,ampalaya_hybrid,dry,29.0,60.1,7.3,67.4,mixed,4,669.3,100,85,29,0,27,13,0.494
squash,kalabasa_hybrid,dry,31.0,60.5,8.4,79.8,none,3,295.1,48,18,7,1,6,2,0.387
bitter_gourd,ampalaya_oblong,wet,31.5,76.5,6.4,51.6,none,4,442.9,71,65,18,1,15,5,0.497
bottle_gourd,upo_smooth,wet,31.1,77.1,5.5,60.7,none,3,467.6,80,38,15,0,11,6,0.438
sponge_gourd,patola_ridged,wet,26.1,79.1,6.2,69.5,chemical,3,282.6,56,38,13,1,9,3,0.531
cucumber,pipino_native,dry,25.4,58.9,8.0,70.6,none,4,278.9,51,26,14,1,14,4,0.331
bitter_gourd,ampalaya_oblong,dry,31.6,70.7,9.6,68.2,none,3,366.7,67,76,20,1,18,6,0.415
sponge_gourd,patola,wet,31.9,70.7,5.2,60.4,none,4,672.0,99,79,29,0,29,10,0.369
cucumber,pipino_japanese,dry,25.8,71.5,7.2,57.0,mixed,4,426.4,65,66,30,0,29,16,0.583
squash,kalabasa_native,wet,29.6,72.9,4.1,67.9,organic,4,855.8,100,73,20,1,20,12,0.558
bitter_gourd,ampalaya_bilog,wet,27.3,73.4,4.3,64.3,chemical,3,593.6,97,91,26,1,22,10,0.477
bitter_gourd,ampalaya_bilog,dry,34.2,67.9,7.2,59.5,chemical,3,289.6,41,8,3,0,3,0,0.427
bitter_gourd,ampalaya_bilog,wet,28.6,80.1,6.6,65.6,none,4,673.9,100,105,28,0,27,12,0.396
bitter_gourd,ampalaya_oblong,wet,28.0,77.5,4.8,70.3,none,2,269.0,50,31,9,1,9,1,0.337
bitter_gourd,ampalaya_hybrid,dry,28.5,59.7,9.2,50.0,chemical,3,435.4,67,62,18,1,16,9,0.466
cucumber,pipino_japanese,wet,31.3,83.7,4.8,78.3,chemical,3,245.9,42,52,21,1,17,5,0.434
cucumber,pipino,dry,29.5,57.2,7.5,76.9,none,4,518.7,76,63,27,0,23,8,0.412
bottle_gourd,upo_smooth,dry,31.2,74.9,7.4,59.0,none,4,730.5,100,64,23,0,20,7,0.372
sponge_gourd,patola_ridged,dry,24.4,66.9,9.3,73.1,chemical,3,679.0,100,86,30,0,30,13,0.379
sponge_gourd,patola_ridged,wet,27.9,86.8,4.5,59.9,organic,4,382.2,59,58,21,1,19,10,0.601
sponge_gourd,patola_smooth,dry,24.1,73.6,7.2,66.9,mixed,4,283.3,52,17,6,0,3,0,0.481
cucumber,pipino,dry,25.0,65.6,9.3,66.8,mixed,4,167.7,26,10,6,0,6,2,0.568
bitter_gourd,ampalaya_hybrid,wet,29.9,78.9,5.6,56.5,none,5,379.9,65,28,9,1,9,3,0.5
cucumber,pipino_japanese,dry,32.8,62.9,8.0,78.9,none,4,290.2,47,30,17,0,13,3,0.399
bitter_gourd,ampalaya_bilog,wet,31.5,84.6,4.3,51.1,organic,5,610.6,97,99,26,0,25,15,0.553
sponge_gourd,patola_smooth,wet,28.8,83.5,4.3,76.4,mixed,3,407.9,68,49,19,1,19,14,0.732
squash,kalabasa,dry,29.0,57.8,7.9,53.4,none,3,816.1,100,65,21,1,21,6,0.402
bottle_gourd,upo_round,dry,32.9,57.2,7.2,62.6,organic,3,402.8,69,29,10,0,6,4,0.49
bottle_gourd,upo_long,wet,29.6,79.2,5.8,67.0,chemical,3,385.7,58,39,15,1,13,6,0.483
bottle_gourd,upo_long,dry,24.1,56.2,8.7,57.6,mixed,4,530.3,97,51,15,0,15,8,0.401
sponge_gourd,patola_smooth,dry,34.9,74.3,10.0,63.0,none,3,310.9,47,26,11,1,9,3,0.328
cucumber,pipino,wet,31.0,87.7,6.3,72.3,none,5,598.6,100,69,30,1,27,12,0.463
cucumber,pipino_japanese,wet,30.1,80.6,5.9,55.3,mixed,4,280.0,42,29,15,1,12,6,0.552
bottle_gourd,upo_smooth,dry,26.0,56.1,7.6,60.6,chemical,3,648.0,100,84,24,0,22,10,0.42
sponge_gourd,patola_smooth,dry,24.2,60.5,9.4,79.3,mixed,3,506.3,88,54,20,0,17,10,0.457
cucumber,pipino,wet,31.0,82.5,4.0,62.6,organic,4,362.9,64,75,30,0,30,19,0.599
sponge_gourd,patola_ridged,dry,28.5,58.1,9.2,56.6,mixed,4,455.4,81,69,30,1,29,18,0.575
sponge_gourd,patola_ridged,dry,24.4,72.7,8.6,70.9,mixed,4,593.1,91,84,29,0,27,11,0.498
bottle_gourd,upo_round,wet,26.3,77.1,5.8,59.9,mixed,3,380.4,68,59,19,0,15,8,0.476
bitter_gourd,ampalaya_oblong,wet,26.8,79.0,5.9,66.2,mixed,4,428.5,79,37,13,1,13,8,0.584
cucumber,pipino_japanese,wet,31.9,75.8,5.8,79.7,mixed,4,258.5,43,29,16,0,15,9,0.445
bitter_gourd,ampalaya_bilog,dry,24.5,71.2,9.1,59.8,chemical,4,595.0,100,59,20,1,17,6,0.48
cucumber,pipino_native,wet,27.7,77.4,5.1,68.7,mixed,5,483.7,89,47,30,0,30,20,0.65
sponge_gourd,patola_smooth,dry,25.6,72.1,8.9,62.9,none,4,195.5,26,11,5,0,3,3,0.35
squash,kalabasa_native,wet,30.6,72.3,6.2,70.2,organic,4,695.0,100,60,21,0,21,16,0.646
squash,kalabasa_native,wet,30.0,85.6,4.9,53.7,organic,4,763.9,100,103,29,0,25,12,0.491
squash,kalabasa,dry,34.2,70.9,8.4,63.2,organic,4,900.4,100,77,24,0,22,14,0.577
cucumber,pipino,wet,32.0,73.7,5.2,62.9,none,3,242.9,45,17,10,1,8,6,0.505
squash,kalabasa,dry,24.1,72.8,7.0,65.2,none,3,609.2,100,70,21,0,17,4,0.344
squash,kalabasa_hybrid,wet,30.8,85.6,4.7,59.0,mixed,5,929.2,100,112,30,1,27,16,0.616
bitter_gourd,ampalaya_hybrid,dry,28.1,67.4,7.9,52.7,mixed,4,619.4,100,81,21,1,19,11,0.621
sponge_gourd,patola_smooth,dry,32.4,59.4,9.5,52.4,chemical,3,483.9,84,54,20,0,20,9,0.391
cucumber,pipino_native,dry,25.7,74.4,7.6,61.0,organic,4,115.1,26,6,3,0,1,1,0.517
squash,kalabasa_native,dry,28.9,69.2,9.4,51.2,mixed,4,1150.3,100,104,30,0,30,18,0.592
bitter_gourd,ampalaya_hybrid,dry,27.6,73.1,8.4,76.5,none,4,304.8,57,26,8,1,6,1,0.403
bottle_gourd,upo_long,dry,29.5,56.1,7.8,68.1,organic,4,411.6,88,21,9,0,7,6,0.576
bitter_gourd,ampalaya_oblong,dry,26.8,72.2,9.2,58.3,none,3,501.7,90,51,16,1,16,8,0.427
squash,kalabasa,wet,30.3,74.5,6.5,55.0,chemical,4,472.6,73,48,13,0,12,6,0.46
squash,kalabasa,dry,32.2,56.8,9.6,51.1,mixed,5,696.0,100,56,16,1,15,10,0.62
bitter_gourd,ampalaya_hybrid,dry,29.8,62.3,7.6,72.0,chemical,4,455.4,73,51,13,1,10,7,0.585
bitter_gourd,ampalaya_oblong,dry,25.7,67.7,9.2,77.8,organic,3,233.9,43,23,8,0,7,4,0.493
cucumber,pipino,wet,31.7,86.5,6.9,64.9,none,3,297.1,50,45,21,1,20,8,0.495
bitter_gourd,ampalaya_bilog,wet,27.2,70.1,6.0,71.9,chemical,3,199.5,40,3,1,1,1,0,0.517
sponge_gourd,patola,dry,34.7,72.6,9.5,52.4,none,4,590.4,97,36,16,1,12,5,0.43
cucumber,pipino_japanese,wet,26.2,71.4,4.1,74.6,chemical,4,257.4,54,32,16,1,16,9,0.529
bottle_gourd,upo_round,wet,31.9,85.3,5.4,65.3,chemical,4,601.5,92,28,11,0,11,4,0.409
squash,kalabasa_hybrid,wet,29.4,81.8,5.8,70.2,mixed,4,531.1,87,60,18,1,18,13,0.692
cucumber,pipino_japanese,wet,28.5,77.1,4.6,61.6,mixed,4,489.9,77,72,30,0,26,16,0.576
sponge_gourd,patola_ridged,wet,31.0,77.5,6.8,64.2,mixed,4,656.3,100,78,30,0,26,14,0.552
sponge_gourd,patola_smooth,dry,25.9,59.4,7.5,64.0,organic,4,203.2,37,26,9,1,8,6,0.472
bitter_gourd,ampalaya_oblong,wet,26.3,71.2,4.2,50.5,chemical,3,211.5,23,4,1,1,1,1,0.419
cucumber,pipino,wet,26.7,81.4,4.7,63.0,organic,4,298.1,52,33,14,1,14,9,0.563
bitter_gourd,ampalaya_oblong,wet,26.6,74.5,5.5,63.3,mixed,5,539.7,94,39,15,1,14,9,0.723
bitter_gourd,ampalaya_hybrid,dry,27.7,69.9,8.2,61.3,none,2,161.7,25,27,9,0,8,4,0.351
bottle_gourd,upo_smooth,wet,31.0,70.4,4.3,57.4,mixed,4,974.3,100,83,28,1,25,16,0.591
bitter_gourd,ampalaya_oblong,wet,30.1,74.5,5.2,55.7,mixed,4,387.3,62,52,20,0,16,13,0.662
sponge_gourd,patola_ridged,wet,28.4,77.2,4.6,64.4,none,4,342.3,48,32,13,1,12,6,0.425
squash,kalabasa,wet,27.1,81.3,5.6,57.2,none,4,857.9,100,88,30,1,29,12,0.4
sponge_gourd,patola_ridged,wet,27.7,72.2,4.2,70.4,organic,4,489.7,86,74,30,1,29,19,0.613
cucumber,pipino,dry,25.8,65.5,9.9,64.7,organic,3,143.5,20,10,4,1,1,0,0.624
squash,kalabasa,dry,29.6,68.5,8.8,79.9,organic,3,639.9,99,113,29,1,28,16,0.565
cucumber,pipino_native,dry,28.4,59.4,9.3,77.0,mixed,5,400.7,78,38,18,1,17,11,0.658
sponge_gourd,patola_smooth,wet,27.7,84.2,4.1,75.6,mixed,4,858.3,100,61,30,1,26,17,0.594
bitter_gourd,ampalaya_bilog,wet,26.0,72.7,4.7,78.1,none,4,237.7,39,19,5,1,5,1,0.409
bitter_gourd,ampalaya_oblong,wet,28.2,88.1,5.4,71.7,organic,5,718.9,100,83,24,1,23,14,0.616
bitter_gourd,ampalaya_hybrid,wet,27.0,78.0,4.5,61.7,chemical,3,474.7,77,87,29,0,27,9,0.421
cucumber,pipino_japanese,wet,31.3,87.7,4.2,64.2,mixed,5,139.1,23,2,1,1,1,1,0.57
sponge_gourd,patola_ridged,dry,29.7,60.7,9.1,65.8,mixed,5,280.8,49,31,13,0,11,6,0.553
squash,kalabasa,dry,28.9,65.9,8.3,76.3,organic,3,705.5,100,64,25,1,25,14,0.599
bitter_gourd,ampalaya_bilog,wet,31.8,75.0,4.7,78.7,organic,5,529.1,95,99,30,1,28,21,0.716
cucumber,pipino_native,dry,30.9,57.6,9.2,65.8,chemical,3,446.1,77,55,22,0,21,13,0.545
sponge_gourd,patola,dry,24.3,69.4,8.9,65.5,mixed,4,801.2,100,67,30,0,29,18,0.575
sponge_gourd,patola,wet,30.5,80.6,5.6,78.8,organic,3,482.5,81,31,11,0,8,6,0.498
cucumber,pipino,wet,28.5,78.2,4.5,58.8,none,2,124.2,17,10,6,1,5,2,0.378
bitter_gourd,ampalaya_bilog,dry,32.9,59.7,9.4,77.6,mixed,3,494.8,72,80,21,1,19,12,0.504
bitter_gourd,ampalaya_oblong,dry,29.7,69.2,7.7,68.0,none,5,759.1,100,79,30,1,29,18,0.627
sponge_gourd,patola,dry,32.1,58.6,8.8,73.7,none,3,143.4,28,8,3,1,3,2,0.364
cucumber,pipino_japanese,wet,31.4,85.0,5.8,58.9,organic,3,276.3,47,43,24,0,21,10,0.519
sponge_gourd,patola,dry,30.4,56.7,8.4,73.5,organic,4,379.3,61,45,22,1,20,13,0.608
squash,kalabasa,dry,31.4,74.3,8.5,50.8,organic,5,1033.7,100,99,30,1,26,18,0.743
bitter_gourd,ampalaya_bilog,dry,30.5,71.3,7.4,73.7,organic,4,277.5,43,9,3,1,2,1,0.624
sponge_gourd,patola_smooth,wet,26.1,74.7,5.9,66.3,none,5,339.2,58,26,12,0,11,2,0.387
bitter_gourd,ampalaya_bilog,wet,31.1,88.7,4.7,72.0,organic,5,432.1,75,15,6,1,6,2,0.616
squash,kalabasa_hybrid,dry,25.4,67.3,9.4,72.1,none,3,572.1,93,65,23,1,22,10,0.386
squash,kalabasa_hybrid,dry,31.6,56.9,9.9,65.2,organic,4,496.6,85,69,20,1,19,12,0.518
bottle_gourd,upo_long,wet,27.5,74.7,4.9,72.5,none,4,423.1,69,19,6,0,5,1,0.416
sponge_gourd,patola_ridged,dry,28.2,70.3,7.0,71.9,none,4,458.6,74,66,29,1,28,13,0.475
bitter_gourd,ampalaya_bilog,wet,31.2,79.7,5.8,67.4,none,3,290.5,44,14,4,1,2,1,0.434
bottle_gourd,upo_long,wet,26.6,86.3,6.9,57.2,mixed,5,919.6,100,92,30,0,30,18,0.57
bottle_gourd,upo_smooth,dry,33.5,61.8,7.8,75.0,mixed,5,343.5,64,6,2,0,1,1,0.467
sponge_gourd,patola_smooth,wet,30.3,79.6,5.7,66.9,chemical,3,212.6,36,23,10,0,8,5,0.492
squash,kalabasa_native,dry,33.8,64.3,8.9,63.8,organic,4,748.6,100,63,19,1,18,10,0.518
cucumber,pipino_japanese,wet,29.4,73.7,6.8,52.6,mixed,4,332.1,59,37,20,1,20,15,0.632
bottle_gourd,upo_round,wet,30.0,84.4,4.4,57.3,chemical,3,295.2,42,13,4,1,2,2,0.452
squash,kalabasa_hybrid,wet,28.2,89.3,4.5,69.7,mixed,4,583.4,99,52,16,1,15,10,0.568
squash,kalabasa,wet,31.5,74.1,6.3,62.6,organic,4,825.3,100,96,30,1,27,18,0.586
bitter_gourd,ampalaya_oblong,wet,28.7,82.0,5.9,52.2,mixed,5,306.9,48,37,11,0,7,5,0.6
bitter_gourd,ampalaya_hybrid,dry,30.9,73.0,7.8,68.5,organic,3,378.2,66,79,23,1,21,12,0.552
bottle_gourd,upo_long,dry,25.6,58.6,8.6,77.6,organic,4,453.8,76,27,9,1,9,8,0.71
cucumber,pipino,dry,31.3,61.6,9.4,71.9,mixed,5,529.6,88,57,27,1,25,16,0.695
cucumber,pipino,wet,28.7,89.2,6.7,76.5,organic,4,322.2,48,31,13,0,11,9,0.617
sponge_gourd,patola_ridged,wet,31.8,72.1,4.7,52.5,chemical,5,974.8,100,77,30,1,28,18,0.59
squash,kalabasa_hybrid,dry,28.9,74.8,8.9,50.6,mixed,4,698.4,100,114,30,0,26,16,0.584
bottle_gourd,upo_long,wet,27.7,83.6,6.9,63.4,mixed,5,558.6,95,31,9,0,8,3,0.686
sponge_gourd,patola_ridged,wet,26.1,79.0,5.9,68.2,chemical,4,442.5,73,49,19,1,18,11,0.587
bottle_gourd,upo_round,wet,27.7,81.4,4.5,61.1,organic,2,393.0,69,61,18,0,15,5,0.451
squash,kalabasa_hybrid,wet,27.9,70.1,4.3,55.0,chemical,4,744.4,100,53,18,0,14,9,0.591
sponge_gourd,patola,dry,26.4,65.8,9.0,74.9,chemical,3,626.4,100,55,19,0,16,7,0.424
cucumber,pipino_native,dry,30.2,74.3,7.2,54.4,mixed,3,295.9,45,28,12,1,10,4,0.513
bitter_gourd,ampalaya_oblong,dry,24.1,68.4,8.2,60.8,chemical,4,549.0,100,79,20,1,19,8,0.547
cucumber,pipino,wet,27.6,70.6,6.0,69.0,organic,4,459.8,74,34,21,1,19,15,0.715
bitter_gourd,ampalaya_hybrid,wet,26.1,83.6,4.4,74.0,chemical,3,256.0,42,16,6,0,6,5,0.455
sponge_gourd,patola_ridged,wet,30.9,70.2,6.1,74.5,none,3,566.7,94,55,21,0,20,6,0.425
sponge_gourd,patola_smooth,wet,31.9,73.7,5.0,69.7,none,4,204.1,42,16,8,1,5,4,0.417
squash,kalabasa_hybrid,wet,27.7,82.2,5.0,76.6,mixed,4,427.6,74,57,22,0,21,11,0.499
bottle_gourd,upo_smooth,dry,34.3,72.7,7.1,73.7,mixed,3,622.4,96,54,17,1,17,8,0.572
sponge_gourd,patola_ridged,wet,27.9,74.9,6.8,75.9,mixed,3,342.9,57,26,13,0,12,6,0.564
cucumber,pipino_native,dry,24.8,69.8,9.4,52.0,none,3,306.7,48,33,21,1,20,7,0.402
squash,kalabasa,wet,28.7,83.9,6.9,59.8,organic,4,677.4,100,120,30,1,26,16,0.69
cucumber,pipino,dry,25.2,74.7,9.4,63.4,mixed,3,167.4,29,37,15,1,13,6,0.549
bottle_gourd,upo_round,wet,30.8,73.5,4.8,65.6,mixed,4,469.5,69,31,12,1,11,4,0.573
squash,kalabasa,wet,28.1,79.1,4.5,65.6,none,3,786.4,100,56,22,1,21,12,0.453
squash,kalabasa,dry,24.3,69.6,7.7,63.0,none,4,638.2,97,43,16,1,16,5,0.455
cucumber,pipino_japanese,dry,31.9,71.9,7.2,79.4,none,4,578.4,92,69,28,0,24,9,0.445
bitter_gourd,ampalaya_hybrid,wet,28.2,83.4,6.1,50.8,none,3,451.3,69,56,22,1,21,7,0.345
sponge_gourd,patola_ridged,wet,30.3,87.4,4.7,52.6,chemical,4,482.3,74,42,14,1,10,3,0.546
cucumber,pipino,wet,29.6,74.9,4.5,57.0,organic,4,469.8,79,58,30,1,26,12,0.538
bottle_gourd,upo_long,dry,33.4,71.4,7.4,64.6,organic,4,451.2,77,2,1,0,1,0,0.553
cucumber,pipino,dry,34.2,61.3,9.3,73.7,chemical,3,280.3,47,39,18,0,16,8,0.473
bottle_gourd,upo_smooth,dry,34.5,68.7,9.5,52.2,mixed,3,220.5,39,12,4,1,1,1,0.535
cucumber,pipino_japanese,wet,28.2,83.9,5.3,51.3,organic,4,265.6,52,36,16,0,14,5,0.535
squash,kalabasa_native,dry,31.2,59.9,8.1,53.2,mixed,5,815.5,100,108,30,1,28,18,0.615
cucumber,pipino_native,wet,26.5,87.8,6.1,55.8,mixed,4,490.9,87,66,30,1,26,12,0.52
bitter_gourd,ampalaya_oblong,dry,25.9,66.3,9.1,51.7,none,4,547.9,88,74,20,1,19,9,0.417
cucumber,pipino_japanese,dry,30.2,55.7,8.2,72.2,organic,3,179.9,40,13,7,0,7,5,0.535
squash,kalabasa,wet,31.9,86.9,5.7,68.7,none,3,365.7,51,27,9,1,6,4,0.4
cucumber,pipino,wet,31.2,70.4,5.4,76.4,organic,4,190.6,25,20,9,0,5,4,0.539
squash,kalabasa_hybrid,wet,29.9,87.0,6.7,75.7,organic,3,743.0,100,73,29,1,27,14,0.579
squash,kalabasa_native,wet,30.8,82.8,4.0,53.2,none,4,1023.1,100,74,29,1,28,11,0.39
bottle_gourd,upo_long,dry,35.0,57.6,7.3,59.8,mixed,4,735.5,100,48,19,0,17,7,0.485
bottle_gourd,upo_smooth,dry,29.5,72.3,7.1,64.1,none,5,573.2,83,45,21,1,17,5,0.432
bitter_gourd,ampalaya_bilog,dry,28.7,70.4,8.0,72.3,chemical,4,533.4,91,94,27,1,25,12,0.486
bottle_gourd,upo_smooth,dry,28.3,58.5,9.9,76.6,none,4,430.8,81,21,10,0,7,4,0.404
cucumber,pipino_native,wet,29.9,79.9,6.2,50.1,none,3,476.2,79,45,28,1,28,11,0.35
cucumber,pipino,wet,29.6,71.8,5.4,74.5,organic,4,300.7,45,41,24,0,21,11,0.52
bottle_gourd,upo_round,dry,25.9,67.2,7.2,60.1,chemical,3,288.9,48,29,10,0,6,1,0.367
bottle_gourd,upo_round,dry,28.2,68.5,9.8,74.7,organic,4,648.2,100,54,24,0,23,15,0.563
sponge_gourd,patola,wet,30.7,87.0,6.5,70.5,organic,4,692.6,100,64,30,0,29,15,0.545
squash,kalabasa,dry,31.2,56.8,9.7,51.4,mixed,5,1049.1,100,97,30,1,26,18,0.606
sponge_gourd,patola_ridged,dry,33.3,64.8,9.4,65.0,mixed,4,235.2,33,9,4,1,2,1,0.556
bitter_gourd,ampalaya_hybrid,wet,30.0,70.9,4.5,62.6,none,3,425.7,71,46,14,0,11,7,0.501
squash,kalabasa,dry,27.2,66.9,8.6,67.6,mixed,3,572.1,91,42,12,0,12,4,0.451
squash,kalabasa_native,dry,29.6,62.1,7.1,50.3,mixed,4,705.6,100,66,20,0,19,13,0.562
bottle_gourd,upo_round,wet,29.1,83.3,7.0,67.3,chemical,4,309.9,54,12,4,1,3,0,0.426
bottle_gourd,upo_long,dry,24.0,60.5,7.3,65.1,mixed,4,515.0,86,37,13,1,11,8,0.658
cucumber,pipino,dry,32.6,69.9,9.0,60.4,mixed,4,258.8,48,33,19,1,15,13,0.704
sponge_gourd,patola,wet,31.4,70.5,6.9,61.4,mixed,4,461.6,76,84,30,1,27,15,0.568
squash,kalabasa_native,wet,26.2,80.8,4.7,57.3,organic,3,340.5,51,36,11,1,8,6,0.483
cucumber,pipino_native,wet,27.5,72.6,5.9,53.1,chemical,3,95.2,17,5,3,0,2,0,0.466
sponge_gourd,patola,wet,27.2,88.6,4.1,53.6,none,3,379.4,62,20,8,0,8,3,0.339
bitter_gourd,ampalaya_oblong,dry,34.6,59.3,8.4,69.9,none,4,527.1,90,74,27,0,26,7,0.3
bitter_gourd,ampalaya_oblong,wet,27.2,87.5,6.0,62.9,mixed,4,408.1,68,49,15,0,13,8,0.468
bottle_gourd,upo_round,dry,27.1,69.9,8.2,59.6,none,4,949.0,100,60,26,0,22,7,0.337
bitter_gourd,ampalaya_oblong,dry,33.1,61.0,9.5,69.2,organic,4,741.6,100,85,30,0,29,17,0.59
bitter_gourd,ampalaya_hybrid,dry,27.7,65.1,8.0,54.4,none,4,299.7,56,4,1,1,1,0,0.455
squash,kalabasa_hybrid,dry,29.6,67.0,8.0,51.4,none,3,316.3,47,6,2,1,2,1,0.483
bottle_gourd,upo_long,dry,30.1,56.5,9.3,50.5,none,3,449.0,78,18,9,1,7,5,0.465
bottle_gourd,upo_long,wet,28.0,74.6,4.3,54.6,mixed,4,585.1,98,76,30,0,28,16,0.526
bitter_gourd,ampalaya_bilog,wet,28.8,79.3,4.5,77.1,chemical,4,590.4,92,89,30,1,27,13,0.523
cucumber,pipino_native,wet,26.1,81.0,5.5,50.9,organic,4,439.8,72,49,30,0,29,16,0.539
sponge_gourd,patola_ridged,dry,30.0,65.1,9.2,51.0,organic,5,468.9,79,60,27,1,24,17,0.768
squash,kalabasa,dry,30.3,70.9,7.8,51.9,none,3,452.4,71,47,17,1,13,7,0.472
bottle_gourd,upo_long,wet,30.7,82.1,4.3,62.0,chemical,4,374.3,54,22,10,1,10,4,0.509
sponge_gourd,patola_ridged,dry,30.9,55.1,7.8,58.2,mixed,5,366.0,54,28,10,1,6,4,0.508
sponge_gourd,patola_smooth,wet,29.1,79.2,4.2,74.3,none,3,198.2,31,11,5,0,1,0,0.388
bottle_gourd,upo_smooth,wet,26.7,89.4,5.2,63.4,organic,4,481.6,86,22,9,1,8,6,0.693
squash,kalabasa,dry,25.7,67.5,9.1,75.0,organic,3,372.8,66,32,10,1,10,7,0.529
bitter_gourd,ampalaya_oblong,dry,27.0,70.9,9.5,71.4,none,3,516.6,92,81,22,1,20,6,0.393
squash,kalabasa,wet,30.1,78.5,4.7,55.6,none,4,694.9,100,75,24,1,22,9,0.423
sponge_gourd,patola,wet,29.8,88.2,6.5,58.4,mixed,5,708.3,100,81,30,1,28,20,0.714
bottle_gourd,upo_long,dry,30.9,71.0,7.8,60.2,mixed,4,576.6,100,94,29,1,27,15,0.633
cucumber,pipino_native,wet,30.8,84.7,5.3,79.2,mixed,4,295.4,52,47,21,0,19,7,0.475
squash,kalabasa_hybrid,dry,33.2,71.4,9.8,52.8,chemical,3,451.8,73,97,27,1,23,10,0.505
bitter_gourd,ampalaya_bilog,dry,31.7,65.6,10.0,70.3,chemical,4,492.0,81,95,25,1,25,13,0.523
bitter_gourd,ampalaya_hybrid,wet,31.5,71.3,6.1,66.6,mixed,3,249.2,41,70,18,0,15,9,0.517
bottle_gourd,upo_long,wet,29.8,86.1,5.7,65.2,none,4,432.9,65,18,7,1,6,3,0.389
bottle_gourd,upo_round,wet,27.5,73.4,5.0,64.7,mixed,4,755.3,100,54,26,1,25,13,0.614
bitter_gourd,ampalaya_hybrid,wet,27.2,71.5,4.1,53.0,organic,5,392.4,60,57,16,1,12,7,0.677
sponge_gourd,patola,dry,27.5,60.2,7.6,73.1,organic,3,464.7,74,53,23,1,22,15,0.599
bitter_gourd,ampalaya_oblong,wet,26.4,75.1,6.2,57.4,none,3,445.5,70,44,14,1,10,3,0.385
bitter_gourd,ampalaya_hybrid,wet,28.7,89.0,4.9,59.6,chemical,3,358.4,64,31,12,1,8,7,0.605
squash,kalabasa_hybrid,dry,32.0,56.7,9.6,66.1,chemical,3,703.5,100,52,17,0,17,5,0.402
cucumber,pipino,wet,29.0,78.4,5.6,70.9,organic,4,123.6,16,2,1,1,1,0,0.627
cucumber,pipino_japanese,wet,30.1,86.7,4.7,56.6,chemical,3,373.0,59,43,24,1,24,10,0.489
sponge_gourd,patola_ridged,dry,28.2,63.3,9.1,63.9,none,4,573.1,95,45,20,0,18,6,0.357
sponge_gourd,patola_smooth,wet,31.4,83.5,5.5,53.8,organic,3,305.0,47,49,17,0,14,8,0.559
cucumber,pipino_native,wet,27.2,85.0,5.9,72.7,chemical,2,227.9,40,25,15,0,12,2,0.3
bottle_gourd,upo_smooth,wet,30.6,77.7,5.8,62.1,organic,3,433.9,71,42,17,0,13,6,0.485
sponge_gourd,patola,wet,27.1,77.5,4.3,67.2,mixed,3,508.2,83,74,27,0,27,15,0.475
cucumber,pipino,dry,24.2,74.1,8.6,59.6,none,3,216.7,28,26,16,0,12,2,0.344
squash,kalabasa,wet,29.4,82.5,4.6,78.4,none,3,596.9,98,88,23,1,20,9,0.392
squash,kalabasa_native,wet,30.9,89.3,5.6,55.3,mixed,5,1125.8,100,95,30,0,26,11,0.502
squash,kalabasa_hybrid,dry,32.2,64.3,7.7,50.4,none,4,454.5,78,41,12,0,9,2,0.422
sponge_gourd,patola,wet,27.7,89.5,5.7,72.1,mixed,3,233.2,52,6,2,1,2,0,0.571
squash,kalabasa_native,wet,27.4,75.1,6.9,68.5,none,3,411.4,71,39,10,0,8,3,0.326
bottle_gourd,upo_smooth,dry,25.8,72.6,9.4,60.2,organic,5,804.9,100,36,13,0,13,10,0.633
squash,kalabasa_native,wet,26.1,82.7,6.4,57.0,none,3,532.2,84,72,18,1,15,9,0.444
bottle_gourd,upo_long,wet,26.1,82.3,5.4,66.4,mixed,3,419.5,72,36,16,1,14,7,0.504
sponge_gourd,patola_ridged,wet,31.5,74.8,4.2,67.2,mixed,4,333.2,62,18,8,0,5,1,0.489
cucumber,pipino_native,wet,31.1,81.7,4.4,59.5,chemical,3,216.1,25,20,10,1,8,3,0.457
squash,kalabasa_native,dry,33.2,61.5,9.5,79.0,organic,4,306.9,52,4,1,1,1,1,0.561
squash,kalabasa_hybrid,wet,27.4,84.7,6.9,75.8,organic,3,468.6,75,68,21,0,21,12,0.506
bottle_gourd,upo_smooth,dry,27.8,60.1,9.2,61.4,chemical,3,511.8,94,34,14,1,11,7,0.564
cucumber,pipino_japanese,dry,27.6,61.1,9.4,79.3,organic,5,449.5,76,53,30,1,30,21,0.768
cucumber,pipino_japanese,wet,29.8,73.4,5.8,54.3,chemical,4,192.0,27,11,7,1,3,0,0.467
cucumber,pipino,wet,27.8,85.2,6.4,52.0,organic,4,470.3,73,61,30,0,29,14,0.48
sponge_gourd,patola_smooth,dry,33.4,67.0,9.9,62.2,chemical,4,175.5,33,15,5,1,3,0,0.475
cucumber,pipino_native,dry,33.7,74.4,7.9,75.0,mixed,4,250.3,39,16,7,1,5,2,0.564
bitter_gourd,ampalaya_bilog,wet,26.5,88.5,4.0,73.7,chemical,4,365.5,64,64,25,0,25,13,0.43
squash,kalabasa,wet,27.7,81.2,4.6,78.1,mixed,5,512.0,91,29,8,1,6,3,0.693
cucumber,pipino,dry,32.5,66.9,7.2,78.2,organic,3,196.9,31,24,10,1,10,5,0.538
cucumber,pipino_japanese,wet,29.4,73.6,6.6,74.8,chemical,3,397.2,55,57,23,0,23,7,0.331
bitter_gourd,ampalaya_hybrid,dry,33.1,63.0,7.3,65.3,none,4,358.0,70,62,16,0,13,2,0.3
bitter_gourd,ampalaya_oblong,dry,29.2,74.9,7.4,70.8,organic,4,673.0,100,68,27,0,26,17,0.657
sponge_gourd,patola_ridged,dry,32.7,70.4,8.3,76.7,chemical,4,287.9,51,26,12,0,10,6,0.411
bitter_gourd,ampalaya_oblong,dry,28.6,57.3,8.7,70.8,none,3,201.5,44,19,5,0,2,2,0.303
cucumber,pipino_japanese,wet,28.8,79.4,5.4,63.4,none,5,440.0,71,63,27,0,23,10,0.419
bitter_gourd,ampalaya_oblong,wet,28.0,84.7,4.9,59.3,chemical,3,343.0,50,36,12,1,12,7,0.457
bottle_gourd,upo_round,wet,29.3,79.8,5.9,73.0,none,4,697.2,100,60,27,0,23,8,0.354
bottle_gourd,upo_long,dry,33.8,58.8,7.8,68.3,mixed,5,768.6,100,76,30,1,27,19,0.727
bitter_gourd,ampalaya_bilog,dry,34.2,71.2,8.8,67.1,chemical,3,148.0,22,7,2,0,1,0,0.462
bottle_gourd,upo_round,dry,27.6,59.0,7.6,51.5,none,4,615.7,100,32,14,0,11,4,0.397
squash,kalabasa_hybrid,dry,25.0,64.6,9.3,52.9,mixed,3,644.6,100,60,23,0,19,12,0.56
sponge_gourd,patola,dry,29.1,74.4,8.6,78.2,chemical,3,375.9,68,32,13,1,9,2,0.469
bottle_gourd,upo_smooth,wet,30.4,86.1,5.7,55.8,chemical,4,808.4,100,72,26,1,22,13,0.489
bitter_gourd,ampalaya_bilog,dry,31.7,67.0,8.4,78.4,chemical,3,189.3,23,19,6,1,5,4,0.522
squash,kalabasa_native,wet,31.0,82.4,6.9,79.7,chemical,3,251.0,36,4,1,0,1,0,0.376
cucumber,pipino_native,dry,24.5,66.6,7.6,57.8,chemical,4,593.1,100,67,30,1,28,17,0.519
squash,kalabasa_native,dry,29.1,66.6,7.7,74.6,organic,5,1224.0,100,102,30,1,30,22,0.719
bottle_gourd,upo_round,wet,27.3,78.0,4.1,63.9,mixed,3,529.0,80,36,16,0,13,9,0.504
squash,kalabasa_native,wet,30.1,86.7,5.5,57.6,chemical,4,648.6,100,80,27,1,25,13,0.543
bitter_gourd,ampalaya_hybrid,dry,32.5,74.3,7.8,79.7,organic,4,732.6,100,83,26,1,25,16,0.616
squash,kalabasa_hybrid,dry,26.7,72.1,9.0,50.8,none,3,473.8,76,32,10,1,9,3,0.419
bitter_gourd,ampalaya_bilog,wet,29.8,82.9,5.7,61.8,mixed,5,217.0,32,6,2,1,2,0,0.609
squash,kalabasa_hybrid,dry,24.7,57.5,8.9,51.4,organic,4,301.8,52,31,9,0,6,4,0.526
cucumber,pipino,dry,28.7,58.2,7.7,56.1,none,4,478.7,77,32,18,0,18,9,0.397
cucumber,pipino_native,wet,29.0,71.0,5.0,54.0,none,4,231.3,47,20,8,0,8,3,0.474
sponge_gourd,patola_ridged,wet,26.4,76.8,5.8,71.2,chemical,4,375.3,64,42,16,0,13,5,0.459
cucumber,pipino_japanese,wet,26.7,75.2,5.4,66.3,mixed,3,488.7,82,68,30,1,26,18,0.601
cucumber,pipino_japanese,dry,34.9,71.9,9.9,62.0,chemical,3,171.4,22,30,14,1,10,2,0.441
bottle_gourd,upo_smooth,dry,25.5,71.5,7.8,56.1,organic,4,309.8,55,38,11,1,10,6,0.747
sponge_gourd,patola,wet,28.1,74.3,4.0,54.3,mixed,3,269.9,53,32,13,0,10,6,0.585
squash,kalabasa,wet,27.7,86.8,4.7,62.4,organic,5,826.8,100,106,30,1,27,20,0.732
cucumber,pipino_japanese,dry,32.7,57.0,9.8,52.5,none,3,447.7,76,44,20,0,18,5,0.302
cucumber,pipino_native,wet,31.5,83.3,6.8,69.0,none,3,505.3,86,59,30,0,30,12,0.372
squash,kalabasa_native,dry,27.8,62.6,8.3,75.8,organic,5,685.6,100,111,30,1,28,19,0.732
bottle_gourd,upo_smooth,dry,27.2,75.0,7.3,71.7,mixed,5,788.3,100,73,30,0,30,16,0.542
squash,kalabasa,dry,24.4,71.2,9.0,54.1,none,4,439.9,79,6,2,1,1,0,0.361
squash,kalabasa,wet,28.2,81.1,4.8,62.5,mixed,4,1115.2,100,90,30,1,29,17,0.641
sponge_gourd,patola,wet,27.3,70.7,5.7,53.4,none,3,594.2,100,45,22,1,21,7,0.391
cucumber,pipino_native,dry,27.9,60.3,9.8,72.9,mixed,5,224.4,37,37,16,1,12,6,0.668
squash,kalabasa_native,dry,33.8,63.1,8.6,57.1,organic,5,1049.3,100,83,30,0,30,15,0.521
squash,kalabasa_hybrid,wet,31.0,72.0,5.3,74.9,organic,4,510.3,88,62,18,1,17,13,0.651
cucumber,pipino_japanese,wet,26.6,75.4,5.1,52.3,chemical,3,277.6,37,33,15,1,12,6,0.481
bottle_gourd,upo_round,dry,29.6,61.0,7.5,72.3,mixed,4,384.9,62,14,4,1,1,1,0.632
cucumber,pipino,wet,31.2,70.2,6.2,54.7,mixed,4,270.7,43,19,12,1,9,3,0.504
cucumber,pipino_native,dry,34.6,71.5,7.3,72.9,chemical,4,335.4,62,70,30,0,29,12,0.397
squash,kalabasa_hybrid,wet,29.6,85.8,5.5,59.4,mixed,4,414.3,65,24,8,1,8,6,0.579
squash,kalabasa_hybrid,wet,31.4,70.3,5.4,50.8,none,3,774.4,100,80,21,0,21,7,0.391
bottle_gourd,upo_long,wet,27.1,87.9,5.4,60.8,none,4,495.5,84,30,13,0,13,3,0.411
bitter_gourd,ampalaya_hybrid,dry,26.7,56.9,8.7,65.4,mixed,4,314.6,60,21,7,0,3,1,0.491
bitter_gourd,ampalaya_bilog,wet,31.4,85.7,6.7,75.7,chemical,3,265.3,32,41,14,0,11,6,0.382
bottle_gourd,upo_round,wet,26.2,77.5,6.7,72.9,organic,4,283.0,47,17,6,0,6,5,0.568
cucumber,pipino_japanese,wet,30.7,88.3,5.1,55.9,mixed,3,287.7,41,48,27,0,25,13,0.435
cucumber,pipino_japanese,dry,29.0,69.1,9.3,73.1,chemical,2,73.7,6,2,1,1,1,0,0.433
bottle_gourd,upo_long,wet,28.9,74.1,4.9,61.7,organic,4,716.3,100,63,21,0,19,12,0.586
sponge_gourd,patola_ridged,dry,28.9,70.8,8.2,65.8,none,3,627.2,97,78,26,0,26,10,0.387
bitter_gourd,ampalaya_hybrid,dry,35.0,69.3,7.9,58.4,organic,5,662.7,100,95,30,0,30,15,0.565
cucumber,pipino_native,wet,29.3,85.3,5.8,60.6,organic,3,266.1,42,20,10,0,9,5,0.461
bottle_gourd,upo_smooth,wet,26.9,86.1,5.8,66.6,organic,5,814.1,100,83,30,1,28,23,0.733
bitter_gourd,ampalaya_bilog,dry,24.6,72.3,7.1,76.2,mixed,4,597.0,100,112,29,1,29,19,0.614
bitter_gourd,ampalaya_bilog,dry,31.1,62.4,9.4,52.3,organic,5,487.5,83,90,30,1,30,22,0.714
bitter_gourd,ampalaya_hybrid,dry,32.7,71.4,7.3,69.1,none,3,361.9,59,18,5,0,3,1,0.3
cucumber,pipino_japanese,wet,29.9,83.1,6.8,56.8,mixed,4,177.3,28,2,1,1,1,1,0.616
cucumber,pipino_native,dry,34.4,60.2,7.4,62.1,organic,4,180.3,41,10,5,1,5,4,0.575
sponge_gourd,patola_smooth,wet,31.0,73.9,4.9,74.6,none,4,805.1,100,78,30,0,30,12,0.318
bottle_gourd,upo_round,wet,27.1,86.0,6.4,53.3,chemical,4,689.3,100,67,24,0,24,13,0.479
sponge_gourd,patola,dry,28.3,56.3,7.2,54.3,organic,4,366.3,57,14,7,0,3,1,0.557
squash,kalabasa_hybrid,dry,30.2,71.5,9.3,56.5,chemical,2,350.2,50,60,20,1,16,9,0.452
bottle_gourd,upo_round,wet,26.5,71.7,5.7,52.3,none,3,557.2,94,28,8,0,6,3,0.376
cucumber,pipino_japanese,dry,24.3,69.0,9.6,62.8,mixed,5,129.4,19,2,1,1,1,0,0.739
bottle_gourd,upo_round,wet,27.1,77.2,4.5,54.3,chemical,3,363.2,58,42,16,1,13,8,0.496
bottle_gourd,upo_round,wet,30.1,72.0,6.2,59.8,mixed,4,797.9,100,68,30,0,30,17,0.54
sponge_gourd,patola_ridged,wet,29.9,78.1,6.4,75.6,mixed,3,442.6,79,34,13,0,12,5,0.524
bottle_gourd,upo_round,dry,25.9,63.3,7.9,68.7,chemical,3,347.3,52,8,4,0,3,0,0.364
bottle_gourd,upo_long,dry,34.0,55.5,7.6,65.3,none,4,587.3,97,27,12,0,12,6,0.36
squash,kalabasa_hybrid,wet,26.3,71.2,4.7,69.9,organic,5,609.0,100,88,25,1,22,17,0.739
bitter_gourd,ampalaya_bilog,wet,29.4,84.3,6.5,51.3,organic,4,547.6,92,85,30,0,30,13,0.512
bottle_gourd,upo_round,wet,28.5,76.4,4.6,69.9,chemical,3,255.6,35,3,1,1,1,0,0.547
squash,kalabasa_native,dry,34.1,70.4,7.1,61.0,organic,4,408.1,58,11,4,0,4,1,0.512
sponge_gourd,patola,dry,33.6,65.5,7.5,77.2,none,4,656.4,100,75,30,1,30,12,0.386
sponge_gourd,patola_smooth,wet,31.8,80.1,5.9,68.1,mixed,4,781.3,100,88,30,1,27,13,0.513
squash,kalabasa_hybrid,wet,30.9,78.4,6.7,59.9,mixed,5,599.8,93,67,23,1,20,15,0.647
bottle_gourd,upo_round,wet,28.4,70.9,5.6,74.0,organic,4,554.8,86,31,14,0,12,5,0.562
squash,kalabasa,dry,32.2,57.9,8.7,52.5,chemical,3,565.4,90,84,21,1,20,7,0.337
bitter_gourd,ampalaya_bilog,wet,26.4,88.1,6.3,64.1,mixed,3,346.5,55,45,13,1,11,7,0.565
bitter_gourd,ampalaya_oblong,wet,27.8,79.5,6.8,78.7,chemical,3,342.1,55,34,12,1,9,6,0.551
squash,kalabasa_hybrid,wet,28.0,70.4,6.7,62.4,none,4,696.2,100,43,17,0,15,5,0.337
bottle_gourd,upo_long,wet,28.6,82.0,5.8,51.8,organic,4,609.7,98,69,27,1,25,13,0.597
cucumber,pipino_native,dry,33.5,58.4,7.4,72.3,organic,4,371.3,66,24,12,1,9,4,0.558
sponge_gourd,patola,dry,31.5,73.6,9.3,67.2,organic,4,389.0,74,51,24,1,24,15,0.588
bottle_gourd,upo_long,wet,26.7,85.1,6.7,77.7,chemical,4,628.7,100,30,14,0,11,5,0.464
cucumber,pipino_japanese,dry,33.5,63.7,8.5,69.6,none,3,248.1,37,30,14,0,14,3,0.3
cucumber,pipino_native,dry,26.3,69.2,8.9,52.0,none,4,250.4,43,41,17,0,16,4,0.332
squash,kalabasa_native,wet,31.9,85.7,6.1,75.8,none,4,585.6,83,94,25,0,23,8,0.39
bottle_gourd,upo_smooth,dry,33.4,70.8,9.3,66.9,mixed,4,859.2,100,89,28,1,25,17,0.615
sponge_gourd,patola,dry,30.2,60.1,9.9,78.4,none,3,582.5,94,86,29,0,28,8,0.306
squash,kalabasa_hybrid,wet,27.2,84.1,4.8,71.5,mixed,4,636.7,100,107,30,1,28,17,0.583
cucumber,pipino_native,wet,30.8,82.7,6.2,55.2,mixed,5,453.8,74,58,26,0,23,13,0.561
squash,kalabasa_hybrid,wet,28.9,74.6,5.0,54.7,organic,4,405.1,62,39,10,1,6,6,0.747
bitter_gourd,ampalaya_oblong,wet,29.8,76.5,6.0,50.5,mixed,4,517.9,92,40,16,1,13,7,0.704
bitter_gourd,ampalaya_bilog,wet,31.8,87.5,4.3,78.2,chemical,3,442.4,75,50,19,1,16,5,0.429
sponge_gourd,patola_smooth,wet,27.2,77.0,5.6,67.3,none,4,541.7,92,59,22,1,19,9,0.569
bottle_gourd,upo_long,dry,28.3,55.1,8.9,68.2,organic,3,261.9,41,9,4,0,3,3,0.529
cucumber,pipino_japanese,dry,31.4,57.4,8.4,70.6,none,3,292.7,59,42,24,1,21,9,0.318
bottle_gourd,upo_long,wet,28.5,74.2,5.9,58.5,chemical,4,719.5,100,71,30,1,29,21,0.665
cucumber,pipino,wet,31.7,72.4,4.8,73.6,mixed,4,175.1,34,35,14,1,10,6,0.584
cucumber,pipino_native,dry,31.0,55.3,9.1,50.9,none,3,179.3,22,18,8,1,4,2,0.409
bitter_gourd,ampalaya_hybrid,dry,26.9,69.0,8.0,64.1,organic,4,379.3,63,50,15,0,11,7,0.517
sponge_gourd,patola_ridged,dry,30.8,62.1,9.9,55.7,chemical,3,498.4,85,33,16,0,16,8,0.39
sponge_gourd,patola,wet,27.7,86.0,5.9,53.5,mixed,4,439.2,70,56,21,1,19,11,0.643
squash,kalabasa_native,wet,31.1,90.0,6.7,59.4,mixed,3,281.0,53,3,1,1,1,0,0.486
bitter_gourd,ampalaya_oblong,wet,27.5,76.1,5.9,68.2,mixed,5,623.2,100,91,26,1,25,17,0.675
bitter_gourd,ampalaya_bilog,dry,24.8,72.8,9.1,58.3,organic,5,507.7,91,86,26,1,24,17,0.648
bitter_gourd,ampalaya_bilog,dry,29.8,69.9,8.3,50.7,none,3,198.4,31,3,1,1,1,0,0.492
bitter_gourd,ampalaya_hybrid,wet,29.1,70.6,6.7,67.4,organic,4,421.1,66,41,12,1,11,8,0.675
bottle_gourd,upo_round,dry,33.5,74.2,9.7,76.0,none,3,310.8,49,34,12,1,12,4,0.38
bitter_gourd,ampalaya_hybrid,dry,32.4,62.4,8.0,67.7,organic,4,221.2,36,15,5,0,3,2,0.425
cucumber,pipino,wet,31.3,89.7,4.6,64.0,chemical,5,226.2,43,20,11,0,10,7,0.551
squash,kalabasa,dry,29.5,64.2,8.8,64.1,none,4,600.6,100,17,5,0,3,1,0.467
squash,kalabasa,dry,32.7,64.3,7.7,71.9,chemical,4,662.3,100,91,23,1,21,11,0.581
squash,kalabasa_hybrid,dry,27.4,63.7,9.2,63.7,organic,4,712.7,100,99,29,0,29,17,0.563
sponge_gourd,patola_ridged,wet,30.3,77.6,6.0,69.6,chemical,3,434.8,76,45,17,1,13,9,0.509
cucumber,pipino,dry,29.0,59.4,8.7,63.0,organic,4,428.4,70,60,30,1,28,16,0.582
bottle_gourd,upo_smooth,wet,27.4,70.0,6.2,78.8,none,3,511.9,74,53,17,1,15,6,0.441
squash,kalabasa_hybrid,dry,29.5,64.1,7.5,62.1,none,4,747.0,100,76,20,0,16,10,0.5
bitter_gourd,ampalaya_oblong,wet,27.9,75.8,4.5,53.4,none,4,437.0,73,26,7,1,5,3,0.455
cucumber,pipino_native,dry,25.0,61.4,7.2,58.3,none,4,581.3,98,47,30,1,27,11,0.48
bitter_gourd,ampalaya_bilog,dry,32.1,56.1,8.3,70.8,mixed,4,612.5,100,85,30,1,30,21,0.642
cucumber,pipino,dry,32.5,67.7,8.4,65.1,chemical,4,229.4,37,21,9,0,7,5,0.38
bottle_gourd,upo_smooth,wet,28.8,74.7,7.0,76.3,organic,5,698.5,100,62,23,1,21,12,0.681
squash,kalabasa_native,wet,27.9,78.5,4.6,78.8,chemical,4,648.9,100,107,30,0,29,12,0.482
sponge_gourd,patola_ridged,wet,27.4,89.4,5.5,64.0,none,5,1110.1,100,60,30,1,29,15,0.443
bottle_gourd,upo_round,dry,31.1,66.0,9.2,65.3,chemical,3,511.2,89,38,11,1,7,4,0.486
bitter_gourd,ampalaya_bilog,dry,33.1,63.0,7.7,65.0,mixed,4,408.5,67,46,16,0,14,6,0.493
sponge_gourd,patola_smooth,dry,24.7,65.2,7.0,51.0,chemical,4,559.1,100,62,30,1,27,12,0.462
squash,kalabasa,dry,33.8,66.4,7.8,66.5,chemical,3,512.9,93,47,17,1,16,6,0.451
squash,kalabasa_native,wet,30.3,83.4,6.8,71.2,organic,5,1185.6,100,110,30,1,29,20,0.743
bitter_gourd,ampalaya_bilog,wet,28.1,84.8,6.1,78.1,mixed,4,252.3,47,27,7,1,5,5,0.565
squash,kalabasa,wet,29.5,76.8,5.0,59.6,organic,5,706.5,100,55,18,1,15,13,0.703
cucumber,pipino_japanese,wet,28.3,75.2,5.1,57.6,mixed,4,213.0,34,16,9,1,7,7,0.646
squash,kalabasa_hybrid,wet,27.8,81.1,5.4,66.4,organic,3,693.3,100,88,23,1,23,11,0.555
bitter_gourd,ampalaya_oblong,wet,28.2,84.7,5.9,68.1,chemical,3,475.3,83,105,27,1,23,6,0.368
squash,kalabasa_hybrid,dry,31.9,58.5,9.2,52.2,organic,5,680.3,100,40,14,1,12,6,0.652
bitter_gourd,ampalaya_hybrid,dry,32.3,60.2,9.7,79.3,none,4,323.1,48,12,3,1,2,2,0.468
bottle_gourd,upo_round,wet,28.9,85.4,6.8,60.9,chemical,3,625.4,100,93,27,1,24,12,0.478
cucumber,pipino_native,wet,30.9,70.6,4.6,58.2,mixed,4,581.6,98,68,30,1,28,16,0.575
bitter_gourd,ampalaya_oblong,dry,26.6,70.6,9.4,74.9,mixed,4,550.9,98,115,30,1,26,15,0.666
bitter_gourd,ampalaya_bilog,wet,29.4,71.0,6.6,78.2,organic,5,917.7,100,102,30,1,28,20,0.707
cucumber,pipino_japanese,dry,25.0,65.1,9.3,63.6,organic,5,369.7,61,57,23,1,22,15,0.749
bitter_gourd,ampalaya_hybrid,dry,31.5,72.9,7.3,70.5,mixed,5,611.4,100,66,24,1,24,15,0.655
cucumber,pipino_japanese,wet,27.2,82.5,5.3,60.6,chemical,3,111.9,16,18,8,0,6,1,0.472
bottle_gourd,upo_round,wet,27.7,71.1,4.7,63.4,chemical,4,613.9,100,67,24,1,22,12,0.563
bitter_gourd,ampalaya_hybrid,wet,29.3,90.0,5.2,53.1,organic,4,456.6,71,91,30,1,27,13,0.466
bitter_gourd,ampalaya_oblong,wet,28.5,79.0,6.0,59.7,mixed,4,303.4,56,25,9,0,5,4,0.49
bottle_gourd,upo_smooth,wet,29.3,88.1,6.0,67.2,mixed,4,410.2,81,17,6,1,5,2,0.526
bottle_gourd,upo_long,dry,33.3,71.7,7.3,54.9,chemical,3,384.8,63,13,5,1,1,0,0.488
cucumber,pipino_native,dry,30.4,55.2,8.4,76.0,chemical,3,154.3,27,22,9,0,8,1,0.431
sponge_gourd,patola_smooth,dry,27.2,61.3,7.7,76.5,none,3,372.4,69,55,27,1,24,7,0.358
bitter_gourd,ampalaya_oblong,wet,27.3,74.5,4.2,50.6,mixed,3,302.9,52,53,15,1,15,7,0.62
bitter_gourd,ampalaya_bilog,wet,27.4,75.7,5.1,56.4,organic,5,510.9,76,61,16,1,12,8,0.63
bottle_gourd,upo_round,dry,32.5,61.6,8.9,68.6,organic,5,443.7,82,20,6,0,6,3,0.667
cucumber,pipino_japanese,wet,26.9,87.2,6.1,75.4,organic,5,510.8,84,48,28,0,28,15,0.556
squash,kalabasa,wet,27.5,80.7,4.5,66.3,organic,5,939.5,100,115,30,0,26,14,0.609
squash,kalabasa,dry,24.3,72.6,8.8,69.2,organic,5,1299.4,100,116,30,1,30,20,0.702
bitter_gourd,ampalaya_bilog,wet,26.2,87.0,6.7,76.9,chemical,4,562.4,91,60,24,1,21,11,0.428
cucumber,pipino_japanese,dry,29.8,70.8,9.7,66.9,organic,4,200.0,30,34,15,1,14,9,0.693
bottle_gourd,upo_round,wet,28.8,71.2,4.3,73.8,mixed,4,642.0,100,53,25,1,25,13,0.599
bottle_gourd,upo_round,dry,24.4,72.4,7.2,56.5,mixed,4,502.4,82,72,21,1,17,11,0.657
bitter_gourd,ampalaya_hybrid,wet,28.0,72.9,5.9,69.1,chemical,4,448.1,69,70,18,0,14,8,0.486
bitter_gourd,ampalaya_oblong,dry,27.9,57.0,8.7,53.4,chemical,3,294.0,49,31,12,0,9,6,0.44
bottle_gourd,upo_long,dry,32.2,71.2,7.1,72.5,chemical,5,630.9,100,13,5,1,5,5,0.654
cucumber,pipino,dry,30.9,62.3,9.8,74.8,none,4,388.2,65,56,30,1,29,12,0.398
sponge_gourd,patola_smooth,wet,30.3,73.0,5.3,58.3,organic,4,469.2,80,44,18,0,14,6,0.538
cucumber,pipino_native,wet,28.5,74.2,6.0,64.0,organic,4,212.1,32,20,8,1,4,2,0.613
bottle_gourd,upo_long,wet,27.3,72.4,4.9,73.6,mixed,4,370.4,47,21,7,1,7,3,0.667
bottle_gourd,upo_smooth,dry,34.4,66.4,8.5,76.9,chemical,4,469.3,84,12,5,1,3,2,0.519
bottle_gourd,upo_long,dry,25.2,62.7,8.7,66.7,chemical,3,388.7,67,9,4,1,2,2,0.507
bottle_gourd,upo_long,dry,28.9,57.6,10.0,72.9,none,5,914.6,100,83,28,1,27,11,0.38
bitter_gourd,ampalaya_bilog,wet,26.9,76.3,5.7,69.4,none,4,439.6,70,53,18,0,17,9,0.472
bottle_gourd,upo_long,wet,31.0,77.2,4.3,54.5,chemical,4,715.3,100,48,19,1,16,8,0.45
bottle_gourd,upo_smooth,dry,27.5,72.2,9.4,57.9,mixed,4,771.5,100,58,28,1,28,16,0.576
cucumber,pipino_native,wet,27.4,81.8,4.0,79.1,mixed,4,339.1,58,37,18,1,16,10,0.648
sponge_gourd,patola,wet,27.1,83.4,4.6,60.1,organic,4,422.4,61,33,15,0,14,9,0.55
bottle_gourd,upo_long,wet,28.6,81.0,6.8,70.4,chemical,4,355.9,57,41,15,1,15,7,0.533
bitter_gourd,ampalaya_oblong,dry,29.8,67.2,9.7,59.5,organic,4,498.7,86,86,30,1,30,17,0.636
bitter_gourd,ampalaya_hybrid,wet,26.8,76.0,4.6,53.6,mixed,4,554.5,88,92,25,0,25,11,0.485
bitter_gourd,ampalaya_oblong,wet,27.1,74.1,5.1,54.5,mixed,3,525.7,83,69,23,1,21,11,0.598
cucumber,pipino,dry,32.4,63.1,7.4,51.6,organic,4,334.4,54,44,21,1,19,10,0.607
cucumber,pipino_native,wet,31.1,84.8,5.0,50.1,organic,4,342.1,60,27,14,1,10,8,0.584
bitter_gourd,ampalaya_bilog,dry,29.9,71.4,8.2,73.8,mixed,4,649.4,100,106,30,1,29,20,0.645
squash,kalabasa_hybrid,dry,26.4,67.2,8.0,74.8,organic,3,399.7,78,67,20,1,18,9,0.613
bottle_gourd,upo_smooth,wet,28.5,84.0,6.2,65.5,none,3,571.1,89,40,14,0,11,4,0.359
sponge_gourd,patola,dry,24.7,58.5,7.5,60.1,none,4,347.9,57,20,9,1,8,4,0.366
cucumber,pipino,dry,34.8,71.7,7.8,59.3,mixed,4,225.9,35,22,11,0,9,7,0.524
sponge_gourd,patola_ridged,dry,31.2,63.7,9.2,53.4,organic,4,798.9,100,70,30,1,28,18,0.655
bottle_gourd,upo_smooth,dry,24.9,71.5,7.2,61.1,mixed,3,517.9,87,55,20,0,17,8,0.477
bottle_gourd,upo_smooth,dry,27.0,58.4,7.9,73.9,organic,3,580.3,93,39,18,1,16,10,0.578
bitter_gourd,ampalaya_bilog,dry,24.9,71.3,9.5,77.1,chemical,2,222.3,29,27,9,1,7,1,0.461
cucumber,pipino_japanese,wet,27.1,75.2,4.5,60.4,none,3,255.8,38,31,16,1,15,8,0.422
cucumber,pipino_native,dry,35.0,68.2,7.5,61.7,mixed,4,505.8,83,52,30,1,29,18,0.616
sponge_gourd,patola_smooth,wet,31.9,81.4,6.0,70.7,none,3,560.3,92,36,17,1,16,6,0.421
cucumber,pipino_native,dry,25.7,63.8,7.4,54.4,organic,5,334.7,59,24,12,0,10,6,0.674
sponge_gourd,patola,wet,26.2,84.6,5.2,73.1,chemical,3,440.8,80,44,16,1,14,6,0.437
bottle_gourd,upo_smooth,dry,33.5,62.1,9.3,76.4,chemical,4,609.1,100,76,24,0,22,7,0.407
squash,kalabasa_hybrid,wet,30.1,76.7,6.6,55.0,mixed,4,877.6,100,81,30,1,30,18,0.68
bottle_gourd,upo_smooth,wet,26.9,82.2,5.2,59.7,chemical,4,618.2,100,90,27,1,27,12,0.492
cucumber,pipino_native,dry,29.1,71.4,7.6,53.9,mixed,4,195.8,34,16,8,0,8,6,0.593
sponge_gourd,patola_smooth,wet,29.8,85.9,6.0,59.0,chemical,4,322.8,57,22,9,1,8,2,0.498
sponge_gourd,patola_ridged,dry,29.6,65.3,9.3,69.5,chemical,3,224.5,40,23,9,0,5,3,0.42
bitter_gourd,ampalaya_oblong,dry,26.8,63.7,7.8,73.8,none,4,371.1,56,17,6,1,3,1,0.37
squash,kalabasa_hybrid,wet,28.0,77.4,5.0,74.5,none,4,824.1,100,48,15,1,12,4,0.461
sponge_gourd,patola_ridged,wet,31.8,87.4,5.0,50.3,mixed,4,307.8,58,47,16,0,12,6,0.578
cucumber,pipino_native,wet,27.8,81.4,4.3,73.2,chemical,4,292.9,49,35,16,0,16,9,0.469
bottle_gourd,upo_smooth,dry,34.9,56.5,8.3,62.6,none,3,478.2,80,40,18,0,17,7,0.387
bitter_gourd,ampalaya_bilog,dry,28.4,57.7,8.8,67.3,organic,4,759.8,100,105,30,0,27,13,0.529
squash,kalabasa_native,wet,27.1,73.5,6.7,61.8,mixed,4,352.2,67,22,6,0,3,0,0.524
cucumber,pipino_japanese,wet,26.3,84.4,4.8,76.0,mixed,5,708.5,100,47,30,0,27,16,0.551
sponge_gourd,patola_ridged,dry,30.4,61.0,9.9,52.5,none,4,564.9,87,61,30,1,29,10,0.42
bitter_gourd,ampalaya_oblong,dry,33.7,73.1,9.0,52.4,organic,5,657.1,100,112,30,0,30,17,0.557
bottle_gourd,upo_long,wet,30.0,70.9,4.3,62.7,chemical,3,611.8,100,50,15,1,14,6,0.471
cucumber,pipino_japanese,dry,30.3,71.7,8.1,65.9,chemical,4,351.2,56,43,25,1,21,13,0.562
bottle_gourd,upo_smooth,wet,28.3,84.0,5.8,61.2,organic,5,717.3,100,71,30,0,30,16,0.539
cucumber,pipino_japanese,wet,27.2,72.7,5.6,65.9,organic,4,481.7,69,63,30,1,30,18,0.673
sponge_gourd,patola_smooth,dry,27.6,68.4,8.1,64.9,mixed,4,397.2,71,44,16,0,13,9,0.541
bitter_gourd,ampalaya_bilog,wet,26.7,75.1,5.6,75.4,none,4,301.0,52,12,3,1,3,0,0.458
squash,kalabasa_native,dry,32.0,65.6,8.8,51.2,organic,3,636.9,100,57,19,1,15,6,0.528
squash,kalabasa,dry,33.2,57.7,7.7,62.6,none,2,214.2,33,19,6,0,2,0,0.319
bottle_gourd,upo_round,wet,26.4,77.9,5.0,62.1,none,4,559.1,90,42,19,1,18,9,0.476
sponge_gourd,patola_smooth,dry,29.4,71.7,7.9,66.1,mixed,4,317.6,64,24,8,1,7,3,0.573
sponge_gourd,patola_ridged,dry,31.4,59.4,8.1,76.8,none,3,382.8,72,45,15,1,15,6,0.408
bottle_gourd,upo_long,dry,26.5,67.3,8.6,61.1,chemical,4,978.0,100,74,30,0,29,16,0.604
cucumber,pipino_japanese,wet,26.7,88.0,5.7,63.7,organic,3,464.2,73,49,24,1,20,13,0.557
cucumber,pipino_native,wet,30.4,77.6,5.0,52.0,organic,4,119.7,16,13,6,0,6,5,0.567
bitter_gourd,ampalaya_hybrid,dry,32.3,73.3,7.6,56.2,chemical,4,475.3,83,63,24,1,22,12,0.515
sponge_gourd,patola_ridged,wet,30.3,85.6,4.3,57.7,organic,4,319.6,52,43,16,0,12,5,0.554
cucumber,pipino_native,dry,24.8,71.0,7.6,55.2,mixed,4,576.6,89,41,27,1,27,15,0.626
squash,kalabasa_hybrid,wet,28.6,85.6,6.5,71.8,none,4,627.1,99,65,20,0,16,7,0.396
bitter_gourd,ampalaya_hybrid,wet,30.6,78.3,6.6,66.0,none,3,222.3,42,35,10,1,9,4,0.435
bitter_gourd,ampalaya_oblong,wet,26.4,82.6,4.1,70.0,chemical,4,393.8,64,46,12,0,12,6,0.42
bottle_gourd,upo_smooth,wet,28.7,71.3,5.1,66.2,mixed,4,472.1,83,61,18,1,18,9,0.545
cucumber,pipino_japanese,dry,25.6,56.3,9.7,66.4,mixed,4,405.6,62,51,25,1,22,13,0.584
bitter_gourd,ampalaya_oblong,wet,27.6,70.1,6.3,50.3,chemical,4,387.0,61,44,16,1,16,8,0.54
bottle_gourd,upo_smooth,dry,26.9,72.5,9.0,66.7,mixed,5,619.0,100,71,23,0,19,11,0.606
bottle_gourd,upo_smooth,dry,28.0,63.0,9.6,69.6,mixed,3,390.4,59,11,5,0,1,0,0.477
squash,kalabasa_hybrid,wet,29.5,81.4,5.7,50.4,none,4,787.7,100,81,27,1,27,12,0.486
sponge_gourd,patola,dry,31.6,68.4,9.1,64.6,mixed,4,310.4,39,32,11,0,8,3,0.586
cucumber,pipino,wet,28.2,83.1,4.6,71.4,mixed,4,199.8,36,14,8,1,4,0,0.563
bottle_gourd,upo_long,dry,30.2,68.6,9.5,78.5,mixed,4,352.2,53,17,8,1,8,2,0.479
bitter_gourd,ampalaya_oblong,wet,27.8,73.2,4.1,58.4,chemical,4,581.6,91,113,30,1,28,14,0.49
sponge_gourd,patola_ridged,wet,30.9,80.0,5.7,59.2,organic,4,399.1,55,22,10,0,6,5,0.619
sponge_gourd,patola_smooth,wet,27.7,81.8,4.6,60.1,mixed,4,419.3,74,47,23,0,23,13,0.542
cucumber,pipino_native,wet,31.8,88.0,4.7,70.0,organic,4,635.1,100,51,30,0,26,13,0.502
sponge_gourd,patola,wet,26.1,79.4,5.9,51.1,chemical,4,290.6,41,23,9,1,9,6,0.648
bottle_gourd,upo_smooth,wet,27.0,72.5,6.8,65.4,chemical,4,646.6,100,50,17,1,16,5,0.44
bitter_gourd,ampalaya_hybrid,wet,27.8,76.3,6.2,67.4,mixed,4,674.8,100,83,30,1,29,15,0.594
bottle_gourd,upo_round,wet,30.5,90.0,5.3,59.2,chemical,4,335.4,60,26,8,1,5,5,0.565
sponge_gourd,patola_ridged,dry,24.2,74.6,9.4,59.4,mixed,4,724.8,100,82,30,0,26,14,0.629
sponge_gourd,patola_smooth,dry,27.5,62.9,9.4,54.9,organic,3,274.8,42,20,8,0,5,3,0.514
bottle_gourd,upo_round,wet,31.4,79.4,4.8,70.2,mixed,5,627.3,100,26,9,0,8,6,0.605
bottle_gourd,upo_smooth,dry,31.4,59.8,9.0,53.7,organic,3,394.7,66,38,12,1,8,3,0.537
bottle_gourd,upo_round,dry,30.6,69.6,8.9,69.5,none,3,318.5,56,3,1,0,1,1,0.456
sponge_gourd,patola_smooth,wet,28.5,74.4,5.8,55.0,organic,4,221.6,39,18,6,0,5,5,0.611
bottle_gourd,upo_smooth,dry,28.0,60.1,9.4,52.7,none,3,537.0,93,49,19,1,19,7,0.423
bitter_gourd,ampalaya_oblong,dry,34.0,58.9,7.3,76.4,none,4,429.6,64,80,23,1,19,9,0.436
bitter_gourd,ampalaya_hybrid,wet,29.0,87.8,4.6,74.7,organic,4,698.3,100,67,26,1,23,15,0.689
bitter_gourd,ampalaya_oblong,dry,34.7,56.2,7.1,76.8,organic,5,799.6,100,109,30,1,26,18,0.642
bitter_gourd,ampalaya_bilog,wet,30.5,85.5,5.5,76.9,chemical,4,267.0,35,29,9,0,8,3,0.437
cucumber,pipino_japanese,dry,27.9,70.0,8.3,60.6,mixed,5,487.5,82,65,30,1,28,20,0.662
cucumber,pipino,wet,29.9,89.1,6.9,63.7,organic,3,253.3,39,46,24,1,20,10,0.413
squash,kalabasa_hybrid,wet,29.3,75.0,4.5,75.3,none,4,502.1,81,43,11,1,7,2,0.512
squash,kalabasa_native,wet,29.7,82.9,4.4,64.2,mixed,4,421.3,71,27,10,1,7,3,0.573
sponge_gourd,patola,dry,34.6,55.6,7.0,55.1,mixed,4,547.6,91,42,17,0,14,6,0.526
sponge_gourd,patola,wet,26.1,79.1,4.9,68.8,none,3,384.6,53,40,15,1,12,5,0.41
bottle_gourd,upo_smooth,dry,33.0,66.4,8.7,63.4,chemical,3,543.3,81,28,12,1,10,5,0.459
sponge_gourd,patola,dry,32.8,59.9,9.3,55.1,mixed,5,341.6,52,15,5,1,2,0,0.591
sponge_gourd,patola,dry,29.0,68.1,8.8,66.6,organic,5,384.2,64,10,5,0,1,1,0.599
bottle_gourd,upo_round,dry,26.3,72.5,8.5,58.6,organic,4,605.4,100,48,15,0,12,5,0.506
squash,kalabasa_hybrid,wet,26.4,71.2,4.4,66.5,none,4,843.9,100,58,17,0,13,4,0.345
squash,kalabasa_native,dry,26.2,67.7,9.5,73.3,chemical,3,382.4,61,23,9,1,6,2,0.409
cucumber,pipino,wet,30.1,86.9,5.6,64.3,organic,4,152.9,27,12,7,1,3,1,0.556
bitter_gourd,ampalaya_bilog,dry,29.1,68.0,8.4,53.7,mixed,5,616.4,100,83,30,0,29,16,0.556
sponge_gourd,patola_ridged,wet,29.9,72.4,6.5,75.8,mixed,4,520.4,86,32,14,0,12,6,0.562
bottle_gourd,upo_round,dry,31.2,67.2,7.0,69.5,organic,5,814.5,100,78,30,0,29,19,0.636
sponge_gourd,patola_smooth,dry,27.3,69.7,9.6,76.7,organic,4,698.8,100,77,30,1,28,19,0.647
bottle_gourd,upo_round,wet,30.4,79.1,5.2,57.4,organic,5,719.6,100,26,9,0,5,4,0.565
sponge_gourd,patola_ridged,dry,29.6,57.9,9.9,68.1,chemical,3,136.3,16,3,1,1,1,0,0.35
cucumber,pipino_native,wet,26.2,89.6,6.7,52.3,none,4,252.7,42,2,1,0,1,0,0.421
sponge_gourd,patola_smooth,wet,28.0,81.2,6.9,77.0,chemical,3,348.6,63,55,25,1,21,12,0.578
cucumber,pipino_native,dry,27.2,55.2,7.4,66.6,mixed,5,476.1,72,59,30,1,27,21,0.728
squash,kalabasa_native,wet,30.0,76.0,4.3,59.7,chemical,4,411.9,69,39,14,1,10,4,0.536
sponge_gourd,patola_smooth,wet,30.2,70.1,5.1,61.0,chemical,4,511.7,89,27,13,1,12,4,0.453
squash,kalabasa,wet,28.4,76.8,4.3,67.4,none,3,288.8,45,30,10,1,9,2,0.429
cucumber,pipino,dry,32.2,56.6,9.1,78.3,none,4,451.4,70,51,21,1,21,6,0.38
cucumber,pipino,wet,28.1,75.5,6.5,79.5,chemical,4,205.2,36,22,9,0,9,3,0.451
cucumber,pipino_japanese,dry,32.9,60.1,9.7,54.1,mixed,4,293.1,49,39,18,1,14,7,0.599
bitter_gourd,ampalaya_bilog,wet,27.4,84.9,4.5,64.6,mixed,4,687.3,100,90,27,1,25,17,0.681
cucumber,pipino_japanese,dry,30.0,61.4,9.1,72.1,organic,5,627.0,100,47,30,0,30,15,0.537
squash,kalabasa,dry,25.4,68.5,9.7,55.5,organic,4,371.2,61,36,9,1,9,7,0.616
sponge_gourd,patola,dry,34.0,72.1,8.0,79.6,chemical,4,195.1,27,3,1,1,1,1,0.568
cucumber,pipino,wet,30.9,74.4,5.9,71.7,none,3,388.4,63,54,22,1,19,5,0.385
bitter_gourd,ampalaya_hybrid,wet,29.8,72.9,6.1,50.8,none,3,336.1,55,85,23,1,23,7,0.39
cucumber,pipino,wet,26.8,84.5,4.5,70.6,mixed,4,130.1,27,12,5,0,1,1,0.596
bottle_gourd,upo_long,dry,26.4,66.5,7.6,51.0,mixed,5,422.9,73,26,11,1,9,6,0.643
bottle_gourd,upo_smooth,dry,25.4,69.0,7.3,70.9,none,4,538.6,93,23,7,0,3,2,0.323
bitter_gourd,ampalaya_oblong,wet,28.5,83.3,6.6,79.6,none,4,362.0,62,42,11,1,8,4,0.351
bitter_gourd,ampalaya_bilog,wet,30.4,86.3,5.5,69.7,chemical,4,703.5,100,102,30,1,30,16,0.544
sponge_gourd,patola_ridged,wet,28.8,82.2,4.0,70.2,organic,5,324.5,51,28,11,1,7,5,0.762
cucumber,pipino_native,wet,29.0,84.3,5.3,69.4,organic,4,461.4,77,56,30,0,29,15,0.491
cucumber,pipino,wet,31.3,76.5,4.3,62.9,none,3,108.9,11,7,4,1,1,0,0.44
bitter_gourd,ampalaya_oblong,wet,31.1,74.7,4.6,54.5,chemical,4,260.7,36,3,1,1,1,1,0.54
bottle_gourd,upo_long,wet,29.0,89.8,5.3,66.8,mixed,3,451.0,69,22,9,1,5,5,0.559
cucumber,pipino_native,dry,26.8,56.5,7.3,73.0,mixed,3,154.2,27,23,10,1,8,3,0.55
bitter_gourd,ampalaya_oblong,wet,28.3,84.2,5.8,59.6,chemical,3,254.7,37,47,14,0,12,7,0.381
sponge_gourd,patola_smooth,dry,28.9,56.3,8.6,54.6,none,4,380.3,58,39,14,1,13,6,0.381
bitter_gourd,ampalaya_oblong,wet,28.7,89.6,6.4,73.7,mixed,4,346.4,61,75,19,1,16,9,0.598
bitter_gourd,ampalaya_bilog,wet,29.6,79.5,6.3,61.8,mixed,5,914.8,100,120,30,1,27,17,0.714
cucumber,pipino_native,wet,27.1,81.9,4.6,51.3,chemical,3,188.7,34,18,12,1,11,3,0.493
squash,kalabasa,wet,30.9,80.8,4.8,63.4,organic,4,895.9,100,114,30,0,26,12,0.524
bottle_gourd,upo_smooth,dry,25.2,59.8,9.6,78.6,organic,4,577.4,87,43,21,1,21,12,0.595
cucumber,pipino,wet,29.5,80.9,5.5,50.1,none,4,281.8,36,20,12,0,10,3,0.45
bottle_gourd,upo_round,dry,32.7,65.0,9.9,53.7,none,4,440.3,73,11,4,0,1,1,0.444
cucumber,pipino_native,dry,25.6,64.5,7.1,57.1,chemical,4,223.4,29,14,7,1,3,3,0.581
bottle_gourd,upo_smooth,wet,26.9,78.2,6.4,68.7,chemical,3,447.5,73,76,28,0,27,12,0.452
bitter_gourd,ampalaya_bilog,dry,30.3,72.3,8.8,69.7,organic,4,327.9,60,25,8,1,5,2,0.719
cucumber,pipino,wet,29.1,71.3,4.1,69.5,organic,3,137.7,34,18,8,0,6,3,0.552
cucumber,pipino,dry,32.0,69.3,8.2,54.5,mixed,4,651.2,100,63,30,0,30,20,0.603
bitter_gourd,ampalaya_hybrid,dry,31.0,61.8,7.3,74.7,none,3,237.9,42,40,14,1,11,5,0.483
sponge_gourd,patola_ridged,wet,31.4,82.5,5.1,58.1,chemical,4,391.0,69,52,19,0,17,10,0.462
bottle_gourd,upo_round,dry,32.7,60.7,9.2,55.3,chemical,3,551.1,95,38,17,1,15,7,0.445
bitter_gourd,ampalaya_oblong,dry,33.8,61.5,7.4,79.7,organic,3,421.6,69,56,15,1,11,6,0.599
bitter_gourd,ampalaya_bilog,wet,31.4,88.0,6.6,69.7,mixed,4,463.7,73,83,27,1,27,16,0.505
bitter_gourd,ampalaya_hybrid,wet,31.7,80.7,6.3,67.7,mixed,3,282.4,54,21,7,0,5,3,0.476
sponge_gourd,patola_smooth,wet,29.3,85.7,6.6,73.4,chemical,3,533.2,86,54,20,0,19,10,0.453
bottle_gourd,upo_round,dry,24.1,73.5,8.4,78.1,mixed,2,292.2,42,42,12,0,10,3,0.428
bottle_gourd,upo_round,wet,27.7,74.1,6.7,67.0,none,3,265.3,35,21,10,1,7,3,0.384
bitter_gourd,ampalaya_oblong,dry,28.8,65.8,7.1,59.7,chemical,3,440.2,68,71,20,1,17,8,0.597
bottle_gourd,upo_smooth,wet,26.6,85.3,6.3,64.8,chemical,4,892.6,100,69,30,0,27,14,0.503
squash,kalabasa_native,dry,33.0,70.3,8.4,75.2,chemical,4,415.6,61,42,15,1,14,4,0.435
bitter_gourd,ampalaya_oblong,wet,30.9,87.6,4.3,62.3,organic,5,516.1,85,62,20,0,18,12,0.549
squash,kalabasa,dry,34.7,61.9,9.9,68.6,organic,4,603.4,99,90,27,1,26,14,0.559
sponge_gourd,patola,dry,29.7,70.8,7.4,53.8,organic,4,372.2,71,43,20,0,19,13,0.664
squash,kalabasa_native,wet,27.4,84.7,5.4,77.0,organic,4,1022.3,100,110,30,0,29,16,0.473
sponge_gourd,patola,wet,29.1,81.2,4.0,72.1,chemical,3,231.6,40,10,4,1,3,2,0.584
squash,kalabasa,wet,26.3,79.4,4.3,78.1,none,3,440.3,70,19,6,0,6,0,0.377
cucumber,pipino_native,wet,26.8,81.6,4.8,68.2,chemical,4,351.6,51,31,20,1,19,8,0.539
bottle_gourd,upo_smooth,wet,27.2,80.6,6.1,76.5,chemical,3,635.2,100,70,20,1,16,8,0.539
sponge_gourd,patola_smooth,dry,27.3,73.9,8.9,78.4,chemical,3,174.5,33,19,7,0,3,0,0.524
bottle_gourd,upo_smooth,wet,28.7,88.1,4.4,79.6,none,3,357.4,63,34,13,1,11,2,0.348
bitter_gourd,ampalaya_bilog,wet,29.2,86.4,6.0,53.4,organic,4,592.1,94,89,28,1,24,18,0.649
bitter_gourd,ampalaya_oblong,dry,26.3,55.6,8.8,77.1,mixed,4,436.0,67,43,12,1,10,3,0.452
bottle_gourd,upo_round,wet,29.1,80.3,5.3,65.7,organic,4,1070.0,100,73,30,1,28,17,0.559
sponge_gourd,patola_smooth,wet,28.6,75.2,6.3,68.3,organic,3,280.3,55,38,15,1,13,8,0.639
bitter_gourd,ampalaya_hybrid,wet,29.7,73.3,5.4,57.3,mixed,4,638.2,100,86,30,0,26,15,0.566
sponge_gourd,patola_smooth,wet,29.5,73.9,6.9,67.3,organic,4,491.7,83,60,25,0,25,13,0.573
sponge_gourd,patola_ridged,wet,29.2,73.5,6.6,51.5,mixed,4,273.3,39,19,7,0,3,1,0.611
bitter_gourd,ampalaya_hybrid,wet,30.6,84.1,5.5,62.5,none,4,511.0,84,47,13,1,10,7,0.478
sponge_gourd,patola_smooth,dry,24.6,71.5,9.3,63.5,mixed,5,520.0,85,65,24,1,21,14,0.686
bottle_gourd,upo_smooth,wet,29.5,72.5,5.9,59.5,organic,4,801.9,100,74,24,0,21,10,0.588
bitter_gourd,ampalaya_bilog,dry,31.5,61.1,8.4,59.2,organic,4,770.9,100,109,30,1,30,16,0.574
squash,kalabasa,dry,25.8,73.2,8.9,65.2,chemical,3,568.6,100,47,17,0,16,5,0.387
bottle_gourd,upo_long,dry,31.2,55.6,9.6,76.4,mixed,4,409.3,62,3,1,1,1,1,0.72
cucumber,pipino,dry,31.1,72.1,7.9,70.0,mixed,4,221.0,32,47,19,1,17,11,0.574
cucumber,pipino_japanese,dry,24.9,55.2,7.0,67.6,organic,4,201.1,37,21,9,0,6,2,0.616
cucumber,pipino,wet,27.4,81.1,4.8,59.6,chemical,4,293.8,49,32,21,1,17,10,0.472
bottle_gourd,upo_round,dry,32.7,74.2,9.1,71.5,mixed,5,488.6,76,12,6,1,2,2,0.6
bottle_gourd,upo_smooth,wet,28.8,85.8,6.9,61.0,organic,4,896.3,100,65,30,0,29,15,0.438
bottle_gourd,upo_round,dry,31.0,61.4,7.3,79.9,chemical,4,468.4,82,42,13,1,12,9,0.587
squash,kalabasa_native,wet,28.0,71.3,5.2,77.5,organic,4,578.4,100,82,24,1,24,14,0.616
cucumber,pipino,wet,31.6,81.4,4.6,57.7,chemical,5,241.5,32,42,20,1,20,12,0.625
squash,kalabasa_native,dry,33.5,55.0,7.2,61.1,organic,4,401.3,72,22,8,1,4,4,0.585
cucumber,pipino_native,dry,25.7,67.9,7.6,63.4,mixed,4,251.3,45,44,21,1,20,15,0.646
bitter_gourd,ampalaya_hybrid,wet,28.0,85.5,5.1,72.6,chemical,5,711.5,100,86,28,0,28,13,0.474
sponge_gourd,patola_ridged,wet,29.7,77.2,6.5,54.5,chemical,4,435.9,74,57,19,1,18,9,0.585
sponge_gourd,patola,wet,28.4,71.3,6.9,76.6,none,4,434.6,71,69,28,1,25,14,0.487
sponge_gourd,patola_ridged,dry,33.0,64.0,8.9,79.3,none,4,609.6,100,56,26,1,24,12,0.415
squash,kalabasa_hybrid,wet,29.9,87.3,6.2,64.3,organic,3,200.7,38,17,5,0,2,0,0.458
bitter_gourd,ampalaya_bilog,dry,34.5,63.7,8.9,58.4,none,3,421.1,66,60,23,1,20,8,0.402
squash,kalabasa_hybrid,wet,29.0,88.5,5.9,77.5,chemical,3,319.0,56,11,3,0,3,0,0.333
squash,kalabasa_hybrid,wet,31.4,84.5,5.4,74.3,chemical,3,326.3,57,4,1,1,1,0,0.569
sponge_gourd,patola,wet,30.4,79.2,4.9,78.6,chemical,3,275.5,43,12,5,1,1,1,0.539
sponge_gourd,patola_smooth,wet,28.9,81.3,5.3,74.7,organic,5,323.9,57,17,6,0,5,4,0.64
bitter_gourd,ampalaya_oblong,wet,26.8,81.2,5.0,67.0,none,3,339.5,53,48,19,0,19,8,0.432
cucumber,pipino_japanese,wet,28.3,89.9,6.5,78.3,organic,4,214.2,35,11,6,1,3,3,0.533
cucumber,pipino,dry,24.6,70.2,8.6,66.9,organic,5,626.8,100,74,30,1,26,20,0.727
bottle_gourd,upo_round,wet,29.5,80.3,4.3,79.9,mixed,4,527.1,93,43,15,0,11,5,0.538
sponge_gourd,patola_ridged,wet,27.6,82.7,5.5,57.8,none,4,516.0,89,60,23,1,21,10,0.419
squash,kalabasa_hybrid,dry,29.4,58.4,7.7,62.4,mixed,5,420.7,71,48,13,0,9,3,0.568
cucumber,pipino,dry,30.8,70.6,8.9,50.8,chemical,3,300.3,58,45,24,1,22,9,0.378
bitter_gourd,ampalaya_oblong,wet,29.7,83.0,5.9,73.3,mixed,4,625.3,100,86,27,0,26,11,0.43
squash,kalabasa_native,dry,29.8,66.3,7.9,73.0,none,3,849.1,100,73,21,1,21,7,0.42
sponge_gourd,patola_ridged,dry,30.5,70.2,7.3,77.0,organic,4,495.3,75,29,13,0,9,5,0.567
squash,kalabasa_native,dry,27.5,71.1,8.0,65.6,chemical,4,567.7,97,52,13,1,10,5,0.471
sponge_gourd,patola_smooth,dry,25.1,59.0,7.8,58.9,mixed,4,284.9,47,14,5,1,5,5,0.608
sponge_gourd,patola_ridged,dry,32.1,65.0,8.8,74.0,organic,3,252.1,38,40,16,1,14,10,0.634
sponge_gourd,patola_smooth,dry,27.8,58.1,9.9,61.2,chemical,3,265.1,43,26,10,1,10,5,0.466
bottle_gourd,upo_long,dry,29.1,69.4,8.1,69.0,chemical,3,393.8,72,39,13,0,9,6,0.494
squash,kalabasa_hybrid,dry,29.5,62.4,7.6,58.7,mixed,4,268.4,48,26,7,1,5,3,0.507
bottle_gourd,upo_smooth,wet,31.1,78.0,4.4,72.9,mixed,4,745.3,100,59,20,1,18,13,0.672
bottle_gourd,upo_smooth,wet,29.7,70.1,5.2,58.1,none,4,564.2,98,51,21,0,18,10,0.451
bitter_gourd,ampalaya_bilog,wet,26.3,80.2,5.4,57.3,organic,4,561.8,96,107,30,1,30,16,0.561
bitter_gourd,ampalaya_bilog,wet,30.1,87.2,5.3,50.1,chemical,4,215.5,43,7,2,1,1,0,0.526
sponge_gourd,patola,wet,27.2,88.2,4.6,70.0,mixed,4,617.1,100,59,23,0,23,9,0.433
bottle_gourd,upo_smooth,wet,29.2,77.1,5.5,70.2,organic,4,753.4,100,89,30,0,30,18,0.612
sponge_gourd,patola_smooth,dry,34.2,57.8,7.7,74.9,chemical,4,812.3,100,85,30,0,30,10,0.415
squash,kalabasa,wet,30.7,85.6,6.4,78.1,mixed,4,507.4,83,44,13,1,10,4,0.632
cucumber,pipino_japanese,dry,29.6,63.9,8.5,74.0,chemical,4,449.5,77,65,30,1,28,19,0.628
squash,kalabasa,wet,27.6,79.1,5.0,67.1,none,4,480.2,80,10,3,1,3,2,0.44
squash,kalabasa,wet,29.0,84.9,5.0,78.4,organic,4,537.4,92,34,11,1,7,4,0.593
cucumber,pipino,wet,30.4,87.3,4.4,64.3,chemical,4,133.5,28,8,5,1,3,0,0.548
squash,kalabasa_native,dry,32.5,72.0,9.2,74.7,mixed,5,582.7,94,91,23,1,22,14,0.558
squash,kalabasa,dry,24.3,67.5,9.2,50.6,none,3,382.4,65,53,14,0,14,6,0.3
bottle_gourd,upo_smooth,wet,31.1,87.3,6.3,64.8,chemical,3,398.0,68,68,22,1,20,8,0.472
bottle_gourd,upo_smooth,dry,33.9,61.1,8.5,51.1,mixed,3,456.8,77,41,13,0,13,5,0.433
sponge_gourd,patola_smooth,wet,28.7,76.6,6.4,54.3,none,2,329.6,43,44,16,1,15,5,0.476
bitter_gourd,ampalaya_hybrid,dry,28.9,55.1,8.9,73.1,none,4,418.8,70,29,9,0,8,1,0.353
sponge_gourd,patola_ridged,wet,28.1,85.0,6.1,71.5,mixed,4,478.6,81,61,22,1,22,15,0.674
cucumber,pipino,dry,25.3,63.3,7.6,58.1,mixed,3,493.1,85,56,28,1,26,16,0.553
cucumber,pipino_japanese,dry,32.9,68.1,9.9,67.7,chemical,3,531.9,90,45,29,1,29,14,0.5
sponge_gourd,patola_ridged,dry,29.7,63.8,8.0,68.6,none,4,451.4,73,43,16,1,15,8,0.397
squash,kalabasa,wet,28.5,74.7,6.0,71.8,none,4,478.5,85,3,1,1,1,0,0.482
sponge_gourd,patola_smooth,dry,29.9,74.1,9.6,78.1,organic,4,688.8,100,76,27,0,23,12,0.529
bottle_gourd,upo_round,wet,26.8,77.1,6.7,71.8,mixed,5,345.8,58,6,2,0,1,1,0.556
bitter_gourd,ampalaya_hybrid,dry,30.7,58.8,8.5,76.2,organic,5,496.1,88,87,30,1,28,21,0.704
bottle_gourd,upo_round,wet,29.6,84.7,4.2,73.3,chemical,4,589.9,90,104,30,1,29,15,0.54
cucumber,pipino,dry,30.6,67.2,9.9,65.8,chemical,3,136.8,22,12,6,0,4,0,0.473
cucumber,pipino_native,dry,28.4,62.3,7.3,60.9,mixed,4,253.3,35,6,3,0,1,1,0.521
bitter_gourd,ampalaya_oblong,dry,27.1,56.9,9.0,71.3,none,4,452.8,77,44,13,0,13,3,0.382
cucumber,pipino_japanese,dry,31.4,59.5,9.1,75.1,chemical,3,207.5,33,2,1,1,1,0,0.481
squash,kalabasa_native,wet,28.8,73.1,4.9,75.7,organic,4,621.4,100,90,28,1,24,17,0.687
bitter_gourd,ampalaya_oblong,dry,33.9,57.0,9.4,71.5,mixed,3,340.9,57,79,20,1,19,11,0.548
squash,kalabasa_hybrid,wet,28.9,80.0,5.5,66.6,mixed,4,627.7,97,74,26,1,22,16,0.621
sponge_gourd,patola_smooth,dry,34.4,61.7,8.6,62.9,chemical,3,377.3,62,46,17,1,14,4,0.391
bitter_gourd,ampalaya_bilog,dry,24.9,63.2,9.6,74.2,none,2,341.7,60,43,14,0,14,4,0.311
cucumber,pipino_native,wet,31.7,79.4,6.3,58.0,none,4,324.2,53,35,20,1,16,8,0.477
cucumber,pipino_japanese,wet,28.4,79.2,4.6,51.1,chemical,2,143.6,16,8,4,0,2,2,0.326
bitter_gourd,ampalaya_hybrid,dry,29.0,67.1,7.2,57.5,mixed,4,644.2,100,108,30,1,28,18,0.638
bitter_gourd,ampalaya_oblong,wet,29.5,87.8,6.9,57.0,mixed,4,305.0,52,28,7,1,5,2,0.549
cucumber,pipino_native,wet,26.6,70.5,5.6,50.5,mixed,4,320.3,53,46,25,0,22,12,0.57
bottle_gourd,upo_smooth,dry,25.6,67.8,10.0,67.1,none,4,769.1,100,43,20,0,20,5,0.351
sponge_gourd,patola_smooth,dry,28.9,72.5,7.2,65.4,mixed,3,224.6,36,9,4,1,1,1,0.476
bitter_gourd,ampalaya_bilog,dry,30.7,64.9,9.4,58.6,organic,4,390.8,69,50,20,1,17,10,0.64
bitter_gourd,ampalaya_bilog,wet,31.4,74.7,5.0,76.4,chemical,4,417.3,68,23,9,1,9,3,0.541
sponge_gourd,patola,dry,30.7,61.5,9.8,63.4,chemical,4,918.0,100,82,30,0,29,11,0.424
squash,kalabasa_native,dry,30.5,74.7,9.9,78.2,organic,4,351.2,55,13,4,0,4,2,0.582
squash,kalabasa_native,wet,30.7,72.2,6.3,61.1,chemical,4,705.5,100,76,21,0,20,8,0.516
squash,kalabasa_native,wet,28.6,90.0,6.5,54.2,organic,4,603.8,96,78,21,1,19,9,0.52
cucumber,pipino_native,wet,27.1,84.6,5.3,72.0,none,4,373.5,66,57,30,1,30,9,0.3
cucumber,pipino,wet,29.8,85.4,5.4,62.6,organic,5,343.8,58,65,29,1,29,19,0.615
sponge_gourd,patola_smooth,wet,31.8,71.7,4.0,75.8,mixed,3,464.4,77,39,17,1,15,8,0.543
bitter_gourd,ampalaya_oblong,dry,27.2,60.7,8.9,51.8,chemical,3,260.8,38,56,17,1,14,6,0.532
cucumber,pipino,dry,32.0,61.0,8.4,70.5,none,4,385.6,57,44,25,0,21,7,0.365
squash,kalabasa_native,dry,30.5,62.4,7.4,68.4,organic,3,584.1,100,80,23,0,20,10,0.47
bitter_gourd,ampalaya_hybrid,wet,27.0,76.6,6.5,61.0,organic,4,402.0,66,38,10,1,10,5,0.652
bottle_gourd,upo_round,dry,28.7,59.7,9.8,73.6,mixed,4,588.9,100,61,30,0,26,15,0.487
sponge_gourd,patola_ridged,dry,26.1,61.2,9.1,79.5,chemical,3,265.0,46,31,11,0,9,3,0.436
sponge_gourd,patola_ridged,dry,28.2,66.3,7.2,55.6,mixed,5,898.5,100,85,30,0,26,16,0.557
bottle_gourd,upo_round,dry,25.1,70.0,7.8,67.6,organic,4,349.8,60,20,7,1,6,4,0.628
squash,kalabasa_hybrid,wet,29.3,89.8,5.0,54.9,none,4,625.3,100,61,18,1,14,5,0.473
squash,kalabasa,dry,24.8,55.6,7.0,72.5,none,4,807.1,100,38,15,0,11,5,0.3
cucumber,pipino,dry,26.2,69.2,9.3,78.5,chemical,3,275.5,39,34,18,1,15,10,0.656
bottle_gourd,upo_round,wet,27.3,77.0,5.1,75.7,mixed,4,748.7,100,56,20,0,16,7,0.575
sponge_gourd,patola_smooth,dry,29.3,70.7,8.2,61.1,mixed,4,522.9,76,54,26,0,23,15,0.608
bitter_gourd,ampalaya_oblong,dry,30.1,74.7,7.8,53.2,none,4,272.2,48,19,7,1,4,1,0.464
sponge_gourd,patola,wet,26.0,81.8,7.0,52.2,organic,4,258.0,40,19,7,1,4,1,0.615
sponge_gourd,patola_ridged,wet,29.1,85.2,4.7,50.6,chemical,3,517.2,79,57,22,1,22,9,0.451
sponge_gourd,patola_ridged,wet,26.6,83.3,6.7,74.2,mixed,4,329.8,55,26,10,1,9,5,0.666
cucumber,pipino_native,dry,33.2,61.2,7.2,78.3,mixed,4,650.7,100,49,30,1,28,16,0.605
bottle_gourd,upo_round,wet,26.3,81.8,4.4,51.6,none,4,386.2,72,36,11,1,9,6,0.448
bottle_gourd,upo_smooth,wet,27.0,71.0,4.2,63.2,organic,4,666.7,100,78,30,1,29,20,0.694
bitter_gourd,ampalaya_hybrid,dry,28.6,58.3,8.8,61.1,mixed,4,541.8,90,72,27,1,23,13,0.542
bitter_gourd,ampalaya_bilog,wet,31.0,81.3,6.8,60.0,mixed,4,380.2,58,57,19,1,16,11,0.542
sponge_gourd,patola_ridged,wet,27.7,76.7,5.0,56.9,mixed,5,561.1,100,65,26,1,22,14,0.691
sponge_gourd,patola,wet,27.7,82.7,4.6,55.6,mixed,3,360.3,58,37,18,0,15,10,0.507
bottle_gourd,upo_long,dry,26.7,68.5,8.5,66.9,none,4,332.2,60,11,4,1,1,0,0.524
sponge_gourd,patola,wet,26.5,85.5,6.2,66.6,none,4,351.8,48,11,4,1,1,1,0.452
bitter_gourd,ampalaya_oblong,dry,26.7,69.3,7.2,63.5,organic,3,188.2,26,15,4,0,3,0,0.465
cucumber,pipino,dry,34.8,60.9,9.3,76.0,chemical,4,393.5,64,48,22,1,22,11,0.567
bitter_gourd,ampalaya_bilog,dry,24.3,71.8,7.1,58.0,chemical,3,524.9,91,78,25,0,24,14,0.52
cucumber,pipino_native,dry,31.9,70.1,8.5,59.3,none,3,241.7,44,24,15,1,12,5,0.377
bitter_gourd,ampalaya_hybrid,wet,31.5,81.7,5.1,70.5,chemical,3,271.9,53,23,9,0,8,1,0.418
bitter_gourd,ampalaya_hybrid,wet,27.4,72.1,6.3,66.5,organic,4,421.4,67,59,18,1,16,12,0.653
cucumber,pipino,wet,29.2,75.9,6.1,68.8,mixed,4,337.2,58,43,24,0,22,13,0.53
cucumber,pipino_native,wet,31.2,70.7,5.1,68.9,none,3,388.9,58,45,22,0,21,8,0.409
bottle_gourd,upo_round,wet,28.9,73.8,5.8,53.5,chemical,3,433.1,70,25,11,0,10,6,0.375
squash,kalabasa,wet,26.8,70.3,6.1,77.0,organic,5,499.7,87,63,23,0,20,14,0.654
cucumber,pipino,wet,27.7,80.3,4.4,66.5,none,4,513.2,90,43,25,1,21,7,0.367
cucumber,pipino_native,wet,29.9,89.6,4.9,53.6,chemical,4,163.6,31,9,4,1,3,1,0.483
squash,kalabasa,dry,30.5,64.7,8.2,64.5,mixed,5,727.9,100,65,17,1,13,7,0.627
squash,kalabasa_native,wet,26.5,71.8,5.2,68.5,mixed,4,404.0,68,28,11,0,8,3,0.559
bottle_gourd,upo_long,wet,31.8,76.3,6.0,63.7,organic,3,500.6,84,32,10,1,9,4,0.598
squash,kalabasa,wet,30.4,80.8,4.1,67.2,chemical,5,635.1,100,78,27,0,26,14,0.476
squash,kalabasa_native,dry,33.4,62.5,8.3,66.5,organic,4,669.0,100,80,25,0,25,16,0.54
sponge_gourd,patola_smooth,dry,26.6,55.7,8.6,55.3,none,4,530.0,85,35,12,0,12,3,0.411
bottle_gourd,upo_long,wet,28.0,81.0,6.7,70.2,chemical,4,882.6,100,101,29,0,26,14,0.518
bottle_gourd,upo_long,wet,28.6,70.4,6.9,74.6,chemical,3,391.0,63,24,9,1,7,3,0.582
bitter_gourd,ampalaya_hybrid,wet,26.0,85.5,4.5,62.5,mixed,4,300.2,46,32,12,1,8,3,0.587
bitter_gourd,ampalaya_hybrid,wet,26.5,83.1,5.8,58.0,chemical,4,531.9,85,113,30,1,29,13,0.436
bottle_gourd,upo_round,dry,34.5,55.0,7.0,54.3,mixed,5,922.5,100,91,30,1,30,21,0.621
bitter_gourd,ampalaya_hybrid,wet,28.2,83.1,4.2,77.0,chemical,3,332.3,52,61,21,0,20,6,0.404
bitter_gourd,ampalaya_oblong,wet,31.5,74.9,7.0,70.0,chemical,3,239.6,40,40,15,1,14,5,0.515
cucumber,pipino_native,dry,32.6,58.6,8.6,54.2,none,3,218.3,46,45,24,0,20,7,0.306
cucumber,pipino_japanese,dry,24.0,71.1,8.0,58.2,mixed,5,378.1,57,40,17,0,16,10,0.582
sponge_gourd,patola,wet,29.7,84.4,6.2,76.5,mixed,4,366.0,49,33,16,0,16,9,0.67
squash,kalabasa,dry,25.2,65.9,9.7,65.2,organic,4,682.0,100,115,30,0,30,16,0.564
bottle_gourd,upo_round,wet,26.2,87.1,6.4,72.2,organic,4,573.5,96,34,10,0,6,5,0.481
sponge_gourd,patola_smooth,dry,24.6,62.3,8.6,79.2,organic,4,511.1,90,74,30,1,28,15,0.553
cucumber,pipino,wet,29.8,82.6,4.3,76.1,organic,4,458.0,74,60,28,0,26,12,0.482
squash,kalabasa,dry,27.8,70.6,7.0,55.3,organic,4,623.7,100,54,20,1,20,15,0.664
bitter_gourd,ampalaya_oblong,dry,28.8,73.0,8.0,50.1,mixed,4,647.1,100,87,30,0,29,20,0.617
bitter_gourd,ampalaya_oblong,wet,26.6,89.7,6.1,53.9,mixed,3,515.6,88,60,21,0,18,4,0.332
cucumber,pipino_native,wet,28.0,82.8,5.1,79.5,mixed,5,591.3,100,64,30,0,30,16,0.538
bottle_gourd,upo_long,wet,31.6,78.2,5.0,62.9,organic,4,614.2,100,66,26,0,22,7,0.414
cucumber,pipino_japanese,wet,30.8,84.6,6.2,53.4,mixed,4,389.8,67,63,30,0,26,11,0.459
cucumber,pipino_japanese,wet,27.8,78.9,6.7,79.4,none,4,203.6,31,22,9,1,7,1,0.485
cucumber,pipino,dry,25.9,65.1,7.1,58.8,mixed,3,374.7,51,47,26,1,24,14,0.529
cucumber,pipino_native,wet,26.7,83.7,6.4,78.2,mixed,4,250.4,48,46,24,0,21,12,0.53
bottle_gourd,upo_long,dry,32.3,74.2,9.5,58.8,none,4,596.4,100,33,11,1,7,3,0.476
bitter_gourd,ampalaya_bilog,dry,30.5,73.8,7.4,55.1,organic,5,389.4,71,93,24,1,22,13,0.663
squash,kalabasa_native,wet,27.7,84.1,4.2,52.4,mixed,4,614.9,100,110,30,1,26,17,0.564
cucumber,pipino,dry,28.4,67.1,8.9,54.2,chemical,3,375.9,64,57,26,0,23,9,0.456
bitter_gourd,ampalaya_oblong,wet,29.0,87.8,6.8,50.1,none,3,246.1,42,36,10,1,8,2,0.307
squash,kalabasa_hybrid,dry,34.3,64.1,8.9,79.4,organic,4,932.8,100,88,24,1,23,13,0.639
squash,kalabasa,wet,27.1,79.7,4.8,73.8,chemical,4,808.3,100,97,30,0,29,12,0.442
squash,kalabasa_hybrid,dry,25.2,72.0,10.0,72.5,chemical,4,264.8,39,9,3,0,2,2,0.459
cucumber,pipino_native,dry,24.7,68.5,9.8,61.9,mixed,4,379.7,67,47,20,1,19,12,0.586
squash,kalabasa_hybrid,wet,31.3,88.3,4.4,59.9,none,4,676.4,100,101,26,1,23,8,0.415
squash,kalabasa,dry,30.0,62.4,8.6,69.3,chemical,4,541.9,88,80,22,1,22,12,0.545
sponge_gourd,patola_ridged,wet,28.0,75.4,6.5,60.1,mixed,5,291.1,37,11,4,1,2,1,0.655
sponge_gourd,patola_smooth,wet,26.9,71.7,4.2,50.3,mixed,4,645.3,100,57,26,1,22,12,0.62
sponge_gourd,patola_ridged,wet,29.7,86.1,6.5,60.2,none,3,283.1,48,19,9,1,8,3,0.445
squash,kalabasa_hybrid,dry,32.1,64.4,8.1,52.6,mixed,4,1176.3,100,113,30,0,28,13,0.505
squash,kalabasa,wet,29.9,74.4,4.6,77.5,chemical,3,571.3,94,90,27,0,23,13,0.474
squash,kalabasa,wet,31.0,88.9,5.2,57.3,none,4,494.5,83,70,21,1,17,9,0.407
bottle_gourd,upo_round,wet,31.7,88.4,4.7,72.8,none,3,416.8,66,37,13,1,10,2,0.407
bottle_gourd,upo_smooth,wet,31.1,80.3,7.0,56.6,mixed,5,321.7,47,7,3,0,2,0,0.495
bottle_gourd,upo_round,dry,24.9,63.7,7.5,52.8,organic,4,397.1,67,54,17,1,13,7,0.598
sponge_gourd,patola_ridged,dry,29.0,58.2,9.7,69.4,chemical,5,374.2,72,21,10,1,7,4,0.484
cucumber,pipino_native,dry,30.1,62.5,8.5,72.3,mixed,4,163.2,30,20,9,0,9,7,0.547
bitter_gourd,ampalaya_oblong,dry,31.8,60.0,9.5,62.2,mixed,4,506.5,85,82,30,1,29,18,0.572
sponge_gourd,patola,dry,34.5,72.1,9.4,54.8,mixed,3,301.0,47,28,11,0,9,4,0.441
sponge_gourd,patola,wet,26.3,73.8,6.1,58.0,organic,4,237.8,33,13,5,0,1,0,0.489
bottle_gourd,upo_round,dry,33.6,66.7,8.8,58.0,none,4,567.8,100,19,6,0,6,1,0.457
bitter_gourd,ampalaya_hybrid,dry,31.9,69.6,7.3,62.0,none,4,836.7,100,110,30,1,27,13,0.457
sponge_gourd,patola,wet,30.0,74.0,4.5,75.9,organic,4,429.1,71,46,20,1,19,12,0.689
bitter_gourd,ampalaya_oblong,dry,30.9,64.8,7.7,57.2,mixed,4,582.8,90,75,28,1,25,15,0.666
sponge_gourd,patola_ridged,dry,32.0,69.6,8.9,53.0,organic,4,316.9,57,2,1,1,1,0,0.644
bottle_gourd,upo_round,wet,28.6,72.5,6.8,50.3,organic,4,430.2,71,3,1,1,1,0,0.695
cucumber,pipino_japanese,dry,26.8,63.2,8.7,79.7,none,4,246.2,45,24,11,1,9,5,0.413
sponge_gourd,patola_ridged,wet,30.7,80.5,6.2,64.9,none,4,517.0,83,44,15,1,14,8,0.469
bottle_gourd,upo_long,wet,26.2,80.0,5.1,62.4,mixed,5,420.3,69,29,10,0,10,5,0.533
cucumber,pipino_japanese,wet,28.6,74.7,5.4,70.0,chemical,3,347.8,61,26,17,1,13,6,0.551
bitter_gourd,ampalaya_bilog,dry,32.2,74.7,7.7,73.8,none,4,595.1,97,71,22,1,22,9,0.447
bitter_gourd,ampalaya_hybrid,dry,28.4,61.8,8.1,72.8,organic,4,293.5,45,45,13,0,13,7,0.564
squash,kalabasa,dry,34.4,71.8,8.6,78.5,chemical,2,487.1,75,44,17,0,13,7,0.428
squash,kalabasa_native,dry,30.0,64.0,9.0,57.8,none,4,498.0,83,34,10,0,7,1,0.418
sponge_gourd,patola,dry,26.5,66.4,8.8,61.3,organic,3,219.5,43,13,5,1,2,2,0.631
bitter_gourd,ampalaya_bilog,wet,31.8,79.8,5.3,69.1,chemical,4,696.0,100,94,30,1,26,13,0.494
squash,kalabasa_native,dry,27.4,62.6,7.1,67.0,chemical,4,497.8,80,56,19,0,16,8,0.47
bottle_gourd,upo_round,dry,26.3,61.1,8.0,73.6,mixed,4,591.1,88,83,28,0,25,11,0.483
sponge_gourd,patola_ridged,wet,28.7,70.8,6.4,72.7,none,3,538.0,96,58,21,0,18,9,0.424
bitter_gourd,ampalaya_bilog,wet,29.3,88.4,4.2,50.0,organic,4,738.4,100,79,30,1,26,16,0.613
bottle_gourd,upo_long,dry,31.0,63.3,7.3,65.1,none,4,817.3,100,67,25,1,23,9,0.417
squash,kalabasa_hybrid,wet,28.1,83.4,6.6,52.4,mixed,5,683.0,100,88,30,0,27,15,0.562
cucumber,pipino,dry,26.7,72.5,9.6,76.7,chemical,4,411.0,78,33,16,0,15,10,0.524
bitter_gourd,ampalaya_oblong,wet,26.1,79.0,6.0,64.0,organic,4,426.3,73,78,26,0,24,14,0.533
bitter_gourd,ampalaya_oblong,wet,30.9,82.4,4.8,55.8,mixed,4,313.0,51,24,9,0,9,7,0.549
bottle_gourd,upo_smooth,dry,24.4,67.9,7.3,51.7,none,3,287.4,55,6,2,0,2,2,0.432
cucumber,pipino_japanese,wet,29.5,82.5,6.2,61.9,chemical,3,284.4,50,20,11,1,11,5,0.423
sponge_gourd,patola_ridged,dry,27.9,62.1,7.9,75.5,organic,3,320.2,52,58,20,0,17,6,0.481
cucumber,pipino_native,dry,34.4,72.1,8.4,79.4,organic,4,331.0,61,54,30,1,27,16,0.586
sponge_gourd,patola_ridged,wet,27.9,77.6,6.6,71.7,mixed,4,340.5,60,8,3,0,1,0,0.602
sponge_gourd,patola_smooth,wet,26.7,79.4,4.5,69.3,organic,3,331.7,48,52,19,1,18,15,0.713
bottle_gourd,upo_long,wet,30.2,85.4,6.7,66.0,none,2,243.0,41,21,8,0,6,2,0.318
bitter_gourd,ampalaya_bilog,wet,28.0,83.1,4.2,55.8,mixed,4,427.8,82,101,30,0,30,17,0.511
cucumber,pipino,wet,31.2,73.0,6.3,78.1,mixed,4,473.5,83,44,25,0,23,12,0.499
bitter_gourd,ampalaya_oblong,dry,24.8,67.0,9.0,65.6,chemical,4,553.9,84,104,30,1,30,18,0.54
bitter_gourd,ampalaya_hybrid,wet,27.0,72.5,5.3,72.3,none,4,266.3,48,10,3,0,2,0,0.4
cucumber,pipino_native,wet,28.3,72.3,5.0,63.4,none,3,391.0,60,34,21,0,20,7,0.405
sponge_gourd,patola_smooth,dry,27.3,64.3,8.0,74.9,chemical,4,491.4,87,70,30,0,26,12,0.492
bottle_gourd,upo_long,dry,27.7,64.4,7.4,72.1,mixed,4,606.9,100,65,21,1,17,11,0.677
bottle_gourd,upo_long,dry,32.7,65.5,7.3,68.1,chemical,4,734.0,100,60,23,0,22,11,0.512
cucumber,pipino_japanese,wet,27.3,71.0,4.3,77.2,mixed,4,456.5,77,69,30,1,28,19,0.638
bottle_gourd,upo_smooth,dry,24.4,68.9,9.2,70.8,none,4,443.3,75,48,15,1,14,6,0.478
bottle_gourd,upo_round,dry,27.6,59.3,9.1,76.8,none,3,427.3,72,36,13,1,11,6,0.485
bitter_gourd,ampalaya_oblong,wet,28.5,76.4,6.3,78.2,mixed,4,302.2,46,18,7,1,5,1,0.682
cucumber,pipino_japanese,dry,34.5,64.9,8.8,75.2,organic,4,342.7,65,47,21,1,17,10,0.613
sponge_gourd,patola,wet,26.7,89.4,5.1,57.6,chemical,4,267.0,48,14,6,0,4,3,0.386
bottle_gourd,upo_smooth,dry,34.2,57.1,7.7,61.9,organic,4,483.2,86,24,12,1,11,5,0.593
cucumber,pipino_japanese,dry,27.3,59.1,7.5,59.5,organic,5,509.9,85,55,30,1,30,22,0.663
cucumber,pipino,dry,25.6,67.6,9.3,53.6,organic,3,262.9,35,35,23,0,21,7,0.438
cucumber,pipino,dry,32.7,73.6,7.4,66.9,organic,4,157.6,20,12,6,0,5,3,0.586
bitter_gourd,ampalaya_oblong,wet,29.4,70.8,6.8,54.5,organic,3,454.5,69,54,17,0,13,9,0.517
squash,kalabasa,wet,31.5,80.9,4.6,66.9,organic,4,318.5,54,3,1,1,1,1,0.538
sponge_gourd,patola_ridged,dry,27.2,64.3,9.6,75.8,none,4,434.5,76,28,12,1,8,5,0.536
cucumber,pipino_japanese,dry,32.6,74.5,8.1,73.8,none,2,158.0,30,11,5,1,1,0,0.36
squash,kalabasa_hybrid,dry,30.6,55.4,9.8,59.1,organic,4,1086.4,100,95,30,1,28,17,0.627
sponge_gourd,patola,wet,26.7,89.2,6.8,60.3,none,4,315.8,50,20,9,0,9,2,0.3
squash,kalabasa,dry,28.0,74.9,7.7,63.1,organic,5,611.8,100,41,16,0,15,11,0.72
sponge_gourd,patola_ridged,wet,28.9,76.8,5.8,58.5,organic,4,772.5,100,88,30,1,28,22,0.697
squash,kalabasa,dry,28.6,70.0,8.3,59.3,chemical,3,479.2,78,82,27,1,25,10,0.474
bottle_gourd,upo_long,wet,29.3,79.2,7.0,68.4,none,4,590.2,98,41,13,0,9,4,0.314
bitter_gourd,ampalaya_oblong,dry,27.0,71.1,8.3,66.2,none,3,312.9,48,53,17,1,13,5,0.363
cucumber,pipino_native,wet,31.8,73.0,5.4,77.4,none,3,487.9,86,69,30,1,29,12,0.434
squash,kalabasa_native,dry,33.1,72.0,9.9,75.2,organic,4,553.7,91,102,26,1,22,15,0.577
bottle_gourd,upo_long,wet,28.3,78.7,4.8,73.2,none,4,812.2,100,45,17,1,16,4,0.38
bottle_gourd,upo_round,wet,30.6,72.2,6.5,59.9,organic,4,912.9,100,71,26,1,25,15,0.653
sponge_gourd,patola_ridged,dry,29.2,67.9,9.4,77.1,chemical,3,223.8,38,29,11,1,7,4,0.545
cucumber,pipino_native,dry,24.5,67.7,8.3,52.1,none,3,150.7,37,23,10,1,9,3,0.443
bottle_gourd,upo_round,wet,30.6,84.2,4.6,62.6,chemical,3,625.8,100,62,21,1,19,10,0.518
sponge_gourd,patola_smooth,dry,29.3,66.7,8.6,68.5,none,3,462.5,75,22,10,1,8,5,0.43
bitter_gourd,ampalaya_bilog,dry,28.2,66.7,9.1,74.3,mixed,5,485.3,75,108,30,1,29,24,0.754
bottle_gourd,upo_long,wet,31.1,86.1,5.2,58.4,none,4,553.4,91,74,28,1,25,9,0.415
bottle_gourd,upo_smooth,wet,29.6,81.8,6.8,52.0,organic,4,672.9,100,75,24,1,20,14,0.607
squash,kalabasa_native,wet,29.6,89.0,6.3,71.7,chemical,4,572.5,97,50,13,0,10,5,0.46
cucumber,pipino_native,dry,31.8,60.5,7.2,66.6,mixed,4,313.1,51,41,24,0,22,13,0.571
bitter_gourd,ampalaya_bilog,wet,26.0,74.6,4.3,69.9,organic,4,415.4,65,54,21,0,17,13,0.648
cucumber,pipino_japanese,dry,30.1,71.8,7.1,70.3,mixed,4,145.6,25,14,6,0,4,3,0.609
sponge_gourd,patola,dry,25.4,60.9,9.6,56.0,none,4,346.1,57,23,11,1,10,5,0.516
