plant_type,plant_age_days,vine_length_cm,node_count,male_flower_count,female_flower_count,temperature_celsius,soil_moisture_percent,yield_kg
upo_smooth,107,461.1,57,18,11,24.9,71.7,9.47
patola,60,384.7,52,17,14,36.0,72.1,4.25
patola,50,286.6,31,22,9,25.8,60.4,3.09
ampalaya_bilog,37,204.4,29,8,4,33.0,55.8,0.93
ampalaya_bilog,39,116.0,15,16,5,26.1,62.1,1.99
ampalaya_bilog,64,486.4,42,33,14,26.5,34.4,4.55
ampalaya_bilog,98,458.5,42,13,14,29.2,76.8,4.03
upo_smooth,101,439.8,44,20,13,28.9,70.7,12.34
upo_smooth,78,472.3,58,18,7,21.7,73.6,5.43
upo_smooth,54,294.7,28,22,16,37.0,63.1,6.28
upo_smooth,62,379.1,51,25,8,19.7,77.6,5.32
ampalaya_bilog,44,365.7,36,15,15,32.8,75.1,5.3
ampalaya_bilog,36,137.4,19,15,4,27.9,69.0,1.58
ampalaya_bilog,57,203.2,17,18,9,29.8,72.6,4.49
patola,63,309.2,38,16,9,24.8,72.7,2.63
patola,75,442.8,55,21,7,21.9,68.9,2.41
ampalaya_bilog,53,357.1,46,29,15,27.4,60.7,7.22
patola,41,379.8,54,16,8,24.0,44.1,1.78
upo_smooth,63,493.1,60,27,15,30.7,77.5,12.21
ampalaya_bilog,70,385.8,57,23,9,25.2,84.5,4.12
ampalaya_bilog,61,367.3,48,25,9,20.0,90.5,1.35
patola,43,262.3,30,16,11,36.3,71.3,1.85
ampalaya_bilog,42,330.1,29,15,8,36.2,70.9,1.99
ampalaya_bilog,54,383.7,41,18,13,34.1,73.9,4.94
cucumber,94,488.4,54,25,14,24.0,58.0,5.88
ampalaya_bilog,44,324.3,30,23,16,26.9,93.0,4.19
cucumber,60,436.7,47,20,8,20.0,73.3,5.01
ampalaya_bilog,66,346.9,36,15,17,36.7,72.2,3.27
cucumber,64,379.0,47,16,12,36.6,62.8,3.53
ampalaya_bilog,50,247.2,22,18,9,34.9,74.1,3.68
upo_smooth,74,351.8,47,18,12,24.7,62.2,12.54
ampalaya_bilog,70,382.8,56,20,11,28.1,63.7,4.98
cucumber,80,489.8,41,25,9,24.2,72.1,4.77
cucumber,30,146.5,14,9,8,23.7,81.5,2.68
upo_smooth,61,380.2,45,19,14,26.3,63.6,15.01
patola,72,441.2,39,23,6,29.3,71.7,2.59
patola,69,477.8,61,28,15,22.4,72.2,4.62
cucumber,56,232.5,31,28,9,24.3,77.3,4.83
cucumber,94,407.2,46,24,12,31.8,78.5,4.48
upo_smooth,48,226.5,33,21,17,24.9,61.0,14.29
patola,58,320.0,40,16,8,23.4,73.6,2.4
cucumber,55,306.7,34,29,13,21.3,44.8,5.38
ampalaya_bilog,47,347.6,41,27,12,26.8,30.9,3.17
ampalaya_bilog,71,336.2,28,23,11,20.8,43.1,3.17
ampalaya_bilog,63,343.9,43,30,10,29.1,71.9,4.87
cucumber,42,255.3,23,21,17,24.6,49.5,7.98
cucumber,63,315.6,39,33,10,24.9,86.5,4.43
cucumber,35,157.5,21,15,8,24.1,48.5,3.28
patola,72,479.9,54,22,6,25.1,61.1,2.92
patola,66,361.7,46,30,9,18.1,70.3,2.03
cucumber,57,369.2,32,28,15,25.3,76.0,9.71
cucumber,41,200.9,21,34,8,24.6,36.3,2.19
upo_smooth,65,369.0,45,19,10,27.0,76.8,10.75
patola,101,496.0,41,21,10,30.1,66.3,3.39
ampalaya_bilog,36,140.9,12,8,5,19.7,77.1,0.96
patola,49,335.2,36,28,15,32.1,67.5,4.87
ampalaya_bilog,55,388.3,47,21,12,21.2,73.6,4.43
ampalaya_bilog,36,116.2,14,8,9,25.8,68.3,2.55
upo_smooth,54,225.6,30,27,9,28.1,62.2,7.9
patola,43,269.3,32,26,13,24.2,71.9,3.48
upo_smooth,69,363.8,36,32,12,27.0,64.6,12.25
cucumber,75,342.9,36,27,14,22.9,31.0,3.94
cucumber,44,293.8,38,33,16,20.6,69.9,8.5
cucumber,58,314.0,29,34,16,21.9,76.1,8.07
ampalaya_bilog,67,411.4,59,28,13,28.1,39.1,4.15
patola,73,432.1,59,19,12,21.1,64.0,4.08
patola,73,357.7,53,13,11,23.1,70.2,3.13
upo_smooth,107,304.9,37,27,8,23.9,75.5,4.32
patola,95,465.6,69,15,13,29.8,91.3,2.93
cucumber,30,169.5,19,15,9,20.4,87.5,2.93
upo_smooth,53,251.8,34,18,8,29.5,71.6,4.8
ampalaya_bilog,62,438.2,56,31,13,28.0,68.1,6.78
ampalaya_bilog,60,474.4,55,27,14,24.7,64.4,5.96
ampalaya_bilog,60,315.1,33,31,17,25.3,55.3,7.42
ampalaya_bilog,66,353.5,50,22,8,27.7,65.5,3.71
upo_smooth,68,346.3,36,30,13,24.1,93.2,8.32
ampalaya_bilog,67,467.8,38,33,16,28.9,55.2,7.2
patola,43,264.5,30,25,11,28.0,72.9,3.86
patola,65,484.4,46,31,17,26.9,70.8,7.13
cucumber,56,360.9,41,20,16,26.4,46.5,6.62
patola,41,275.6,27,28,15,34.6,73.7,3.25
patola,73,397.3,58,24,9,30.6,70.4,4.21
cucumber,52,360.7,33,15,13,25.6,76.3,7.09
upo_smooth,71,422.0,52,26,11,26.3,90.0,8.49
patola,40,372.0,46,15,9,30.7,74.2,2.45
upo_smooth,98,406.3,40,26,10,27.5,51.9,7.44
ampalaya_bilog,47,317.5,31,34,11,26.4,71.4,5.77
ampalaya_bilog,66,310.1,25,29,12,26.0,30.0,4.16
cucumber,48,218.7,20,27,12,37.5,63.8,3.62
cucumber,49,396.7,49,24,9,24.1,51.1,4.54
cucumber,42,303.1,43,31,13,36.8,76.4,3.08
ampalaya_bilog,79,397.6,54,13,9,22.3,90.0,2.17
ampalaya_bilog,70,303.8,29,24,7,22.3,64.8,3.13
upo_smooth,69,477.1,60,31,13,32.5,73.8,11.18
ampalaya_bilog,60,389.9,39,33,9,19.1,71.1,2.21
cucumber,55,307.7,45,15,13,20.8,72.8,7.22
patola,44,324.9,46,17,17,36.6,67.7,2.98
patola,44,398.4,55,20,17,22.6,87.4,3.0
ampalaya_bilog,54,332.4,41,26,8,24.5,66.2,2.98
ampalaya_bilog,67,473.4,51,26,10,27.5,66.8,5.33
upo_smooth,109,425.5,38,14,11,27.9,68.7,9.27
upo_smooth,80,479.3,39,12,11,33.0,79.0,8.43
upo_smooth,52,280.4,35,25,8,33.1,72.4,4.62
cucumber,73,384.4,32,18,13,27.2,94.7,4.59
ampalaya_bilog,64,340.4,48,30,14,25.9,60.8,6.7
ampalaya_bilog,46,328.6,44,33,11,28.8,73.8,5.58
ampalaya_bilog,55,369.1,53,31,9,23.2,89.0,2.68
upo_smooth,67,418.7,45,24,16,24.8,76.5,17.5
cucumber,58,300.7,43,18,12,21.7,63.1,7.75
upo_smooth,84,475.9,57,19,12,28.8,78.5,11.63
upo_smooth,73,309.7,40,23,12,22.9,76.2,9.1
ampalaya_bilog,64,428.2,49,32,15,26.1,64.5,6.69
cucumber,31,134.0,17,9,4,21.1,68.2,1.67
ampalaya_bilog,66,373.4,32,28,17,36.6,40.6,3.39
upo_smooth,78,347.5,28,13,10,24.9,73.1,9.55
patola,72,485.7,43,24,9,27.4,62.7,3.61
upo_smooth,63,333.0,43,29,12,27.1,67.6,11.78
upo_smooth,46,358.2,52,27,16,27.1,47.7,11.02
ampalaya_bilog,71,378.9,55,14,12,19.0,60.4,3.02
upo_smooth,108,451.4,48,25,13,23.1,65.1,7.7
upo_smooth,73,463.9,60,27,12,27.5,76.2,13.13
ampalaya_bilog,48,330.7,32,26,15,23.2,69.3,6.36
cucumber,51,229.4,29,24,16,21.7,58.9,7.14
ampalaya_bilog,78,467.9,69,21,11,28.7,59.2,4.06
upo_smooth,71,447.0,37,18,6,26.9,48.4,5.21
cucumber,62,351.3,46,26,8,21.2,61.7,4.23
upo_smooth,109,479.9,49,25,6,26.5,67.8,5.23
cucumber,44,244.9,21,33,14,27.6,64.7,7.06
patola,104,427.2,57,14,10,18.4,73.5,1.69
patola,54,298.9,33,31,8,27.7,61.7,3.09
cucumber,85,424.9,36,24,6,20.1,53.6,2.5
patola,64,492.5,55,30,11,20.4,69.3,3.68
upo_smooth,99,413.8,35,21,14,18.1,53.0,4.32
upo_smooth,82,463.6,66,15,10,28.4,63.8,9.95
cucumber,38,123.2,11,13,6,29.7,66.5,2.48
cucumber,54,269.3,22,22,14,29.6,84.2,5.44
cucumber,60,464.0,62,25,14,27.7,58.4,7.49
patola,60,371.6,46,31,14,27.9,89.1,5.11
ampalaya_bilog,85,417.8,37,12,8,20.0,44.0,1.38
ampalaya_bilog,73,453.1,41,21,7,31.1,34.5,1.41
patola,57,326.9,33,21,10,26.0,75.6,3.98
cucumber,38,156.1,14,17,8,29.4,77.6,2.79
cucumber,63,327.2,45,32,16,23.4,73.3,10.12
cucumber,70,429.1,38,13,10,23.1,67.8,5.27
cucumber,60,444.5,64,15,8,25.5,78.8,4.74
patola,84,367.5,45,16,14,28.6,70.4,5.49
patola,62,477.0,44,26,17,26.8,83.6,6.27
patola,41,385.5,37,22,15,29.1,63.9,4.94
patola,78,367.0,35,27,7,22.9,79.9,1.96
patola,64,435.3,58,20,8,25.9,78.9,3.84
upo_smooth,106,332.1,33,21,10,23.4,48.9,5.11
cucumber,58,239.1,34,19,17,20.1,68.1,9.14
cucumber,58,274.9,36,34,14,26.4,87.0,7.13
cucumber,63,386.8,33,15,17,25.0,44.5,5.56
upo_smooth,69,359.0,51,23,10,20.7,61.1,7.85
ampalaya_bilog,64,442.6,58,26,15,27.6,60.5,6.9
patola,67,421.1,55,17,17,25.8,79.6,7.76
patola,60,322.6,36,26,15,29.4,73.1,7.16
patola,65,353.1,51,33,12,18.6,64.9,2.38
ampalaya_bilog,58,323.4,35,31,14,28.2,71.9,7.7
upo_smooth,69,412.2,48,34,10,27.1,72.8,11.58
patola,43,286.7,31,34,12,27.8,62.1,4.52
ampalaya_bilog,45,301.0,39,17,10,21.3,65.3,3.36
ampalaya_bilog,40,319.0,33,21,15,26.1,77.2,6.26
ampalaya_bilog,52,269.2,39,27,16,29.3,61.7,8.61
patola,68,471.0,41,30,14,30.5,66.2,5.86
ampalaya_bilog,92,329.0,42,12,13,33.4,38.0,1.96
upo_smooth,97,480.9,68,12,11,24.4,62.0,9.78
patola,56,306.8,38,33,13,24.5,35.1,2.75
upo_smooth,65,420.6,46,19,15,22.7,73.9,12.39
patola,71,366.1,42,12,14,30.7,61.5,4.32
upo_smooth,45,373.7,30,19,8,28.4,77.0,5.77
patola,80,391.4,45,16,6,28.0,61.8,2.33
patola,70,437.9,43,21,12,34.1,47.8,2.9
ampalaya_bilog,59,334.8,27,21,15,26.4,65.1,8.4
patola,63,483.7,53,18,15,22.2,70.0,4.99
cucumber,80,306.7,31,14,10,21.1,89.9,4.56
patola,63,471.0,43,19,13,28.4,89.6,4.08
ampalaya_bilog,45,286.7,24,29,17,26.3,74.5,6.81
upo_smooth,80,365.3,45,23,7,27.6,77.8,6.7
cucumber,50,317.9,25,31,17,20.2,53.6,7.1
patola,74,388.0,53,17,9,30.2,36.5,2.64
upo_smooth,77,484.7,48,26,10,22.9,77.0,6.95
ampalaya_bilog,53,316.0,27,32,10,29.4,86.0,4.71
patola,66,426.7,54,19,17,21.9,41.3,3.78
patola,43,384.3,52,28,17,37.1,78.4,2.94
patola,58,284.2,38,31,8,29.1,70.9,3.58
patola,59,327.5,33,20,10,26.2,67.3,4.49
ampalaya_bilog,54,346.4,33,31,13,26.2,83.9,5.46
upo_smooth,74,433.3,47,22,8,26.6,58.0,7.56
ampalaya_bilog,94,338.4,28,21,14,25.2,46.4,5.36
cucumber,60,479.3,46,20,17,27.6,33.3,5.42
cucumber,64,395.3,34,19,16,27.7,82.0,6.75
cucumber,53,232.3,32,30,13,31.0,76.9,5.61
upo_smooth,57,261.0,26,16,10,30.7,62.3,6.96
ampalaya_bilog,59,294.6,40,30,15,27.3,79.5,7.42
ampalaya_bilog,62,357.1,35,32,8,26.4,64.6,4.55
patola,74,337.8,35,27,8,31.0,73.6,3.2
cucumber,58,357.0,31,16,12,35.1,77.8,3.61
cucumber,35,189.8,20,15,7,35.3,43.2,1.35
cucumber,61,310.3,30,20,14,22.1,78.6,8.3
ampalaya_bilog,84,428.6,45,27,8,36.0,76.1,2.13
patola,72,365.5,51,19,12,20.3,65.8,4.38
cucumber,55,360.8,30,17,11,22.8,62.2,7.06
patola,67,425.4,56,24,9,29.1,57.4,3.29
upo_smooth,67,329.7,36,24,8,27.8,68.2,8.27
upo_smooth,68,382.6,46,17,14,27.4,71.4,13.95
patola,61,316.9,35,20,13,36.5,52.8,2.58
cucumber,51,349.7,41,23,10,24.8,78.5,6.14
ampalaya_bilog,51,288.4,24,34,13,31.1,60.6,5.26
patola,62,452.3,52,26,14,28.4,69.9,6.54
ampalaya_bilog,64,333.7,44,29,13,20.6,69.0,4.97
patola,71,398.2,40,22,7,27.6,72.4,2.64
upo_smooth,80,403.2,57,15,8,28.1,67.0,9.29
cucumber,34,165.3,16,14,9,18.6,66.6,2.97
upo_smooth,77,322.3,35,25,12,26.0,73.5,13.88
cucumber,58,203.4,19,18,9,21.8,60.9,4.65
ampalaya_bilog,62,342.9,36,15,14,28.3,73.6,6.61
cucumber,60,368.0,40,25,9,32.2,49.6,3.47
ampalaya_bilog,68,438.8,62,27,10,28.1,72.3,4.79
upo_smooth,65,463.9,38,21,13,29.0,48.4,7.39
ampalaya_bilog,37,211.0,21,16,7,37.8,94.0,0.71
cucumber,44,329.7,45,23,16,23.8,73.7,7.62
patola,103,477.3,69,15,12,32.7,73.9,2.81
upo_smooth,72,480.6,39,19,14,26.1,69.3,12.15
patola,43,279.5,27,23,13,22.8,74.9,3.34
patola,52,367.8,44,34,12,27.8,70.3,5.39
patola,70,485.4,61,16,12,30.8,58.0,4.44
ampalaya_bilog,43,396.3,44,25,17,29.7,68.9,6.31
upo_smooth,64,364.5,37,31,8,20.6,80.6,5.03
ampalaya_bilog,45,267.7,30,27,16,26.7,88.9,5.5
cucumber,42,225.7,19,34,12,24.6,69.3,6.73
upo_smooth,67,361.9,45,32,12,26.6,73.4,13.82
cucumber,87,395.4,37,18,9,21.7,35.6,2.92
ampalaya_bilog,71,301.2,26,25,12,29.2,69.6,5.55
patola,78,320.8,30,27,10,25.1,73.4,4.36
patola,75,455.8,45,12,12,37.3,61.7,2.79
ampalaya_bilog,67,329.5,28,31,15,32.3,61.0,6.12
patola,70,465.9,52,20,12,18.3,63.3,2.81
cucumber,64,315.2,41,20,10,23.1,89.1,4.65
ampalaya_bilog,64,373.2,54,21,8,23.4,40.8,2.76
ampalaya_bilog,52,203.1,18,27,15,25.2,34.8,5.33
cucumber,87,387.8,31,15,11,22.8,64.3,4.63
cucumber,44,314.4,32,32,14,37.8,75.0,4.27
upo_smooth,108,337.3,29,16,13,25.5,70.2,8.79
upo_smooth,69,487.5,65,27,10,22.7,55.2,6.91
upo_smooth,91,352.8,34,21,11,27.0,74.9,11.12
upo_smooth,77,389.5,54,20,7,27.2,55.5,5.69
upo_smooth,58,225.9,27,21,14,25.9,72.0,15.08
cucumber,38,120.8,10,15,6,20.4,70.3,3.24
cucumber,58,366.2,45,16,17,26.0,32.7,4.47
cucumber,48,317.0,39,30,15,22.9,70.8,7.55
upo_smooth,68,443.9,52,34,12,26.4,71.2,10.81
upo_smooth,89,361.9,44,14,9,26.3,33.0,5.85
upo_smooth,45,224.8,25,20,12,23.8,44.9,5.16
ampalaya_bilog,60,482.3,55,34,17,28.0,64.4,9.26
patola,75,477.7,69,26,6,30.9,79.8,2.44
upo_smooth,78,365.1,47,22,7,25.1,67.4,6.23
ampalaya_bilog,68,310.9,29,23,10,29.6,78.2,4.7
ampalaya_bilog,79,318.7,35,14,14,26.6,62.4,6.07
upo_smooth,67,438.1,64,27,14,19.8,69.1,11.17
upo_smooth,73,342.4,34,19,8,28.2,77.1,8.15
upo_smooth,80,424.7,55,24,9,37.7,57.0,3.98
cucumber,88,432.3,46,16,10,31.5,76.8,3.79
upo_smooth,77,455.7,54,18,14,32.6,73.4,9.38
upo_smooth,78,339.3,49,21,12,35.5,32.1,4.23
upo_smooth,80,402.5,42,25,8,25.5,72.7,7.35
patola,101,340.2,42,24,7,27.1,71.3,2.36
patola,104,494.0,61,18,13,26.6,55.4,3.03
ampalaya_bilog,52,279.4,31,27,13,27.9,85.3,5.11
ampalaya_bilog,50,375.5,51,34,16,35.2,41.1,3.21
upo_smooth,70,423.9,42,26,13,28.7,73.0,14.15
cucumber,45,251.4,36,21,9,24.1,75.8,5.39
ampalaya_bilog,64,333.7,31,26,12,26.3,73.9,6.66
upo_smooth,73,475.7,57,17,10,25.2,73.0,9.13
patola,40,377.8,54,15,17,30.2,68.9,3.25
upo_smooth,98,384.9,45,17,13,26.2,73.0,12.22
patola,58,324.6,35,16,11,30.3,63.8,4.72
patola,70,471.0,50,18,12,26.9,59.3,4.01
upo_smooth,58,342.5,49,28,12,30.8,61.9,7.6
cucumber,37,128.0,14,14,8,28.4,64.9,2.99
cucumber,39,144.3,14,16,7,19.8,73.5,2.45
ampalaya_bilog,55,226.9,23,33,12,20.3,76.1,5.07
ampalaya_bilog,50,229.6,24,28,10,27.8,51.2,3.84
upo_smooth,69,327.5,31,18,10,32.3,81.6,6.01
cucumber,51,380.3,34,21,15,36.0,79.7,4.15
ampalaya_bilog,66,391.6,46,32,17,33.3,63.2,7.12
patola,77,411.6,35,27,13,25.8,62.4,6.29
upo_smooth,50,216.7,25,26,11,18.1,64.3,4.99
ampalaya_bilog,59,305.6,28,17,11,35.3,77.3,2.54
ampalaya_bilog,46,337.4,46,23,11,31.5,61.4,3.94
patola,56,224.0,32,28,17,27.2,40.5,5.89
upo_smooth,51,373.1,42,22,14,25.7,50.1,9.08
upo_smooth,73,401.1,40,23,10,27.3,93.2,6.41
patola,55,331.0,42,24,14,32.7,59.2,3.8
ampalaya_bilog,47,351.7,43,26,8,28.1,70.1,3.98
upo_smooth,68,333.0,29,15,10,25.2,67.8,9.56
upo_smooth,64,376.9,32,21,12,26.3,86.7,8.7
cucumber,89,355.0,51,25,9,26.8,75.1,4.31
ampalaya_bilog,66,390.4,53,25,11,32.4,61.1,3.88
ampalaya_bilog,78,321.8,40,24,14,29.5,50.6,6.27
ampalaya_bilog,67,448.5,43,16,10,25.8,68.0,4.52
patola,46,326.8,27,18,12,24.7,94.3,1.85
upo_smooth,86,431.2,61,13,8,23.7,64.8,5.96
patola,57,378.9,35,25,9,29.1,73.2,4.38
cucumber,61,368.6,43,28,13,27.3,69.2,8.59
cucumber,64,495.3,62,23,16,22.7,61.1,7.87
patola,53,227.7,28,30,10,33.4,72.5,2.74
ampalaya_bilog,70,448.5,38,25,13,29.0,71.1,6.52
upo_smooth,102,417.9,48,22,6,30.9,72.6,3.87
patola,94,346.8,40,22,7,18.8,73.5,1.15
patola,59,394.3,37,21,17,37.4,44.0,3.13
upo_smooth,63,489.9,70,16,11,20.0,61.7,9.09
cucumber,81,492.1,67,18,7,35.6,65.1,1.89
upo_smooth,64,331.2,44,30,15,20.4,66.7,12.83
ampalaya_bilog,96,437.8,40,21,13,33.1,77.8,4.13
upo_smooth,64,490.0,48,30,10,33.9,74.3,8.32
patola,67,339.4,39,18,15,19.6,70.1,2.93
cucumber,62,460.7,61,34,11,24.6,48.6,4.85
patola,42,296.0,36,16,10,22.5,71.9,2.53
cucumber,73,382.5,45,27,14,18.3,88.2,5.04
cucumber,78,326.0,28,20,8,20.7,69.2,4.0
upo_smooth,103,395.2,49,12,12,24.7,78.6,9.95
patola,85,318.6,42,12,10,19.7,63.2,2.12
ampalaya_bilog,86,431.5,53,12,13,23.3,35.4,1.95
ampalaya_bilog,59,319.0,40,16,9,27.7,50.9,3.71
upo_smooth,80,368.7,31,14,9,31.1,73.3,7.75
ampalaya_bilog,40,386.3,40,33,17,34.3,75.5,5.01
cucumber,53,242.6,28,28,10,24.6,68.5,6.22
cucumber,62,455.8,51,18,16,25.3,68.6,8.9
cucumber,61,323.7,31,32,13,29.9,75.2,5.65
ampalaya_bilog,49,393.1,42,17,14,29.5,70.1,6.42
cucumber,34,199.4,21,8,5,27.8,59.4,1.57
ampalaya_bilog,53,254.4,37,20,14,26.8,77.1,7.73
ampalaya_bilog,35,152.0,16,15,6,29.5,76.2,2.02
ampalaya_bilog,50,346.9,41,31,13,22.3,54.0,3.92
ampalaya_bilog,65,425.4,53,27,13,32.6,86.7,3.84
ampalaya_bilog,42,396.2,52,17,15,25.1,79.9,5.64
cucumber,55,313.9,40,16,12,27.1,64.0,6.47
ampalaya_bilog,41,370.0,45,17,15,27.2,47.7,4.86
cucumber,33,105.9,10,14,8,37.5,69.4,1.86
cucumber,64,432.4,61,20,10,24.7,76.2,5.76
upo_smooth,76,495.6,64,25,6,25.9,61.5,5.58
upo_smooth,64,360.5,29,26,16,27.1,81.3,12.18
patola,72,365.4,45,19,12,23.0,85.1,3.33
patola,88,427.6,36,27,9,30.4,60.8,3.7
cucumber,51,297.1,25,31,17,33.7,67.3,4.38
patola,60,436.3,61,15,16,21.4,65.2,4.11
upo_smooth,50,358.5,37,21,17,27.8,78.9,13.21
upo_smooth,78,468.9,58,25,14,37.2,70.3,7.59
patola,67,390.8,37,34,12,22.4,65.1,3.56
cucumber,64,364.0,41,25,11,23.4,31.9,4.31
upo_smooth,58,331.3,29,31,9,27.0,77.9,8.29
ampalaya_bilog,81,403.0,36,13,6,29.5,67.1,2.52
cucumber,46,203.1,19,17,13,24.8,75.1,7.4
ampalaya_bilog,55,324.5,48,18,15,36.9,63.9,4.25
patola,77,376.8,45,20,10,29.3,61.6,3.64
ampalaya_bilog,64,446.3,65,19,16,36.3,70.9,3.85
ampalaya_bilog,57,337.0,48,17,14,28.0,63.4,7.7
upo_smooth,60,336.0,34,19,17,23.9,78.1,11.49
ampalaya_bilog,92,422.4,42,17,6,29.3,73.9,2.68
ampalaya_bilog,65,474.6,62,31,14,35.0,69.8,5.02
patola,66,435.6,40,33,8,37.5,74.0,2.0
upo_smooth,61,493.2,42,20,10,21.6,70.9,7.88
ampalaya_bilog,54,237.6,29,17,13,32.7,77.8,5.13
patola,88,361.8,45,17,14,28.6,88.9,4.2
ampalaya_bilog,66,307.5,42,22,9,33.4,72.5,3.08
ampalaya_bilog,86,472.3,66,12,13,29.9,79.7,4.46
ampalaya_bilog,54,222.7,29,25,16,19.1,32.5,2.44
cucumber,50,238.2,23,30,13,26.1,52.5,6.2
cucumber,46,260.6,22,32,9,28.1,78.2,4.22
patola,66,326.6,29,33,8,27.3,77.3,3.92
upo_smooth,66,389.0,40,31,12,20.1,79.5,9.37
upo_smooth,74,429.4,34,14,14,24.1,71.7,12.37
upo_smooth,92,324.3,38,16,9,25.9,65.3,7.04
cucumber,65,349.9,32,26,15,26.6,73.7,9.43
patola,61,352.1,42,16,17,27.0,60.1,5.47
ampalaya_bilog,97,485.2,46,22,7,29.2,36.2,1.71
ampalaya_bilog,45,351.1,42,28,10,25.2,94.3,2.78
cucumber,42,358.2,36,33,14,20.4,75.7,7.84
cucumber,92,349.2,30,15,11,26.9,67.3,4.79
cucumber,49,321.8,34,19,8,20.7,69.0,4.81
patola,72,479.0,57,22,12,27.6,67.7,5.98
upo_smooth,94,337.2,27,25,9,26.8,73.0,8.07
upo_smooth,62,369.3,39,32,12,24.7,73.1,10.78
upo_smooth,75,454.0,43,21,8,37.0,74.0,4.42
cucumber,91,313.0,43,26,9,24.3,84.4,3.73
ampalaya_bilog,63,431.8,40,32,16,28.7,76.1,9.59
ampalaya_bilog,54,361.5,33,19,11,29.8,77.1,5.2
upo_smooth,65,395.7,47,27,17,33.7,76.7,12.02
upo_smooth,67,450.0,59,34,12,34.5,69.6,5.75
cucumber,78,346.5,35,15,11,36.2,40.7,2.41
patola,74,492.8,73,18,13,20.3,66.3,4.14
ampalaya_bilog,51,352.5,49,21,16,29.2,67.9,8.64
ampalaya_bilog,81,409.1,59,14,6,27.9,79.2,2.55
patola,69,407.9,35,28,15,26.6,80.0,6.7
upo_smooth,48,298.5,35,19,15,28.8,89.5,8.36
upo_smooth,63,333.3,30,21,13,24.1,65.8,13.82
cucumber,42,217.9,29,32,11,23.1,76.0,5.28
patola,52,204.1,28,28,14,27.3,76.4,6.05
ampalaya_bilog,50,285.3,35,32,12,25.8,74.4,5.53
cucumber,55,288.2,38,23,11,20.4,66.9,6.48
ampalaya_bilog,39,220.9,22,14,6,34.9,73.8,2.04
patola,71,325.4,45,25,12,25.0,87.1,4.1
patola,68,381.8,35,34,13,21.9,57.0,3.16
upo_smooth,75,406.6,51,12,6,27.1,78.9,5.76
upo_smooth,58,399.5,40,27,8,26.9,70.9,7.08
ampalaya_bilog,64,355.0,30,23,13,28.6,51.6,6.03
ampalaya_bilog,56,319.0,44,26,11,28.8,71.3,6.44
patola,68,317.3,39,27,10,35.5,61.5,3.36
ampalaya_bilog,41,389.0,31,24,8,28.4,62.2,3.3
patola,92,383.4,55,12,13,26.1,67.9,3.4
patola,73,366.6,43,25,9,29.1,57.0,3.26
upo_smooth,75,407.1,49,26,9,31.0,84.2,5.97
ampalaya_bilog,49,234.4,27,19,10,29.1,73.0,5.37
cucumber,38,135.9,11,14,5,19.3,60.3,1.73
ampalaya_bilog,51,354.6,34,17,16,18.6,89.1,3.63
cucumber,71,328.5,47,12,8,27.6,66.3,3.97
patola,58,374.7,35,34,15,30.0,61.3,5.8
patola,41,303.8,31,20,15,26.9,43.6,3.9
patola,99,343.9,45,17,12,29.2,32.8,2.14
patola,58,339.4,46,23,8,30.9,60.2,3.95
upo_smooth,74,407.7,37,24,6,25.7,69.5,5.9
ampalaya_bilog,66,436.4,48,19,8,29.8,53.5,3.34
upo_smooth,65,329.0,30,16,16,29.7,41.9,10.7
cucumber,44,325.7,41,30,9,26.6,69.7,5.07
ampalaya_bilog,38,120.8,15,13,7,29.5,61.7,2.73
upo_smooth,72,335.4,42,14,14,25.5,59.8,9.55
cucumber,65,309.6,42,27,15,23.2,75.2,8.73
ampalaya_bilog,94,306.3,27,22,14,20.7,76.9,3.95
ampalaya_bilog,74,342.2,43,15,9,33.7,75.8,3.75
cucumber,62,368.3,48,28,13,29.7,63.1,5.8
upo_smooth,72,357.4,32,17,13,27.0,68.7,14.28
patola,71,462.2,52,14,10,26.3,53.5,2.95
upo_smooth,63,349.7,33,25,17,19.1,64.9,11.38
patola,64,428.7,39,28,11,30.5,72.2,4.59
upo_smooth,60,376.1,47,34,14,19.8,59.5,9.82
cucumber,94,462.5,55,20,6,19.2,61.9,2.02
ampalaya_bilog,59,266.9,21,15,16,27.6,78.8,5.42
patola,64,422.6,44,25,10,29.2,61.9,4.96
patola,51,366.9,41,27,8,27.7,72.2,2.84
ampalaya_bilog,77,319.9,31,23,13,25.9,43.3,4.96
patola,103,303.3,31,27,11,22.1,43.3,2.13
upo_smooth,64,300.9,44,33,12,31.5,62.4,10.27
upo_smooth,80,402.8,43,12,14,23.6,67.6,6.87
upo_smooth,80,402.2,33,15,6,28.1,64.5,5.25
upo_smooth,80,414.8,44,23,12,35.2,66.0,6.08
cucumber,64,487.9,65,15,13,19.2,73.0,5.88
ampalaya_bilog,68,333.0,40,34,9,22.1,77.7,3.31
ampalaya_bilog,95,445.0,37,17,10,24.4,87.6,2.68
patola,97,333.6,47,21,12,27.6,51.5,3.19
patola,64,386.3,54,33,8,25.2,64.4,3.84
cucumber,54,320.1,41,22,11,21.2,44.0,4.99
upo_smooth,56,338.7,46,15,11,37.0,64.0,5.68
cucumber,61,311.0,41,29,12,30.5,50.4,4.5
upo_smooth,74,397.8,54,21,14,31.8,59.2,9.3
upo_smooth,56,379.6,47,28,12,24.0,75.0,12.93
patola,77,436.5,37,15,7,22.2,65.4,1.92
patola,62,499.6,60,33,17,29.0,69.5,6.46
ampalaya_bilog,80,422.4,44,23,13,28.3,72.8,6.58
upo_smooth,105,375.4,54,12,13,28.2,71.6,8.24
ampalaya_bilog,59,383.3,32,18,15,25.6,81.2,5.97
upo_smooth,77,378.1,33,26,6,25.2,89.9,4.5
patola,66,426.6,49,26,17,30.5,57.0,6.8
patola,75,489.3,42,17,7,35.6,63.7,2.03
patola,92,348.0,49,18,8,21.9,72.4,2.54
patola,69,459.9,52,17,14,29.4,61.1,6.29
cucumber,38,242.4,31,13,4,23.4,78.9,2.21
cucumber,61,437.0,50,16,11,37.8,61.1,2.69
cucumber,68,494.7,65,34,15,26.0,40.8,7.54
patola,66,473.1,64,20,9,30.8,32.8,2.12
patola,48,313.8,38,24,14,29.8,69.9,6.1
ampalaya_bilog,67,363.1,49,28,16,22.9,36.8,3.54
patola,63,318.0,36,25,14,25.1,68.0,6.33
patola,69,479.5,53,15,14,28.4,51.0,4.27
patola,63,348.6,38,21,15,22.3,74.0,4.25
patola,41,275.3,33,18,15,23.4,79.3,2.97
upo_smooth,61,368.4,44,16,13,26.7,65.7,14.05
ampalaya_bilog,40,280.3,28,31,10,22.1,66.7,3.21
ampalaya_bilog,86,317.6,38,14,6,33.5,61.1,2.07
cucumber,42,270.9,25,29,17,31.1,70.2,7.55
cucumber,49,375.9,52,18,12,24.8,41.8,5.58
upo_smooth,108,341.4,35,17,12,25.6,60.3,9.7
patola,95,403.0,57,18,6,21.6,68.2,1.46
cucumber,45,263.1,32,25,17,25.3,73.7,8.71
cucumber,52,226.0,31,26,11,24.9,58.7,6.03
ampalaya_bilog,69,315.1,28,19,10,31.9,74.7,4.4
patola,73,444.5,56,24,13,27.0,70.0,5.71
ampalaya_bilog,66,420.8,53,17,11,26.8,68.4,6.17
ampalaya_bilog,70,314.5,43,15,12,34.7,62.6,4.54
ampalaya_bilog,81,431.9,55,13,14,28.1,66.1,4.73
upo_smooth,74,478.4,57,26,8,24.2,74.4,8.78
ampalaya_bilog,62,392.5,47,30,10,27.7,75.3,5.56
patola,53,364.5,33,21,14,27.6,70.7,6.65
ampalaya_bilog,72,498.4,49,25,9,32.5,39.1,2.07
cucumber,65,349.6,28,28,8,24.9,65.2,5.05
ampalaya_bilog,67,352.1,35,15,17,33.3,69.0,4.1
ampalaya_bilog,60,495.8,63,31,11,29.9,74.4,5.87
upo_smooth,59,224.6,25,27,16,28.1,73.5,15.63
patola,71,435.7,40,15,11,36.3,64.5,2.13
patola,98,428.0,55,13,6,26.5,60.7,1.88
cucumber,92,470.7,53,14,12,24.8,47.8,4.85
ampalaya_bilog,61,329.8,38,19,12,27.7,76.5,6.3
cucumber,35,238.1,20,16,9,28.6,62.4,3.14
upo_smooth,60,336.1,44,19,14,26.6,32.4,8.21
ampalaya_bilog,82,312.7,25,14,6,28.5,75.0,3.18
upo_smooth,60,360.8,45,24,11,37.0,78.4,5.76
ampalaya_bilog,62,352.5,48,15,13,29.2,75.8,5.73
upo_smooth,94,354.6,49,19,11,26.5,68.0,9.75
upo_smooth,86,312.8,46,21,7,25.9,65.6,6.69
cucumber,51,220.7,27,23,15,23.1,65.0,7.88
patola,65,357.2,30,24,15,19.2,65.8,2.87
upo_smooth,61,367.4,45,31,16,28.1,74.4,15.6
ampalaya_bilog,44,372.1,43,18,16,29.5,73.3,6.08
ampalaya_bilog,51,315.2,45,15,17,28.6,76.7,6.27
ampalaya_bilog,55,216.5,26,15,15,22.3,60.2,5.9
upo_smooth,78,328.7,40,22,14,31.2,67.2,10.69
ampalaya_bilog,70,396.0,47,16,9,26.7,74.6,4.0
ampalaya_bilog,58,209.4,17,18,12,27.1,71.2,5.53
cucumber,33,238.4,28,17,9,24.2,73.7,4.13
cucumber,65,317.5,41,16,15,24.5,67.4,7.28
patola,68,375.0,48,23,17,27.5,77.0,6.57
ampalaya_bilog,55,215.0,22,27,16,27.1,70.3,9.12
patola,62,475.5,66,28,8,28.8,76.4,3.81
upo_smooth,109,303.4,36,26,7,27.9,63.8,5.25
ampalaya_bilog,56,312.5,41,33,8,27.4,66.4,4.41
cucumber,43,221.1,19,31,10,18.2,72.2,3.76
patola,75,301.7,35,20,7,29.7,69.8,3.07
patola,68,341.9,49,16,10,35.7,63.7,3.15
cucumber,86,366.5,34,14,8,25.9,75.6,3.93
patola,90,384.8,43,21,11,30.2,87.8,3.91
ampalaya_bilog,57,387.2,34,24,10,32.4,77.5,3.54
patola,44,333.6,31,16,17,28.8,49.5,3.56
ampalaya_bilog,58,242.4,24,18,10,26.7,67.2,5.98
patola,73,418.3,46,19,11,26.7,65.0,4.09
patola,69,324.3,43,28,15,30.5,77.4,6.23
ampalaya_bilog,40,297.4,43,27,16,25.7,59.8,4.99
patola,71,486.7,41,25,10,21.0,77.8,3.65
patola,66,472.7,44,32,14,18.3,70.0,3.42
cucumber,82,373.1,47,16,12,28.7,76.8,4.35
upo_smooth,45,359.1,48,16,9,22.3,67.2,5.77
patola,75,309.2,27,19,10,31.6,64.5,3.05
upo_smooth,68,348.8,49,16,14,25.1,85.3,10.46
cucumber,31,117.6,9,9,6,18.0,71.8,1.69
cucumber,34,206.8,28,11,7,29.8,69.7,2.51
patola,59,232.7,19,32,11,30.3,79.2,5.04
patola,56,283.8,24,26,8,29.7,72.9,3.95
cucumber,59,219.2,30,27,9,35.4,61.7,2.43
patola,61,389.3,56,33,17,25.5,76.1,7.57
ampalaya_bilog,41,232.7,23,16,15,26.9,77.8,5.93
patola,75,384.9,45,26,11,33.7,70.5,4.08
upo_smooth,62,496.8,59,24,13,37.1,63.5,5.97
cucumber,84,487.3,60,25,11,25.9,71.9,5.25
ampalaya_bilog,67,470.4,49,20,17,22.4,75.9,6.41
upo_smooth,50,398.2,42,27,15,24.8,75.4,13.75
upo_smooth,49,208.1,26,31,15,22.0,50.9,6.57
cucumber,33,123.6,14,12,6,24.5,40.5,1.93
cucumber,40,294.7,40,30,10,31.6,61.4,3.71
cucumber,48,339.5,44,31,10,33.5,61.8,2.9
patola,57,399.0,48,33,10,28.0,79.5,4.64
cucumber,75,439.3,52,19,13,30.2,73.9,5.03
patola,40,379.9,36,29,10,19.6,68.2,1.59
patola,46,249.1,33,30,9,21.2,57.3,1.83
upo_smooth,57,257.3,22,32,8,28.1,77.3,6.59
ampalaya_bilog,47,344.0,31,27,8,29.6,61.3,3.86
cucumber,47,333.5,45,30,16,21.2,79.3,8.73
cucumber,58,328.6,29,34,16,34.7,75.8,4.84
upo_smooth,68,383.1,51,16,8,27.6,68.3,8.88
patola,41,230.5,25,27,8,29.2,68.5,2.61
cucumber,59,296.8,34,20,12,20.3,69.6,7.3
cucumber,56,338.2,42,30,8,24.5,70.1,4.55
cucumber,46,310.2,36,22,11,26.4,78.4,5.64
cucumber,75,499.5,71,22,12,37.3,79.9,2.83
upo_smooth,63,469.6,58,16,13,32.0,31.6,5.31
ampalaya_bilog,64,381.8,51,15,13,32.3,76.5,5.5
cucumber,39,122.9,18,9,9,35.6,44.2,1.92
ampalaya_bilog,86,423.3,38,21,13,27.1,75.8,5.86
cucumber,54,312.9,45,20,11,35.9,74.1,3.11
patola,48,381.1,54,34,13,26.4,74.5,4.54
cucumber,84,472.4,53,19,10,25.0,84.4,3.49
ampalaya_bilog,46,257.9,35,23,17,33.5,76.0,6.5
cucumber,30,247.2,28,17,6,21.2,74.5,2.03
ampalaya_bilog,78,409.7,46,12,6,31.2,69.4,2.04
cucumber,54,320.9,28,30,10,27.0,67.3,6.28
upo_smooth,63,423.6,53,34,9,31.1,77.8,7.25
patola,64,362.3,40,23,10,26.1,72.5,4.2
cucumber,30,174.0,20,10,6,33.5,73.8,1.08
upo_smooth,60,417.8,38,24,11,24.4,74.4,10.93
ampalaya_bilog,63,332.8,29,34,11,25.9,69.6,5.99
cucumber,45,279.6,26,34,15,30.6,71.3,5.77
cucumber,76,491.8,47,21,8,35.8,72.9,2.36
upo_smooth,66,371.0,42,32,15,28.5,74.9,13.57
upo_smooth,69,498.9,58,16,9,24.5,49.3,8.62
cucumber,45,223.1,22,28,12,23.5,94.4,4.35
cucumber,65,365.8,46,22,11,24.8,74.2,7.05
ampalaya_bilog,67,392.6,35,26,15,35.0,74.4,4.27
patola,56,352.9,50,26,11,29.7,69.6,4.38
upo_smooth,78,413.7,54,24,11,26.0,69.0,12.73
ampalaya_bilog,51,371.0,39,29,14,25.7,85.5,6.37
upo_smooth,67,491.4,61,34,11,26.0,77.9,11.36
ampalaya_bilog,63,361.4,29,33,11,27.5,44.4,4.41
cucumber,43,271.9,37,16,9,22.3,73.9,5.5
ampalaya_bilog,94,343.9,45,24,9,27.4,60.9,3.35
cucumber,56,340.8,42,27,17,22.2,76.7,9.7
cucumber,61,483.0,63,27,8,20.9,73.6,4.63
patola,62,365.5,51,16,17,34.6,35.2,2.11
ampalaya_bilog,63,470.3,53,23,17,26.1,63.5,8.12
patola,61,400.1,43,26,10,27.0,73.0,4.57
cucumber,32,165.5,16,14,9,37.1,78.3,1.64
cucumber,89,475.1,54,21,8,36.6,62.0,2.06
ampalaya_bilog,67,348.4,45,31,16,28.4,75.5,7.77
cucumber,40,218.6,27,16,8,22.2,60.6,4.26
upo_smooth,89,327.1,37,16,14,27.7,60.2,12.58
ampalaya_bilog,69,449.0,43,23,10,28.9,54.1,4.63
cucumber,53,313.9,46,31,12,38.0,30.1,2.27
upo_smooth,106,316.9,40,21,14,26.6,83.2,9.33
upo_smooth,101,378.6,53,27,10,26.4,72.0,7.29
ampalaya_bilog,56,322.7,43,16,9,18.4,30.9,1.5
ampalaya_bilog,66,348.4,30,32,17,24.8,74.5,7.44
ampalaya_bilog,75,491.7,40,23,14,21.4,63.4,5.42
upo_smooth,69,389.1,53,30,10,25.9,35.9,6.25
patola,56,223.7,33,27,13,26.4,77.2,5.47
ampalaya_bilog,61,484.2,58,25,13,29.0,62.3,6.03
patola,66,410.4,59,15,12,28.4,74.2,4.93
cucumber,40,386.2,44,21,11,37.5,40.1,2.58
cucumber,77,377.8,56,24,8,25.2,79.7,4.49
upo_smooth,79,403.0,55,13,9,31.0,76.9,6.49
upo_smooth,57,336.2,39,26,15,25.8,50.1,12.11
upo_smooth,67,481.9,62,15,16,27.4,65.6,11.22
ampalaya_bilog,56,300.1,25,16,14,29.6,62.9,7.38
upo_smooth,46,246.0,20,27,9,27.4,62.5,6.08
ampalaya_bilog,68,361.1,42,28,15,37.5,61.4,3.73
ampalaya_bilog,68,426.9,64,17,12,29.3,62.2,6.19
patola,58,219.0,27,26,10,29.6,62.1,3.89
upo_smooth,106,415.1,57,14,9,31.5,77.4,5.67
ampalaya_bilog,64,403.9,45,15,13,29.8,67.1,5.6
ampalaya_bilog,52,323.3,30,18,16,31.2,65.2,6.8
cucumber,62,303.1,45,28,16,24.1,79.4,8.81
cucumber,75,490.6,49,13,10,24.8,71.8,5.18
patola,63,325.6,26,27,16,27.0,78.1,6.48
patola,58,314.1,27,19,16,29.0,66.8,6.6
patola,104,391.9,50,12,11,32.9,58.6,2.06
patola,95,459.1,59,12,6,22.0,78.2,1.84
upo_smooth,72,377.5,46,15,9,29.3,88.6,6.41
cucumber,46,348.9,42,24,9,18.2,63.0,4.38
patola,73,399.4,43,12,6,30.9,61.2,2.42
patola,74,360.3,50,20,7,26.9,79.8,3.34
cucumber,68,491.9,66,31,12,27.6,61.9,6.08
ampalaya_bilog,64,462.1,59,29,14,25.5,76.6,8.36
cucumber,63,389.2,34,26,11,26.4,82.7,4.96
patola,55,382.3,53,17,17,29.9,63.8,6.91
ampalaya_bilog,95,421.0,45,16,13,35.2,62.6,2.73
cucumber,57,341.7,29,33,14,26.9,65.6,8.91
patola,67,449.5,64,21,12,25.2,78.1,5.69
ampalaya_bilog,58,295.7,27,24,15,25.0,70.7,8.66
upo_smooth,90,343.5,33,16,11,25.7,67.4,11.13
cucumber,47,395.8,36,29,8,25.0,68.9,4.36
ampalaya_bilog,52,238.1,26,33,8,24.8,91.2,2.0
ampalaya_bilog,97,343.5,33,13,11,30.9,61.6,2.85
ampalaya_bilog,70,361.2,40,14,11,20.1,69.6,4.56
ampalaya_bilog,67,414.4,42,24,13,26.8,63.2,6.26
ampalaya_bilog,68,480.8,50,25,15,28.1,91.7,4.26
patola,45,361.0,49,20,10,36.6,78.2,1.83
ampalaya_bilog,35,145.2,17,8,4,29.3,84.7,1.19
upo_smooth,58,219.2,28,17,10,29.9,70.0,7.56
patola,75,304.6,44,21,12,31.0,65.3,4.51
ampalaya_bilog,58,232.9,25,33,15,27.6,79.7,8.22
patola,75,332.3,27,22,11,25.9,79.1,5.06
cucumber,62,347.3,31,16,12,19.2,73.0,5.09
ampalaya_bilog,48,241.2,31,25,16,28.7,63.3,9.01
patola,47,388.3,57,28,9,28.0,73.4,3.36
ampalaya_bilog,35,118.9,15,11,8,25.9,44.8,2.52
ampalaya_bilog,57,328.3,27,20,13,31.1,62.1,4.52
ampalaya_bilog,56,261.8,32,34,8,25.3,78.2,4.45
upo_smooth,58,298.9,33,17,15,27.8,66.3,12.28
patola,53,347.5,48,34,12,32.6,71.6,4.23
patola,56,318.8,38,30,10,25.6,68.6,4.95
upo_smooth,66,336.4,30,32,12,27.4,71.1,11.61
cucumber,56,284.1,23,24,15,19.6,69.9,5.88
patola,60,326.8,37,19,16,25.1,79.7,6.87
patola,42,380.1,31,25,12,31.3,74.2,3.06
ampalaya_bilog,56,352.8,28,33,9,32.7,72.7,3.49
ampalaya_bilog,39,157.8,21,17,8,28.9,63.3,2.8
patola,102,440.9,43,25,11,30.2,73.1,3.71
cucumber,78,425.4,44,13,10,29.7,73.0,3.66
cucumber,40,295.3,26,28,16,23.2,61.4,8.52
ampalaya_bilog,64,351.5,39,32,15,26.5,67.4,8.97
upo_smooth,55,279.3,40,16,15,37.9,54.9,5.57
cucumber,86,367.5,39,22,7,32.8,62.6,2.67
cucumber,49,343.4,29,20,16,23.3,62.9,8.49
cucumber,64,349.2,42,16,13,22.7,56.8,5.52
cucumber,59,309.2,39,22,10,20.1,54.9,4.96
ampalaya_bilog,60,420.7,53,27,12,29.3,69.6,5.37
upo_smooth,51,388.0,41,24,10,28.5,79.3,7.67
upo_smooth,49,209.8,29,24,16,26.0,89.5,9.59
upo_smooth,105,342.9,43,27,6,24.3,68.1,5.48
ampalaya_bilog,51,280.8,33,30,13,22.5,57.9,3.75
upo_smooth,106,465.8,60,12,9,28.4,62.9,6.98
upo_smooth,68,449.9,58,20,8,25.7,89.8,6.1
ampalaya_bilog,58,371.7,54,27,9,29.1,72.4,5.09
cucumber,40,250.9,25,15,13,27.9,53.2,4.93
cucumber,52,291.4,41,24,9,30.5,90.7,2.34
patola,69,317.4,43,19,13,29.4,60.1,4.78
patola,41,332.6,47,20,16,29.9,77.2,5.51
cucumber,64,429.5,57,18,12,21.6,64.8,6.79
cucumber,47,334.7,30,26,10,27.2,67.5,5.22
upo_smooth,59,294.0,38,15,12,28.2,45.4,8.88
ampalaya_bilog,61,492.1,46,34,17,37.6,65.2,4.35
patola,59,264.6,38,23,12,19.6,79.9,2.59
patola,94,385.7,55,21,10,28.3,78.0,3.91
cucumber,31,222.1,24,10,6,27.1,67.1,2.44
upo_smooth,63,390.5,45,15,15,30.4,64.0,11.23
ampalaya_bilog,61,376.8,42,31,10,26.1,71.1,5.02
cucumber,47,378.9,47,15,14,28.8,43.1,4.65
patola,78,465.3,68,22,8,24.9,65.4,2.87
upo_smooth,72,426.4,39,17,12,37.7,88.5,4.14
patola,70,323.4,45,22,14,27.8,43.9,5.31
ampalaya_bilog,44,318.2,39,20,11,21.9,66.6,4.08
upo_smooth,50,319.3,40,22,15,26.2,68.6,13.74
patola,68,348.7,31,19,14,29.6,64.2,5.72
cucumber,49,364.3,47,21,16,27.0,90.3,6.0
ampalaya_bilog,66,415.7,43,16,16,28.7,76.3,7.02
ampalaya_bilog,65,393.0,50,32,10,34.3,87.2,3.02
cucumber,80,319.8,45,15,9,25.4,62.2,4.98
patola,65,455.8,64,22,13,28.7,39.2,3.81
cucumber,67,467.6,69,16,14,25.5,73.6,7.36
ampalaya_bilog,74,407.6,41,14,12,31.1,78.6,3.76
ampalaya_bilog,88,479.0,71,22,7,28.3,78.4,3.37
patola,66,375.1,44,29,16,20.0,73.3,4.7
patola,70,425.8,35,18,8,28.9,77.2,3.65
cucumber,49,252.8,37,33,9,37.3,74.0,2.66
ampalaya_bilog,93,314.6,45,18,13,28.2,32.7,3.52
cucumber,89,398.7,34,22,12,30.9,67.4,3.79
ampalaya_bilog,45,215.8,21,19,10,27.9,76.4,4.25
cucumber,51,322.2,35,31,14,26.0,60.7,7.86
cucumber,86,451.4,41,13,7,23.4,48.2,2.97
ampalaya_bilog,52,397.1,36,17,8,26.0,44.3,2.95
ampalaya_bilog,66,348.0,41,17,17,26.1,65.5,8.51
patola,74,497.7,42,24,8,19.8,30.2,1.07
ampalaya_bilog,54,395.8,47,18,13,27.6,72.1,6.47
patola,74,409.4,52,12,6,35.2,57.9,1.78
ampalaya_bilog,66,307.0,31,25,13,27.2,54.5,5.2
patola,89,317.1,41,21,14,34.9,72.1,3.56
cucumber,55,274.9,30,25,8,25.2,61.8,4.48
cucumber,57,295.0,41,29,16,25.4,65.9,10.21
patola,66,305.6,40,25,13,26.4,87.9,4.71
ampalaya_bilog,47,361.8,36,26,15,26.5,76.4,8.3
ampalaya_bilog,66,325.5,43,24,9,29.7,78.2,4.42
ampalaya_bilog,48,371.8,38,22,16,32.3,78.2,5.12
cucumber,60,372.6,33,19,13,20.3,65.9,7.64
upo_smooth,101,349.0,52,13,13,26.1,35.9,6.07
patola,56,375.9,56,20,17,25.1,80.0,7.31
cucumber,61,499.1,60,26,16,22.4,75.1,10.31
cucumber,50,396.6,34,24,8,21.8,78.9,4.54
cucumber,51,372.8,52,28,11,35.3,56.8,2.97
ampalaya_bilog,92,373.9,42,23,11,18.2,73.2,2.35
upo_smooth,88,378.8,40,13,13,30.6,65.2,8.69
patola,78,399.8,53,20,6,25.5,44.9,2.19
cucumber,52,220.9,23,25,13,22.6,65.3,7.72
patola,50,247.0,31,25,11,30.6,63.4,4.03
patola,71,478.3,49,14,10,25.4,49.8,3.64
upo_smooth,80,307.8,25,25,11,28.5,79.6,11.55
upo_smooth,63,388.8,37,20,10,28.2,71.2,8.86
patola,42,211.8,20,22,15,37.1,77.4,2.21
cucumber,58,383.6,53,28,12,21.4,86.3,6.31
ampalaya_bilog,46,372.6,41,16,12,30.2,69.4,3.85
ampalaya_bilog,64,317.2,44,29,17,36.8,72.0,5.07
patola,72,459.6,48,19,14,27.0,60.0,6.47
patola,49,291.6,34,23,13,28.0,75.2,4.79
upo_smooth,60,325.0,35,15,10,26.4,65.5,10.21
upo_smooth,54,337.4,45,29,11,35.0,63.9,4.74
ampalaya_bilog,54,239.9,20,19,12,30.5,70.1,5.3
upo_smooth,79,366.7,40,21,6,29.5,76.8,5.07
ampalaya_bilog,51,321.4,34,19,8,25.5,79.7,4.1
cucumber,38,106.4,13,14,5,21.1,77.6,2.71
patola,64,469.3,66,21,10,27.4,75.7,3.88
ampalaya_bilog,55,368.4,44,16,14,28.9,50.1,5.37
ampalaya_bilog,52,347.7,44,17,13,29.0,79.9,5.65
ampalaya_bilog,37,212.5,21,11,6,27.2,74.9,2.5
cucumber,33,157.3,14,9,6,33.6,71.3,1.24
patola,74,446.1,38,26,7,30.2,65.9,2.64
upo_smooth,57,327.2,45,16,15,29.6,66.4,9.84
cucumber,61,436.5,61,17,12,35.9,66.3,3.71
patola,63,439.1,46,18,13,24.4,76.6,3.73
cucumber,72,400.9,53,18,6,24.8,62.8,3.13
patola,65,369.0,50,19,12,30.5,64.2,5.52
cucumber,58,347.3,47,25,16,21.1,73.4,10.59
ampalaya_bilog,46,223.0,24,20,8,35.8,46.2,1.62
patola,65,335.4,49,16,11,30.0,49.6,3.28
upo_smooth,75,467.1,61,23,7,28.3,73.7,7.29
patola,57,261.8,26,19,16,32.0,75.7,5.0
upo_smooth,63,432.6,63,24,15,27.5,74.8,14.59
cucumber,49,379.6,47,27,16,25.9,80.1,8.03
ampalaya_bilog,88,388.0,35,17,9,26.1,74.7,4.62
cucumber,43,207.9,20,20,10,27.5,56.9,4.5
upo_smooth,69,492.4,54,26,13,27.7,43.9,9.3
ampalaya_bilog,86,356.0,38,21,8,25.4,57.1,3.08
patola,64,361.1,29,23,9,29.7,67.5,3.54
cucumber,86,478.2,40,22,10,24.3,41.7,4.31
ampalaya_bilog,53,288.4,36,26,11,25.3,45.7,4.68
patola,56,347.0,43,29,8,25.9,68.4,3.12
upo_smooth,71,370.0,45,14,11,23.9,64.6,7.62
upo_smooth,65,447.1,54,28,10,24.1,65.3,8.82
upo_smooth,93,430.3,50,19,14,24.0,64.5,10.39
upo_smooth,54,298.4,25,28,9,23.5,57.8,5.24
cucumber,70,434.7,37,20,10,20.6,62.7,5.01
patola,58,341.1,42,25,14,25.0,70.5,5.3
cucumber,39,201.7,29,10,6,23.4,67.1,2.94
ampalaya_bilog,55,359.9,37,32,17,18.7,56.7,4.07
cucumber,45,304.5,45,30,9,22.8,75.7,5.0
ampalaya_bilog,38,190.3,21,15,9,26.2,62.4,4.09
upo_smooth,77,346.5,42,26,7,27.5,62.9,6.84
ampalaya_bilog,57,378.0,44,34,17,29.2,67.8,9.17
upo_smooth,68,471.6,54,26,16,25.8,82.9,14.81
patola,50,254.1,23,23,15,36.0,71.4,3.2
patola,55,327.7,36,29,16,22.8,67.6,4.75
upo_smooth,105,381.6,31,15,13,22.1,76.3,6.86
patola,89,418.4,55,15,9,20.5,38.7,1.5
cucumber,64,316.1,27,18,8,25.1,69.3,4.03
upo_smooth,69,308.2,39,28,11,23.3,74.6,8.98
ampalaya_bilog,55,370.7,39,21,15,25.0,68.5,8.15
cucumber,60,414.1,54,33,14,30.2,91.3,3.82
patola,73,397.5,45,16,10,31.5,76.0,3.68
cucumber,65,457.7,56,20,9,21.2,90.0,4.91
patola,68,335.5,35,32,15,18.4,76.1,3.01
upo_smooth,76,435.0,57,15,12,28.2,73.9,10.61
ampalaya_bilog,71,487.0,39,21,10,19.7,74.2,2.72
ampalaya_bilog,51,206.4,29,28,15,28.1,70.7,8.5
cucumber,65,354.6,38,30,12,26.8,77.0,6.29
patola,54,323.2,26,30,9,26.7,48.3,3.15
cucumber,50,238.2,22,20,8,25.9,62.7,4.58
upo_smooth,57,202.1,20,22,16,24.1,70.0,16.62
ampalaya_bilog,74,456.2,49,19,14,18.2,45.4,2.45
cucumber,40,270.8,30,17,14,24.5,77.1,7.6
patola,85,497.3,42,21,8,30.9,77.1,3.53
patola,65,378.6,32,18,11,29.5,77.2,5.24
cucumber,35,181.5,15,15,5,27.8,88.1,1.72
ampalaya_bilog,61,493.8,73,30,14,25.9,73.9,7.93
patola,73,349.2,33,16,7,29.6,52.3,2.72
patola,52,333.6,47,34,17,35.8,77.0,4.57
cucumber,48,257.1,36,26,11,23.0,65.5,7.09
ampalaya_bilog,70,346.4,28,24,11,18.8,70.3,2.92
upo_smooth,90,499.9,55,14,9,35.0,71.9,4.63
ampalaya_bilog,37,103.5,10,13,9,20.5,71.8,2.5
ampalaya_bilog,67,350.7,39,24,9,33.6,69.2,3.53
cucumber,56,225.2,28,27,15,18.6,66.5,7.45
upo_smooth,55,329.6,28,21,17,27.8,48.0,11.34
cucumber,38,131.5,17,9,4,26.0,65.1,2.16
cucumber,65,451.8,36,23,8,24.2,69.7,5.23
cucumber,44,322.1,40,28,9,20.0,34.1,2.51
upo_smooth,61,351.9,46,26,11,28.5,76.5,11.31
ampalaya_bilog,51,338.4,42,19,15,26.6,72.2,8.21
upo_smooth,95,378.2,52,22,12,35.7,67.6,5.8
patola,57,359.3,43,24,8,26.5,79.7,3.79
patola,66,497.6,67,22,13,34.5,67.0,4.45
ampalaya_bilog,68,304.7,40,24,10,20.3,50.4,3.61
upo_smooth,72,360.1,45,23,12,25.9,65.1,10.92
ampalaya_bilog,55,276.3,37,21,14,25.7,89.6,6.73
cucumber,53,220.8,24,28,9,22.1,64.9,5.17
patola,64,323.6,39,24,17,30.6,76.6,7.57
patola,58,363.1,41,18,10,27.2,62.6,4.89
patola,43,332.7,35,19,12,27.5,76.6,4.55
patola,56,303.4,28,30,10,23.4,64.2,3.39
cucumber,59,308.4,43,16,12,35.2,49.9,2.73
patola,75,389.4,31,25,10,29.6,67.3,4.45
patola,63,493.6,71,24,15,34.2,40.0,2.74
ampalaya_bilog,67,300.9,43,17,8,26.9,71.7,4.1
patola,61,331.1,39,17,12,29.5,90.9,3.4
upo_smooth,57,340.2,45,23,15,36.7,62.6,7.97
cucumber,86,368.5,30,21,7,27.9,76.9,3.74
upo_smooth,63,461.4,45,29,15,34.4,36.4,4.08
ampalaya_bilog,38,104.9,12,13,9,25.3,76.8,3.89
ampalaya_bilog,93,491.2,40,23,6,27.3,66.8,2.3
cucumber,91,431.2,62,12,8,35.4,61.4,1.57
patola,64,309.4,39,24,17,30.2,36.1,3.99
patola,75,468.1,46,22,11,21.4,65.7,3.7
patola,59,224.6,20,31,8,19.1,75.5,1.6
ampalaya_bilog,37,223.2,26,11,5,22.2,72.7,1.61
upo_smooth,63,353.2,40,24,14,28.7,65.5,15.99
ampalaya_bilog,58,335.1,28,28,13,23.8,75.3,4.71
upo_smooth,84,312.0,29,16,9,25.7,61.3,7.72
upo_smooth,63,364.0,50,31,14,32.0,55.1,9.28
upo_smooth,96,339.0,49,21,8,25.5,64.7,7.38
patola,58,215.7,23,22,17,33.6,68.3,4.78
ampalaya_bilog,68,326.1,40,18,8,29.6,53.0,3.61
upo_smooth,73,376.3,55,12,14,37.9,79.3,4.81
cucumber,65,481.8,65,27,17,24.2,78.9,10.1
patola,82,375.4,39,22,11,35.2,70.0,3.56
ampalaya_bilog,36,193.9,17,12,7,28.3,66.7,2.29
cucumber,56,371.3,52,26,11,25.2,71.0,6.68
patola,42,217.0,25,29,15,27.9,83.3,4.36
cucumber,55,387.0,45,15,17,21.6,59.0,6.41
patola,66,301.2,31,32,17,24.1,64.7,4.99
patola,72,330.7,27,23,9,26.4,68.8,3.73
cucumber,49,293.0,24,33,14,30.9,79.7,5.42
patola,43,387.8,33,30,14,28.3,77.9,4.31
upo_smooth,49,295.4,39,33,15,19.3,79.5,9.86
patola,68,327.1,44,24,15,25.4,62.3,5.92
patola,60,452.7,38,23,10,27.5,41.6,3.38
patola,65,387.2,43,30,10,30.7,65.9,3.94
ampalaya_bilog,90,363.4,50,25,9,35.0,61.3,1.68
patola,70,438.7,58,13,8,22.6,50.3,2.09
cucumber,34,182.3,18,16,6,37.0,45.7,1.19
patola,55,398.0,45,31,13,28.2,68.4,6.03
cucumber,79,424.0,38,23,14,27.7,60.7,8.2
ampalaya_bilog,35,246.3,30,17,9,26.6,86.3,2.73
patola,85,416.5,57,16,14,26.5,56.1,4.84
ampalaya_bilog,39,229.3,27,10,6,27.9,36.4,1.66
patola,66,478.6,53,23,15,32.8,69.3,4.47
cucumber,49,338.6,32,28,9,20.5,65.0,5.95
ampalaya_bilog,57,305.6,35,26,15,19.5,78.8,3.95
upo_smooth,71,309.5,37,17,7,24.2,67.8,7.77
upo_smooth,51,308.6,42,27,14,30.4,73.8,9.49
upo_smooth,97,399.4,53,13,9,20.7,61.3,5.87
cucumber,82,473.3,53,23,12,20.4,61.9,6.57
upo_smooth,66,395.1,39,18,9,24.6,62.7,8.06
patola,62,482.2,69,32,13,25.5,86.9,4.58
cucumber,65,333.6,48,23,16,24.2,73.2,8.33
cucumber,38,191.8,20,8,9,24.2,49.5,2.5
ampalaya_bilog,52,338.8,39,21,10,26.5,91.0,3.53
cucumber,63,483.3,48,15,12,34.7,40.2,2.41
upo_smooth,73,410.9,46,18,11,29.0,60.7,11.46
upo_smooth,63,376.6,35,27,17,26.7,78.3,17.27
ampalaya_bilog,54,393.2,54,19,9,25.7,60.5,5.09
cucumber,54,387.1,36,21,13,23.2,62.9,8.26
patola,104,376.2,54,27,11,34.8,77.4,2.68
cucumber,61,469.3,55,27,16,27.6,79.0,10.01
cucumber,54,243.5,28,21,11,27.0,76.1,7.04
ampalaya_bilog,63,306.4,26,20,16,18.4,65.5,4.14
upo_smooth,50,263.6,23,20,10,32.8,75.3,5.43
ampalaya_bilog,89,458.8,56,20,14,21.0,65.0,4.74
cucumber,50,246.5,28,29,15,30.9,34.2,3.49
upo_smooth,59,354.6,51,23,10,26.3,68.4,8.94
ampalaya_bilog,42,228.3,19,25,8,28.7,76.7,4.02
upo_smooth,46,268.7,25,33,16,24.7,68.8,10.72
ampalaya_bilog,67,359.3,34,15,8,26.6,73.6,3.82
cucumber,53,311.6,38,26,12,36.7,62.6,3.4
patola,73,408.2,43,17,13,36.1,49.5,2.24
ampalaya_bilog,62,426.6,62,27,16,22.6,72.2,6.09
cucumber,42,256.5,30,15,11,31.0,78.1,4.52
patola,73,376.9,46,14,8,22.3,71.5,2.98
cucumber,67,420.6,40,32,12,21.7,66.8,7.57
cucumber,67,429.2,56,19,11,22.0,91.6,3.93
upo_smooth,66,445.4,58,20,13,35.1,66.0,6.56
upo_smooth,78,443.3,62,16,9,29.6,73.3,7.85
upo_smooth,68,360.1,49,23,8,28.2,73.6,7.78
upo_smooth,53,369.5,51,27,17,35.8,65.5,8.57
upo_smooth,74,440.2,63,19,8,27.4,67.1,7.93
ampalaya_bilog,52,370.4,44,25,8,29.8,72.1,3.65
upo_smooth,105,427.4,41,15,9,22.5,75.2,5.77
patola,69,451.1,55,25,11,21.8,74.0,3.2
cucumber,64,467.3,53,23,16,20.5,48.0,7.64
ampalaya_bilog,93,354.1,37,21,13,32.8,73.4,4.04
cucumber,40,303.2,44,32,13,37.1,72.8,3.39
ampalaya_bilog,84,462.4,65,14,13,29.0,54.8,4.42
ampalaya_bilog,65,410.1,37,29,14,33.4,67.3,5.22
upo_smooth,101,499.3,50,17,7,32.9,79.6,4.74
upo_smooth,67,418.3,39,19,14,24.9,43.0,10.55
cucumber,59,342.8,48,30,13,26.0,67.0,7.1
patola,58,248.0,20,22,14,26.1,41.0,4.48
upo_smooth,69,303.5,39,27,14,27.4,67.3,13.94
ampalaya_bilog,50,301.6,34,33,16,23.9,64.5,6.15
patola,52,228.1,19,25,10,25.5,84.0,3.0
upo_smooth,64,393.6,51,31,15,27.1,73.9,14.68
patola,93,344.9,29,15,7,25.6,78.4,2.91
cucumber,46,388.0,37,24,11,21.4,69.3,7.09
ampalaya_bilog,36,194.2,24,13,8,26.1,51.0,2.13
upo_smooth,50,324.4,37,20,9,24.1,68.6,7.42
upo_smooth,99,354.4,48,20,12,24.7,76.5,10.27
patola,46,398.9,41,21,9,30.9,69.3,3.44
upo_smooth,80,467.9,41,13,6,19.6,53.3,3.58
ampalaya_bilog,80,366.8,49,13,6,27.9,58.3,2.2
ampalaya_bilog,56,378.7,40,20,15,35.2,77.0,3.2
upo_smooth,92,398.6,49,14,6,26.4,69.8,5.23
patola,55,295.4,43,21,17,29.1,76.4,7.63
patola,73,456.1,65,14,9,27.4,71.4,4.24
patola,43,341.0,46,21,16,25.6,65.6,5.32
upo_smooth,62,338.2,37,26,14,28.6,55.5,11.5
cucumber,48,296.9,37,16,16,25.1,82.7,7.58
patola,57,335.9,47,18,10,26.8,92.6,2.85
ampalaya_bilog,73,303.1,44,24,13,28.7,74.1,6.76
ampalaya_bilog,41,353.5,38,31,16,28.3,77.6,6.26
cucumber,55,242.7,28,23,15,27.1,52.2,7.96
patola,81,349.2,41,26,9,21.3,62.7,2.72
patola,47,349.9,32,25,12,20.7,73.3,3.4
upo_smooth,69,396.5,37,17,9,18.6,42.9,3.33
patola,40,390.2,52,26,10,29.6,45.9,2.74
ampalaya_bilog,50,205.9,28,19,11,24.7,78.4,3.8
cucumber,51,379.0,45,25,12,34.1,75.5,3.39
cucumber,55,301.9,35,25,9,19.7,33.8,2.34
ampalaya_bilog,75,494.6,48,23,9,27.5,77.4,5.12
upo_smooth,50,267.4,23,26,13,26.9,67.4,9.92
cucumber,51,298.3,30,26,14,25.6,79.4,7.32
upo_smooth,68,474.9,42,32,12,25.5,70.1,11.64
cucumber,63,336.3,45,28,14,25.8,72.8,9.01
cucumber,51,338.5,29,31,9,25.9,62.4,4.96
upo_smooth,46,203.8,20,24,9,26.3,84.2,5.86
patola,63,445.8,47,17,11,27.3,72.0,4.58
patola,72,398.1,32,19,10,37.4,64.3,2.4
upo_smooth,72,366.0,34,24,8,26.1,68.2,8.12
cucumber,58,204.0,24,22,12,28.7,73.6,4.46
cucumber,30,245.7,26,8,5,20.0,78.1,2.11
ampalaya_bilog,54,305.1,35,17,17,30.0,72.2,7.43
patola,69,319.5,32,30,12,26.0,31.2,3.36
cucumber,56,310.8,37,22,8,27.4,61.9,4.8
patola,53,245.4,29,32,12,20.7,67.7,3.6
cucumber,63,334.6,37,18,11,22.3,32.5,3.88
cucumber,49,203.5,18,19,13,24.2,76.5,6.43
patola,68,333.5,36,20,13,35.0,67.4,4.77
patola,58,369.4,38,32,11,28.4,78.4,5.24
cucumber,47,273.5,29,26,10,25.5,78.1,6.0
upo_smooth,90,494.6,49,15,13,26.1,68.3,10.92
cucumber,46,347.3,39,16,15,20.8,61.5,8.58
cucumber,37,218.0,29,17,5,22.3,74.2,2.72
upo_smooth,69,339.4,41,29,9,22.2,77.1,6.22
upo_smooth,82,393.7,51,25,10,27.7,70.5,10.51
ampalaya_bilog,95,405.0,39,20,10,35.9,72.5,2.24
cucumber,50,361.9,38,27,14,29.1,86.4,5.66
patola,73,408.6,52,21,10,25.6,91.6,2.81
cucumber,32,195.1,19,16,4,34.6,42.5,0.64
cucumber,46,363.2,46,15,8,22.7,76.4,4.14
cucumber,64,427.3,56,28,10,21.3,63.9,6.62
ampalaya_bilog,35,162.7,24,14,7,29.4,63.2,2.18
cucumber,50,276.7,35,19,11,31.8,67.5,4.22
upo_smooth,80,365.8,39,25,8,21.5,69.3,6.63
upo_smooth,96,356.8,47,19,9,25.0,72.5,7.1
patola,91,337.0,29,13,10,18.8,73.9,1.98
cucumber,63,356.5,51,25,13,27.2,68.3,8.63
cucumber,81,447.0,64,27,12,37.6,69.5,2.84
upo_smooth,50,280.1,23,18,17,28.3,77.2,13.81
upo_smooth,87,348.1,41,12,8,27.3,65.8,7.27
cucumber,55,241.3,23,22,16,27.4,86.0,6.48
patola,59,290.6,41,20,14,27.4,44.6,4.9
patola,73,417.0,53,16,13,30.9,67.6,4.85
cucumber,62,376.9,35,20,9,21.7,74.3,5.06
cucumber,52,243.2,31,22,8,36.9,82.4,1.7
ampalaya_bilog,99,485.7,61,19,6,31.4,77.6,1.67
upo_smooth,74,447.4,63,17,6,28.3,75.4,5.79
upo_smooth,77,450.0,41,12,9,28.1,58.2,6.76
ampalaya_bilog,51,262.7,29,17,16,29.2,77.7,8.48
upo_smooth,77,387.1,31,19,8,28.6,68.5,8.91
upo_smooth,68,377.7,54,32,13,25.0,43.2,11.9
upo_smooth,80,431.3,49,15,14,27.4,58.7,10.28
upo_smooth,50,331.4,46,16,14,24.6,71.6,10.38
ampalaya_bilog,70,498.3,58,22,8,29.3,65.3,4.1
upo_smooth,76,481.9,45,25,12,29.4,71.9,9.64
patola,63,438.4,55,17,17,33.0,66.0,5.18
ampalaya_bilog,37,242.9,33,14,4,27.5,61.6,1.67
patola,47,294.9,28,26,15,28.6,36.1,3.61
cucumber,47,327.0,43,28,16,30.6,67.8,6.88
upo_smooth,78,419.4,53,19,6,24.4,81.4,5.72
upo_smooth,109,486.4,54,23,10,24.1,70.9,7.65
patola,57,357.4,42,29,9,26.3,68.9,3.74
patola,59,249.5,35,18,16,30.2,51.5,4.91
patola,102,357.4,47,26,14,28.0,79.2,4.36
patola,55,351.6,49,25,8,26.5,63.7,3.33
cucumber,59,388.2,34,16,15,23.7,68.3,8.66
patola,68,413.3,35,34,17,35.6,44.4,3.96
upo_smooth,62,453.5,47,32,11,36.8,56.9,4.7
ampalaya_bilog,54,377.3,37,15,17,28.8,70.0,7.03
ampalaya_bilog,59,363.7,38,27,14,29.5,69.3,8.39
ampalaya_bilog,43,312.0,29,33,10,26.0,69.8,4.21
upo_smooth,85,372.2,30,27,7,33.8,69.7,5.28
ampalaya_bilog,50,242.5,25,20,8,35.1,61.3,2.24
ampalaya_bilog,79,378.1,32,22,12,20.8,71.4,4.84
cucumber,64,344.6,37,15,10,21.7,76.3,5.35
upo_smooth,94,338.0,35,25,10,24.6,78.3,10.02
patola,72,334.8,32,26,11,28.4,77.1,5.13
ampalaya_bilog,52,258.8,28,29,14,22.5,69.6,6.16
ampalaya_bilog,92,496.8,49,18,14,25.2,89.0,4.35
patola,74,372.2,32,24,9,36.5,72.8,2.04
patola,58,307.7,29,31,8,25.6,72.0,3.86
cucumber,47,296.0,30,27,13,27.7,77.5,8.07
ampalaya_bilog,55,283.0,40,31,14,33.7,64.0,5.5
cucumber,60,311.1,35,18,15,19.9,93.9,3.8
upo_smooth,66,445.9,61,19,14,24.3,31.6,8.41
ampalaya_bilog,70,395.0,44,23,11,32.3,66.4,4.22
ampalaya_bilog,66,495.5,68,18,17,26.9,64.5,7.51
cucumber,50,363.0,34,34,12,31.6,79.9,4.77
upo_smooth,48,261.1,26,32,16,18.4,72.8,5.72
ampalaya_bilog,68,371.0,54,28,14,28.0,72.7,8.21
cucumber,51,213.8,23,24,8,32.8,72.9,3.51
ampalaya_bilog,50,357.4,30,22,13,32.6,72.3,5.22
ampalaya_bilog,56,234.8,24,15,12,30.4,84.4,3.37
patola,91,427.9,46,25,10,29.8,64.3,3.31
cucumber,65,378.6,45,34,9,25.2,75.9,5.37
ampalaya_bilog,62,385.5,38,22,16,27.3,60.7,7.21
ampalaya_bilog,56,249.4,35,19,10,27.0,34.2,3.16
cucumber,63,375.3,52,22,12,27.2,43.6,6.18
upo_smooth,66,323.3,42,17,17,28.0,61.8,16.79
upo_smooth,83,305.2,34,20,9,31.5,63.1,6.76
cucumber,91,382.7,34,22,14,31.9,71.3,4.88
ampalaya_bilog,35,157.8,22,13,9,28.6,78.1,2.85
patola,66,309.5,29,22,9,33.1,48.9,2.61
cucumber,72,363.4,30,18,7,23.2,73.1,3.75
ampalaya_bilog,60,481.1,55,21,9,19.2,66.0,2.22
ampalaya_bilog,94,302.7,30,19,9,25.7,68.6,4.07
ampalaya_bilog,56,350.2,42,30,12,25.4,74.6,6.11
ampalaya_bilog,66,443.0,48,21,17,23.8,79.5,5.38
patola,82,340.4,50,27,9,34.5,36.5,1.62
ampalaya_bilog,37,166.2,15,9,4,28.8,66.2,1.61
upo_smooth,61,489.5,57,16,14,27.7,72.3,14.43
cucumber,54,333.7,28,31,15,21.0,75.3,7.59
upo_smooth,45,214.1,24,29,9,21.3,60.5,5.42
ampalaya_bilog,73,425.0,43,25,10,26.6,85.3,4.81
upo_smooth,61,385.2,37,18,17,26.2,65.5,15.48
cucumber,79,489.1,63,15,11,24.5,82.8,4.64
upo_smooth,45,321.1,44,22,12,19.4,65.9,5.85
cucumber,44,251.1,33,30,13,20.3,66.3,6.77
ampalaya_bilog,57,231.8,21,16,9,27.7,75.9,4.4
upo_smooth,73,377.8,38,12,7,25.7,33.0,4.62
ampalaya_bilog,70,466.7,51,16,8,25.3,65.4,4.76
ampalaya_bilog,98,300.9,25,16,13,28.6,81.4,3.81
ampalaya_bilog,45,265.9,23,22,15,26.2,68.4,6.02
patola,66,356.2,30,25,13,27.7,70.5,5.03
upo_smooth,74,411.5,36,21,8,24.7,78.6,6.97
ampalaya_bilog,63,386.4,32,25,13,25.5,62.0,7.0
cucumber,64,476.9,69,25,8,27.5,63.8,4.15
ampalaya_bilog,61,346.3,37,34,16,28.3,70.3,9.22
cucumber,61,497.2,67,30,10,28.0,58.3,4.83
ampalaya_bilog,62,470.5,44,32,11,24.4,38.2,2.37
patola,93,441.4,65,25,10,36.9,75.9,1.73
upo_smooth,74,385.2,35,15,9,23.3,72.0,6.31
ampalaya_bilog,68,495.4,43,23,8,36.4,77.2,1.96
patola,68,489.3,45,31,17,28.5,68.5,7.35
ampalaya_bilog,50,366.5,49,32,8,20.8,71.0,3.04
cucumber,64,488.3,59,24,11,27.1,65.8,6.84
cucumber,40,388.4,42,16,8,23.2,76.1,4.12
cucumber,41,213.9,21,16,12,25.8,48.7,5.5
upo_smooth,94,431.7,62,18,12,25.6,68.5,12.37
patola,63,359.4,50,23,12,19.8,68.1,2.6
cucumber,82,392.1,45,21,10,18.8,86.3,2.68
ampalaya_bilog,93,427.2,60,13,14,27.5,75.2,4.07
ampalaya_bilog,86,394.2,42,15,12,28.4,44.9,4.75
upo_smooth,54,269.9,37,22,10,25.5,67.8,9.55
cucumber,57,306.3,31,21,10,20.3,72.9,6.28
patola,57,313.0,32,28,8,21.7,79.1,2.36
upo_smooth,76,365.6,36,21,6,25.7,65.4,6.74
upo_smooth,87,486.3,55,23,6,24.8,62.4,5.14
ampalaya_bilog,53,215.7,28,16,13,19.3,78.3,3.33
cucumber,39,219.5,28,13,5,25.1,66.1,2.34
cucumber,45,342.1,37,18,12,30.1,77.0,4.92
ampalaya_bilog,70,418.1,46,27,7,28.4,79.5,3.89
ampalaya_bilog,52,271.5,27,27,17,31.1,64.1,6.07
patola,67,478.0,41,28,17,30.0,30.9,4.14
patola,55,359.7,52,17,17,28.1,81.4,6.21
upo_smooth,67,311.7,39,30,15,20.1,41.8,8.29
patola,74,332.3,28,15,9,28.6,41.3,2.85
cucumber,47,265.5,32,20,16,31.6,48.7,5.97
upo_smooth,94,323.5,47,25,6,30.7,72.1,4.27
patola,45,328.8,32,24,15,27.9,70.6,5.45
patola,92,374.4,48,21,6,30.1,57.1,1.86
patola,55,374.8,52,18,10,25.2,65.8,4.97
cucumber,67,345.2,42,22,8,22.2,67.1,3.91
upo_smooth,78,438.4,42,26,8,24.5,48.6,6.22
upo_smooth,80,416.9,39,13,12,21.5,68.2,8.89
upo_smooth,75,383.9,46,25,7,26.2,71.0,7.81
cucumber,61,496.6,52,17,13,37.2,61.8,3.74
cucumber,39,149.7,17,8,4,32.7,93.1,0.88
cucumber,59,392.5,51,21,10,23.5,64.3,6.66
cucumber,35,129.1,12,8,4,28.9,47.9,0.99
patola,89,314.6,41,27,11,26.6,49.7,3.79
upo_smooth,60,450.4,58,20,8,24.3,70.3,9.11
upo_smooth,63,464.5,59,16,13,25.8,71.8,13.75
cucumber,60,316.1,25,17,8,22.4,73.0,5.32
cucumber,65,354.8,51,31,14,22.9,49.8,6.9
upo_smooth,79,483.1,54,14,12,37.3,65.4,5.02
upo_smooth,80,361.0,29,14,12,26.3,73.6,12.44
ampalaya_bilog,57,361.3,41,34,10,27.2,68.5,4.88
cucumber,38,226.7,32,14,6,23.8,75.9,3.16
upo_smooth,64,372.8,42,33,14,24.6,79.6,13.93
patola,71,318.7,28,16,13,29.5,77.7,5.25
ampalaya_bilog,54,387.3,31,23,8,27.5,62.6,4.02
patola,70,420.4,57,26,11,27.9,76.4,5.31
cucumber,62,482.9,40,20,11,22.5,61.0,5.66
ampalaya_bilog,39,247.7,34,9,9,28.4,68.0,3.01
upo_smooth,60,303.0,40,31,10,24.7,64.9,10.18
upo_smooth,78,392.3,57,15,6,29.9,60.7,4.77
cucumber,77,326.0,31,13,10,25.9,73.4,5.55
cucumber,32,140.3,15,13,8,31.9,65.3,2.42
cucumber,84,457.9,61,23,12,34.3,74.8,3.02
cucumber,45,381.4,42,25,11,32.8,75.1,4.54
cucumber,56,265.3,35,24,8,22.9,64.5,4.6
upo_smooth,68,473.9,58,15,11,18.5,65.6,5.96
patola,59,311.1,38,21,8,30.3,80.0,3.13
upo_smooth,61,412.1,56,23,12,22.4,72.5,7.84
ampalaya_bilog,40,337.4,34,16,15,27.0,73.9,6.42
patola,48,253.7,28,24,11,30.7,83.1,3.15
cucumber,57,220.9,30,24,11,23.3,30.6,3.8
cucumber,35,138.0,14,8,6,22.6,75.8,2.54
ampalaya_bilog,57,370.6,40,29,13,26.5,71.1,6.11
patola,43,398.3,37,32,9,23.5,75.2,2.22
upo_smooth,70,392.8,39,23,14,28.7,70.5,14.63
cucumber,68,497.7,41,17,12,24.3,40.3,5.55
upo_smooth,47,294.2,27,22,10,24.6,73.8,7.84
patola,68,429.9,35,34,13,36.9,44.3,2.64
ampalaya_bilog,44,349.0,40,21,16,27.5,77.1,6.83
upo_smooth,75,306.3,31,16,14,27.5,64.0,12.84
patola,83,330.7,33,19,13,27.1,65.9,5.21
upo_smooth,77,476.1,46,27,11,26.5,79.7,12.32
ampalaya_bilog,46,356.9,48,33,15,27.5,72.9,7.32
upo_smooth,49,283.7,30,26,11,23.0,47.7,6.48
patola,90,306.3,33,20,7,27.8,68.8,2.65
ampalaya_bilog,50,370.1,47,20,9,26.5,69.4,5.28
patola,46,366.1,30,28,12,36.0,86.0,1.83
ampalaya_bilog,65,460.8,59,22,11,27.9,43.0,4.16
upo_smooth,52,211.1,29,34,11,18.2,73.8,4.21
ampalaya_bilog,37,135.2,18,17,5,26.4,60.7,2.18
ampalaya_bilog,78,494.2,66,20,14,27.4,69.8,7.08
patola,75,427.4,59,22,9,30.5,64.5,4.28
patola,70,373.4,50,26,8,30.5,36.8,1.96
upo_smooth,108,447.4,49,13,10,24.7,54.0,6.41
patola,45,223.2,18,17,16,29.2,66.9,5.78
cucumber,78,347.9,39,24,8,22.1,75.6,4.69
cucumber,34,139.5,19,13,9,26.3,73.2,4.02
patola,71,314.0,34,18,10,36.9,73.3,1.87
upo_smooth,78,329.3,29,21,14,25.4,34.7,9.62
patola,55,231.7,20,26,8,27.4,66.0,3.3
ampalaya_bilog,66,342.2,40,32,16,25.3,75.0,8.17
patola,66,344.1,39,30,14,25.7,47.6,4.69
patola,75,341.8,45,12,14,28.8,67.6,4.23
patola,79,390.7,47,23,9,26.7,46.6,2.67
patola,69,309.0,45,34,15,27.6,71.2,5.65
upo_smooth,99,350.7,35,27,8,24.1,65.0,6.41
ampalaya_bilog,50,268.5,23,18,13,21.0,51.0,3.8
upo_smooth,98,353.5,35,22,7,19.8,70.2,5.14
patola,72,328.4,34,23,13,28.6,77.0,5.76
patola,87,440.1,49,27,13,25.0,68.4,3.76
patola,82,398.1,45,20,8,27.6,79.8,3.64
upo_smooth,78,412.8,51,16,9,28.3,61.7,9.96
ampalaya_bilog,68,317.4,36,28,10,34.6,78.3,3.98
upo_smooth,93,366.4,35,25,6,27.2,70.4,5.58
ampalaya_bilog,65,371.2,47,20,16,33.8,62.8,5.57
upo_smooth,82,322.5,35,26,7,25.5,60.7,7.94
cucumber,88,391.3,43,20,8,34.6,63.6,1.84
patola,67,467.7,63,34,14,23.9,72.4,4.55
ampalaya_bilog,53,216.2,22,19,16,29.9,76.3,8.64
patola,59,239.8,29,26,13,26.4,33.2,3.6
ampalaya_bilog,99,357.9,35,14,11,27.1,60.4,3.58
ampalaya_bilog,91,373.1,35,15,7,33.6,62.9,2.49
cucumber,67,487.2,68,34,8,28.9,43.8,2.52
ampalaya_bilog,65,366.4,46,32,15,27.7,65.9,7.16
cucumber,30,115.2,11,10,8,34.3,72.7,1.63
upo_smooth,75,310.7,34,24,12,18.2,52.2,5.77
upo_smooth,101,311.9,31,14,13,27.7,73.5,9.02
cucumber,58,275.5,34,31,16,23.7,75.0,9.28
patola,51,250.4,29,16,16,28.5,66.2,5.48
upo_smooth,55,267.0,37,30,14,32.2,79.6,10.33
cucumber,60,416.9,45,23,9,24.1,34.7,3.02
cucumber,42,273.3,34,27,11,26.0,51.1,4.61
cucumber,86,398.3,45,14,13,26.2,65.6,5.54
patola,45,240.3,21,25,8,27.2,65.3,2.57
ampalaya_bilog,61,496.7,48,28,15,19.8,34.2,2.45
ampalaya_bilog,60,426.8,57,15,13,26.7,69.4,6.12
upo_smooth,49,382.9,55,28,8,30.6,94.7,3.35
cucumber,46,375.9,31,16,16,25.8,77.6,9.49
cucumber,87,408.7,36,18,6,21.3,74.0,2.75
upo_smooth,96,355.8,30,14,14,32.6,85.4,6.67
cucumber,64,431.7,36,20,11,27.5,70.8,7.19
ampalaya_bilog,54,225.1,28,15,13,35.8,69.2,2.81
patola,68,384.2,52,20,16,31.0,69.8,4.99
patola,70,462.5,64,25,11,21.6,60.7,4.11
upo_smooth,56,213.2,26,34,13,24.4,60.4,11.47
ampalaya_bilog,97,366.5,44,19,14,32.6,71.0,4.04
ampalaya_bilog,65,361.6,36,24,17,24.6,73.4,5.4
upo_smooth,52,217.0,32,29,8,26.1,48.0,6.18
patola,67,378.9,42,30,13,37.4,69.2,2.75
upo_smooth,60,336.3,35,21,11,25.4,77.3,10.66
cucumber,47,283.1,39,34,12,24.1,61.7,7.45
ampalaya_bilog,63,483.2,62,20,11,28.8,77.3,5.08
upo_smooth,98,441.8,41,21,12,30.0,33.7,5.09
patola,44,367.4,43,24,17,28.2,38.1,3.27
patola,87,372.0,49,16,6,33.3,49.5,1.55
upo_smooth,66,378.6,43,32,16,22.4,79.5,12.57
patola,59,375.3,38,25,13,31.8,31.6,2.92
patola,80,467.5,68,18,10,21.9,58.1,2.33
patola,57,222.8,28,17,13,18.9,82.4,2.09
cucumber,65,382.1,44,30,10,28.8,64.2,4.7
patola,47,390.3,49,15,10,29.3,79.9,3.98
ampalaya_bilog,70,478.1,56,18,6,32.1,63.2,2.3
upo_smooth,46,216.2,29,21,16,31.5,69.1,8.63
upo_smooth,70,349.1,31,23,14,25.0,31.0,8.66
cucumber,40,395.7,44,28,15,35.8,70.6,3.78
cucumber,58,355.4,52,23,9,35.8,65.5,2.46
ampalaya_bilog,74,477.3,53,15,9,29.1,80.0,3.2
patola,62,365.7,35,25,13,30.5,70.5,5.54
upo_smooth,46,241.3,27,30,17,28.1,73.5,15.13
ampalaya_bilog,78,385.3,39,17,12,25.1,61.0,4.95
ampalaya_bilog,46,356.9,43,16,15,27.4,75.0,7.68
upo_smooth,80,491.1,57,26,6,24.1,77.5,6.96
cucumber,61,468.4,60,29,12,30.7,36.3,2.91
ampalaya_bilog,92,488.2,45,14,8,29.4,75.1,3.24
cucumber,39,199.0,24,17,5,18.7,73.0,1.83
cucumber,36,182.6,23,10,4,34.5,93.0,0.51
cucumber,60,322.9,43,27,10,21.5,74.3,5.58
cucumber,52,298.6,24,16,17,26.1,66.4,5.91
ampalaya_bilog,46,300.3,25,15,13,29.2,60.5,5.84
upo_smooth,51,359.5,53,28,15,18.1,78.0,7.28
patola,42,202.6,18,27,16,28.9,61.3,5.51
upo_smooth,63,367.4,38,18,17,28.4,65.4,14.9
ampalaya_bilog,63,341.4,35,17,13,29.5,54.9,5.31
upo_smooth,85,396.8,44,22,11,35.5,62.3,5.29
patola,65,315.3,38,21,15,27.5,61.7,5.65
cucumber,40,261.1,26,21,12,20.1,82.5,4.65
cucumber,64,367.0,50,28,11,28.2,63.5,5.09
upo_smooth,97,370.4,39,15,14,26.9,65.1,12.74
cucumber,86,478.5,62,12,6,18.8,71.0,1.96
cucumber,40,294.3,26,24,11,33.4,51.3,2.09
ampalaya_bilog,88,356.4,41,12,7,20.7,69.1,2.36
ampalaya_bilog,70,343.7,28,12,6,27.2,62.8,3.06
cucumber,58,270.2,37,26,17,32.1,79.0,7.67
ampalaya_bilog,96,460.2,58,21,7,34.4,83.3,1.87
patola,94,343.8,34,26,9,18.4,45.6,1.29
ampalaya_bilog,70,408.5,55,12,14,26.8,63.5,5.56
ampalaya_bilog,70,440.5,59,22,7,31.5,68.2,2.6
upo_smooth,79,403.3,60,12,10,24.8,63.1,10.98
patola,59,397.7,33,26,10,24.9,65.1,3.3
cucumber,93,412.7,47,22,8,26.1,74.8,4.04
patola,75,433.1,59,13,11,26.1,74.1,5.19
ampalaya_bilog,83,411.8,53,14,8,36.9,70.0,1.71
patola,66,356.0,29,20,12,30.9,73.6,5.14
patola,49,318.9,46,24,11,36.2,71.8,2.43
ampalaya_bilog,73,440.0,38,18,12,28.4,66.1,6.2
ampalaya_bilog,64,434.2,39,15,15,25.4,68.7,7.44
upo_smooth,55,318.0,26,31,10,36.4,62.3,5.02
cucumber,84,373.0,36,14,9,24.6,64.6,4.21
ampalaya_bilog,52,379.3,35,15,16,35.8,76.2,2.86
ampalaya_bilog,77,338.8,47,22,8,34.3,74.7,2.84
ampalaya_bilog,45,236.6,28,22,17,27.0,64.9,7.59
upo_smooth,89,377.4,48,21,6,31.7,77.5,4.67
upo_smooth,97,440.4,41,14,14,25.8,64.1,10.75
patola,56,330.2,41,16,12,23.9,84.4,3.06
ampalaya_bilog,69,474.9,69,31,16,34.5,68.0,5.92
upo_smooth,104,490.4,39,17,13,25.0,85.1,9.39
upo_smooth,68,445.6,65,23,11,34.2,76.9,4.84
patola,44,256.2,21,15,17,27.7,60.4,3.62
ampalaya_bilog,61,334.7,35,23,11,36.4,63.8,2.67
cucumber,34,241.4,24,14,5,26.8,49.1,1.58
patola,40,369.0,55,34,11,26.8,76.1,3.71
patola,46,222.2,19,17,8,31.4,72.2,2.25
upo_smooth,48,344.8,49,15,12,24.4,93.1,6.38
upo_smooth,66,475.0,56,21,11,26.3,71.0,12.07
patola,56,326.1,46,21,10,31.8,68.2,3.43
ampalaya_bilog,98,343.1,32,23,10,25.8,60.2,3.55
patola,57,370.4,42,34,9,27.0,72.7,4.1
cucumber,42,210.9,18,24,15,26.0,89.0,6.0
upo_smooth,97,431.5,38,25,8,29.9,73.3,4.86
upo_smooth,67,304.0,39,23,15,30.0,75.6,12.97
patola,94,379.7,31,25,7,25.1,63.1,2.44
upo_smooth,68,319.8,44,31,14,25.3,73.4,15.96
cucumber,44,289.2,24,34,13,35.1,33.7,1.95
patola,60,368.3,49,33,12,27.1,40.3,4.37
upo_smooth,51,295.8,27,17,16,19.6,79.2,8.6
cucumber,75,392.5,44,22,6,24.0,84.8,2.95
upo_smooth,90,308.3,34,21,14,30.5,62.7,9.64
cucumber,57,284.0,41,23,17,26.1,61.8,9.45
ampalaya_bilog,70,362.4,40,13,7,29.4,69.0,4.17
upo_smooth,60,443.6,63,21,9,26.8,63.3,8.07
ampalaya_bilog,62,381.3,54,27,13,25.4,46.4,6.34
ampalaya_bilog,50,254.8,21,15,9,28.8,66.9,4.58
patola,50,226.9,23,21,16,27.1,75.5,5.53
cucumber,62,491.8,65,27,10,21.2,76.4,4.96
cucumber,87,367.3,47,21,8,19.4,61.1,2.71
patola,69,379.3,52,33,17,26.8,66.9,7.88
upo_smooth,64,474.3,49,27,9,29.0,92.5,5.22
ampalaya_bilog,55,367.9,38,23,17,35.9,64.7,4.1
ampalaya_bilog,43,240.1,31,21,11,26.3,74.7,4.69
upo_smooth,88,342.1,29,14,12,18.9,71.2,5.12
patola,56,295.6,32,34,9,22.0,71.1,2.56
ampalaya_bilog,41,294.5,30,34,14,28.2,67.4,6.3
ampalaya_bilog,63,422.0,61,30,13,28.9,70.0,7.31
ampalaya_bilog,81,379.6,38,27,7,27.4,69.4,3.01
ampalaya_bilog,66,421.0,51,25,8,30.0,88.1,3.78
cucumber,56,249.4,20,23,17,22.6,78.4,9.5
ampalaya_bilog,69,431.0,61,19,17,25.5,71.5,9.13
upo_smooth,104,423.6,45,22,7,26.5,60.7,6.17
cucumber,87,364.9,49,23,12,22.4,66.2,5.86
cucumber,59,219.1,20,29,10,26.1,77.4,5.3
cucumber,54,309.1,44,32,16,27.1,68.5,9.94
cucumber,35,197.8,16,12,9,26.6,68.5,3.87
upo_smooth,67,324.8,37,15,11,26.4,68.9,9.15
patola,49,351.1,34,15,15,28.9,62.9,5.81
patola,73,462.3,61,26,9,25.1,67.3,4.44
upo_smooth,57,345.3,36,31,13,26.2,78.9,12.97
cucumber,51,272.0,26,19,9,37.1,61.0,2.78
ampalaya_bilog,57,367.7,48,28,9,33.4,30.9,2.26
upo_smooth,63,353.1,48,33,13,28.6,56.9,11.21
cucumber,35,169.9,14,15,8,20.2,72.1,3.12
upo_smooth,102,347.7,39,15,11,26.6,70.3,7.55
upo_smooth,55,249.4,27,28,10,20.5,61.7,5.97
upo_smooth,81,374.7,50,19,13,18.5,71.2,7.01
ampalaya_bilog,38,141.7,15,9,8,35.5,71.2,1.38
patola,53,230.3,19,28,11,31.1,65.9,3.42
ampalaya_bilog,54,341.1,41,32,15,27.1,61.1,8.89
cucumber,31,169.1,20,16,9,26.3,45.2,3.26
cucumber,65,362.1,42,28,14,23.0,90.2,5.55
upo_smooth,51,275.4,26,27,14,26.4,77.6,10.66
cucumber,50,353.4,42,18,17,24.6,68.6,9.69
upo_smooth,92,427.7,59,26,10,34.7,70.3,5.14
upo_smooth,99,460.4,39,23,8,26.4,40.8,5.02
upo_smooth,45,381.8,50,17,12,28.9,71.7,9.4
cucumber,53,293.0,23,21,8,23.9,61.8,4.01
upo_smooth,79,368.8,52,12,10,27.8,64.4,10.87
ampalaya_bilog,42,335.3,45,20,16,25.4,66.7,7.23
upo_smooth,65,300.8,39,23,11,34.6,71.7,5.51
cucumber,62,342.3,30,15,10,21.9,78.7,5.07
upo_smooth,72,385.8,34,19,7,32.7,64.9,5.09
cucumber,59,311.8,33,28,9,20.3,57.6,4.64
ampalaya_bilog,38,125.1,18,10,9,20.7,64.2,2.87
cucumber,50,228.7,18,25,13,24.1,61.0,8.01
patola,67,409.8,51,18,10,35.6,70.1,2.82
ampalaya_bilog,59,290.0,29,23,10,28.4,64.0,4.93
patola,72,442.0,41,13,10,25.5,66.5,4.45
upo_smooth,80,395.5,42,26,6,35.0,41.5,2.54
upo_smooth,79,446.5,50,22,10,29.9,43.0,5.85
ampalaya_bilog,66,397.1,41,16,13,28.1,37.2,3.58
upo_smooth,61,348.3,42,28,17,27.1,64.0,18.22
patola,61,480.3,45,22,9,28.1,43.5,3.41
upo_smooth,63,341.7,41,28,14,32.1,52.5,9.8
ampalaya_bilog,36,218.9,31,17,5,24.6,77.4,1.47
patola,56,351.3,50,24,16,24.6,73.3,4.47
patola,61,499.6,64,33,10,27.3,72.3,4.67
ampalaya_bilog,96,405.2,52,21,14,25.5,73.8,6.04
upo_smooth,64,457.9,46,24,13,20.0,70.6,8.61
cucumber,70,320.9,41,23,7,18.7,68.5,3.19
ampalaya_bilog,60,428.2,62,31,12,21.5,79.6,4.72
ampalaya_bilog,91,339.7,38,24,10,33.4,56.6,3.01
patola,66,468.3,70,30,8,26.5,47.2,3.25
upo_smooth,74,442.4,45,23,10,34.7,72.3,4.39
patola,58,263.4,33,24,13,34.5,47.2,3.04
ampalaya_bilog,62,426.8,63,17,12,27.1,61.8,5.98
patola,56,270.4,37,18,16,26.0,78.9,6.27
upo_smooth,77,490.7,47,15,7,25.1,76.5,6.82
ampalaya_bilog,68,476.0,57,15,14,27.3,40.7,5.54
ampalaya_bilog,62,439.3,50,33,12,28.2,75.3,6.6
ampalaya_bilog,50,271.1,27,31,8,26.9,78.2,4.49
upo_smooth,47,270.7,23,28,11,27.4,78.4,8.72
upo_smooth,60,370.1,55,26,16,35.1,64.5,8.08
upo_smooth,84,404.1,38,20,12,33.8,72.0,8.39
ampalaya_bilog,96,485.8,46,27,7,22.5,77.5,2.4
cucumber,63,325.8,44,18,8,23.5,61.3,4.56
upo_smooth,73,440.1,47,20,14,25.5,75.8,11.72
ampalaya_bilog,73,346.8,32,25,13,25.7,72.4,6.53
cucumber,47,201.0,25,33,12,29.3,76.0,5.2
upo_smooth,104,442.7,37,19,10,28.7,65.8,7.54
patola,70,418.1,34,25,7,26.0,67.9,3.28
patola,46,367.1,41,26,11,27.7,76.8,4.58
patola,81,444.8,65,20,13,25.2,48.8,3.96
ampalaya_bilog,68,405.3,47,30,11,29.8,40.0,3.11
ampalaya_bilog,89,399.5,37,21,7,29.3,61.4,2.7
upo_smooth,68,409.7,57,25,14,26.2,72.0,13.27
upo_smooth,102,374.4,44,26,9,26.6,58.0,6.01
cucumber,61,327.1,34,19,16,29.3,89.4,5.14
upo_smooth,78,478.4,50,23,6,27.6,85.0,4.96
cucumber,33,222.7,25,14,6,23.1,42.6,2.25
ampalaya_bilog,46,213.2,17,27,11,27.9,70.7,5.22
patola,76,383.1,55,14,7,25.0,57.4,2.05
cucumber,56,201.7,16,23,11,25.0,34.1,3.43
cucumber,46,378.2,39,24,12,26.6,70.0,7.84
upo_smooth,92,338.0,48,14,10,27.3,73.2,8.33
patola,73,376.2,40,20,8,29.1,60.9,3.22
upo_smooth,72,351.2,43,26,9,22.9,71.7,5.92
ampalaya_bilog,55,366.3,38,17,14,27.4,72.5,7.94
ampalaya_bilog,39,186.8,17,15,7,26.2,84.3,2.16
ampalaya_bilog,56,250.6,34,31,17,27.1,38.6,5.47
ampalaya_bilog,52,318.8,29,32,16,32.5,60.7,7.02
upo_smooth,62,315.1,39,31,15,31.3,47.7,10.82
cucumber,33,240.5,22,17,8,23.6,66.6,3.25
ampalaya_bilog,66,362.3,53,18,8,34.1,69.3,3.27
ampalaya_bilog,68,381.2,52,19,13,25.1,46.0,4.7
cucumber,72,440.7,39,27,13,27.1,60.0,6.66
cucumber,91,409.3,42,22,7,24.4,68.0,3.45
cucumber,40,217.5,19,25,16,22.3,79.5,7.14
upo_smooth,69,410.4,34,17,9,30.3,65.0,6.58
upo_smooth,60,302.1,41,25,9,24.3,70.0,10.12
ampalaya_bilog,61,459.3,60,27,9,19.7,68.3,2.02
upo_smooth,80,337.7,33,20,8,32.2,40.7,5.41
ampalaya_bilog,37,116.2,14,11,6,29.9,57.1,1.78
cucumber,47,335.3,36,27,9,25.9,66.3,5.0
cucumber,53,379.1,37,26,13,24.0,68.5,7.02
cucumber,77,331.2,41,21,8,23.8,76.0,3.95
cucumber,33,214.9,28,10,6,20.7,65.9,2.75
upo_smooth,51,288.0,32,26,15,24.4,68.5,11.15
cucumber,76,376.5,36,22,6,24.1,46.5,2.63
ampalaya_bilog,87,360.3,36,18,6,27.4,59.2,2.14
ampalaya_bilog,64,358.7,29,31,12,27.4,38.1,4.22
patola,71,491.2,63,13,9,30.7,74.5,3.55
patola,68,408.1,54,24,11,27.4,63.5,4.25
patola,44,304.4,39,27,12,25.4,66.9,3.69
ampalaya_bilog,95,414.6,37,27,9,28.4,65.1,3.9
patola,83,376.6,50,22,10,33.3,42.0,2.37
ampalaya_bilog,68,361.7,52,34,9,28.6,61.8,4.95
upo_smooth,79,364.8,42,21,8,28.9,76.2,7.49
patola,41,278.5,40,33,14,27.4,87.5,3.4
ampalaya_bilog,59,364.5,30,23,12,29.5,80.5,5.73
patola,74,389.7,41,25,13,28.3,35.4,3.88
upo_smooth,75,440.7,39,25,12,27.0,86.3,9.87
upo_smooth,66,483.4,64,21,13,24.7,77.8,14.19
upo_smooth,82,408.0,53,20,14,27.6,75.7,12.82
upo_smooth,63,332.9,27,30,8,26.9,74.6,7.86
upo_smooth,77,483.2,69,14,12,27.0,62.9,9.84
upo_smooth,60,407.1,53,32,16,26.4,78.0,13.8
cucumber,77,380.2,44,24,8,26.8,38.0,2.71
ampalaya_bilog,98,486.4,42,25,7,26.1,66.3,2.73
upo_smooth,68,326.9,47,26,14,25.7,72.1,16.14
ampalaya_bilog,40,291.1,35,20,9,26.8,61.6,4.29
upo_smooth,70,445.9,43,16,8,25.0,74.2,9.26
upo_smooth,61,378.6,53,25,15,26.8,65.4,15.52
cucumber,46,343.8,35,18,14,29.4,65.5,6.14
upo_smooth,75,466.0,66,14,11,27.3,69.2,10.2
upo_smooth,46,309.8,30,34,13,31.6,30.6,4.23
patola,81,381.3,46,15,11,19.4,86.0,1.55
ampalaya_bilog,42,208.1,24,28,17,34.1,67.7,5.38
cucumber,38,112.2,16,11,7,22.3,33.0,1.9
upo_smooth,78,487.8,53,24,10,27.7,43.2,7.89
upo_smooth,71,317.0,32,22,9,32.9,80.0,6.43
ampalaya_bilog,57,356.8,49,29,16,27.3,71.4,8.89
upo_smooth,64,478.9,69,34,17,26.5,76.1,19.25
upo_smooth,47,202.5,20,34,12,24.6,77.1,9.84
patola,70,417.2,41,22,6,26.6,61.1,2.78
patola,70,357.9,46,21,10,29.2,61.9,4.86
upo_smooth,45,300.8,33,30,16,28.1,75.3,11.25
ampalaya_bilog,48,383.7,56,26,11,23.0,67.2,4.33
cucumber,49,246.1,31,19,11,25.0,66.9,6.76
upo_smooth,108,411.3,57,14,6,28.9,68.7,5.33
ampalaya_bilog,61,412.1,35,33,17,36.5,83.9,3.74
cucumber,82,401.6,47,18,6,31.8,67.6,2.02
ampalaya_bilog,96,391.7,38,15,10,25.6,36.3,2.5
patola,58,200.0,24,15,15,27.3,76.9,5.46
upo_smooth,63,352.4,31,19,9,23.6,78.0,7.21
upo_smooth,97,322.0,46,22,10,24.7,82.9,6.43
cucumber,44,272.0,32,16,13,23.4,64.5,6.6
upo_smooth,73,397.6,53,14,11,28.3,66.6,10.91
upo_smooth,80,413.5,38,19,13,19.6,47.8,8.15
upo_smooth,71,393.9,50,18,6,28.5,56.6,4.31
upo_smooth,78,361.3,40,13,10,25.4,94.2,5.8
cucumber,56,241.1,26,25,12,23.7,92.7,4.6
upo_smooth,53,302.6,39,33,17,28.2,78.7,15.04
patola,71,392.3,53,23,6,37.8,69.9,1.36
ampalaya_bilog,89,459.3,52,13,7,26.6,69.8,2.69
patola,92,455.8,45,13,8,25.2,66.5,2.83
ampalaya_bilog,99,365.1,47,25,7,29.5,94.0,1.84
upo_smooth,69,460.4,53,28,14,28.2,78.6,13.14
upo_smooth,74,372.1,35,26,13,20.7,62.1,10.23
ampalaya_bilog,68,493.9,45,19,13,27.2,70.4,6.12
patola,58,351.4,47,25,13,34.3,76.0,4.64
ampalaya_bilog,63,423.7,44,24,15,26.3,88.2,6.49
upo_smooth,108,481.2,58,15,14,19.7,55.4,6.53
ampalaya_bilog,50,335.6,36,28,11,30.0,71.9,5.49
patola,57,312.7,40,32,13,28.6,69.1,6.43
upo_smooth,64,405.8,52,31,10,24.3,43.0,7.9
upo_smooth,71,309.7,38,23,14,25.3,75.9,16.06
cucumber,53,329.3,29,29,14,23.6,63.2,7.04
ampalaya_bilog,38,201.1,16,10,8,26.7,40.1,2.18
cucumber,89,486.6,60,25,8,27.3,74.6,3.93
ampalaya_bilog,95,400.1,55,20,8,28.9,71.5,3.66
cucumber,50,362.7,39,24,10,27.8,42.5,4.47
patola,61,450.7,50,27,13,26.1,87.8,4.82
upo_smooth,75,473.3,51,13,6,32.3,62.5,4.39
cucumber,94,433.6,56,20,11,21.3,74.9,5.35
cucumber,61,339.4,47,33,16,24.4,78.3,8.26
ampalaya_bilog,59,388.5,51,29,16,29.0,78.5,8.2
upo_smooth,63,419.2,33,21,17,28.7,66.3,17.01
upo_smooth,46,388.4,58,32,15,24.4,55.8,9.84
patola,68,426.9,60,24,15,30.4,63.8,5.75
upo_smooth,102,350.5,43,13,6,33.1,69.8,4.26
upo_smooth,50,383.4,33,19,10,18.1,86.5,3.67
patola,83,375.5,42,15,9,25.4,60.4,3.53
cucumber,62,398.4,57,30,8,20.1,68.7,5.18
upo_smooth,45,340.9,47,25,11,26.6,78.6,8.98
ampalaya_bilog,64,350.5,41,31,9,33.9,74.2,3.4
cucumber,63,314.8,38,30,8,37.0,70.7,2.05
ampalaya_bilog,40,212.4,18,18,13,29.8,70.0,4.76
patola,78,342.6,35,16,12,21.8,67.4,3.63
patola,86,305.6,32,15,11,28.4,67.4,4.5
patola,43,239.1,23,28,12,34.4,60.1,3.48
cucumber,66,333.7,47,25,16,29.0,67.2,5.94
ampalaya_bilog,85,372.3,46,12,14,36.7,70.6,2.56
upo_smooth,72,320.1,38,17,7,27.3,76.1,7.61
upo_smooth,66,498.1,70,29,13,24.9,75.5,13.0
cucumber,52,256.9,24,26,17,23.5,63.5,10.94
cucumber,69,369.3,44,24,12,26.3,73.3,7.32
cucumber,54,353.1,44,18,12,35.6,67.2,3.6
cucumber,65,455.4,37,21,12,18.1,63.9,4.59
patola,74,340.1,33,22,7,28.2,62.5,3.37
upo_smooth,57,213.7,23,18,11,25.7,62.6,11.29
ampalaya_bilog,55,341.5,29,30,16,20.3,84.2,5.29
cucumber,41,351.4,49,19,8,20.7,67.3,3.8
patola,43,280.4,36,31,16,27.8,73.0,4.74
patola,55,263.0,21,31,10,29.9,66.2,4.27
patola,72,426.2,61,21,8,28.3,34.7,2.18
patola,46,242.4,34,29,10,29.1,61.6,3.24
cucumber,61,476.2,45,28,16,20.7,36.0,5.14
patola,83,320.2,30,12,6,29.8,69.9,2.65
cucumber,47,232.6,33,31,8,22.9,65.6,4.38
cucumber,34,163.7,21,11,4,30.5,78.5,1.24
upo_smooth,84,473.5,70,27,8,24.5,77.6,7.53
ampalaya_bilog,67,429.0,42,20,17,27.5,77.9,7.91
upo_smooth,74,334.1,30,21,8,25.8,60.6,9.24
cucumber,73,474.0,64,20,7,19.9,79.8,3.11
cucumber,89,478.0,42,19,14,24.6,67.8,6.96
patola,87,422.8,56,12,6,30.9,90.1,1.34
cucumber,62,346.5,35,15,9,27.8,74.0,5.49
ampalaya_bilog,43,315.8,29,33,14,20.0,37.9,1.67
cucumber,49,371.3,50,27,8,24.1,82.2,3.41
patola,71,320.4,46,15,8,25.0,88.5,2.04
patola,94,399.8,41,22,14,27.7,66.5,5.13
cucumber,63,385.5,38,17,9,27.0,44.2,3.67
patola,66,495.9,51,20,9,27.2,86.3,3.47
ampalaya_bilog,48,370.4,43,29,16,24.6,31.6,3.52
ampalaya_bilog,62,477.7,40,24,10,31.0,69.2,3.65
upo_smooth,89,365.1,51,17,9,26.7,60.7,9.48
ampalaya_bilog,57,261.7,33,26,12,22.0,70.0,5.26
upo_smooth,82,361.5,41,15,6,30.8,60.9,4.98
patola,47,356.9,29,30,16,36.2,63.6,2.85
upo_smooth,58,214.4,22,28,15,27.1,65.0,13.17
upo_smooth,45,343.5,35,30,9,31.3,61.3,5.39
upo_smooth,72,429.3,51,17,7,27.2,75.0,6.18
ampalaya_bilog,53,369.4,30,32,15,27.2,66.1,6.81
ampalaya_bilog,45,266.8,25,31,14,26.1,79.2,6.61
patola,71,397.5,55,22,10,30.6,62.0,4.43
ampalaya_bilog,76,392.3,56,23,12,23.5,42.7,3.52
upo_smooth,108,311.2,42,26,13,21.0,71.3,6.7
ampalaya_bilog,83,362.8,46,15,9,25.0,58.1,3.96
ampalaya_bilog,60,486.4,49,26,11,27.7,64.0,6.06
patola,74,458.1,50,14,8,25.8,70.8,3.03
patola,57,213.4,18,15,10,24.3,62.6,3.33
patola,57,335.1,41,22,12,20.4,77.8,3.73
patola,64,365.3,34,20,11,21.5,49.8,2.95
patola,61,330.6,44,22,15,30.4,45.3,5.85
patola,80,438.3,54,16,9,32.4,62.9,2.78
patola,73,465.7,56,13,8,18.3,73.6,1.94
upo_smooth,61,315.6,32,20,14,20.8,68.6,9.99
cucumber,30,227.6,33,14,5,29.7,67.3,1.5
patola,76,431.5,37,14,8,33.1,77.4,2.28
ampalaya_bilog,78,318.0,31,27,11,29.4,66.3,6.08
ampalaya_bilog,96,332.1,34,15,14,28.5,77.6,6.26
patola,55,337.5,36,33,12,27.9,72.1,5.95
ampalaya_bilog,50,257.2,28,28,11,26.9,71.7,6.03
ampalaya_bilog,69,402.8,49,27,13,31.7,77.3,5.65
upo_smooth,74,412.7,61,17,12,21.7,82.6,6.39
cucumber,46,346.2,39,15,14,29.7,35.9,3.75
upo_smooth,79,459.0,49,19,14,34.4,63.9,6.43
ampalaya_bilog,64,380.4,33,16,8,26.7,78.3,3.61
patola,58,340.7,37,17,12,27.5,69.9,4.32
ampalaya_bilog,48,311.6,41,27,10,28.8,82.6,4.09
upo_smooth,71,324.2,48,19,8,23.3,84.4,5.46
cucumber,32,226.2,20,14,6,24.5,85.3,1.88
upo_smooth,77,329.7,43,14,12,26.3,76.1,9.94
patola,48,298.7,37,26,17,36.2,77.8,3.44
upo_smooth,75,405.5,38,13,10,26.9,62.1,9.78
ampalaya_bilog,40,325.0,33,17,12,29.2,62.8,4.38
ampalaya_bilog,56,201.3,16,25,13,20.6,63.9,4.47
ampalaya_bilog,61,336.3,39,29,9,23.1,61.4,3.84
ampalaya_bilog,51,354.6,41,16,15,33.6,82.2,4.63
upo_smooth,75,320.6,37,13,13,32.5,67.6,8.26
ampalaya_bilog,83,366.5,41,17,12,32.6,47.7,3.67
ampalaya_bilog,61,440.3,52,22,17,26.6,75.3,8.94
ampalaya_bilog,64,412.6,60,16,10,27.8,63.1,5.44
cucumber,62,392.3,51,18,15,20.8,70.8,8.56
cucumber,53,323.6,46,33,9,23.5,83.6,4.68
ampalaya_bilog,63,426.1,61,23,15,28.5,77.4,6.72
upo_smooth,87,446.3,56,15,11,18.7,46.4,4.69
upo_smooth,65,480.1,56,20,12,19.9,37.1,5.4
patola,54,248.1,30,26,14,26.7,70.8,5.91
upo_smooth,60,401.0,48,30,14,33.8,54.5,9.0
upo_smooth,46,329.2,29,16,14,26.6,68.2,11.24
ampalaya_bilog,67,300.6,30,17,12,35.5,91.0,1.57
cucumber,87,303.4,24,25,7,22.2,66.6,3.18
patola,59,222.3,33,30,13,28.1,65.0,6.21
upo_smooth,72,311.6,43,27,12,28.7,84.9,10.86
cucumber,62,391.1,56,30,11,26.0,79.2,7.16
cucumber,30,147.3,16,12,7,21.5,68.5,2.54
cucumber,88,390.0,36,12,9,22.4,53.9,3.03
patola,50,216.0,26,16,14,27.9,72.8,5.15
upo_smooth,74,365.7,41,26,14,23.2,66.0,10.46
ampalaya_bilog,61,340.5,43,18,14,28.3,91.0,3.59
patola,70,486.5,49,20,8,25.9,72.3,3.97
upo_smooth,72,404.0,38,16,11,37.4,43.4,4.74
cucumber,89,394.3,33,15,7,31.6,62.6,2.68
patola,56,282.8,27,31,17,29.6,71.8,7.17
ampalaya_bilog,68,350.5,28,18,12,20.0,64.3,5.15
cucumber,62,446.5,64,22,17,28.5,73.1,6.52
patola,70,449.6,36,14,6,27.3,62.3,2.91
cucumber,59,218.4,25,18,12,27.0,75.5,7.89
ampalaya_bilog,66,368.6,41,22,14,27.9,66.3,7.49
ampalaya_bilog,66,335.6,49,17,12,30.0,71.9,5.17
ampalaya_bilog,63,453.6,37,17,10,29.2,73.1,5.54
ampalaya_bilog,55,228.7,18,24,17,28.3,46.3,7.27
cucumber,87,318.5,27,16,7,20.2,64.3,3.74
ampalaya_bilog,40,217.4,20,18,12,23.3,70.4,3.87
upo_smooth,77,399.6,41,14,13,28.8,61.9,13.91
upo_smooth,61,462.6,49,15,13,32.8,61.9,9.63
patola,41,327.9,27,22,16,30.6,83.0,4.66
patola,48,277.6,34,22,17,30.6,88.5,5.37
cucumber,33,101.6,12,16,5,24.1,68.3,1.82
upo_smooth,108,379.2,45,16,12,28.2,60.3,8.35
upo_smooth,105,352.9,29,20,8,32.5,73.4,4.52
ampalaya_bilog,66,402.8,48,15,11,30.0,72.6,6.26
upo_smooth,69,424.5,40,33,13,18.9,60.5,6.14
upo_smooth,77,475.6,55,12,11,22.4,90.7,4.58
patola,84,327.8,29,15,11,27.2,85.1,3.85
ampalaya_bilog,40,375.5,49,32,16,21.8,66.7,4.45
ampalaya_bilog,51,371.6,29,26,13,26.2,77.7,6.66
patola,68,342.8,35,18,8,30.1,58.7,3.2
upo_smooth,69,338.0,44,34,17,32.2,72.7,13.49
upo_smooth,75,479.1,63,12,9,25.9,62.0,8.73
patola,92,461.2,50,16,6,29.1,70.7,2.2
patola,76,423.3,43,20,14,27.0,50.7,4.14
cucumber,35,188.0,25,10,4,22.6,64.5,1.78
ampalaya_bilog,54,316.4,44,34,14,18.1,64.0,3.31
patola,79,358.8,52,26,8,25.4,67.2,3.11
patola,59,280.1,28,23,8,26.9,41.4,3.09
patola,87,444.6,61,17,10,26.2,79.3,3.86
upo_smooth,69,336.1,44,17,10,26.8,63.2,8.8
ampalaya_bilog,58,216.1,19,20,8,18.1,62.5,1.97
upo_smooth,73,412.7,38,27,9,24.6,79.6,9.33
cucumber,30,184.5,19,16,4,20.5,66.9,1.77
ampalaya_bilog,54,317.8,39,24,17,26.7,60.3,8.08
cucumber,48,371.0,34,15,10,18.1,45.0,3.31
upo_smooth,73,456.6,60,24,14,26.2,63.1,13.25
cucumber,61,338.5,43,33,16,24.2,67.7,10.58
upo_smooth,71,359.3,43,22,10,20.2,60.9,7.69
patola,73,436.0,36,22,8,27.3,76.5,3.73
upo_smooth,72,479.8,40,16,8,24.8,73.3,8.11
upo_smooth,61,334.2,46,26,17,19.7,70.3,14.25
ampalaya_bilog,63,420.2,49,23,12,27.3,85.3,4.62
cucumber,62,410.5,53,18,16,35.8,65.5,3.94
patola,69,355.2,50,19,8,30.0,75.9,3.51
cucumber,38,242.4,27,10,8,22.0,67.9,3.81
patola,60,343.2,36,31,9,30.6,74.5,4.3
cucumber,80,415.1,50,24,12,37.0,60.7,2.61
ampalaya_bilog,63,428.9,41,26,11,20.8,63.7,4.02
cucumber,65,386.5,38,18,9,20.3,40.9,4.75
patola,71,354.1,50,12,6,25.3,70.2,2.43
upo_smooth,72,386.4,31,12,11,28.9,54.4,10.06
patola,51,284.9,40,33,11,24.3,60.6,3.61
patola,76,357.7,39,17,12,30.2,67.2,4.84
upo_smooth,52,280.6,22,25,9,20.1,69.0,5.32
upo_smooth,65,436.8,64,19,13,38.0,70.5,5.97
ampalaya_bilog,70,467.1,50,19,13,23.8,73.6,4.92
cucumber,56,394.8,40,27,10,26.3,77.0,6.02
patola,90,447.1,62,14,14,37.3,87.0,2.16
patola,62,434.5,48,30,14,26.7,78.9,6.79
upo_smooth,67,365.2,45,17,15,34.1,53.4,5.66
ampalaya_bilog,55,374.8,31,32,10,29.7,77.2,4.59
patola,68,450.4,63,20,9,28.9,79.2,3.48
upo_smooth,75,333.2,47,21,6,37.0,71.6,3.42
cucumber,52,227.3,23,19,11,26.0,61.7,7.25
ampalaya_bilog,36,212.2,30,15,5,25.8,76.6,1.7
cucumber,48,381.1,44,34,13,22.0,74.0,8.64
cucumber,48,326.6,35,34,17,22.0,67.2,8.78
ampalaya_bilog,56,343.5,38,31,11,29.2,63.8,6.12
patola,68,356.2,40,19,8,26.9,64.4,3.78
ampalaya_bilog,58,354.4,33,15,16,32.6,34.8,2.55
ampalaya_bilog,46,259.5,37,18,11,26.5,61.6,5.74
upo_smooth,72,300.4,35,15,12,27.4,64.8,10.99
ampalaya_bilog,76,464.1,55,22,14,34.5,65.9,4.81
upo_smooth,45,351.4,30,19,11,26.5,79.1,8.2
ampalaya_bilog,40,376.7,44,18,10,29.8,61.7,3.97
upo_smooth,60,327.8,39,28,17,22.9,79.1,13.85
cucumber,59,288.1,40,19,10,32.1,69.0,4.33
patola,84,436.6,36,20,9,35.2,75.3,2.86
upo_smooth,64,395.0,41,27,8,18.1,70.1,3.91
cucumber,83,391.0,50,12,6,37.6,73.7,1.34
cucumber,35,130.2,18,14,7,27.7,70.0,3.42
patola,68,375.8,56,34,9,31.8,74.8,3.29
upo_smooth,78,408.1,41,17,12,25.4,78.9,10.14
cucumber,42,360.4,53,29,14,36.0,79.5,3.46
upo_smooth,74,360.3,45,27,14,28.1,84.3,12.89
cucumber,60,413.6,59,34,13,20.0,56.0,5.02
cucumber,52,345.3,32,32,11,37.7,70.5,2.85
patola,70,385.5,43,16,14,31.8,73.3,4.71
ampalaya_bilog,70,384.0,55,23,7,26.7,74.8,3.99
upo_smooth,61,339.2,46,31,10,25.2,62.7,10.62
cucumber,45,279.3,33,25,13,36.0,77.2,3.82
ampalaya_bilog,61,372.1,52,32,15,32.7,68.1,5.96
upo_smooth,70,471.6,61,18,8,28.3,62.0,9.0
upo_smooth,58,399.8,51,18,10,33.6,65.1,6.93
patola,100,334.1,37,24,9,28.9,75.7,2.76
patola,99,360.0,43,21,9,20.6,68.6,2.46
patola,68,348.3,40,15,11,25.1,74.5,5.12
cucumber,59,344.3,28,19,14,24.8,73.0,8.41
patola,55,301.9,30,19,12,27.5,77.5,5.33
upo_smooth,55,290.5,25,32,12,26.6,47.9,10.05
ampalaya_bilog,51,212.8,20,30,16,26.7,61.5,9.58
upo_smooth,68,331.6,38,34,9,28.6,39.9,5.38
ampalaya_bilog,99,428.3,55,17,11,28.4,70.5,4.08
upo_smooth,88,398.9,35,21,10,35.6,59.5,3.87
upo_smooth,66,367.3,36,32,11,21.0,65.7,7.79
cucumber,51,222.4,24,27,14,34.3,67.1,3.51
upo_smooth,96,357.6,47,24,13,18.2,36.9,3.1
patola,83,365.4,39,19,14,28.1,79.8,6.0
ampalaya_bilog,68,340.3,36,15,12,22.6,89.1,3.93
upo_smooth,56,354.5,39,17,10,27.7,73.2,10.08
upo_smooth,61,337.5,41,26,14,26.7,64.2,12.96
ampalaya_bilog,52,329.0,41,31,12,26.4,68.8,6.65
ampalaya_bilog,60,344.0,31,15,10,28.8,61.4,5.6
patola,52,261.1,34,27,9,32.2,64.9,2.92
upo_smooth,65,343.8,31,32,17,27.8,67.8,18.22
upo_smooth,65,371.5,52,26,16,24.6,69.1,16.48
upo_smooth,62,355.1,34,21,16,21.2,43.5,9.3
ampalaya_bilog,60,402.1,35,21,16,20.7,51.4,5.15
cucumber,48,372.0,50,18,14,27.5,64.1,8.02
ampalaya_bilog,46,395.1,55,32,17,33.5,47.2,5.24
ampalaya_bilog,62,494.9,40,31,15,29.8,73.6,7.18
ampalaya_bilog,70,393.0,55,15,7,27.7,76.4,3.55
upo_smooth,70,451.8,63,16,6,24.5,70.8,6.95
ampalaya_bilog,56,305.1,26,32,10,28.4,72.4,5.53
patola,94,413.8,45,23,8,29.0,73.4,3.29
cucumber,51,362.6,44,26,15,33.3,70.4,3.87
upo_smooth,89,491.3,55,27,13,27.3,76.8,12.4
patola,46,257.3,24,28,9,19.9,63.4,1.45
cucumber,87,405.6,46,24,14,22.3,70.0,6.1
patola,70,350.7,34,25,10,31.0,64.2,2.89
upo_smooth,64,387.8,55,29,14,24.0,76.3,13.72
cucumber,33,239.1,29,12,4,21.1,65.1,1.72
upo_smooth,69,374.5,32,22,9,32.3,58.3,4.99
upo_smooth,49,368.0,50,29,16,24.6,62.4,11.77
upo_smooth,76,316.5,41,20,14,27.0,72.3,14.39
ampalaya_bilog,55,349.3,30,25,13,28.7,78.9,6.74
upo_smooth,61,498.7,45,30,16,26.6,92.2,8.91
patola,85,370.6,41,13,9,28.0,65.9,3.53
ampalaya_bilog,98,442.8,54,16,13,34.4,72.7,3.24
cucumber,61,338.0,38,28,11,25.8,62.7,6.66
upo_smooth,47,219.1,24,28,9,26.5,57.9,5.97
ampalaya_bilog,82,423.7,54,22,10,25.3,67.2,4.48
cucumber,63,360.8,36,32,11,32.6,65.1,4.58
patola,65,493.1,43,24,12,34.2,73.6,4.08
upo_smooth,67,371.5,47,34,17,30.1,73.9,11.27
ampalaya_bilog,69,436.0,36,26,10,24.7,78.5,3.82
upo_smooth,64,399.7,43,33,13,27.4,66.5,14.89
cucumber,61,381.9,36,16,9,25.9,60.1,5.22
ampalaya_bilog,54,209.4,26,32,9,35.1,47.2,2.17
upo_smooth,74,340.3,48,22,7,32.8,44.5,5.04
cucumber,64,467.0,40,27,14,36.7,71.2,4.18
upo_smooth,69,484.1,53,26,12,25.1,76.7,11.35
upo_smooth,69,412.9,40,16,8,24.5,75.5,8.64
upo_smooth,67,458.8,67,19,14,30.5,36.5,6.05
patola,57,394.7,37,30,13,25.3,50.6,4.49
patola,81,411.8,50,26,11,33.2,47.0,2.92
ampalaya_bilog,85,366.6,43,23,11,35.7,31.2,1.65
upo_smooth,74,419.7,35,13,6,27.7,72.1,5.7
cucumber,64,372.1,36,33,12,23.7,64.3,6.51
upo_smooth,49,329.7,39,29,12,28.8,73.3,10.03
upo_smooth,107,351.8,32,15,14,19.0,71.3,7.67
cucumber,57,371.0,33,23,11,21.7,77.4,7.25
cucumber,78,496.9,66,19,8,22.6,61.9,3.96
cucumber,58,269.1,21,24,11,25.6,74.6,5.56
patola,42,293.5,33,26,9,37.3,65.1,1.66
cucumber,89,403.5,48,24,12,20.5,63.2,5.34
cucumber,50,242.7,26,32,8,31.1,66.3,3.36
patola,58,345.3,38,19,13,30.6,49.0,4.06
cucumber,53,231.6,23,25,9,23.6,64.0,4.82
patola,72,336.7,43,21,13,18.9,94.3,1.74
cucumber,85,487.5,45,14,7,35.8,62.7,1.75
ampalaya_bilog,50,377.3,40,32,10,35.2,79.1,2.31
cucumber,52,360.8,39,20,9,26.5,40.4,4.65
upo_smooth,106,444.2,55,22,11,24.7,45.1,8.38
upo_smooth,58,297.7,26,33,17,34.9,79.9,8.09
upo_smooth,74,440.2,48,16,10,25.1,60.9,11.2
patola,59,387.2,50,22,9,29.7,73.6,3.43
ampalaya_bilog,73,498.0,56,21,11,34.2,64.7,4.68
patola,67,483.2,61,19,16,26.2,63.7,5.84
upo_smooth,98,348.7,32,20,9,22.8,77.7,6.58
patola,57,343.2,44,34,11,26.9,36.0,2.63
upo_smooth,103,488.1,47,13,6,30.8,73.8,3.23
ampalaya_bilog,47,296.1,35,31,11,29.3,77.6,5.88
cucumber,50,340.1,38,28,12,34.1,85.2,2.62
patola,59,307.6,43,31,10,18.1,64.8,2.46
upo_smooth,80,367.1,38,20,9,37.5,68.9,4.18
patola,63,466.2,61,17,14,33.3,72.8,4.49
patola,74,497.2,51,21,12,29.3,41.6,4.75
patola,69,302.4,33,33,17,27.7,61.4,7.82
patola,95,464.0,64,26,9,36.1,75.9,1.89
cucumber,44,320.3,42,18,10,29.8,71.6,4.03
patola,80,403.7,37,12,9,33.3,75.7,2.37
cucumber,41,325.6,38,34,16,30.2,62.6,7.04
patola,69,408.3,40,24,14,29.5,87.2,4.92
upo_smooth,71,384.4,50,23,6,30.8,92.8,2.68
cucumber,68,322.3,35,22,14,27.3,72.5,6.83
ampalaya_bilog,64,446.4,54,18,9,29.3,76.0,4.02
upo_smooth,73,377.6,34,15,11,26.3,57.4,7.49
cucumber,52,215.6,20,31,14,36.1,67.4,4.47
cucumber,55,328.3,45,17,13,23.5,65.0,6.28
upo_smooth,70,409.2,56,14,8,29.2,69.6,6.18
cucumber,49,289.4,26,25,10,29.5,32.8,2.26
cucumber,57,244.2,32,18,12,24.2,79.1,6.02
patola,56,366.7,45,32,12,29.0,34.7,3.43
upo_smooth,60,301.9,44,27,9,26.7,66.0,8.43
upo_smooth,77,429.3,43,19,6,26.1,61.2,6.24
ampalaya_bilog,48,392.0,32,16,8,27.7,33.0,2.76
cucumber,55,381.0,34,20,11,24.7,33.6,3.47
ampalaya_bilog,65,432.4,55,32,17,34.0,39.8,3.46
patola,68,378.0,43,26,15,19.6,90.9,2.04
upo_smooth,66,453.4,37,31,15,33.2,58.0,8.2
ampalaya_bilog,51,385.5,39,17,16,23.9,78.8,6.32
upo_smooth,67,457.1,40,29,11,28.1,64.7,12.48
patola,45,307.1,27,18,17,25.8,65.4,5.76
upo_smooth,79,499.4,61,24,9,30.3,49.1,5.74
cucumber,58,242.8,33,32,15,21.5,61.4,9.13
ampalaya_bilog,55,273.6,24,15,10,27.8,70.4,5.05
upo_smooth,60,464.5,40,31,14,24.6,66.7,12.67
cucumber,53,236.3,20,17,14,21.1,73.8,7.75
upo_smooth,67,425.7,61,21,10,24.7,61.8,9.94
cucumber,89,450.6,60,14,8,20.4,65.0,3.36
ampalaya_bilog,55,250.5,25,27,16,29.7,53.7,7.19
patola,74,364.1,50,17,12,28.0,50.6,4.11
cucumber,58,381.3,43,25,16,32.7,61.4,7.95
cucumber,48,354.0,32,27,16,27.7,78.7,10.3
patola,70,342.2,34,17,12,27.9,72.3,4.67
upo_smooth,73,456.3,59,20,13,24.7,48.2,9.43
upo_smooth,65,407.5,33,34,16,27.1,36.2,9.89
patola,44,275.5,28,21,14,35.0,60.8,3.3
upo_smooth,74,488.0,56,27,11,32.8,30.9,4.45
upo_smooth,76,378.3,54,26,7,26.8,64.6,8.1
ampalaya_bilog,67,417.4,57,16,14,25.6,72.4,7.75
patola,72,415.0,35,22,12,35.5,78.0,3.37
patola,41,396.7,54,16,13,29.8,63.9,3.99
ampalaya_bilog,60,375.2,49,25,8,25.5,78.7,4.35
ampalaya_bilog,55,221.8,25,30,14,27.0,79.9,6.6
ampalaya_bilog,64,453.5,64,22,17,33.8,43.4,4.55
cucumber,64,393.0,41,20,12,34.9,48.9,3.0
cucumber,63,425.0,55,16,8,32.2,74.0,3.74
ampalaya_bilog,70,489.0,68,15,10,29.8,44.9,4.53
upo_smooth,79,440.5,43,17,9,27.7,76.1,10.08
ampalaya_bilog,35,119.3,13,16,9,29.3,92.5,2.06
ampalaya_bilog,60,408.2,60,20,16,29.4,71.2,6.91
cucumber,44,225.0,27,26,15,30.4,77.7,5.89
cucumber,64,392.4,45,34,14,24.3,63.7,8.57
patola,70,372.3,49,24,13,28.8,79.1,6.29
ampalaya_bilog,62,305.3,31,34,16,27.9,58.7,5.9
upo_smooth,69,328.8,46,34,10,26.4,69.8,11.52
cucumber,48,334.2,44,31,10,24.1,43.5,4.67
upo_smooth,64,317.5,32,17,14,24.0,52.7,10.34
patola,67,405.4,58,34,14,27.9,62.0,6.23
ampalaya_bilog,70,381.1,39,12,7,25.3,69.1,3.94
ampalaya_bilog,63,442.3,41,28,15,36.1,63.5,3.83
upo_smooth,79,438.7,63,14,6,36.3,67.5,3.19
ampalaya_bilog,67,449.0,37,24,13,31.0,71.2,5.06
cucumber,65,381.3,56,29,17,20.6,68.8,8.54
patola,58,274.4,39,16,12,27.6,41.1,4.54
upo_smooth,61,460.5,49,20,11,24.7,41.4,9.92
patola,60,401.9,37,24,15,35.3,77.3,4.91
upo_smooth,64,416.3,48,31,15,24.4,41.0,10.74
patola,57,329.4,32,23,10,28.5,31.7,2.4
upo_smooth,72,390.9,43,17,6,33.6,38.4,2.68
ampalaya_bilog,51,226.0,29,16,11,27.8,64.6,6.16
cucumber,46,373.1,55,24,12,25.1,52.3,5.48
upo_smooth,58,316.6,44,27,16,24.7,54.9,13.55
upo_smooth,67,391.9,53,33,8,18.7,69.2,4.3
upo_smooth,79,437.7,64,20,14,20.6,64.9,10.34
upo_smooth,81,333.8,38,23,6,35.2,73.9,2.93
cucumber,65,447.1,54,17,9,21.9,76.1,4.46
cucumber,48,324.2,37,20,11,31.9,74.0,5.44
patola,80,381.4,52,15,7,30.7,72.7,3.16
ampalaya_bilog,64,422.1,37,33,8,32.1,67.8,3.36
patola,66,318.9,37,26,15,30.4,61.8,7.06
cucumber,74,360.0,35,17,6,18.9,77.5,2.41
cucumber,91,406.3,36,19,14,24.0,80.6,4.84
cucumber,33,192.6,28,16,9,26.8,65.6,3.84
ampalaya_bilog,55,335.8,28,23,14,24.2,73.1,5.67
ampalaya_bilog,42,395.5,33,22,12,33.3,71.3,4.34
cucumber,33,156.6,16,16,7,23.2,91.1,1.87
upo_smooth,102,467.1,51,12,13,34.1,67.5,4.08
cucumber,60,490.9,51,25,10,23.7,31.2,3.42
ampalaya_bilog,65,388.7,56,23,13,29.7,72.9,6.83
upo_smooth,51,236.3,30,33,8,27.2,69.4,7.9
ampalaya_bilog,61,482.5,46,26,9,26.6,48.0,3.55
upo_smooth,47,322.9,45,28,10,30.4,41.6,5.22
patola,61,305.3,29,29,10,31.0,55.1,3.08
cucumber,77,464.4,55,16,14,23.6,76.8,6.79
patola,50,328.3,45,20,17,26.8,70.4,7.22
cucumber,47,332.6,43,28,15,20.0,71.9,9.18
upo_smooth,95,431.9,44,22,8,25.2,38.9,4.17
ampalaya_bilog,83,378.8,47,13,11,19.0,56.4,2.24
ampalaya_bilog,68,375.4,42,24,12,32.1,33.2,3.2
patola,75,406.3,37,13,10,28.5,64.2,3.56
cucumber,48,213.3,23,29,16,26.3,71.6,8.84
cucumber,64,344.8,49,28,9,23.5,71.1,4.84
patola,52,316.3,42,30,15,18.9,87.8,2.57
upo_smooth,61,456.3,40,31,17,25.7,66.9,18.14
upo_smooth,76,480.6,54,22,7,26.9,70.0,6.83
cucumber,39,200.9,27,13,4,25.8,79.0,2.01
upo_smooth,84,331.7,45,18,9,33.2,75.4,7.09
ampalaya_bilog,56,259.5,33,19,15,26.3,65.7,7.39
patola,60,323.6,35,29,17,28.3,51.7,5.45
ampalaya_bilog,42,340.4,46,32,11,25.5,60.7,4.77
ampalaya_bilog,64,411.0,42,34,13,28.2,77.9,7.09
cucumber,55,275.7,36,23,13,19.8,78.3,5.58
patola,104,457.8,62,27,6,28.1,47.3,1.44
cucumber,54,394.8,49,23,13,24.6,62.4,7.6
ampalaya_bilog,55,233.4,21,22,12,28.2,36.8,3.5
upo_smooth,73,398.3,50,21,7,27.4,89.0,6.42
ampalaya_bilog,56,252.2,37,29,14,20.3,62.7,6.02
ampalaya_bilog,64,393.1,52,33,9,31.9,43.0,2.52
patola,72,333.3,40,15,8,23.0,78.6,2.86
upo_smooth,74,414.4,61,26,13,25.3,75.6,11.48
ampalaya_bilog,58,379.1,51,28,14,22.5,81.3,4.86
patola,57,362.6,44,25,15,26.4,79.6,7.05
cucumber,53,275.0,26,29,8,36.9,58.1,1.99
ampalaya_bilog,60,439.2,42,34,8,22.3,65.8,3.4
ampalaya_bilog,80,407.1,46,18,13,24.7,90.2,3.08
ampalaya_bilog,35,230.5,20,9,5,31.9,55.8,1.08
cucumber,48,312.3,35,23,8,34.1,67.2,2.45
ampalaya_bilog,57,226.1,20,21,12,28.8,67.0,6.89
cucumber,52,354.6,38,31,17,37.6,44.1,3.53
patola,83,444.6,59,18,14,29.6,89.0,4.89
upo_smooth,69,422.6,56,19,9,24.9,66.3,8.74
upo_smooth,72,489.1,44,26,6,21.0,74.4,4.26
ampalaya_bilog,62,384.5,34,34,17,29.3,67.6,8.24
patola,59,201.4,26,18,17,19.7,72.2,3.34
upo_smooth,58,236.8,28,17,8,31.0,63.7,6.07
cucumber,71,496.3,46,17,6,26.2,80.9,2.67
cucumber,58,360.7,52,24,9,20.5,72.6,5.52
upo_smooth,76,443.9,52,15,14,22.7,78.4,11.29
upo_smooth,90,311.1,42,16,11,24.1,76.5,10.07
patola,70,407.4,37,14,10,20.3,86.9,2.48
cucumber,61,376.9,33,16,16,22.3,61.5,10.09
ampalaya_bilog,48,288.4,38,20,8,37.5,37.8,1.15
cucumber,43,276.9,39,25,13,29.5,71.2,5.64
cucumber,38,103.0,11,15,9,35.8,62.0,2.36
patola,104,471.6,42,14,8,24.3,42.7,1.81
cucumber,60,416.7,60,28,15,22.8,73.9,8.46
cucumber,44,324.5,44,18,13,24.1,63.4,7.17
patola,64,393.0,33,25,11,28.8,75.3,4.9
cucumber,33,247.8,36,13,4,34.9,64.8,0.93
ampalaya_bilog,69,331.5,29,30,14,27.7,69.7,7.32
cucumber,46,260.6,32,22,17,35.3,69.0,4.04
cucumber,46,367.4,33,28,14,23.1,70.7,8.85
patola,61,423.8,49,22,15,33.1,42.5,4.22
patola,65,471.2,59,28,14,23.2,62.5,4.54
cucumber,32,210.9,22,14,5,33.9,40.0,0.54
patola,53,328.7,29,15,12,28.3,62.4,5.01
patola,57,263.5,34,16,17,27.1,77.8,5.52
upo_smooth,64,403.1,36,34,10,25.1,75.1,10.21
cucumber,83,441.5,55,17,12,28.9,47.7,4.0
cucumber,63,404.8,45,17,15,21.5,60.1,8.66
patola,54,365.5,36,29,11,26.3,74.8,4.13
upo_smooth,72,348.4,28,16,12,26.6,37.5,6.13
cucumber,64,414.5,54,24,11,29.2,75.0,4.47
patola,72,429.0,34,25,6,37.0,82.6,0.96
upo_smooth,71,356.4,30,27,9,37.4,59.6,4.09
cucumber,46,204.7,29,20,9,27.8,66.9,4.54
patola,89,462.1,61,15,8,35.7,76.5,2.08
cucumber,61,424.6,48,32,15,25.5,71.9,9.73
ampalaya_bilog,84,415.5,43,18,10,26.1,68.6,4.4
upo_smooth,69,435.9,38,17,14,29.0,68.6,10.9
patola,64,373.3,44,24,14,25.2,42.6,5.26
cucumber,55,266.0,29,16,15,25.0,66.8,8.47
cucumber,73,330.7,37,13,13,26.1,88.0,5.96
ampalaya_bilog,51,253.2,29,17,14,32.4,60.9,5.88
ampalaya_bilog,66,440.8,57,32,8,28.0,32.2,2.46
patola,68,323.6,39,16,15,36.6,71.2,2.72
patola,75,421.6,39,25,10,31.5,75.2,3.6
patola,60,442.7,40,15,9,25.6,75.3,4.23
cucumber,41,265.4,37,25,10,23.3,65.6,5.48
cucumber,31,205.8,23,15,8,37.3,89.4,1.22
patola,95,365.7,34,25,12,22.8,61.0,2.84
ampalaya_bilog,68,398.0,32,16,13,22.3,82.7,3.89
ampalaya_bilog,43,387.4,57,30,15,21.3,73.8,5.39
patola,40,275.8,31,25,15,29.9,62.5,5.0
cucumber,52,305.0,38,23,10,26.0,72.5,5.75
patola,74,316.0,45,23,13,31.3,73.6,4.85
upo_smooth,60,338.8,38,32,8,29.0,76.3,7.8
upo_smooth,46,308.8,37,24,16,28.1,78.8,13.48
ampalaya_bilog,65,431.0,49,21,9,29.8,61.2,5.34
upo_smooth,79,496.5,67,23,12,32.4,76.9,9.67
patola,74,392.9,39,13,12,25.6,61.8,4.54
ampalaya_bilog,41,253.6,31,23,13,26.5,79.6,4.96
cucumber,72,403.4,41,23,10,25.2,84.3,4.19
upo_smooth,70,332.1,46,22,8,37.3,70.0,4.21
patola,64,380.8,49,28,11,19.2,73.9,2.16
cucumber,47,276.6,36,15,10,21.1,53.5,5.02
upo_smooth,45,391.7,56,23,17,27.3,72.7,12.43
ampalaya_bilog,42,278.6,25,15,13,25.4,66.9,5.44
cucumber,81,394.9,34,22,13,20.7,60.6,7.24
upo_smooth,104,304.7,35,15,11,26.9,79.2,8.7
cucumber,64,432.1,64,15,17,23.7,65.4,7.04
patola,57,295.9,28,28,13,28.8,73.8,5.97
patola,75,334.0,33,16,6,28.1,73.3,2.27
upo_smooth,84,475.0,65,21,12,26.7,61.8,12.95
patola,70,357.6,46,18,8,36.8,75.2,1.64
ampalaya_bilog,73,488.6,63,13,13,30.2,56.3,3.57
ampalaya_bilog,65,320.9,28,32,13,25.5,86.4,6.15
ampalaya_bilog,54,233.6,30,32,10,25.1,69.5,5.29
upo_smooth,69,319.5,30,23,16,37.9,30.4,4.06
patola,70,328.8,41,20,6,29.7,65.6,2.94
upo_smooth,78,361.6,29,17,7,25.0,35.2,4.8
ampalaya_bilog,60,307.0,36,22,9,36.3,83.5,1.77
patola,67,438.2,52,30,17,26.3,93.0,4.0
upo_smooth,64,496.7,54,19,13,24.3,93.4,8.53
patola,70,429.8,45,12,8,30.5,62.9,3.61
ampalaya_bilog,69,446.2,38,28,10,26.4,91.4,3.57
cucumber,37,215.3,29,13,9,21.8,92.2,2.82
upo_smooth,85,465.4,42,18,12,37.0,40.3,5.43
ampalaya_bilog,57,387.4,48,21,10,26.2,72.2,4.69
patola,82,474.4,64,24,13,28.0,64.5,5.43
ampalaya_bilog,51,383.4,52,24,15,27.8,69.3,7.23
upo_smooth,107,300.5,43,13,14,27.3,76.5,7.05
patola,55,256.7,34,29,17,25.8,70.2,7.65
cucumber,63,333.2,32,18,15,23.9,63.0,8.28
cucumber,59,307.3,41,21,11,25.2,39.0,3.59
upo_smooth,54,279.7,40,21,9,30.0,63.9,7.07
ampalaya_bilog,50,311.3,40,21,15,27.4,31.2,4.73
cucumber,59,207.7,21,33,14,31.1,70.6,6.32
ampalaya_bilog,97,448.9,40,14,6,26.3,67.4,2.7
cucumber,58,338.9,37,23,12,25.4,63.4,7.39
patola,62,454.5,67,17,15,30.5,68.9,5.5
upo_smooth,76,301.8,32,21,11,31.4,65.1,8.28
cucumber,67,306.9,42,26,10,32.7,47.4,3.34
upo_smooth,75,380.9,31,27,8,24.0,73.2,8.99
ampalaya_bilog,68,335.6,43,27,14,26.2,63.5,7.64
upo_smooth,78,312.8,40,22,12,21.2,76.3,8.35
cucumber,46,208.3,17,34,14,27.0,41.8,5.71
ampalaya_bilog,41,324.7,34,31,12,19.9,79.7,2.8
patola,79,410.3,47,17,12,36.7,66.2,2.27
cucumber,94,468.1,52,12,14,31.8,83.2,2.36
ampalaya_bilog,65,475.3,41,22,13,21.9,74.0,5.6
ampalaya_bilog,38,192.9,17,13,4,28.4,79.6,1.76
patola,73,400.8,32,18,12,30.0,63.7,5.7
cucumber,56,211.4,25,22,15,22.6,78.4,9.19
patola,41,258.7,36,29,16,29.6,74.2,5.48
cucumber,64,354.8,39,34,13,19.8,65.0,6.37
patola,62,369.6,45,17,16,30.9,69.3,6.92
ampalaya_bilog,56,289.6,35,21,15,24.5,36.7,3.74
cucumber,52,220.7,30,32,12,31.2,62.3,4.47
cucumber,65,473.3,46,18,16,22.7,69.0,8.31
upo_smooth,95,414.3,42,23,7,34.1,60.7,2.84
cucumber,57,392.5,47,26,9,34.1,66.1,2.87
patola,66,479.7,44,23,17,28.6,91.7,4.72
cucumber,80,443.8,56,20,14,19.5,79.3,5.76
cucumber,79,359.6,46,16,6,24.2,75.5,3.28
ampalaya_bilog,47,235.0,30,31,12,24.1,62.6,5.02
patola,61,446.6,37,16,15,27.4,94.5,4.07
patola,100,376.2,35,19,14,30.1,62.7,5.11
cucumber,54,225.6,26,18,11,27.6,54.2,4.66
cucumber,66,460.8,46,29,9,29.1,72.5,4.1
ampalaya_bilog,69,326.5,41,28,17,27.9,36.8,5.32
upo_smooth,83,440.1,55,26,10,28.0,41.0,7.53
cucumber,52,226.1,18,28,10,30.1,42.8,3.19
patola,86,447.8,44,26,13,25.2,92.2,3.06
patola,81,402.1,45,20,13,30.4,72.3,4.66
patola,81,362.3,49,12,11,27.0,88.9,3.69
cucumber,59,343.1,49,24,11,30.1,55.6,3.42
upo_smooth,76,333.7,42,18,13,32.5,66.4,8.16
upo_smooth,77,370.0,50,22,10,27.1,61.5,10.64
ampalaya_bilog,70,329.9,35,18,12,26.3,65.4,6.5
cucumber,58,259.5,24,15,14,22.1,74.0,7.12
ampalaya_bilog,69,309.7,37,31,13,27.1,73.4,7.78
cucumber,53,301.8,33,29,15,29.8,55.8,4.6
patola,45,380.3,36,28,15,28.1,65.2,5.05
ampalaya_bilog,51,320.7,36,16,14,37.8,70.6,3.63
patola,52,373.4,55,30,13,25.4,70.8,5.9
upo_smooth,92,489.8,59,14,8,28.4,64.4,7.0
cucumber,52,251.6,29,29,11,26.3,71.8,6.41
patola,64,370.0,35,25,9,31.6,55.9,2.67
ampalaya_bilog,38,246.4,25,9,7,33.7,50.5,1.65
patola,74,312.7,32,17,10,28.5,78.9,4.92
ampalaya_bilog,53,276.9,22,31,8,37.4,64.7,2.21
ampalaya_bilog,53,289.3,28,31,12,24.1,61.7,5.0
cucumber,35,176.5,14,13,6,26.8,62.2,2.31
upo_smooth,100,384.6,52,16,11,25.2,75.9,9.79
patola,40,232.7,23,24,15,22.2,66.1,3.54
ampalaya_bilog,60,378.3,45,28,17,29.4,91.8,4.72
cucumber,48,254.5,20,20,13,22.3,55.9,5.41
patola,68,430.7,56,24,12,26.0,79.8,5.72
cucumber,58,216.2,26,24,11,21.1,51.7,5.21
cucumber,69,331.0,40,31,9,20.6,62.3,5.72
upo_smooth,80,384.2,32,22,6,26.4,57.7,4.81
cucumber,63,472.3,65,24,9,26.4,62.1,5.42
upo_smooth,68,338.1,30,21,12,24.0,62.8,13.58
ampalaya_bilog,65,461.4,41,15,11,20.8,71.0,4.21
upo_smooth,65,400.4,50,34,16,21.6,79.0,12.47
cucumber,45,201.7,17,33,15,34.6,74.5,4.5
upo_smooth,107,363.0,29,12,8,30.5,72.1,4.98
upo_smooth,55,336.0,35,17,11,28.0,31.7,6.58
patola,75,312.1,44,15,6,37.5,68.5,1.32
ampalaya_bilog,60,412.7,45,21,16,27.2,85.0,6.36
ampalaya_bilog,56,238.4,19,32,8,28.5,77.5,3.92
cucumber,57,339.0,35,33,8,27.4,61.9,4.74
ampalaya_bilog,93,308.1,43,27,7,25.7,73.0,3.29
ampalaya_bilog,67,360.1,32,19,12,26.4,75.2,7.18
upo_smooth,86,352.1,29,20,12,25.8,76.8,12.56
ampalaya_bilog,51,377.1,30,32,13,28.6,70.0,5.99
cucumber,32,176.0,20,17,9,34.4,67.8,2.06
ampalaya_bilog,81,469.0,39,16,6,25.5,38.7,1.92
upo_smooth,73,336.2,40,13,12,34.4,69.7,6.36
patola,46,300.0,41,31,8,25.3,76.1,3.3
ampalaya_bilog,56,370.0,41,16,11,31.3,65.5,4.16
patola,68,429.9,56,28,17,26.9,64.6,6.6
patola,79,302.0,30,16,10,26.8,44.4,3.19
upo_smooth,82,351.1,34,27,6,28.4,83.5,5.65
cucumber,35,115.4,9,8,9,34.7,70.5,1.33
upo_smooth,63,457.7,68,31,14,36.1,80.5,5.33
ampalaya_bilog,64,381.1,48,16,13,34.6,77.9,5.06
ampalaya_bilog,37,129.9,16,13,6,26.2,78.4,2.45
patola,55,364.3,45,30,15,23.3,72.5,4.58
patola,75,365.0,41,27,12,31.0,76.3,5.66
upo_smooth,79,307.5,32,21,13,28.8,74.9,12.87
upo_smooth,80,337.4,39,16,8,24.3,32.0,5.18
upo_smooth,107,324.3,36,12,9,24.1,89.6,5.12
patola,57,245.0,19,26,9,25.6,73.4,3.56
ampalaya_bilog,61,462.4,48,23,16,29.0,70.5,8.5
ampalaya_bilog,92,402.0,49,18,12,27.3,76.6,5.4
cucumber,75,359.7,35,26,12,21.9,66.3,5.68
ampalaya_bilog,53,253.0,29,23,12,28.6,63.9,6.1
upo_smooth,76,494.2,57,22,11,28.2,82.1,10.01
patola,46,210.3,21,27,16,32.9,66.0,3.88
cucumber,90,429.9,44,24,6,18.6,61.9,2.34
ampalaya_bilog,70,497.2,46,24,9,27.1,60.2,4.75
patola,74,396.5,47,25,12,27.4,39.5,2.9
ampalaya_bilog,54,241.7,21,18,8,26.0,72.7,4.76
cucumber,40,281.9,35,17,14,21.7,60.8,7.3
ampalaya_bilog,62,305.8,36,16,15,29.6,63.0,7.3
cucumber,82,465.7,43,12,14,26.7,63.1,5.25
cucumber,48,313.9,33,28,14,20.8,64.4,7.33
cucumber,31,191.6,25,14,5,26.4,60.4,2.04
upo_smooth,71,432.3,52,13,11,21.2,66.8,7.85
ampalaya_bilog,58,317.5,29,34,9,29.6,61.3,4.83
ampalaya_bilog,57,272.6,33,31,16,28.6,66.8,7.58
patola,51,259.8,30,20,17,20.6,74.6,4.17
patola,59,300.4,35,25,11,25.4,48.8,3.82
ampalaya_bilog,58,206.4,27,19,9,25.1,64.4,5.38
patola,78,336.3,49,16,11,26.8,60.1,3.98
patola,72,405.7,51,13,13,31.1,86.8,3.22
ampalaya_bilog,50,249.4,34,18,16,27.6,90.8,5.42
upo_smooth,64,498.5,56,27,16,28.9,66.8,14.5
cucumber,51,226.7,18,34,15,32.6,61.8,5.68
cucumber,50,394.9,51,21,14,23.8,61.0,7.51
upo_smooth,77,321.9,45,23,8,30.8,93.7,3.15
upo_smooth,65,356.3,50,34,8,26.7,67.5,7.67
upo_smooth,53,368.9,41,31,15,26.9,77.2,14.04
upo_smooth,60,435.9,35,32,13,25.2,60.7,14.29
upo_smooth,56,357.6,45,26,11,27.6,79.4,11.91
ampalaya_bilog,60,449.7,49,29,13,30.0,67.1,6.06
cucumber,52,272.7,33,23,11,23.9,67.3,7.08
ampalaya_bilog,46,374.7,36,19,15,27.5,79.2,7.56
ampalaya_bilog,86,427.5,49,14,12,32.9,91.8,2.16
patola,67,431.0,42,29,12,21.2,90.6,2.55
patola,62,351.3,51,19,15,28.9,85.9,5.48
cucumber,30,244.6,26,15,7,23.1,79.8,2.96
ampalaya_bilog,86,307.5,40,20,10,28.7,63.8,4.5
upo_smooth,61,479.3,43,30,15,26.1,75.2,16.76
patola,56,296.7,30,24,14,27.5,65.9,5.55
upo_smooth,70,470.6,47,20,13,18.5,69.1,5.77
patola,60,338.0,35,25,10,19.5,73.7,2.34
cucumber,42,330.2,33,31,10,20.5,69.3,5.62
upo_smooth,65,306.1,27,17,9,26.8,62.0,8.58
cucumber,60,484.6,46,21,17,27.1,78.7,8.03
patola,69,326.3,31,23,16,35.0,80.7,3.8
ampalaya_bilog,53,279.2,37,24,12,23.0,71.7,5.36
ampalaya_bilog,96,424.7,50,12,8,25.1,95.0,1.87
upo_smooth,72,326.6,37,24,7,19.1,70.0,5.03
ampalaya_bilog,76,426.3,46,20,7,28.3,33.3,2.36
upo_smooth,64,374.0,40,17,10,24.8,75.9,10.05
cucumber,58,285.6,28,30,15,25.5,70.3,9.52
ampalaya_bilog,58,298.3,26,15,14,24.6,69.3,4.58
patola,61,386.9,43,17,8,30.1,81.9,2.68
cucumber,59,233.2,23,26,12,23.0,91.8,4.31
upo_smooth,72,414.1,58,12,9,25.1,79.6,7.89
upo_smooth,59,263.0,37,26,16,25.7,61.2,14.3
cucumber,65,461.1,51,29,13,29.6,33.9,3.56
upo_smooth,62,440.6,65,23,10,25.4,68.5,10.62
cucumber,75,461.8,43,23,13,18.2,67.2,5.95
patola,75,374.6,39,24,9,37.9,70.2,1.99
cucumber,72,399.3,55,19,10,24.6,62.0,6.2
ampalaya_bilog,64,459.4,58,19,9,31.9,63.8,3.63
cucumber,50,349.6,29,29,12,25.3,67.2,7.73
patola,56,275.4,26,32,14,26.5,66.9,6.13
upo_smooth,69,447.6,48,16,15,28.6,69.6,15.42
upo_smooth,62,481.9,46,16,14,25.9,71.0,15.48
patola,75,488.0,72,25,14,30.1,74.9,5.54
cucumber,57,223.0,19,33,15,20.6,54.1,7.67
upo_smooth,71,471.2,67,19,8,27.4,78.2,8.53
ampalaya_bilog,88,403.0,51,22,9,25.7,71.7,3.99
patola,71,397.0,38,26,10,37.8,68.1,1.87
cucumber,30,124.1,12,12,6,27.3,53.4,1.83
upo_smooth,73,337.5,48,12,13,29.2,58.0,5.06
upo_smooth,94,395.7,43,27,10,27.8,74.2,9.22
ampalaya_bilog,63,393.5,47,23,14,18.4,61.8,3.13
cucumber,76,433.9,41,21,12,36.2,82.7,2.92
ampalaya_bilog,60,350.4,40,16,14,25.6,86.8,6.09
ampalaya_bilog,70,426.3,51,23,8,20.1,69.8,3.27
upo_smooth,91,488.5,72,13,9,28.2,72.4,8.0
upo_smooth,105,486.7,70,21,8,31.6,71.2,4.75
ampalaya_bilog,53,351.9,49,29,17,27.5,60.1,8.18
ampalaya_bilog,65,373.8,52,31,11,21.2,56.3,3.51
patola,69,449.1,46,21,14,36.4,65.1,3.43
upo_smooth,78,404.6,51,23,8,25.5,80.0,8.79
ampalaya_bilog,54,301.7,32,24,17,36.8,53.1,3.39
patola,66,355.2,35,32,13,25.3,61.5,5.52
patola,75,490.0,41,21,9,25.5,66.5,3.46
cucumber,93,306.1,25,26,7,33.9,70.9,1.45
ampalaya_bilog,36,113.4,13,17,9,26.8,40.4,3.18
cucumber,69,491.9,47,26,12,18.9,92.1,3.24
upo_smooth,45,213.0,19,16,16,29.5,65.5,8.15
ampalaya_bilog,63,405.9,49,30,11,24.8,71.1,4.42
patola,44,350.1,33,31,13,28.1,61.2,4.45
cucumber,56,207.6,22,15,10,27.7,63.0,6.62
cucumber,88,357.3,43,25,7,21.3,62.1,3.65
upo_smooth,57,375.4,46,31,13,32.0,36.0,5.43
cucumber,53,301.2,27,33,14,27.7,39.3,5.17
cucumber,31,147.7,12,16,8,29.6,41.5,2.05
cucumber,65,457.3,41,27,15,37.3,66.9,4.32
upo_smooth,68,456.6,58,24,15,22.5,64.5,11.25
ampalaya_bilog,43,398.9,45,30,12,26.5,76.8,5.63
cucumber,43,281.3,24,34,9,23.3,66.1,5.58
ampalaya_bilog,40,292.7,41,24,13,27.3,65.7,5.32
cucumber,52,270.4,31,29,15,26.4,32.6,5.0
cucumber,57,357.6,42,31,9,21.3,70.5,5.78
patola,56,383.2,57,28,16,35.5,72.2,5.76
upo_smooth,74,469.7,38,13,10,21.2,64.6,7.01
cucumber,62,327.2,26,24,12,21.4,70.6,6.28
patola,48,297.1,43,33,13,25.0,66.7,5.58
patola,60,447.2,53,23,17,31.2,66.7,5.78
patola,64,484.8,64,29,8,25.0,68.3,3.72
ampalaya_bilog,64,474.9,43,17,14,25.1,44.7,6.47
ampalaya_bilog,97,357.8,39,13,10,29.6,63.8,3.86
patola,56,239.8,26,25,13,33.9,33.1,2.46
upo_smooth,64,338.3,40,33,8,24.8,55.9,7.36
upo_smooth,62,395.2,40,22,11,27.5,64.0,12.73
upo_smooth,80,414.3,38,19,12,24.6,44.6,10.6
upo_smooth,61,307.6,43,20,17,36.8,44.3,6.83
upo_smooth,58,332.0,43,32,12,25.6,74.3,10.05
patola,62,461.1,39,16,12,30.2,73.9,4.41
cucumber,63,401.6,57,15,9,20.6,59.0,4.19
upo_smooth,67,406.0,42,17,8,24.2,62.8,6.9
cucumber,64,464.8,43,34,10,21.2,57.8,5.03
cucumber,50,373.3,46,18,13,20.2,64.1,6.26
cucumber,62,432.4,50,15,16,18.5,55.1,4.13
cucumber,62,458.7,41,25,17,37.5,64.1,4.83
ampalaya_bilog,63,353.7,41,31,12,35.5,76.1,3.37
ampalaya_bilog,51,247.9,27,20,11,26.5,68.8,5.47
upo_smooth,60,457.9,67,27,13,25.7,72.7,14.9
cucumber,86,477.6,49,26,11,26.0,72.9,4.83
upo_smooth,77,435.3,45,25,14,26.9,74.3,13.84
cucumber,65,390.3,53,21,16,31.5,79.4,6.7
upo_smooth,94,440.0,39,25,8,26.6,90.6,4.95
cucumber,55,289.2,35,25,15,20.9,65.2,9.0
patola,41,374.9,53,17,17,37.9,70.7,2.43
patola,93,490.6,44,21,14,35.0,50.1,3.61
ampalaya_bilog,67,483.9,56,17,13,19.9,60.2,3.31
upo_smooth,87,391.4,53,16,10,27.0,78.4,9.76
cucumber,56,291.2,26,24,11,21.7,72.3,6.08
upo_smooth,58,365.8,30,34,14,25.3,75.0,14.93
patola,55,330.9,33,27,13,26.6,61.1,5.85
cucumber,48,327.9,36,31,10,20.6,67.3,5.52
upo_smooth,74,470.9,40,25,8,18.8,76.6,3.9
cucumber,91,470.0,53,19,11,22.0,36.0,2.63
ampalaya_bilog,62,318.0,37,17,9,26.4,83.1,4.18
cucumber,53,294.6,25,19,14,23.0,42.5,6.34
upo_smooth,71,395.2,54,22,12,28.9,81.3,9.54
ampalaya_bilog,40,311.5,26,34,13,27.3,49.8,4.07
cucumber,87,492.5,48,19,6,35.8,40.2,1.35
upo_smooth,71,324.0,30,14,6,27.3,36.4,3.31
cucumber,83,391.5,31,22,12,22.2,68.0,6.8
cucumber,63,402.5,54,34,11,24.9,55.8,4.77
patola,61,355.0,50,18,12,30.8,73.6,5.29
upo_smooth,67,355.1,45,29,16,31.0,74.7,13.41
patola,50,328.9,33,31,15,30.0,63.5,5.18
upo_smooth,66,361.0,52,29,11,26.6,62.4,10.07
ampalaya_bilog,60,313.8,46,20,9,29.7,67.3,5.22
patola,61,311.6,34,25,15,27.6,66.2,7.07
upo_smooth,95,485.3,51,23,14,28.3,74.6,11.72
ampalaya_bilog,40,347.8,37,20,11,26.7,68.0,3.93
ampalaya_bilog,55,287.7,34,26,10,27.4,76.4,5.14
ampalaya_bilog,38,122.4,13,16,4,25.0,74.6,1.73
upo_smooth,66,407.5,59,23,14,34.6,77.8,8.03
ampalaya_bilog,57,313.4,45,28,16,27.7,70.0,7.28
ampalaya_bilog,66,447.3,57,23,17,29.0,66.5,8.47
ampalaya_bilog,68,380.6,40,20,10,29.9,34.6,3.53
cucumber,36,214.9,18,10,6,37.6,67.9,1.24
patola,54,301.4,33,34,13,28.8,87.5,4.77
upo_smooth,70,490.4,42,12,11,28.1,64.4,9.79
cucumber,63,444.2,36,21,12,21.4,79.7,7.54
ampalaya_bilog,59,256.8,27,27,13,29.9,45.4,4.93
patola,71,491.5,40,18,7,19.6,75.5,1.73
upo_smooth,65,490.3,45,32,9,30.0,86.4,5.82
patola,61,352.9,42,25,15,24.6,68.1,4.8
cucumber,34,224.3,29,12,5,27.7,75.1,2.48
ampalaya_bilog,51,346.9,44,21,9,28.7,66.5,5.2
patola,60,324.4,44,33,10,29.8,76.5,4.31
patola,61,386.5,52,34,11,29.2,62.1,4.22
upo_smooth,60,484.2,57,26,11,30.2,71.1,8.03
ampalaya_bilog,93,334.4,33,14,7,21.1,71.8,2.31
ampalaya_bilog,61,325.8,31,32,17,24.7,71.0,7.09
ampalaya_bilog,97,454.4,37,13,10,28.8,62.1,4.07
patola,50,226.4,23,22,11,25.3,76.7,3.93
upo_smooth,57,229.0,27,16,16,27.4,68.0,15.81
upo_smooth,69,371.4,47,27,8,26.4,70.3,8.64
cucumber,39,213.7,29,10,7,20.4,67.3,3.14
upo_smooth,70,463.2,39,15,13,27.2,63.5,14.29
patola,62,491.3,48,20,14,30.4,74.6,5.42
cucumber,65,372.6,36,27,11,33.4,78.4,3.46
patola,63,424.0,48,15,10,29.0,69.0,4.16
ampalaya_bilog,62,387.8,54,32,8,27.0,72.5,4.71
cucumber,89,433.6,58,23,10,26.5,72.3,4.14
upo_smooth,102,463.2,49,12,12,30.5,65.0,8.02
patola,56,335.9,29,18,14,29.6,63.8,5.88
cucumber,63,381.0,32,29,15,24.5,68.3,9.63
upo_smooth,77,498.3,68,23,6,33.8,67.8,4.25
upo_smooth,78,427.3,56,15,10,24.0,64.2,7.74
ampalaya_bilog,55,384.5,42,34,13,18.1,88.7,2.5
ampalaya_bilog,62,487.1,61,20,13,27.8,77.2,7.09
patola,74,481.8,46,24,9,21.3,62.5,2.97
cucumber,61,420.0,37,28,8,32.3,78.2,3.11
upo_smooth,101,436.9,48,25,13,28.9,60.1,10.58
patola,45,363.4,29,26,12,26.0,74.5,4.31
ampalaya_bilog,44,242.5,33,16,10,26.7,41.9,3.92
cucumber,65,394.0,51,33,11,21.0,32.3,3.55
upo_smooth,79,313.1,37,20,10,23.7,62.7,7.23
ampalaya_bilog,45,339.9,47,31,17,27.8,63.1,8.15
upo_smooth,71,434.6,59,12,11,23.9,71.6,8.44
upo_smooth,67,467.4,43,19,8,34.1,69.6,3.8
ampalaya_bilog,69,346.1,39,26,9,24.4,65.6,3.98
upo_smooth,80,375.2,51,18,12,25.0,72.1,12.74
cucumber,53,204.3,19,31,13,27.2,78.4,6.47
upo_smooth,80,364.0,37,25,14,34.2,67.2,6.1
patola,75,474.7,40,20,7,29.1,69.0,3.37
patola,48,336.2,29,27,16,29.4,78.5,6.95
patola,68,346.5,51,31,8,23.1,74.1,2.32
patola,57,255.4,32,25,15,28.2,72.8,5.8
cucumber,86,314.7,25,16,14,26.1,61.3,6.52
patola,76,415.5,53,25,11,32.6,67.6,4.05
upo_smooth,71,343.1,31,16,14,29.4,72.1,10.47
upo_smooth,107,324.9,34,26,13,27.5,74.3,11.8
ampalaya_bilog,63,358.4,47,24,10,32.3,57.8,3.21
cucumber,73,481.1,47,22,14,21.3,79.3,8.2
patola,49,280.9,34,19,15,28.6,85.9,4.88
cucumber,54,236.3,23,26,12,22.5,53.4,5.77
patola,75,358.7,28,16,7,25.9,64.8,3.35
ampalaya_bilog,54,352.0,31,17,10,27.0,33.7,2.73
upo_smooth,45,266.4,32,16,17,29.0,80.6,6.4
ampalaya_bilog,58,266.6,31,23,11,27.7,33.2,3.9
cucumber,30,145.0,20,13,6,35.9,79.3,1.22
upo_smooth,79,339.0,44,15,11,23.9,68.0,7.2
upo_smooth,80,365.5,50,24,8,24.6,84.4,6.29
ampalaya_bilog,60,477.3,38,22,13,23.7,67.6,5.09
ampalaya_bilog,58,390.6,40,26,13,19.5,63.8,3.16
upo_smooth,47,221.9,25,26,8,25.3,66.3,5.47
upo_smooth,81,331.1,36,22,13,31.4,66.9,8.47
patola,75,485.5,61,22,8,30.7,72.8,3.27
patola,77,382.4,41,27,10,24.0,67.9,3.25
cucumber,39,214.4,20,10,9,24.0,61.8,4.47
cucumber,53,201.5,29,15,13,20.8,65.2,6.31
upo_smooth,106,411.9,35,24,14,28.5,78.7,10.15
ampalaya_bilog,56,287.6,39,20,12,27.2,71.4,5.94
ampalaya_bilog,53,356.0,35,20,14,29.6,63.2,7.39
ampalaya_bilog,37,242.4,26,17,4,26.3,63.2,1.7
upo_smooth,71,492.1,45,16,11,24.9,88.5,9.35
patola,80,341.8,33,14,7,30.1,66.6,2.74
ampalaya_bilog,88,398.7,39,24,9,23.1,48.9,2.69
ampalaya_bilog,44,351.6,35,21,17,27.4,69.7,7.52
ampalaya_bilog,89,427.6,56,20,13,34.4,64.6,4.25
upo_smooth,72,381.2,37,21,12,27.4,72.7,12.66
upo_smooth,64,478.9,40,26,13,26.6,42.4,10.15
ampalaya_bilog,63,476.4,65,29,10,25.5,75.7,5.55
patola,65,337.3,28,25,16,27.8,68.1,5.94
ampalaya_bilog,61,361.7,50,30,10,25.5,43.0,4.14
cucumber,59,317.9,29,24,9,20.5,65.7,5.75
upo_smooth,58,247.3,30,17,9,27.5,72.4,9.83
cucumber,53,281.6,42,30,16,21.9,82.5,7.78
upo_smooth,79,344.8,48,15,11,32.1,65.7,6.98
ampalaya_bilog,90,316.1,47,24,14,29.8,70.2,6.74
cucumber,30,145.0,16,11,7,27.3,91.3,1.74
upo_smooth,69,334.2,39,31,8,25.2,63.7,8.42
cucumber,62,362.2,36,28,13,20.4,76.9,6.5
patola,75,470.1,42,19,14,20.3,78.4,4.26
patola,60,429.3,53,17,11,20.8,31.8,1.92
cucumber,58,202.3,24,16,16,24.3,44.9,8.13
ampalaya_bilog,60,416.5,62,27,16,24.9,68.6,6.2
cucumber,52,217.3,22,17,8,20.8,71.1,4.72
patola,58,387.2,55,23,8,35.6,78.3,2.93
cucumber,50,389.1,41,24,14,27.0,73.8,8.2
patola,69,415.1,59,30,10,29.0,56.7,3.15
cucumber,67,311.2,45,31,12,20.6,72.0,7.45
ampalaya_bilog,96,406.9,51,18,12,19.5,76.8,2.65
patola,47,392.3,36,33,14,19.0,61.1,2.77
cucumber,60,301.5,40,23,9,28.7,63.9,4.3
patola,61,422.5,35,28,15,26.0,72.7,6.07
upo_smooth,77,444.1,57,17,9,27.4,62.7,8.11
patola,67,323.2,46,30,11,26.6,91.5,3.01
upo_smooth,94,350.6,50,25,13,25.6,72.7,10.99
ampalaya_bilog,42,316.6,41,22,8,27.0,45.9,3.3
upo_smooth,81,405.7,35,20,11,37.5,52.6,5.25
upo_smooth,67,455.7,63,20,13,24.5,39.3,8.43
patola,71,386.8,48,12,12,26.1,35.6,3.46
upo_smooth,77,374.7,52,19,14,23.5,73.9,10.23
ampalaya_bilog,63,322.4,35,24,16,29.8,79.5,7.11
ampalaya_bilog,36,140.2,20,14,8,28.6,67.5,3.12
ampalaya_bilog,61,479.6,69,34,16,25.2,78.3,7.54
patola,66,383.4,50,23,15,23.2,54.7,4.1
cucumber,31,215.7,28,10,8,24.0,90.5,1.74
upo_smooth,70,312.0,39,17,13,18.4,42.5,5.05
upo_smooth,80,423.0,47,14,10,24.5,71.8,8.33
patola,76,313.8,30,20,12,28.7,77.9,4.68
patola,94,492.1,67,14,6,27.9,73.0,2.09
cucumber,85,486.2,48,19,13,31.2,66.6,4.52
patola,100,318.5,39,17,11,30.9,73.2,4.07
upo_smooth,73,341.2,38,20,7,32.5,71.7,5.33
upo_smooth,63,429.5,48,31,12,18.1,62.8,6.43
ampalaya_bilog,92,353.4,40,14,11,32.3,89.3,3.16
cucumber,60,443.2,41,28,16,33.1,75.3,4.62
patola,46,319.4,44,22,17,29.2,47.8,4.16
ampalaya_bilog,69,440.3,38,34,9,26.2,60.6,4.87
cucumber,61,464.1,52,18,12,23.8,63.7,7.75
ampalaya_bilog,59,287.7,37,26,14,28.1,69.4,7.84
patola,59,306.9,24,32,17,30.1,51.3,5.53
patola,55,221.6,26,22,9,28.4,62.8,4.03
upo_smooth,66,471.0,53,28,8,26.2,41.1,7.24
patola,55,214.6,29,28,11,22.7,66.3,3.91
upo_smooth,60,334.7,47,34,11,27.7,60.6,12.56
patola,64,463.3,60,26,15,30.0,63.3,6.68
ampalaya_bilog,67,478.9,54,33,10,29.5,94.5,3.35
patola,63,311.9,35,16,12,28.7,76.0,5.08
cucumber,57,358.1,39,31,10,20.3,77.4,5.19
patola,58,338.7,27,25,14,27.4,45.9,4.38
cucumber,58,266.8,22,27,16,35.1,73.0,5.27
patola,53,245.4,32,17,17,35.4,60.3,5.74
upo_smooth,78,388.5,50,22,11,27.6,40.6,10.5
cucumber,59,389.9,53,16,14,25.7,78.7,8.71
cucumber,57,394.1,56,19,14,23.7,77.8,7.1
upo_smooth,63,382.1,42,34,16,28.0,61.6,17.87
patola,60,345.0,37,21,13,27.6,60.4,5.16
upo_smooth,93,468.7,51,20,14,29.5,94.6,5.39
cucumber,88,426.2,52,18,7,37.3,61.4,1.54
ampalaya_bilog,60,419.0,43,31,16,20.3,92.4,3.65
upo_smooth,63,359.2,44,23,8,28.1,61.4,7.27
cucumber,63,463.1,47,17,15,27.4,76.8,7.08
cucumber,74,486.7,45,18,14,30.3,62.9,4.56
upo_smooth,72,385.7,43,27,12,24.1,61.9,13.39
ampalaya_bilog,44,244.4,31,17,12,26.9,67.1,4.98
patola,59,271.8,29,21,17,35.5,79.3,5.56
ampalaya_bilog,81,421.2,48,26,14,26.9,74.0,6.05
upo_smooth,83,425.5,56,20,10,26.1,69.2,11.09
ampalaya_bilog,51,266.1,31,32,10,31.8,66.2,4.24
patola,98,406.5,33,20,11,20.3,69.4,2.81
ampalaya_bilog,97,472.7,51,16,7,25.1,76.8,2.9
cucumber,49,374.0,54,31,11,32.7,61.9,5.02
cucumber,34,205.6,28,11,7,20.6,75.0,3.03
cucumber,60,497.1,40,31,10,21.2,61.1,5.27
ampalaya_bilog,55,218.3,22,17,9,19.2,74.3,2.25
upo_smooth,82,409.2,40,16,6,26.4,34.3,4.11
ampalaya_bilog,63,309.4,28,29,8,22.9,65.8,2.99
ampalaya_bilog,70,418.0,53,17,12,27.4,65.0,6.13
ampalaya_bilog,43,284.2,39,26,9,28.1,62.4,3.94
patola,101,374.5,40,18,11,25.1,64.5,3.25
cucumber,53,338.5,28,26,15,29.4,75.8,6.09
cucumber,72,497.5,65,25,10,25.8,67.8,5.8
cucumber,88,349.3,34,27,13,23.7,74.9,5.52
patola,65,300.7,31,28,17,28.2,77.5,6.39
ampalaya_bilog,50,268.3,34,15,15,29.1,90.2,5.08
ampalaya_bilog,66,380.2,45,18,9,36.9,65.4,2.45
upo_smooth,78,496.3,43,20,6,21.9,66.7,4.94
cucumber,65,342.7,49,15,13,30.2,73.6,5.03
patola,48,337.9,47,32,17,20.9,82.9,4.45
cucumber,60,410.6,51,28,10,21.1,77.1,5.01
patola,46,268.4,22,19,14,28.6,81.7,3.81
upo_smooth,83,400.1,49,21,7,27.5,40.9,5.57
patola,52,248.9,28,24,12,22.3,81.4,2.9
cucumber,87,345.2,32,21,12,32.0,68.2,4.42
cucumber,86,348.9,39,21,11,34.9,63.4,2.78
patola,79,349.4,48,17,11,25.2,60.9,4.59
upo_smooth,69,335.1,32,29,9,20.6,67.9,7.83
ampalaya_bilog,55,212.6,22,24,12,28.6,68.2,6.86
ampalaya_bilog,50,367.1,34,23,9,27.5,64.4,5.31
cucumber,46,379.6,36,32,14,21.6,71.9,7.91
patola,63,483.3,52,18,14,18.9,75.3,2.74
ampalaya_bilog,59,225.8,23,29,9,34.6,60.1,3.3
cucumber,49,351.2,39,31,11,19.6,53.4,3.69
cucumber,62,385.3,42,19,15,25.4,69.3,9.27
upo_smooth,64,307.8,34,31,15,28.3,78.2,16.8
upo_smooth,63,410.6,48,29,10,27.3,79.5,10.0
patola,69,360.1,33,30,16,25.0,73.7,7.21
patola,58,266.2,33,28,8,20.3,74.5,2.77
patola,53,270.3,36,29,14,30.5,72.6,5.09
cucumber,87,398.1,49,18,14,23.8,73.9,7.23
upo_smooth,67,327.7,45,33,11,33.6,79.9,8.26
patola,65,498.2,67,31,10,27.3,75.4,3.92
upo_smooth,72,476.6,70,23,12,20.5,65.8,10.2
cucumber,49,302.6,31,16,9,36.4,71.4,2.24
cucumber,43,375.5,31,31,13,21.8,74.4,6.44
patola,62,402.2,42,24,8,26.5,64.7,3.15
upo_smooth,47,372.5,38,33,8,27.0,75.4,6.6
upo_smooth,57,278.7,28,32,13,28.3,68.3,11.92
upo_smooth,59,246.5,26,25,9,24.6,53.5,6.79
ampalaya_bilog,98,471.6,47,26,8,30.6,58.4,2.27
upo_smooth,60,397.8,44,19,11,23.8,70.7,8.8
cucumber,35,125.2,17,15,8,25.0,79.8,3.19
ampalaya_bilog,57,286.2,34,15,10,32.4,70.9,4.16
ampalaya_bilog,93,369.2,30,23,13,27.7,74.4,5.15
cucumber,93,328.0,45,23,10,32.7,48.9,2.89
cucumber,63,464.5,46,26,17,20.8,31.6,6.26
ampalaya_bilog,68,499.3,52,23,15,29.9,68.3,8.28
cucumber,51,240.3,24,31,12,27.5,82.4,4.93
cucumber,74,408.4,51,26,9,21.5,61.9,4.4
patola,59,311.6,40,31,8,26.7,66.9,3.48
patola,57,264.3,23,34,15,30.6,61.8,6.88
cucumber,82,382.9,56,22,9,26.1,78.5,5.13
upo_smooth,46,240.4,30,23,10,26.2,36.7,4.42
upo_smooth,80,461.7,55,15,6,27.1,79.9,5.51
ampalaya_bilog,59,233.2,24,29,15,22.7,71.4,5.84
upo_smooth,76,449.0,53,16,7,28.4,61.5,7.13
patola,94,433.0,49,16,8,30.0,76.8,2.88
ampalaya_bilog,44,332.8,32,17,8,25.8,75.2,3.14
upo_smooth,105,441.0,58,21,6,37.1,72.8,2.77
upo_smooth,55,330.4,46,26,14,24.7,67.9,14.18
patola,67,330.1,46,34,8,27.0,69.0,3.73
cucumber,44,307.7,32,29,14,22.4,61.4,8.99
ampalaya_bilog,56,330.4,27,18,16,33.6,49.9,4.54
ampalaya_bilog,54,211.4,25,31,8,27.9,51.2,3.29
patola,59,225.8,32,19,8,26.1,73.7,3.47
patola,70,387.5,36,25,6,28.8,86.4,2.41
patola,75,494.4,53,17,10,30.1,63.6,3.91
upo_smooth,62,324.0,42,19,17,27.9,50.9,12.84
cucumber,35,135.2,15,11,8,36.8,93.7,1.01
upo_smooth,46,311.0,42,23,16,36.4,62.1,5.79
patola,67,487.3,70,28,15,22.8,48.0,4.33
cucumber,76,439.8,36,25,11,22.6,59.2,4.27
upo_smooth,83,351.6,41,24,12,25.9,59.9,9.22
ampalaya_bilog,63,486.9,41,30,16,35.3,66.7,4.08
cucumber,60,330.8,26,27,15,21.3,63.4,7.54
patola,68,459.3,47,23,10,32.2,52.2,2.95
ampalaya_bilog,66,392.2,54,31,15,29.2,75.3,7.5
ampalaya_bilog,54,370.9,42,19,16,27.6,71.9,7.13
cucumber,84,357.0,49,22,10,23.7,77.6,5.02
patola,66,382.0,53,31,16,27.7,79.4,7.74
ampalaya_bilog,52,384.5,53,30,11,27.3,70.1,4.93
upo_smooth,70,337.2,33,24,14,27.3,61.1,13.66
upo_smooth,74,483.3,46,24,11,25.8,65.9,11.54
upo_smooth,65,437.4,61,22,16,25.0,72.2,14.8
upo_smooth,78,454.9,57,16,10,26.4,67.0,9.12
upo_smooth,72,375.9,46,13,8,24.8,61.7,7.01
upo_smooth,72,454.9,63,23,6,24.4,66.1,5.89
cucumber,40,397.7,36,17,10,26.2,43.2,4.25
ampalaya_bilog,53,235.4,20,34,13,24.3,64.7,4.47
upo_smooth,99,495.9,50,24,11,24.1,71.0,8.56
ampalaya_bilog,50,214.0,26,33,8,31.1,53.1,2.83
cucumber,92,407.1,32,20,11,22.2,76.7,5.25
patola,60,490.6,49,24,11,19.4,76.9,2.74
upo_smooth,63,397.1,37,17,11,29.0,68.8,11.0
patola,60,406.0,52,19,14,31.5,79.8,4.21
cucumber,50,369.3,36,32,15,25.8,39.4,5.22
upo_smooth,50,313.4,32,23,11,36.8,69.2,4.87
ampalaya_bilog,54,341.7,30,31,14,24.8,70.1,4.8
ampalaya_bilog,70,445.6,61,16,12,27.5,78.7,6.49
cucumber,41,258.5,28,30,12,24.4,69.0,6.19
ampalaya_bilog,67,438.0,52,16,9,25.9,57.0,3.41
upo_smooth,74,344.0,34,27,8,21.6,66.8,6.31
cucumber,46,358.1,43,34,12,34.4,94.2,2.11
ampalaya_bilog,67,322.5,38,15,13,34.8,89.9,3.52
upo_smooth,68,455.6,47,19,15,25.2,66.6,14.82
ampalaya_bilog,55,201.8,18,34,14,25.3,64.9,8.14
upo_smooth,46,246.0,35,31,12,28.5,77.6,9.31
upo_smooth,69,479.1,57,28,10,28.9,70.7,10.76
patola,43,223.6,26,34,13,34.3,34.8,2.16
cucumber,70,405.0,49,25,9,34.7,46.5,1.98
patola,67,363.4,53,28,12,31.7,77.4,4.19
patola,54,210.2,30,34,15,28.3,66.0,6.82
cucumber,57,212.3,22,16,12,21.2,81.7,5.03
patola,93,447.5,53,13,13,20.3,76.4,3.3
upo_smooth,78,323.3,26,21,9,27.4,50.9,7.15
ampalaya_bilog,51,326.0,44,30,10,20.5,93.1,2.15
upo_smooth,89,479.5,64,25,8,27.5,69.9,7.86
cucumber,79,387.7,48,14,12,34.0,58.6,2.72
cucumber,53,340.4,31,34,17,18.5,68.1,8.05
ampalaya_bilog,40,371.3,32,21,16,25.4,84.3,4.71
ampalaya_bilog,95,397.1,35,22,7,30.3,79.2,2.2
ampalaya_bilog,84,308.8,37,27,11,26.6,74.6,4.63
cucumber,79,457.7,56,25,8,25.6,61.8,3.62
upo_smooth,65,455.3,37,24,13,25.6,57.7,9.87
patola,78,387.8,54,14,13,29.5,73.9,5.1
cucumber,45,350.8,43,19,15,19.2,85.4,5.87
patola,53,301.5,28,20,11,30.5,37.0,2.85
patola,79,462.0,46,12,6,23.2,75.4,1.81
upo_smooth,100,338.2,39,22,6,26.3,74.3,5.13
ampalaya_bilog,53,305.1,35,34,11,29.1,47.3,4.24
upo_smooth,77,343.5,44,26,8,24.5,70.7,8.92
patola,66,404.4,58,22,10,20.7,56.6,2.79
cucumber,46,304.5,36,22,11,18.5,55.6,4.15
ampalaya_bilog,92,300.9,27,23,11,33.2,75.7,3.33
patola,103,323.7,32,22,13,29.8,52.7,4.03
patola,49,383.2,45,20,8,27.6,31.0,1.88
ampalaya_bilog,98,468.4,58,18,6,18.3,72.3,1.1
upo_smooth,51,390.6,47,27,9,33.5,56.9,4.81
cucumber,60,315.8,33,19,16,37.4,93.5,2.57
ampalaya_bilog,57,253.0,20,16,17,28.8,54.8,4.68
patola,73,388.7,45,16,14,34.0,61.4,4.57
cucumber,48,253.1,26,26,16,26.1,66.5,8.49
cucumber,94,364.8,33,25,11,24.4,68.6,5.07
patola,52,241.1,29,23,8,26.4,36.8,1.92
patola,80,416.7,49,19,8,30.9,70.9,3.71
patola,61,359.5,39,21,8,30.3,64.1,3.43
cucumber,52,242.8,21,26,17,33.1,40.0,2.96
upo_smooth,82,489.5,62,27,13,24.6,60.5,11.61
patola,50,300.8,37,20,13,20.4,66.6,3.92
cucumber,94,384.3,33,19,10,19.3,68.4,3.03
upo_smooth,106,429.2,47,16,9,28.8,59.8,5.43
patola,59,297.5,30,16,9,26.2,65.1,3.86
patola,74,336.9,38,15,9,35.8,91.4,1.88
patola,65,346.2,40,28,8,29.9,31.7,2.33
cucumber,55,272.9,39,32,13,32.0,40.4,4.94
cucumber,56,298.1,25,19,10,25.0,79.4,4.95
patola,49,282.0,28,20,11,27.4,44.6,3.71
upo_smooth,63,499.2,67,21,17,27.6,63.5,18.78
ampalaya_bilog,53,363.7,32,28,11,29.0,63.4,5.97
ampalaya_bilog,62,381.0,45,29,15,32.9,45.4,4.7
ampalaya_bilog,36,226.3,21,8,8,29.6,35.9,1.97
patola,96,477.1,56,23,11,24.2,66.3,3.36
patola,82,309.1,35,26,6,34.7,62.6,1.59
ampalaya_bilog,50,262.4,35,30,13,20.5,75.4,5.55
upo_smooth,79,434.8,41,25,8,26.0,92.8,5.4
patola,65,392.3,46,17,15,23.6,75.2,4.2
patola,95,364.2,35,18,9,27.4,31.7,2.29
cucumber,50,279.5,24,18,13,29.6,64.9,4.88
upo_smooth,78,448.4,57,17,7,25.1,60.5,8.03
ampalaya_bilog,69,385.0,31,17,15,27.1,61.1,8.49
patola,56,299.2,42,18,14,26.6,61.6,4.99
upo_smooth,76,452.6,40,24,9,32.8,78.1,6.4
upo_smooth,45,297.4,31,34,12,31.1,79.8,6.77
cucumber,51,343.6,28,26,12,20.5,66.2,6.42
ampalaya_bilog,60,485.5,52,32,11,27.5,78.6,5.66
upo_smooth,47,368.9,45,17,11,25.0,36.1,5.06
upo_smooth,55,346.8,28,19,16,25.5,75.1,13.26
upo_smooth,71,373.0,43,13,9,24.9,39.6,5.49
ampalaya_bilog,54,271.0,22,19,8,20.1,64.0,3.32
patola,73,394.4,52,23,14,25.7,67.2,6.95
upo_smooth,75,357.6,51,17,6,20.5,71.7,5.08
cucumber,50,333.7,34,28,17,24.6,65.0,11.29
cucumber,55,250.9,34,31,9,27.0,47.8,3.78
ampalaya_bilog,69,409.5,58,20,12,29.8,76.1,6.42
patola,55,309.6,31,25,10,38.0,76.8,2.42
cucumber,52,374.5,41,18,12,30.0,68.1,5.93
patola,63,358.3,51,33,11,26.8,51.7,3.97
cucumber,48,392.9,35,26,11,23.7,74.0,6.04
patola,75,415.1,54,13,14,27.0,32.9,2.27
cucumber,64,478.6,56,17,11,18.9,34.4,2.5
upo_smooth,101,344.0,44,15,6,28.4,80.2,4.76
cucumber,45,200.1,24,15,15,27.2,75.3,7.74
upo_smooth,72,494.5,44,18,11,25.3,93.7,7.35
patola,48,248.0,35,21,8,26.7,60.0,3.11
cucumber,50,361.8,34,24,15,29.8,72.2,6.74
cucumber,84,480.7,68,24,9,25.7,69.0,3.92
cucumber,30,145.4,17,15,9,20.8,65.7,3.78
patola,65,457.5,54,34,8,28.1,70.4,3.3
upo_smooth,48,215.6,20,33,8,25.7,68.3,5.95
patola,44,386.2,44,30,8,36.9,66.8,1.45
cucumber,38,175.2,26,9,5,24.1,68.6,2.44
patola,61,348.2,48,32,16,26.0,65.2,6.02
cucumber,56,272.5,21,21,17,24.4,75.7,9.54
ampalaya_bilog,63,469.0,44,19,13,18.9,72.1,2.96
cucumber,65,413.0,38,26,14,21.1,75.2,7.7
cucumber,48,236.9,27,22,10,21.0,90.8,3.7
patola,62,356.4,35,15,14,18.6,75.6,2.78
cucumber,63,417.8,41,21,12,27.4,75.6,6.06
upo_smooth,67,381.1,35,22,11,27.0,60.8,12.0
ampalaya_bilog,64,309.7,34,23,16,25.6,60.6,6.91
upo_smooth,66,421.1,48,20,16,23.8,63.0,11.51
ampalaya_bilog,70,307.8,28,25,12,26.9,60.0,5.77
patola,70,466.2,66,18,13,27.4,36.7,3.04
upo_smooth,58,203.9,19,28,17,26.8,48.0,14.06
patola,94,384.0,39,13,10,32.6,53.8,2.31
cucumber,67,352.5,30,25,12,30.4,69.9,5.19
patola,61,306.9,30,18,13,26.9,62.8,4.71
patola,60,352.3,34,32,13,27.0,66.7,5.08
patola,61,335.0,45,29,14,27.2,67.1,6.27
cucumber,58,202.6,16,30,11,27.6,73.1,5.8
patola,72,374.5,40,15,7,36.6,60.9,1.62
upo_smooth,88,354.9,52,22,14,28.8,67.0,13.63
patola,53,369.5,32,34,10,25.9,72.7,4.2
ampalaya_bilog,87,365.3,42,13,9,25.4,62.7,3.93
upo_smooth,78,310.0,42,16,6,25.3,75.5,5.76
upo_smooth,71,476.0,52,22,10,28.9,78.5,10.81
upo_smooth,79,432.5,53,22,8,27.3,58.2,6.43
ampalaya_bilog,61,465.3,69,22,10,25.7,68.3,5.8
patola,72,385.0,46,16,8,30.0,77.7,3.67
cucumber,66,424.0,60,15,14,22.2,76.5,7.36
cucumber,76,302.5,39,16,9,29.0,77.5,3.38
ampalaya_bilog,56,316.5,36,18,16,25.5,41.4,6.3
cucumber,38,240.4,25,17,5,21.5,73.0,2.46
ampalaya_bilog,62,473.4,49,22,9,21.6,76.8,3.09
cucumber,49,338.6,30,34,11,20.1,73.1,5.46
cucumber,46,354.4,28,25,10,21.1,79.4,5.3
cucumber,56,234.6,32,15,14,33.4,77.4,3.65
upo_smooth,58,399.7,57,30,16,21.8,76.3,13.48
upo_smooth,58,396.4,40,26,10,23.7,72.2,8.17
patola,74,475.6,60,22,7,29.3,72.8,3.29
upo_smooth,61,413.2,38,24,17,23.1,66.7,12.55
patola,56,398.2,41,23,17,22.3,43.4,4.14
patola,65,336.0,37,28,17,37.1,78.5,3.98
cucumber,47,339.1,30,27,13,31.8,72.5,5.56
patola,66,334.4,27,33,11,25.5,68.5,5.36
ampalaya_bilog,80,367.2,43,13,7,26.0,40.3,2.74
cucumber,63,434.5,59,15,11,24.5,78.7,6.14
ampalaya_bilog,67,340.3,46,16,8,26.3,71.2,4.51
cucumber,64,342.0,47,32,16,28.1,88.8,5.67
upo_smooth,68,499.0,46,25,9,23.8,48.4,6.18
cucumber,42,385.3,34,21,12,21.9,79.5,7.27
ampalaya_bilog,73,458.0,37,22,12,25.3,62.1,6.73
upo_smooth,56,235.9,33,21,13,28.3,79.8,11.1
patola,74,471.2,63,21,14,29.1,50.2,4.3
upo_smooth,108,422.5,63,22,9,28.7,60.7,6.77
ampalaya_bilog,52,316.3,46,30,12,26.6,66.5,5.53
cucumber,47,386.9,50,34,16,31.9,74.5,6.31
ampalaya_bilog,61,475.3,68,25,15,28.7,67.4,8.14
patola,83,410.9,59,25,11,26.8,58.1,4.03
ampalaya_bilog,81,300.4,31,15,6,25.6,39.1,1.76
cucumber,45,309.0,42,20,9,32.1,76.4,4.25
patola,98,426.7,46,17,14,27.1,38.4,2.53
ampalaya_bilog,70,477.3,56,16,14,26.7,64.9,7.63
ampalaya_bilog,57,242.7,34,32,9,29.3,63.4,4.71
cucumber,39,180.5,16,12,9,33.6,78.7,2.06
cucumber,52,302.1,37,18,8,18.5,66.5,3.19
patola,84,428.7,44,14,8,29.0,47.5,2.34
ampalaya_bilog,81,484.8,65,21,12,32.2,74.3,3.69
patola,71,327.0,44,12,14,31.4,69.8,2.77
patola,73,432.1,64,14,12,30.0,78.8,5.5
upo_smooth,50,229.5,18,34,10,37.9,60.7,3.7
cucumber,65,470.6,40,33,17,24.1,71.1,10.2
upo_smooth,62,338.7,32,29,8,27.0,73.2,7.8
patola,62,370.3,52,26,16,24.1,66.5,5.81
cucumber,75,387.7,45,16,10,22.3,56.6,4.47
patola,96,362.7,48,19,7,22.6,60.6,1.62
ampalaya_bilog,68,347.5,35,27,14,25.3,43.3,5.98
cucumber,41,304.3,41,25,14,18.6,77.3,5.53
ampalaya_bilog,79,375.4,46,20,8,28.1,79.0,3.93
cucumber,65,414.1,59,18,11,25.1,73.2,6.46
patola,69,440.5,46,21,14,28.4,75.7,5.74
ampalaya_bilog,55,321.0,38,24,13,29.1,62.6,7.32
upo_smooth,104,303.5,35,25,6,26.5,70.6,5.36
cucumber,51,396.8,42,23,13,31.2,73.0,5.59
patola,76,474.0,58,16,8,26.5,60.5,3.3
cucumber,55,342.6,46,25,9,24.6,72.3,5.77
patola,89,419.5,43,15,7,20.1,44.8,1.7
ampalaya_bilog,69,454.2,37,18,13,34.7,49.7,3.91
ampalaya_bilog,67,429.0,44,29,13,28.3,70.7,6.65
ampalaya_bilog,58,225.4,24,20,10,29.0,66.3,4.71
ampalaya_bilog,62,369.4,50,27,17,29.4,91.3,5.86
upo_smooth,66,418.8,50,25,12,24.5,71.0,11.3
patola,49,283.3,37,20,11,21.8,42.3,2.84
cucumber,33,220.7,30,17,6,25.6,60.8,2.42
patola,59,360.5,37,28,13,19.1,41.1,2.26
upo_smooth,72,350.5,32,20,11,25.8,76.7,11.08
cucumber,45,306.7,31,30,16,21.5,57.0,7.61
patola,75,380.1,40,12,10,24.0,64.4,3.35
patola,66,451.7,37,25,13,28.0,67.4,5.26
cucumber,50,362.9,29,18,10,33.9,58.6,2.63
ampalaya_bilog,42,204.4,23,24,16,29.1,35.7,4.64
cucumber,39,109.9,15,16,4,20.4,73.4,2.08
patola,73,420.8,55,15,9,30.9,63.4,3.89
ampalaya_bilog,49,269.7,24,27,12,27.1,44.0,5.09
ampalaya_bilog,93,406.4,42,24,12,18.3,91.0,1.69
ampalaya_bilog,97,499.9,48,24,11,29.9,38.4,2.35
patola,78,480.9,58,23,9,25.4,36.4,2.51
patola,56,368.6,29,19,17,30.6,64.4,6.42
cucumber,60,389.4,34,31,10,22.9,62.6,6.07
upo_smooth,55,251.3,21,21,12,30.9,36.5,4.84
upo_smooth,53,306.9,43,25,15,26.2,62.2,13.1
upo_smooth,73,342.0,35,24,11,27.3,68.5,10.29
patola,64,397.9,33,27,17,30.4,40.5,6.63
cucumber,64,452.4,56,27,16,22.9,74.5,10.23
cucumber,45,398.0,43,33,13,22.3,84.3,6.84
patola,67,498.0,65,15,10,26.1,70.0,3.73
cucumber,59,295.1,30,33,9,30.2,65.3,4.06
patola,55,291.3,39,19,13,29.5,91.7,3.04
cucumber,65,441.9,56,27,10,22.7,61.6,6.32
cucumber,94,367.2,32,22,9,30.7,78.5,2.91
patola,48,335.3,37,33,11,29.0,66.7,3.98
upo_smooth,57,269.7,29,21,11,21.8,65.6,7.45
cucumber,73,348.2,39,24,14,26.1,67.1,8.03
upo_smooth,74,450.1,66,17,11,33.8,61.5,8.75
ampalaya_bilog,99,430.0,61,13,7,30.6,69.7,1.92
upo_smooth,66,342.7,33,19,13,24.8,77.5,12.79
cucumber,75,354.1,37,16,7,27.2,94.0,2.06
upo_smooth,75,301.3,39,19,14,20.1,70.0,11.41
upo_smooth,77,377.6,30,14,13,24.6,58.6,11.27
cucumber,80,300.2,39,15,8,26.2,63.3,3.52
ampalaya_bilog,85,325.5,31,21,13,22.8,78.1,4.12
patola,73,327.9,32,27,14,22.7,68.8,4.41
upo_smooth,99,486.1,41,23,9,26.4,48.4,6.01
cucumber,32,228.9,32,10,4,23.2,77.4,1.53
upo_smooth,72,429.6,45,20,9,24.4,61.2,9.45
upo_smooth,55,388.6,38,33,16,33.7,45.9,8.36
cucumber,57,346.0,30,16,16,31.4,69.6,6.81
upo_smooth,46,391.7,38,32,11,24.4,65.0,8.52
ampalaya_bilog,64,357.6,42,15,17,26.1,74.2,5.45
upo_smooth,64,434.0,57,17,12,28.5,69.2,11.87
patola,72,308.0,42,18,6,26.0,67.2,2.43
cucumber,84,429.0,52,12,8,25.8,64.1,3.39
cucumber,57,252.2,36,29,13,28.7,74.2,5.64
upo_smooth,49,210.2,23,20,11,24.3,79.9,8.56
cucumber,58,347.9,40,22,9,21.2,78.4,5.23
upo_smooth,57,223.2,23,21,9,33.2,70.8,5.64
patola,45,313.0,32,22,13,20.7,75.8,3.62
upo_smooth,77,485.9,59,22,12,28.9,72.6,12.06
cucumber,52,296.9,42,28,14,26.4,33.3,5.33
ampalaya_bilog,59,252.1,28,20,11,28.8,74.5,5.66
patola,70,389.8,35,22,12,29.7,73.8,5.58
upo_smooth,57,393.4,44,31,14,34.2,74.3,6.82
cucumber,52,272.4,22,26,9,21.0,61.9,4.84
ampalaya_bilog,63,457.0,68,27,11,30.3,65.1,4.63
patola,80,469.9,48,15,10,19.4,73.1,2.0
upo_smooth,105,312.8,31,16,7,18.2,78.7,2.68
upo_smooth,60,451.7,56,18,8,23.0,74.9,6.2
upo_smooth,70,326.2,45,12,8,28.7,89.3,7.65
ampalaya_bilog,89,383.1,42,17,11,31.0,88.9,3.34
ampalaya_bilog,64,447.7,37,22,10,29.9,76.6,5.96
ampalaya_bilog,85,411.3,40,16,12,31.4,79.8,3.51
ampalaya_bilog,66,436.5,56,29,17,30.5,43.9,5.75
ampalaya_bilog,36,118.5,15,12,7,35.8,63.2,1.41
ampalaya_bilog,64,384.1,51,27,16,30.3,69.5,6.52
ampalaya_bilog,68,456.3,60,24,8,26.5,35.7,2.77
cucumber,79,432.9,39,26,12,27.3,69.0,6.7
patola,49,278.9,24,26,15,25.9,70.0,6.49
upo_smooth,72,493.5,69,16,10,25.2,38.0,5.73
cucumber,45,293.2,28,34,17,18.7,77.1,8.34
cucumber,54,252.4,33,25,9,37.3,74.9,2.62
cucumber,92,354.8,29,21,9,24.7,58.4,3.39
patola,68,324.1,46,31,11,27.6,65.2,5.49
patola,73,383.8,34,13,6,27.0,65.0,2.89
ampalaya_bilog,57,322.0,36,17,10,28.0,65.8,4.44
patola,43,298.0,26,17,16,27.2,78.4,4.97
ampalaya_bilog,40,263.7,28,27,8,28.4,77.2,3.79
cucumber,65,300.4,42,16,14,20.5,60.4,7.94
ampalaya_bilog,97,381.4,53,17,11,30.9,33.6,2.1
upo_smooth,77,445.0,54,23,12,24.0,78.4,12.46
patola,71,302.9,30,23,14,26.4,85.4,4.77
cucumber,51,264.3,22,19,12,26.3,63.9,7.05
upo_smooth,73,450.9,46,16,8,25.8,73.3,7.01
cucumber,56,315.8,44,25,9,33.7,36.1,1.63
ampalaya_bilog,50,244.7,36,15,17,29.5,79.9,5.41
patola,88,307.4,43,27,9,30.3,77.1,3.01
cucumber,37,105.1,10,8,4,32.9,72.0,1.28
ampalaya_bilog,40,306.7,38,29,10,34.5,65.6,3.28
cucumber,65,410.0,61,26,14,20.9,86.2,6.88
patola,67,302.5,44,18,17,29.3,67.3,6.3
ampalaya_bilog,53,335.8,30,29,15,26.3,55.4,5.87
ampalaya_bilog,85,336.2,40,22,12,29.8,85.1,4.61
patola,57,266.1,26,25,11,26.1,34.8,2.97
upo_smooth,69,341.6,42,27,15,28.2,72.4,16.26
patola,56,264.9,34,31,13,26.9,78.7,5.89
upo_smooth,109,358.3,48,24,10,27.2,70.5,6.7
patola,58,219.7,27,17,16,20.7,78.7,4.91
patola,72,329.5,26,25,9,29.8,78.6,3.53
upo_smooth,60,500.0,57,26,12,25.5,76.0,12.34
ampalaya_bilog,52,287.6,39,26,15,29.8,73.1,6.7
ampalaya_bilog,63,423.5,45,21,14,31.9,76.6,5.91
patola,90,427.2,58,14,9,26.2,79.0,3.48
patola,79,324.8,40,24,14,27.5,83.9,4.23
upo_smooth,65,395.9,57,16,9,29.6,65.8,6.57
upo_smooth,55,315.1,41,17,13,25.2,85.0,10.4
patola,60,409.6,58,23,13,25.2,74.0,5.63
upo_smooth,74,364.9,49,18,8,24.2,65.9,7.15
cucumber,51,332.3,28,32,17,24.4,73.4,11.27
ampalaya_bilog,39,222.2,29,15,5,28.5,68.6,1.75
upo_smooth,66,321.2,39,27,8,26.1,65.9,7.6
upo_smooth,68,363.3,33,23,14,25.7,82.9,10.06
patola,49,337.7,44,19,14,36.9,61.2,2.69
patola,46,358.6,40,21,12,29.3,70.4,4.45
ampalaya_bilog,43,288.0,25,24,14,31.6,66.1,4.41
cucumber,52,327.5,40,15,8,37.1,94.2,1.35
patola,75,448.9,40,14,10,25.1,68.6,3.61
patola,75,383.6,39,27,14,18.4,51.8,2.43
upo_smooth,93,381.4,45,18,8,28.6,67.4,8.11
cucumber,67,355.0,29,20,8,27.7,75.9,4.5
ampalaya_bilog,82,366.2,48,17,7,29.9,72.2,3.23
cucumber,64,424.7,57,33,17,27.9,69.2,10.62
upo_smooth,71,453.7,64,13,9,26.6,68.2,8.94
cucumber,40,319.9,27,15,12,34.5,77.4,2.61
ampalaya_bilog,59,202.5,17,20,8,19.7,33.4,1.1
ampalaya_bilog,51,343.5,45,16,16,18.7,61.0,3.77
patola,69,337.4,27,33,13,29.9,64.0,5.07
ampalaya_bilog,93,470.2,68,24,12,25.4,93.3,2.91
upo_smooth,72,497.7,74,18,10,25.6,64.0,10.79
upo_smooth,78,419.7,44,17,7,33.0,75.3,5.71
ampalaya_bilog,53,374.3,40,23,11,25.2,68.6,5.03
upo_smooth,74,317.1,44,16,7,26.8,69.6,7.94
patola,100,422.1,63,14,11,26.5,81.4,3.25
cucumber,52,309.6,42,26,12,29.4,88.9,4.44
patola,72,408.2,35,26,7,26.7,77.3,2.67
patola,70,497.5,46,12,13,27.6,58.6,3.07
ampalaya_bilog,85,476.2,64,21,8,34.8,60.8,2.87
patola,62,382.8,56,33,11,30.7,78.6,4.44
upo_smooth,55,251.7,21,23,14,26.8,46.7,11.01
cucumber,52,253.3,23,34,13,33.7,74.3,3.39
patola,101,451.4,40,22,14,25.9,72.9,4.14
ampalaya_bilog,47,391.8,33,26,17,27.5,71.6,7.65
upo_smooth,63,431.4,47,24,16,27.9,60.1,14.4
ampalaya_bilog,68,349.2,39,33,15,26.8,32.1,4.89
upo_smooth,65,381.0,35,19,17,22.0,43.6,10.53
upo_smooth,75,497.3,49,17,14,26.7,47.7,12.61
upo_smooth,75,325.8,42,13,9,26.6,41.1,6.89
upo_smooth,94,383.7,54,20,9,27.4,89.3,7.13
patola,61,399.7,38,30,15,25.6,71.9,5.96
upo_smooth,104,307.9,39,13,7,24.5,57.4,4.41
patola,45,270.7,36,25,11,25.4,62.8,3.57
ampalaya_bilog,59,271.8,37,31,12,26.8,51.3,4.72
cucumber,53,281.4,32,29,11,25.2,46.9,4.53
ampalaya_bilog,79,458.0,57,21,9,27.1,45.0,3.07
cucumber,57,234.3,20,32,12,24.7,68.5,7.14
cucumber,47,208.8,21,33,8,26.5,90.4,3.06
cucumber,86,369.4,45,15,8,26.8,62.9,3.51
cucumber,31,108.9,10,8,5,36.2,63.8,0.89
patola,69,381.9,34,30,12,26.8,63.4,5.6
cucumber,38,169.5,14,11,6,26.9,72.2,2.53
ampalaya_bilog,58,344.2,43,26,15,25.5,69.6,8.06
upo_smooth,88,442.3,60,26,9,19.5,62.5,6.31
ampalaya_bilog,98,320.1,28,23,12,24.7,71.6,3.63
ampalaya_bilog,40,227.4,32,32,13,31.3,78.3,3.97
upo_smooth,78,481.7,52,17,9,24.4,69.9,9.37
ampalaya_bilog,53,238.0,27,24,8,24.7,70.3,3.14
upo_smooth,109,430.7,59,26,8,24.4,81.7,5.01
patola,59,232.2,22,30,11,29.5,61.3,4.9
patola,89,425.8,34,26,13,25.2,40.9,4.54
ampalaya_bilog,62,349.7,38,28,12,25.3,75.3,7.04
ampalaya_bilog,60,303.5,31,34,13,27.6,70.6,6.02
upo_smooth,66,486.6,46,27,8,28.5,66.8,7.08
patola,102,348.6,49,27,9,26.3,41.2,2.75
cucumber,61,364.7,41,17,13,26.6,68.9,6.86
ampalaya_bilog,48,296.7,30,18,12,27.8,93.6,3.91
patola,45,235.2,30,18,10,26.0,69.7,3.91
cucumber,55,252.6,23,22,9,20.8,63.5,4.64
upo_smooth,60,442.1,61,27,17,25.4,78.5,15.19
ampalaya_bilog,82,393.2,47,16,8,35.8,56.4,1.33
upo_smooth,67,426.0,44,17,11,28.7,66.7,12.29
upo_smooth,68,461.9,61,31,9,25.5,62.7,8.81
cucumber,47,283.3,39,18,10,23.1,40.5,5.26
upo_smooth,89,381.4,43,20,11,27.6,69.4,11.37
cucumber,33,218.3,20,12,6,24.1,73.9,2.75
upo_smooth,76,356.8,33,20,13,31.3,78.7,10.98
patola,66,321.1,26,15,12,26.1,38.4,3.39
ampalaya_bilog,53,378.8,37,19,10,25.5,43.5,4.86
ampalaya_bilog,70,428.8,34,23,6,35.5,65.1,1.51
ampalaya_bilog,67,427.4,44,16,12,28.4,53.7,4.5
cucumber,61,430.9,56,18,8,20.8,71.7,4.15
patola,76,308.7,39,27,12,28.9,73.6,5.5
ampalaya_bilog,71,317.1,46,16,8,29.7,78.2,4.14
upo_smooth,100,357.9,45,15,8,27.4,73.8,7.49
patola,41,396.3,36,20,11,26.5,72.8,3.36
ampalaya_bilog,93,431.4,63,21,6,29.8,61.8,2.63
ampalaya_bilog,64,377.3,39,21,12,26.0,79.5,6.09
ampalaya_bilog,52,379.2,41,15,16,28.1,68.0,6.69
ampalaya_bilog,67,494.4,51,23,17,25.1,83.4,7.95
cucumber,37,136.5,18,13,6,23.9,61.5,2.53
ampalaya_bilog,58,269.4,37,32,8,25.4,76.6,3.94
cucumber,65,430.9,58,17,17,20.2,74.2,9.97
cucumber,55,391.7,55,28,11,20.0,75.6,5.9
patola,73,431.3,36,27,11,23.4,69.8,3.92
patola,66,370.6,53,34,15,25.1,55.3,5.6
cucumber,57,242.6,24,26,12,26.5,76.7,6.49
ampalaya_bilog,46,293.6,43,26,14,26.9,61.4,6.23
upo_smooth,80,345.0,28,22,7,28.7,73.2,6.62
cucumber,75,366.6,52,23,6,24.6,69.7,3.57
ampalaya_bilog,63,354.2,34,16,12,30.1,35.3,3.08
patola,72,384.0,57,24,13,29.7,71.7,5.56
upo_smooth,75,469.3,48,20,12,21.5,78.2,10.41
cucumber,58,381.2,54,22,10,27.7,79.6,6.35
ampalaya_bilog,52,332.4,29,26,10,33.2,32.4,2.23
patola,63,424.4,39,30,17,30.3,66.9,7.21
cucumber,56,353.0,35,29,13,20.5,84.4,6.77
patola,66,481.7,54,17,9,26.3,73.5,4.01
patola,94,362.4,52,17,8,20.6,47.9,1.98
ampalaya_bilog,68,456.3,37,21,14,29.5,34.7,4.99
patola,63,363.8,37,17,15,25.3,88.8,5.52
upo_smooth,62,325.0,35,34,9,28.6,32.1,5.98
upo_smooth,53,314.4,46,31,10,22.3,39.6,4.06
cucumber,86,344.6,47,22,13,26.8,61.2,5.69
upo_smooth,66,364.3,39,31,13,36.5,70.3,5.69
upo_smooth,102,364.2,39,27,7,20.0,70.6,4.98
upo_smooth,67,466.9,58,16,17,27.7,42.2,8.99
upo_smooth,45,277.2,34,25,13,26.6,68.6,10.1
upo_smooth,59,244.0,34,20,17,18.1,62.9,7.3
upo_smooth,58,256.7,31,22,15,28.6,63.2,15.4
cucumber,71,438.5,45,24,7,20.7,65.0,3.99
upo_smooth,62,301.4,37,31,13,26.9,71.6,15.03
upo_smooth,69,369.7,39,32,12,37.1,41.0,4.99
upo_smooth,61,420.3,56,24,14,37.2,79.9,6.87
cucumber,55,328.7,30,26,11,36.6,60.7,3.27
ampalaya_bilog,71,394.0,44,21,9,27.5,73.2,4.43
cucumber,56,386.2,45,18,13,33.4,64.3,4.04
cucumber,69,439.0,37,24,16,22.0,49.5,7.59
cucumber,53,228.5,20,24,9,22.0,65.5,5.4
upo_smooth,80,415.9,34,14,12,25.2,36.1,6.91
patola,70,438.4,41,23,6,27.8,71.0,2.37
patola,55,295.4,37,15,14,21.2,79.3,4.84
upo_smooth,68,402.3,50,28,10,24.8,86.7,8.15
ampalaya_bilog,46,292.9,43,18,11,37.3,64.5,2.42
cucumber,87,366.8,40,25,8,36.6,60.5,2.1
upo_smooth,71,474.0,63,20,6,25.3,76.8,5.79
upo_smooth,75,373.5,48,23,12,22.7,72.2,9.39
upo_smooth,76,488.5,63,20,7,26.9,71.3,7.56
patola,57,337.8,27,16,12,35.8,57.1,2.65
ampalaya_bilog,86,408.1,44,16,10,29.8,91.9,2.54
ampalaya_bilog,48,338.3,48,32,12,25.4,72.9,6.64
patola,57,246.8,25,25,15,20.9,45.2,3.7
upo_smooth,81,420.0,34,27,8,26.4,75.3,7.79
patola,80,409.0,42,23,6,20.1,74.5,1.96
ampalaya_bilog,54,241.4,31,22,14,27.0,65.2,7.53
ampalaya_bilog,69,467.5,45,18,13,19.2,62.4,2.77
upo_smooth,89,301.5,36,23,12,18.1,69.4,4.85
upo_smooth,67,475.2,65,21,13,23.4,35.4,6.06
upo_smooth,80,399.7,54,12,14,18.3,45.3,4.34
cucumber,48,364.6,39,28,15,26.6,80.2,7.27
cucumber,61,341.5,46,31,9,32.3,63.1,3.6
upo_smooth,53,377.5,56,15,11,24.5,94.5,5.95
ampalaya_bilog,69,382.3,49,17,9,32.3,68.0,3.45
cucumber,51,352.7,46,34,15,23.7,66.1,7.82
cucumber,56,232.3,34,34,15,36.0,78.9,4.15
ampalaya_bilog,57,225.9,25,25,14,34.2,65.9,5.12
cucumber,46,266.6,27,16,16,30.5,55.8,5.99
upo_smooth,65,452.5,37,23,12,27.5,49.7,10.9
cucumber,46,259.7,25,29,11,32.2,63.9,5.3
ampalaya_bilog,90,381.6,39,12,6,35.6,70.8,1.22
patola,55,327.8,31,16,17,25.8,83.4,3.71
cucumber,85,450.0,60,16,6,24.4,63.9,2.53
ampalaya_bilog,58,217.2,18,17,13,22.7,83.3,3.44
upo_smooth,80,312.7,46,13,8,27.7,67.7,7.18
upo_smooth,75,491.0,63,27,12,28.1,68.9,11.49
upo_smooth,71,467.8,53,22,13,32.6,77.1,10.24
cucumber,43,205.3,27,30,8,22.4,75.7,3.85
patola,75,398.6,33,20,6,27.8,63.9,2.5
patola,49,212.8,30,25,16,28.9,91.3,4.27
upo_smooth,62,460.4,48,29,16,19.7,71.0,11.31
ampalaya_bilog,61,484.9,54,24,11,30.9,66.0,4.81
patola,74,446.1,45,20,14,28.3,76.1,5.38
upo_smooth,65,470.0,45,21,16,25.6,63.7,13.94
cucumber,61,312.8,40,25,11,24.4,78.9,6.55
ampalaya_bilog,39,230.2,32,16,7,28.9,74.9,2.85
cucumber,86,353.6,42,14,14,26.0,64.5,6.52
cucumber,59,298.5,29,30,8,35.3,65.6,1.99
patola,54,344.2,45,32,13,26.8,68.2,6.23
upo_smooth,67,441.7,50,26,12,26.9,31.9,8.08
cucumber,52,334.0,33,31,14,22.9,91.6,4.82
cucumber,40,286.1,36,26,9,36.6,79.9,2.27
cucumber,85,403.2,39,16,13,20.2,79.4,5.25
upo_smooth,60,362.7,41,26,17,24.8,91.2,10.46
ampalaya_bilog,49,203.8,26,33,14,27.6,75.0,7.69
cucumber,86,498.1,61,19,8,24.9,70.3,3.9
ampalaya_bilog,58,230.1,33,22,15,26.0,77.6,7.49
upo_smooth,65,417.1,43,28,8,24.5,76.3,9.06
ampalaya_bilog,44,292.5,31,28,13,27.6,59.9,4.27
cucumber,34,155.8,21,15,4,20.2,78.6,1.72
patola,96,325.6,44,27,9,28.9,37.3,2.23
patola,76,496.9,43,12,6,28.5,67.0,2.27
upo_smooth,98,445.3,46,20,11,32.1,67.1,7.02
patola,56,263.4,32,27,13,21.6,70.5,4.61
upo_smooth,53,273.6,22,21,16,26.0,67.4,12.28
patola,69,334.0,43,20,10,25.9,65.2,4.86
cucumber,49,243.4,28,32,9,20.3,73.7,5.31
upo_smooth,61,437.1,51,19,15,25.5,75.3,16.35
patola,58,294.4,39,28,16,24.4,67.0,4.71
upo_smooth,60,342.1,40,18,11,20.9,68.5,7.42
upo_smooth,75,431.8,46,19,7,22.5,66.6,6.07
ampalaya_bilog,65,358.2,48,16,16,28.0,66.7,6.95
patola,56,298.5,36,15,15,31.4,61.1,3.98
upo_smooth,69,451.1,40,31,13,26.6,65.9,14.26
upo_smooth,49,327.3,44,20,15,27.4,79.0,10.67
ampalaya_bilog,58,341.0,47,23,17,30.6,49.3,4.99
patola,41,218.4,27,22,8,29.4,77.2,2.93
cucumber,52,269.3,32,19,11,27.9,84.5,5.29
cucumber,38,220.5,23,16,5,31.3,62.5,1.62
patola,57,255.1,21,18,12,26.2,66.4,5.6
patola,59,205.7,18,25,13,29.5,78.4,5.46
ampalaya_bilog,65,426.6,57,34,8,29.4,62.6,4.06
upo_smooth,46,260.6,24,28,17,25.4,65.1,11.77
cucumber,58,363.7,49,30,8,35.1,78.8,2.51
upo_smooth,92,304.4,29,21,14,28.6,68.5,12.32
ampalaya_bilog,73,374.3,36,22,10,25.7,77.3,4.7
upo_smooth,61,427.6,42,32,11,24.3,73.5,11.95
patola,91,344.3,47,26,8,25.5,75.2,3.04
patola,46,329.2,31,34,8,25.2,86.6,2.73
ampalaya_bilog,71,397.1,54,27,11,28.0,78.2,6.32
ampalaya_bilog,79,468.8,53,20,8,24.5,65.4,2.47
ampalaya_bilog,50,291.4,31,26,10,29.7,64.0,5.17
cucumber,61,305.3,36,24,8,28.0,38.2,2.54
upo_smooth,56,208.5,30,34,13,25.1,61.0,12.21
ampalaya_bilog,58,378.0,33,15,13,29.6,66.3,6.44
cucumber,60,398.6,37,22,9,25.2,78.9,5.45
ampalaya_bilog,70,476.0,39,23,13,27.2,84.2,5.58
upo_smooth,107,452.4,66,27,9,18.7,71.8,3.31
patola,83,485.9,64,14,10,30.9,50.8,3.05
cucumber,53,312.4,27,19,13,36.6,62.3,3.68
patola,80,326.2,31,20,8,26.8,41.3,2.98
ampalaya_bilog,60,466.6,49,32,9,30.6,72.9,4.02
ampalaya_bilog,88,347.7,47,19,9,26.2,49.8,2.99
cucumber,41,245.9,30,16,15,24.9,85.8,5.64
cucumber,64,310.3,39,29,11,24.7,74.2,6.43
upo_smooth,98,382.8,39,15,10,32.8,54.4,5.81
ampalaya_bilog,47,365.1,50,19,13,25.5,51.2,5.38
upo_smooth,75,397.5,45,17,14,37.6,67.9,7.42
ampalaya_bilog,47,299.8,29,18,14,29.4,39.2,4.43
upo_smooth,67,461.0,63,17,11,28.5,61.3,11.75
upo_smooth,99,309.3,28,13,13,27.3,75.7,11.94
ampalaya_bilog,63,441.3,44,23,10,27.8,77.7,5.01
ampalaya_bilog,70,493.9,63,13,7,34.8,71.9,2.35
cucumber,56,265.2,21,17,14,25.0,73.9,7.69
upo_smooth,80,418.7,39,17,13,28.6,68.0,13.47
patola,72,418.8,44,14,11,27.5,38.4,2.46
patola,61,466.2,63,34,10,27.7,63.6,4.47
cucumber,55,301.2,33,20,9,24.5,63.4,5.04
cucumber,48,373.2,43,25,11,22.8,69.6,6.83
patola,64,496.1,67,15,9,25.0,88.2,2.24
patola,69,324.4,34,15,13,23.0,54.8,3.14
patola,64,357.5,31,24,17,27.6,75.4,7.32
ampalaya_bilog,50,326.8,34,32,15,25.3,75.5,7.79
ampalaya_bilog,66,353.4,52,23,8,28.2,64.5,4.11
ampalaya_bilog,72,463.5,55,16,8,26.5,33.1,2.29
ampalaya_bilog,57,277.9,28,24,11,36.6,77.3,3.11
patola,83,429.6,49,23,10,28.2,68.9,3.6
ampalaya_bilog,49,336.7,40,30,11,27.0,49.0,4.36
cucumber,40,397.5,49,31,12,22.6,71.3,5.54
ampalaya_bilog,70,365.5,33,14,13,27.2,71.8,5.61
patola,52,397.8,49,17,12,29.8,35.3,2.69
cucumber,57,280.3,27,28,9,28.0,75.3,4.93
ampalaya_bilog,50,267.8,36,26,13,29.7,61.7,7.02
patola,43,381.4,36,20,8,30.5,64.1,2.8
ampalaya_bilog,68,448.1,51,16,17,30.3,69.7,4.56
patola,74,324.8,26,16,14,34.3,62.9,4.46
upo_smooth,79,455.8,39,14,10,29.5,63.6,7.85
patola,77,301.9,36,19,14,34.0,68.0,4.52
ampalaya_bilog,74,496.8,53,26,8,25.2,54.0,3.7
cucumber,65,444.6,48,19,13,28.0,68.7,7.89
cucumber,58,380.2,53,29,10,25.5,69.9,6.21
upo_smooth,80,435.1,43,12,7,28.1,78.4,7.72
upo_smooth,98,306.8,34,22,6,28.7,79.7,4.52
cucumber,90,456.8,68,13,13,21.6,32.9,3.45
patola,73,341.0,37,19,13,31.1,37.2,2.51
ampalaya_bilog,65,324.7,39,29,11,25.6,62.1,5.66
upo_smooth,76,425.2,41,15,14,24.1,71.7,12.8
upo_smooth,73,412.2,52,13,7,28.8,77.5,6.29
patola,69,370.7,42,33,8,27.3,79.9,3.72
patola,65,499.8,51,22,9,27.5,74.0,3.96
cucumber,60,419.0,48,23,15,32.5,80.7,5.31
upo_smooth,75,302.0,37,24,12,25.2,30.8,6.99
ampalaya_bilog,53,363.4,53,30,14,25.2,54.9,5.4
cucumber,47,383.0,41,29,12,18.6,70.9,4.94
ampalaya_bilog,59,338.2,41,27,17,20.6,68.7,6.44
cucumber,53,339.4,40,30,14,34.6,64.8,3.53
cucumber,59,247.5,25,22,14,25.9,73.8,9.17
upo_smooth,77,307.3,28,24,9,28.5,74.3,8.06
ampalaya_bilog,63,475.2,62,19,15,26.2,74.9,7.9
cucumber,58,365.7,49,32,16,27.8,54.1,7.53
ampalaya_bilog,86,323.2,34,12,13,26.4,68.6,4.56
patola,66,433.4,60,21,17,25.7,74.5,6.75
ampalaya_bilog,63,426.4,35,17,10,31.5,68.9,4.18
upo_smooth,61,431.0,41,34,13,35.2,70.7,6.46
patola,77,319.9,31,25,8,28.1,68.8,3.78
ampalaya_bilog,81,493.5,39,13,8,37.2,74.9,1.92
patola,98,437.9,52,23,14,29.3,77.1,5.5
patola,63,400.3,48,29,17,26.9,74.6,8.35
upo_smooth,56,211.2,25,22,11,35.1,65.5,5.17
patola,51,399.4,35,34,17,29.7,49.9,5.71
patola,66,362.8,38,33,11,29.6,35.5,3.09
upo_smooth,80,309.1,41,12,8,26.2,65.5,8.84
patola,62,349.2,33,15,16,27.2,37.8,2.93
upo_smooth,105,455.9,44,17,13,37.4,45.6,4.64
upo_smooth,62,300.1,26,22,8,25.2,74.3,7.22
cucumber,61,452.4,39,22,16,24.9,76.4,7.58
upo_smooth,73,433.8,41,23,6,27.4,61.5,6.92
ampalaya_bilog,75,300.2,44,21,11,25.1,68.0,4.76
patola,73,417.8,36,15,12,26.0,64.3,4.62
cucumber,91,361.8,52,21,8,25.8,44.9,2.88
upo_smooth,72,441.7,38,19,14,26.2,80.6,12.05
ampalaya_bilog,38,235.8,26,12,9,27.8,73.8,2.99
cucumber,65,332.3,44,21,13,21.6,73.5,8.16
patola,64,494.6,49,32,9,31.0,62.7,3.56
cucumber,30,225.1,28,10,9,23.6,70.8,3.11
ampalaya_bilog,63,491.3,49,34,14,27.2,59.0,5.25
cucumber,73,454.3,40,27,8,20.2,67.6,4.01
ampalaya_bilog,56,395.9,50,28,10,33.0,69.7,3.67
upo_smooth,61,451.0,65,29,11,36.2,73.6,5.52
patola,60,473.7,49,17,12,22.1,65.4,4.19
patola,53,217.7,28,25,11,25.1,53.8,4.05
cucumber,72,317.8,30,23,11,25.0,79.1,6.66
patola,61,316.2,42,31,13,26.6,44.7,4.05
upo_smooth,68,328.2,35,23,17,27.2,61.3,18.21
cucumber,56,256.0,32,34,15,26.0,51.2,7.62
ampalaya_bilog,64,308.7,27,26,11,31.0,75.0,4.21
ampalaya_bilog,84,365.9,40,21,14,29.9,63.2,6.77
upo_smooth,48,379.5,38,19,17,34.4,62.9,5.62
cucumber,49,240.6,35,33,9,29.3,91.5,2.64
upo_smooth,46,345.2,42,26,17,27.9,79.5,14.52
patola,83,417.5,58,23,10,28.6,83.0,3.64
cucumber,52,368.4,42,31,14,21.1,81.7,6.21
patola,80,476.2,49,15,14,27.2,70.1,5.39
cucumber,92,409.7,42,23,14,19.2,75.4,4.83
upo_smooth,77,421.7,60,18,9,27.1,70.1,9.96
ampalaya_bilog,65,462.4,58,17,11,22.5,68.6,4.23
cucumber,67,380.4,38,18,15,26.7,78.8,7.88
cucumber,36,167.1,16,12,7,20.2,36.2,2.26
cucumber,45,232.2,28,23,14,26.6,75.9,6.94
upo_smooth,75,477.3,60,22,8,27.4,50.5,6.13
upo_smooth,94,496.4,43,20,13,27.8,73.1,11.1
ampalaya_bilog,37,217.8,26,17,5,36.3,69.0,1.1
ampalaya_bilog,55,280.2,31,33,9,28.1,31.2,3.18
cucumber,30,222.1,26,11,4,26.9,45.4,1.28
ampalaya_bilog,45,382.0,55,21,15,34.1,70.2,5.27
ampalaya_bilog,96,345.4,43,13,9,25.9,67.7,3.06
ampalaya_bilog,63,420.1,35,29,10,37.6,87.4,2.44
upo_smooth,72,345.1,40,14,10,26.9,69.7,9.55
cucumber,53,266.5,23,31,9,30.7,35.4,2.03
cucumber,55,368.8,49,33,13,20.8,59.7,6.34
patola,70,302.2,40,16,13,25.1,79.7,5.08
ampalaya_bilog,87,480.3,69,24,8,26.9,74.2,3.78
cucumber,75,486.8,65,24,13,31.6,65.0,5.37
patola,101,347.2,37,17,13,29.5,68.0,4.86
cucumber,53,387.5,49,21,17,27.9,80.0,8.17
cucumber,62,316.9,29,20,13,26.9,69.7,7.14
patola,56,385.8,44,29,17,25.2,79.4,8.22
upo_smooth,64,335.8,38,19,17,34.3,68.1,7.56
upo_smooth,107,394.4,43,17,10,24.2,64.3,8.83
upo_smooth,64,451.7,46,22,17,24.5,74.9,17.0
cucumber,52,341.4,37,34,12,20.9,71.4,6.42
upo_smooth,91,495.9,46,26,7,26.2,87.7,5.87
patola,55,223.8,23,29,15,33.8,91.7,3.02
patola,88,471.3,67,19,10,28.6,72.7,4.35
ampalaya_bilog,54,289.2,37,29,9,28.2,67.2,4.74
cucumber,57,231.0,18,33,8,21.6,76.0,5.06
patola,74,331.6,32,26,8,23.7,89.4,1.86
ampalaya_bilog,65,499.1,60,31,11,27.0,74.3,5.42
upo_smooth,81,318.2,38,21,12,33.4,44.0,7.27
cucumber,59,362.7,44,28,8,25.8,65.2,4.76
upo_smooth,63,450.5,64,21,12,33.6,76.9,7.89
cucumber,76,446.4,46,23,7,34.1,74.8,1.65
ampalaya_bilog,81,462.9,56,17,8,26.8,73.5,3.99
upo_smooth,64,300.0,38,26,10,28.1,74.0,10.0
upo_smooth,58,210.3,21,16,16,34.0,67.2,6.34
cucumber,91,496.4,48,17,9,25.8,66.0,4.18
upo_smooth,96,360.1,45,22,11,26.4,69.8,10.96
ampalaya_bilog,55,371.1,51,30,11,29.6,68.0,6.08
ampalaya_bilog,98,344.1,49,25,10,28.6,93.1,2.51
ampalaya_bilog,51,338.4,43,34,17,22.9,37.0,4.39
cucumber,49,256.0,31,15,9,22.1,78.6,4.55
cucumber,38,170.6,21,14,4,21.3,73.5,1.7
upo_smooth,67,362.6,41,28,11,25.4,75.9,11.64
ampalaya_bilog,68,331.6,46,23,17,26.4,60.1,8.51
patola,63,485.1,65,20,12,30.4,60.4,5.21
cucumber,53,377.5,48,33,13,22.0,66.7,7.48
cucumber,57,304.1,41,26,17,24.8,77.2,11.3
upo_smooth,62,400.2,51,18,14,24.9,73.1,12.06
upo_smooth,62,495.7,57,15,17,34.8,62.1,6.06
ampalaya_bilog,66,334.7,49,32,10,26.0,60.4,5.48
ampalaya_bilog,69,332.9,45,30,9,25.9,65.3,4.77
cucumber,65,308.9,33,26,17,34.4,61.7,5.08
upo_smooth,105,476.0,46,12,10,25.5,78.7,8.54
cucumber,40,318.1,42,20,15,28.5,77.5,5.35
upo_smooth,80,311.8,46,25,11,19.5,62.0,7.33
patola,82,420.1,37,13,11,19.3,71.3,1.96
cucumber,59,270.5,31,22,11,31.9,67.0,4.38
cucumber,43,334.4,37,21,9,20.0,71.2,5.7
patola,75,483.8,54,19,7,33.2,45.2,1.83
upo_smooth,80,464.1,55,12,14,26.6,61.4,11.09
upo_smooth,80,341.6,36,13,6,30.2,72.9,4.04
cucumber,30,148.7,22,17,5,26.0,73.1,2.14
cucumber,65,474.9,43,33,10,32.0,51.1,3.2
ampalaya_bilog,48,294.2,27,24,13,32.0,64.4,5.1
ampalaya_bilog,36,173.5,18,16,4,25.8,60.4,1.46
upo_smooth,69,418.4,34,16,9,25.3,67.4,10.2
ampalaya_bilog,81,401.8,50,16,11,27.7,58.2,3.92
patola,56,288.1,28,17,12,19.0,43.5,1.99
patola,58,212.1,19,22,12,37.8,64.9,2.67
cucumber,56,344.0,51,26,10,25.2,87.6,5.38
upo_smooth,69,377.4,53,18,10,24.4,69.8,11.23
patola,41,399.7,34,27,9,36.3,76.5,1.35
patola,50,204.3,18,18,16,35.3,77.0,4.54
ampalaya_bilog,70,495.4,65,16,8,20.4,44.6,2.97
upo_smooth,62,489.7,46,31,10,27.3,74.7,10.72
patola,77,453.4,40,26,9,29.7,89.7,2.93
cucumber,62,309.9,33,16,10,32.7,38.7,2.71
cucumber,47,330.4,37,34,8,21.5,63.5,4.59
ampalaya_bilog,62,320.5,44,27,17,21.5,73.0,5.71
cucumber,58,374.6,31,18,12,25.6,69.5,7.6
patola,84,330.6,37,17,9,25.4,70.2,4.0
ampalaya_bilog,58,240.0,21,28,13,32.8,94.1,3.13
cucumber,51,395.4,43,19,11,28.2,73.0,4.24
patola,73,337.1,28,22,7,29.5,64.1,2.72
cucumber,33,243.3,33,10,9,21.1,79.3,3.19
patola,64,391.4,32,15,14,33.5,61.1,3.74
cucumber,33,109.0,15,17,8,21.4,58.7,3.04
ampalaya_bilog,56,250.5,36,20,16,28.3,41.0,7.47
cucumber,63,484.8,57,30,11,36.1,30.8,1.95
ampalaya_bilog,65,414.4,47,24,15,19.8,76.1,3.45
upo_smooth,76,375.2,52,27,9,30.6,46.7,5.84
cucumber,58,369.8,48,24,10,36.5,76.0,2.61
cucumber,84,446.4,55,24,13,25.2,66.9,6.43
patola,42,364.8,31,19,9,35.2,62.1,2.0
patola,52,245.0,32,27,16,29.1,66.6,7.26
upo_smooth,48,314.3,36,27,13,36.2,76.1,5.95
patola,41,364.1,45,28,10,31.0,52.8,1.91
cucumber,63,313.7,25,15,14,33.4,61.4,3.99
ampalaya_bilog,59,235.4,19,33,8,21.0,88.0,2.7
patola,64,432.4,36,25,15,29.6,72.2,6.83
ampalaya_bilog,61,362.3,54,23,14,28.7,69.0,8.14
patola,78,349.4,33,12,13,27.7,63.6,4.4
upo_smooth,63,347.8,42,25,10,28.5,72.6,8.73
ampalaya_bilog,35,149.0,17,17,8,23.0,61.6,2.26
cucumber,56,243.3,27,16,17,28.0,67.0,7.76
cucumber,65,321.0,37,18,10,23.7,77.4,6.48
ampalaya_bilog,84,309.9,24,15,12,25.6,73.0,5.62
cucumber,55,340.4,35,30,17,27.7,79.8,10.32
ampalaya_bilog,37,221.6,23,10,8,25.9,50.3,2.72
ampalaya_bilog,46,202.6,29,24,11,18.5,71.0,2.42
patola,67,382.2,56,18,10,18.9,42.9,1.81
upo_smooth,80,461.6,59,19,8,20.8,60.2,6.59
upo_smooth,100,462.6,48,20,11,26.9,68.6,8.75
patola,51,203.2,23,21,10,31.2,79.0,2.9
ampalaya_bilog,64,373.7,55,23,13,32.3,76.0,5.64
ampalaya_bilog,70,339.0,44,16,6,21.5,92.0,1.61
patola,76,373.9,31,24,12,24.5,69.6,4.07
ampalaya_bilog,58,352.6,42,15,12,35.4,51.3,2.19
upo_smooth,77,477.5,59,20,10,33.1,78.8,8.7
ampalaya_bilog,82,425.0,57,24,10,25.8,45.6,3.64
cucumber,43,291.4,39,32,12,37.9,77.4,3.73
cucumber,61,469.2,43,16,15,21.5,48.1,6.33
upo_smooth,63,464.3,52,19,16,28.1,69.3,14.37
cucumber,85,325.9,28,21,10,22.8,79.8,4.81
patola,70,486.0,69,13,11,26.1,76.6,4.5
upo_smooth,69,379.4,33,31,13,31.7,38.6,6.31
ampalaya_bilog,51,290.0,37,29,17,27.7,68.1,7.99
cucumber,45,329.6,47,17,9,23.9,89.0,4.79
patola,55,322.8,33,29,13,31.7,68.6,4.34
ampalaya_bilog,56,277.4,31,18,16,21.8,32.2,4.14
ampalaya_bilog,53,389.3,34,18,17,35.7,71.8,4.47
ampalaya_bilog,65,450.0,42,31,12,35.5,54.1,2.36
upo_smooth,67,327.2,37,30,17,27.1,45.0,13.83
ampalaya_bilog,50,296.3,24,34,15,25.4,75.2,7.1
upo_smooth,72,424.1,48,16,7,25.6,75.5,6.53
ampalaya_bilog,70,316.9,40,23,9,27.1,73.4,4.43
upo_smooth,69,378.5,41,30,8,28.9,60.9,7.01
ampalaya_bilog,53,338.5,41,32,11,26.1,60.9,6.38
cucumber,62,337.1,46,29,16,23.7,70.0,9.68
patola,69,326.3,35,32,10,35.4,94.6,2.14
ampalaya_bilog,86,323.4,37,14,11,28.1,63.9,4.74
patola,70,326.0,27,21,14,37.5,58.4,2.85
patola,74,425.6,37,15,10,30.8,67.6,3.9
upo_smooth,48,255.5,30,17,17,28.6,75.6,12.11
ampalaya_bilog,51,251.2,31,22,15,25.6,61.7,7.7
ampalaya_bilog,65,411.5,57,31,16,23.8,66.2,5.36
upo_smooth,107,389.1,49,21,14,27.5,75.1,9.93
patola,61,493.3,51,28,16,29.5,45.7,6.59
ampalaya_bilog,99,389.2,31,13,9,27.3,61.2,3.59
cucumber,49,220.7,24,31,13,20.7,60.8,7.24
cucumber,45,279.5,41,15,12,22.8,64.4,6.5
patola,91,352.9,40,24,14,26.5,49.2,3.74
ampalaya_bilog,60,461.1,44,19,16,19.9,66.7,4.41
upo_smooth,57,235.7,32,17,12,24.8,69.9,10.12
cucumber,65,426.8,52,19,11,26.5,46.4,4.56
cucumber,65,466.3,38,27,16,25.8,63.5,9.67
upo_smooth,100,444.9,40,19,9,32.1,63.5,5.69
cucumber,57,322.5,33,21,12,23.5,68.5,6.03
upo_smooth,95,318.1,33,12,10,26.8,46.3,6.28
ampalaya_bilog,67,356.2,35,19,15,28.7,46.3,5.69
upo_smooth,48,227.6,24,33,11,26.1,68.6,8.33
ampalaya_bilog,70,303.6,41,13,10,30.6,46.5,2.62
upo_smooth,68,346.3,35,15,16,30.7,61.5,9.17
upo_smooth,96,487.8,40,21,12,24.2,55.0,7.73
ampalaya_bilog,76,341.3,48,12,6,30.6,43.6,1.87
patola,59,277.5,25,23,8,18.9,62.0,1.88
upo_smooth,79,424.7,55,12,10,19.6,74.3,6.26
upo_smooth,68,341.8,43,25,10,25.9,85.5,8.1
cucumber,62,450.2,41,17,17,27.5,77.0,8.26
upo_smooth,103,498.5,53,19,13,18.7,33.3,2.8
patola,76,443.9,37,25,11,26.1,61.0,5.11
ampalaya_bilog,86,327.5,32,12,14,32.9,76.9,3.1
patola,70,301.9,28,25,9,22.6,95.0,1.84
ampalaya_bilog,90,421.7,61,27,9,29.3,70.9,4.29
cucumber,54,261.9,31,33,17,23.4,70.0,11.15
cucumber,35,182.0,18,12,9,24.5,39.5,2.54
ampalaya_bilog,41,212.6,19,15,15,20.7,40.1,3.55
cucumber,37,100.1,11,15,5,31.2,77.1,1.53
cucumber,37,112.3,11,10,8,20.9,66.4,3.33
cucumber,35,142.9,14,15,6,30.8,68.6,2.15
upo_smooth,54,209.0,29,34,17,25.1,66.2,14.61
cucumber,31,160.0,14,13,7,20.4,68.1,2.61
ampalaya_bilog,51,234.2,25,30,16,27.0,60.3,8.75
ampalaya_bilog,54,369.8,35,33,17,34.8,61.5,6.79
upo_smooth,71,437.0,56,17,13,32.3,60.0,10.42
patola,67,396.5,32,30,9,18.4,75.5,1.8
patola,67,346.8,41,22,14,36.5,64.4,3.29
cucumber,79,337.9,43,16,12,32.3,62.5,4.85
patola,80,462.4,38,15,12,27.8,36.2,3.05
upo_smooth,54,249.9,36,34,16,30.9,80.4,9.4
patola,53,312.4,34,28,12,29.8,66.8,4.3
patola,70,315.6,26,21,11,27.4,64.2,4.08
upo_smooth,48,382.8,39,30,12,21.1,62.0,8.1
upo_smooth,95,460.0,50,27,8,27.7,70.3,7.63
patola,57,348.4,31,31,15,21.0,52.2,3.94
upo_smooth,106,492.8,43,27,13,27.7,43.9,8.21
patola,75,490.9,62,13,12,30.5,69.5,5.32
cucumber,38,245.7,35,13,5,24.9,74.2,2.66
upo_smooth,92,344.4,31,21,14,25.8,65.3,12.47
cucumber,65,395.6,48,28,13,21.0,68.4,8.49
cucumber,53,339.1,47,17,10,27.4,77.7,5.63
cucumber,55,201.6,30,16,13,29.0,77.1,5.26
upo_smooth,61,382.4,52,25,15,26.3,44.6,10.8
upo_smooth,99,373.7,55,12,14,24.9,61.4,7.6
cucumber,57,220.6,22,23,17,22.1,77.3,7.99
upo_smooth,105,373.8,32,23,8,27.3,67.2,6.77
upo_smooth,66,454.8,55,15,17,18.7,43.0,5.1
cucumber,46,285.9,22,23,9,22.6,62.5,5.57
upo_smooth,96,348.0,48,19,9,32.3,84.0,4.54
upo_smooth,66,393.9,52,30,12,25.9,44.9,9.51
cucumber,91,426.0,36,18,14,33.6,67.5,2.76
upo_smooth,85,363.8,42,25,14,25.8,64.3,15.44
cucumber,33,197.9,20,12,8,22.7,66.0,3.35
patola,51,381.3,37,27,9,25.5,66.9,4.01
ampalaya_bilog,38,235.0,23,17,4,29.0,66.2,1.59
cucumber,47,252.8,27,27,12,27.8,77.0,6.07
ampalaya_bilog,59,321.2,38,28,9,21.7,52.0,3.09
ampalaya_bilog,51,300.1,34,18,15,26.7,71.0,8.0
patola,59,398.6,50,23,14,20.2,66.7,4.97
upo_smooth,78,370.9,50,19,14,24.3,33.0,7.6
patola,62,498.2,52,23,10,26.0,74.2,3.88
ampalaya_bilog,66,401.1,55,21,16,25.1,35.9,4.56
ampalaya_bilog,57,264.4,31,32,14,29.8,90.5,4.48
ampalaya_bilog,53,233.6,34,27,17,28.5,65.2,8.9
cucumber,65,421.7,38,18,9,22.6,34.0,3.48
ampalaya_bilog,45,258.7,24,20,8,25.2,74.9,3.56
upo_smooth,79,388.4,48,14,14,23.0,67.4,8.93
upo_smooth,47,372.0,30,20,9,25.4,47.6,6.2
ampalaya_bilog,88,398.6,34,13,11,22.3,80.8,2.56
ampalaya_bilog,54,286.7,26,19,8,28.7,43.2,3.92
patola,66,403.0,45,34,11,35.2,61.9,4.1
ampalaya_bilog,47,329.2,45,24,15,37.8,78.1,3.4
cucumber,75,345.1,48,13,9,18.1,75.9,2.98
cucumber,45,346.2,41,18,10,20.6,43.8,5.38
upo_smooth,84,462.6,46,21,14,28.1,60.1,14.82
patola,64,301.2,36,16,12,31.8,68.6,3.44
upo_smooth,96,350.6,31,15,9,23.1,61.9,6.66
ampalaya_bilog,62,344.5,37,32,9,22.7,77.3,3.92
upo_smooth,77,315.6,44,15,6,34.9,75.7,3.35
cucumber,88,351.7,49,22,10,25.6,67.2,4.6
ampalaya_bilog,91,413.0,52,25,11,21.2,60.2,3.31
upo_smooth,57,345.8,36,32,14,25.2,66.6,13.31
patola,70,489.9,61,27,6,24.7,85.6,1.51
patola,71,314.3,28,25,14,29.9,92.3,3.41
cucumber,88,384.5,35,14,14,23.1,32.2,3.98
cucumber,61,325.7,29,17,14,29.1,75.9,5.84
patola,80,416.6,50,13,12,28.2,89.4,4.1
cucumber,46,231.8,31,21,13,24.0,73.7,6.5
cucumber,87,389.1,33,17,13,37.9,67.9,3.22
upo_smooth,48,337.3,50,24,15,26.2,70.1,11.69
upo_smooth,56,259.6,38,18,8,28.1,76.6,8.1
upo_smooth,48,206.6,24,18,15,36.5,41.8,5.21
upo_smooth,53,253.9,27,32,10,27.3,47.2,6.64
ampalaya_bilog,55,302.4,44,15,11,25.9,68.5,5.26
cucumber,57,208.8,20,16,11,27.3,69.2,6.61
patola,93,335.9,36,16,7,25.5,63.9,2.81
upo_smooth,51,378.1,53,22,11,19.8,62.7,7.25
ampalaya_bilog,41,382.2,35,20,13,26.0,61.8,4.82
cucumber,31,156.9,19,14,4,22.9,43.9,1.35
ampalaya_bilog,50,308.5,45,31,13,28.1,53.3,5.4
ampalaya_bilog,98,378.9,42,24,14,33.7,73.8,4.17
ampalaya_bilog,48,357.0,33,25,13,28.0,61.3,7.39
upo_smooth,57,217.3,31,21,13,24.4,74.8,11.66
patola,72,356.9,32,16,6,35.5,64.9,2.19
upo_smooth,68,379.3,48,29,13,37.1,76.4,6.68
ampalaya_bilog,45,326.8,32,30,13,27.6,63.6,6.73
patola,63,333.4,48,32,17,29.9,69.1,8.12
upo_smooth,72,490.8,55,27,14,36.2,83.3,6.21
patola,58,208.2,31,31,15,33.4,80.1,3.86
upo_smooth,46,290.4,25,15,16,26.9,65.3,8.35
upo_smooth,86,482.2,55,18,11,24.7,64.5,9.81
upo_smooth,94,366.5,45,12,6,28.1,31.1,2.97
ampalaya_bilog,62,325.2,34,32,17,29.9,84.1,6.49
cucumber,46,319.6,30,28,9,21.4,88.4,4.79
upo_smooth,71,306.6,41,20,10,33.0,53.0,6.39
patola,70,301.9,30,22,7,21.4,75.4,2.12
patola,100,444.5,42,27,8,28.0,34.5,1.79
cucumber,89,407.0,34,24,13,30.6,72.4,3.9
ampalaya_bilog,60,327.8,40,18,11,27.5,41.2,4.3
upo_smooth,66,340.6,30,21,13,29.8,72.0,9.62
upo_smooth,50,254.8,23,22,17,25.7,69.6,15.06
upo_smooth,52,336.6,42,27,13,30.7,72.6,8.79
patola,65,323.1,36,25,11,30.5,76.6,4.52
patola,57,350.6,47,23,13,25.6,75.3,5.78
cucumber,62,329.9,41,34,14,22.3,64.6,8.24
cucumber,57,384.4,47,19,13,19.3,71.0,5.73
ampalaya_bilog,65,365.2,41,27,17,35.2,60.4,4.64
cucumber,31,159.0,21,16,5,25.9,79.3,2.18
patola,56,360.7,36,30,14,26.3,64.8,5.46
patola,57,205.6,24,21,17,29.8,64.5,8.01
upo_smooth,54,297.7,37,33,11,30.0,55.9,5.88
patola,62,314.6,40,20,11,20.2,39.4,2.34
cucumber,68,322.2,40,17,15,24.8,80.7,7.43
ampalaya_bilog,45,221.3,31,15,12,25.5,72.1,4.6
cucumber,31,154.4,21,8,8,23.3,78.3,2.85
upo_smooth,72,324.0,29,22,13,27.0,66.2,11.29
upo_smooth,76,399.0,32,21,13,25.1,83.2,10.07
ampalaya_bilog,35,161.0,19,9,5,29.8,73.0,2.0
patola,70,442.8,62,24,14,32.9,73.8,4.11
cucumber,53,303.8,45,16,14,24.0,63.2,7.12
upo_smooth,90,445.8,42,27,6,25.3,68.1,5.81
upo_smooth,82,462.2,41,19,8,27.7,64.3,7.53
ampalaya_bilog,56,200.9,28,21,17,28.3,64.8,9.12
ampalaya_bilog,79,461.6,57,25,13,29.5,76.1,7.04
patola,66,357.6,43,32,12,28.6,72.9,5.23
upo_smooth,78,423.6,57,17,13,34.4,64.4,6.34
patola,49,269.3,28,31,10,28.6,49.2,3.3
upo_smooth,52,307.7,31,20,10,29.6,85.9,6.24
ampalaya_bilog,66,402.8,55,23,13,18.8,83.8,2.51
cucumber,73,376.3,40,21,9,25.8,57.5,3.79
cucumber,56,381.2,50,15,16,36.8,70.9,3.03
cucumber,57,238.8,23,34,8,20.3,78.7,4.15
upo_smooth,99,477.9,54,20,8,21.4,83.5,4.72
cucumber,56,203.2,24,21,8,25.2,70.3,5.13
cucumber,37,246.3,27,12,6,26.7,77.6,3.03
upo_smooth,77,401.5,52,27,6,27.0,72.8,5.47
patola,70,431.6,36,20,12,25.3,76.7,4.83
ampalaya_bilog,84,478.9,54,21,7,23.5,84.1,2.14
patola,57,294.8,29,28,10,35.1,63.8,3.26
cucumber,73,476.7,51,16,8,22.0,63.5,4.84
ampalaya_bilog,62,318.2,31,28,9,26.7,56.9,4.06
patola,56,213.9,25,24,9,26.3,75.8,4.4
cucumber,49,375.6,38,22,15,22.5,92.2,5.45
patola,75,418.1,48,12,13,29.4,75.9,3.39
ampalaya_bilog,52,386.8,36,17,16,21.7,76.0,5.86
ampalaya_bilog,69,465.5,37,21,10,25.3,71.1,4.89
ampalaya_bilog,50,285.8,33,28,15,27.5,77.4,8.13
cucumber,56,226.6,25,15,11,20.8,60.3,6.03
ampalaya_bilog,52,238.1,19,22,11,26.9,71.6,5.03
cucumber,60,429.1,57,32,10,24.2,84.3,4.74
upo_smooth,61,498.6,61,31,10,28.6,72.6,9.39
cucumber,86,403.6,52,17,9,24.4,76.2,4.26
ampalaya_bilog,90,424.7,53,20,7,34.1,69.8,2.03
patola,97,495.2,58,19,11,34.4,76.1,3.26
upo_smooth,65,416.0,55,20,14,26.9,66.1,14.93
patola,40,394.9,34,19,11,28.8,63.5,3.26
cucumber,45,367.8,50,20,12,23.1,75.1,5.94
ampalaya_bilog,69,466.2,41,29,13,27.5,71.9,6.65
cucumber,66,493.1,67,34,10,24.4,54.3,4.45
cucumber,31,188.4,25,10,9,18.2,61.4,2.42
patola,56,236.4,22,16,15,25.6,74.4,6.11
ampalaya_bilog,66,420.3,42,29,15,27.6,67.4,8.84
upo_smooth,70,308.8,40,12,13,23.9,69.6,6.5
upo_smooth,66,385.5,45,32,17,37.4,92.6,5.57
upo_smooth,54,246.9,21,16,16,24.4,77.8,13.18
patola,55,212.4,24,26,14,26.4,61.5,6.69
ampalaya_bilog,42,210.4,24,20,11,28.1,74.7,4.68
ampalaya_bilog,69,368.0,29,24,8,26.6,65.6,4.28
ampalaya_bilog,65,463.1,39,31,12,29.4,40.6,4.45
ampalaya_bilog,55,287.1,29,21,15,28.2,71.4,7.8
ampalaya_bilog,98,317.0,33,13,7,27.3,62.0,2.55
ampalaya_bilog,53,343.1,50,19,8,26.9,30.5,2.51
upo_smooth,102,463.2,47,15,9,21.7,55.6,5.07
ampalaya_bilog,70,479.1,65,14,12,26.2,77.2,6.3
cucumber,60,440.2,41,23,13,25.7,87.7,6.35
ampalaya_bilog,65,319.3,46,30,11,18.9,65.0,3.03
cucumber,71,346.9,49,16,11,18.4,66.7,4.58
upo_smooth,60,313.0,26,29,9,24.5,64.3,10.13
cucumber,64,313.6,32,30,12,28.0,90.9,2.97
patola,69,315.4,33,28,17,35.9,70.6,5.24
upo_smooth,77,326.5,28,15,8,29.6,54.2,4.96
cucumber,49,218.6,31,34,14,24.5,88.5,5.85
upo_smooth,69,414.5,41,34,11,24.6,73.9,10.26
ampalaya_bilog,61,318.0,38,16,17,33.8,68.3,4.59
ampalaya_bilog,44,236.1,26,26,16,29.5,38.9,5.13
upo_smooth,104,398.6,50,23,12,34.1,76.7,4.75
ampalaya_bilog,67,424.6,44,30,10,22.7,86.8,2.87
patola,55,293.5,23,25,14,18.8,62.0,2.72
ampalaya_bilog,97,460.5,52,16,11,26.2,32.6,2.29
ampalaya_bilog,51,268.4,31,19,17,31.0,76.5,6.49
cucumber,75,445.8,37,16,9,36.0,69.7,2.35
patola,66,490.1,64,34,9,26.5,79.4,3.4
ampalaya_bilog,97,402.4,52,16,8,32.1,44.6,2.01
upo_smooth,68,458.4,68,34,12,20.2,76.2,9.14
cucumber,56,254.1,26,30,16,24.8,77.9,9.81
ampalaya_bilog,55,339.2,47,21,10,34.2,61.9,4.43
patola,46,307.0,27,24,11,29.6,72.9,4.39
patola,45,217.7,26,22,10,26.2,64.1,3.77
patola,58,257.7,20,22,8,29.0,56.6,3.16
ampalaya_bilog,67,437.9,49,23,12,27.7,77.8,5.95
patola,56,205.2,19,24,12,21.9,67.4,3.94
upo_smooth,58,289.9,33,20,9,25.0,75.7,7.95
patola,69,398.1,58,21,14,30.6,79.8,5.52
patola,75,399.9,54,16,8,21.0,92.1,1.75
patola,74,474.6,68,25,7,31.3,81.1,1.88
ampalaya_bilog,83,409.9,45,26,9,25.7,70.2,3.7
ampalaya_bilog,78,409.1,35,12,11,19.6,79.8,2.19
cucumber,51,273.0,23,22,13,24.2,30.5,3.96
ampalaya_bilog,65,487.4,40,23,10,37.6,73.1,2.37
patola,73,352.3,34,23,14,31.5,70.9,4.2
patola,63,400.6,58,17,11,37.3,75.5,2.57
ampalaya_bilog,65,499.2,57,21,9,27.5,76.5,4.7
patola,51,227.3,33,23,17,28.2,77.0,6.74
cucumber,37,125.4,18,10,5,23.6,74.8,2.25
ampalaya_bilog,85,352.2,45,27,11,34.5,72.0,3.4
upo_smooth,66,451.3,57,27,8,30.8,68.2,5.73
patola,57,388.2,43,30,12,25.9,35.1,2.99
patola,54,342.0,33,19,15,19.5,72.1,3.2
patola,75,336.1,41,12,13,27.9,60.1,3.73
ampalaya_bilog,58,272.3,33,27,13,31.5,77.2,4.6
cucumber,45,393.1,44,26,11,20.7,72.3,6.93
cucumber,49,328.3,38,29,12,21.2,78.1,6.6
ampalaya_bilog,66,350.9,52,18,9,27.9,53.7,3.92
cucumber,58,300.9,40,16,12,22.3,69.1,7.08
upo_smooth,52,395.1,59,16,17,27.4,79.4,9.21
ampalaya_bilog,63,492.3,64,24,14,30.2,63.9,5.99
patola,73,402.9,32,13,11,25.9,78.8,5.01
ampalaya_bilog,93,366.7,30,14,14,33.6,68.0,4.55
upo_smooth,48,227.7,23,24,16,26.8,50.6,10.05
cucumber,46,201.9,26,23,16,34.7,78.5,4.73
cucumber,35,243.8,24,14,6,31.9,74.3,2.18
patola,63,322.5,43,15,12,37.1,63.2,2.49
cucumber,88,443.7,40,23,13,23.0,68.2,6.79
ampalaya_bilog,36,140.4,19,13,4,29.7,36.6,0.98
ampalaya_bilog,60,432.2,44,24,14,26.0,63.2,7.82
upo_smooth,55,303.6,41,30,13,26.1,70.1,12.85
cucumber,89,477.3,39,25,10,18.1,68.7,3.24
patola,99,425.5,61,15,9,29.9,66.9,3.26
ampalaya_bilog,49,214.3,31,28,11,27.4,63.3,5.82
patola,70,384.7,56,24,6,27.4,66.9,2.68
ampalaya_bilog,47,363.9,38,25,14,37.1,68.0,3.9
ampalaya_bilog,51,323.9,39,25,11,24.8,73.6,4.36
ampalaya_bilog,40,293.9,32,34,8,21.0,70.2,2.39
cucumber,90,399.0,41,25,13,27.1,72.8,5.42
cucumber,57,243.0,24,25,11,21.5,69.5,6.27
cucumber,45,276.9,39,26,8,25.0,73.2,5.0
upo_smooth,59,305.0,28,16,13,27.5,77.3,11.98
ampalaya_bilog,64,341.6,41,17,11,26.7,72.1,6.33
ampalaya_bilog,60,381.9,38,15,13,26.9,68.6,7.38
ampalaya_bilog,98,358.7,39,24,10,19.1,65.4,2.33
cucumber,47,233.0,34,31,9,36.9,72.4,2.3
patola,57,235.6,26,33,10,27.9,71.6,4.76
ampalaya_bilog,48,373.2,31,15,11,37.7,71.9,2.52
upo_smooth,65,385.3,39,26,15,28.8,78.8,16.4
cucumber,48,295.6,23,30,14,36.0,70.1,4.18
patola,75,363.0,43,21,9,26.5,60.2,4.46
patola,89,357.4,34,19,14,26.2,55.1,4.48
cucumber,62,314.7,40,25,17,28.2,54.7,5.97
ampalaya_bilog,66,385.5,41,34,12,29.5,72.0,5.5
patola,55,231.4,32,27,16,24.0,63.5,4.58
patola,75,419.5,33,16,6,30.6,70.3,2.64
ampalaya_bilog,38,161.7,15,9,9,35.2,48.3,1.42
cucumber,50,266.2,21,31,17,20.6,76.0,9.98
patola,62,469.2,69,17,8,21.8,67.9,2.93
upo_smooth,64,424.1,51,19,15,28.0,73.1,12.63
upo_smooth,69,443.7,46,26,11,33.0,57.5,7.16
upo_smooth,74,332.6,39,16,7,36.3,41.8,3.17
cucumber,62,318.2,28,33,16,30.5,78.7,6.94
cucumber,39,249.1,22,8,5,21.5,56.6,2.14
upo_smooth,76,362.5,35,26,6,18.9,83.9,2.81
ampalaya_bilog,49,280.5,39,32,17,28.5,63.8,7.87
ampalaya_bilog,53,278.6,32,25,9,18.9,91.5,1.36
patola,57,395.4,38,18,12,27.5,64.6,4.61
upo_smooth,56,289.3,30,15,13,24.0,65.6,11.32
ampalaya_bilog,50,254.4,31,15,11,25.8,69.7,5.77
upo_smooth,77,480.4,56,23,13,35.7,58.5,6.18
patola,57,295.4,37,19,8,29.7,62.6,3.18
cucumber,38,229.0,27,9,9,21.8,41.7,3.85
cucumber,56,253.3,36,33,11,28.9,76.7,4.85
patola,59,238.9,34,18,15,27.2,77.3,5.53
patola,78,392.2,41,17,8,18.4,46.4,1.35
patola,68,481.6,63,33,12,27.7,94.4,3.59
cucumber,70,434.2,58,17,6,20.9,67.3,3.05
upo_smooth,59,232.0,21,22,16,26.1,75.7,13.11
patola,73,306.1,37,17,9,25.5,78.0,3.58
patola,85,359.5,47,25,14,29.2,72.3,5.35
ampalaya_bilog,96,356.3,34,12,12,27.7,37.1,3.21
patola,58,258.7,37,30,14,29.2,60.8,6.1
upo_smooth,48,376.8,54,21,10,28.2,45.4,6.46
ampalaya_bilog,53,201.0,26,15,15,29.8,66.5,6.65
ampalaya_bilog,67,474.3,70,34,15,28.8,60.4,7.41
cucumber,61,327.0,43,21,10,31.1,79.4,4.14
patola,94,306.3,31,23,11,29.8,75.8,3.67
cucumber,51,256.7,25,18,8,21.3,92.5,2.46
cucumber,61,398.5,58,19,17,26.3,75.1,10.27
cucumber,65,435.8,64,31,9,26.4,92.7,2.82
cucumber,44,288.3,30,21,10,24.0,66.7,6.48
cucumber,69,470.2,68,19,12,34.0,64.2,3.61
cucumber,81,496.2,58,15,14,37.2,80.4,3.1
ampalaya_bilog,65,332.1,30,20,9,19.6,68.2,2.69
ampalaya_bilog,51,312.0,30,34,15,25.8,37.9,4.32
cucumber,47,278.9,38,30,16,21.2,77.5,8.19
ampalaya_bilog,60,364.8,42,32,11,29.7,70.1,5.95
cucumber,53,322.4,37,27,17,23.2,87.2,8.3
patola,53,388.6,43,34,13,18.1,74.7,2.95
upo_smooth,68,365.7,47,31,10,34.1,60.8,4.62
upo_smooth,75,464.9,61,22,12,31.2,67.5,10.22
patola,70,361.9,48,23,9,28.1,38.0,2.56
ampalaya_bilog,62,487.3,68,20,16,25.1,53.7,6.33
upo_smooth,76,301.7,44,21,12,20.9,62.6,8.86
ampalaya_bilog,42,230.9,25,25,10,25.4,79.3,4.97
cucumber,53,230.3,21,20,10,25.3,82.3,4.62
cucumber,71,478.3,64,21,7,20.4,74.6,3.66
patola,63,400.5,47,29,12,29.5,45.9,4.74
cucumber,45,232.8,30,26,8,21.2,46.9,4.06
patola,63,354.2,33,19,15,19.5,62.1,3.4
patola,72,392.9,36,15,9,32.9,62.4,2.74
upo_smooth,67,445.7,65,30,10,31.4,39.0,4.2
patola,57,319.0,31,23,16,29.3,78.1,7.54
cucumber,86,460.6,52,16,7,26.5,67.0,3.55
ampalaya_bilog,78,402.7,38,13,11,37.9,81.6,2.18
patola,55,284.4,24,24,11,20.5,81.2,2.86
upo_smooth,53,287.4,30,24,13,32.2,68.3,8.4
cucumber,81,323.4,32,20,14,21.6,63.1,6.26
patola,74,411.1,55,17,14,29.9,78.7,5.5
cucumber,92,451.0,51,19,11,20.6,68.3,4.89
ampalaya_bilog,67,313.8,43,20,12,28.5,74.9,6.1
ampalaya_bilog,52,232.1,24,21,13,29.1,73.4,7.19
patola,67,465.1,50,28,11,30.4,76.7,4.6
patola,73,463.5,44,21,7,27.1,80.0,3.24
cucumber,31,171.1,20,15,9,24.6,37.5,2.46
ampalaya_bilog,80,417.7,62,26,11,37.8,34.2,1.56
upo_smooth,61,407.0,48,17,17,21.0,76.0,12.37
cucumber,54,339.5,35,17,15,23.0,70.6,7.54
patola,100,455.7,59,18,13,19.3,69.2,1.89
patola,97,323.4,42,25,11,25.4,60.7,4.34
ampalaya_bilog,41,374.4,44,30,15,25.6,40.5,4.91
cucumber,62,489.6,66,28,15,24.5,32.5,4.96
patola,44,373.2,54,21,12,24.0,34.8,1.92
patola,104,473.0,40,20,14,28.2,77.8,4.56
upo_smooth,89,436.4,55,20,8,37.2,37.1,1.96
upo_smooth,67,333.6,30,17,9,24.6,94.4,6.19
ampalaya_bilog,65,401.4,36,16,9,26.7,66.9,4.33
ampalaya_bilog,44,392.5,54,28,12,25.8,71.0,5.86
cucumber,34,116.2,16,9,4,22.9,89.1,1.28
cucumber,49,293.0,36,25,16,23.7,76.8,10.4
patola,59,262.5,38,31,11,29.7,48.1,4.44
ampalaya_bilog,54,259.8,26,28,8,34.7,75.3,2.82
patola,67,351.0,49,30,14,25.7,62.1,6.09
cucumber,32,170.8,19,10,7,24.6,51.6,2.46
upo_smooth,58,351.5,42,30,15,28.5,71.1,15.34
upo_smooth,59,283.4,39,27,15,28.7,57.4,12.09
cucumber,41,269.2,23,34,15,27.3,82.7,6.86
ampalaya_bilog,69,440.9,41,28,17,28.4,77.4,8.01
upo_smooth,53,313.9,25,29,15,26.9,73.6,11.77
patola,58,219.3,24,28,16,27.6,65.1,6.55
cucumber,63,409.3,49,29,14,24.4,71.8,7.95
ampalaya_bilog,65,422.8,36,22,15,30.5,67.6,4.91
cucumber,39,178.9,21,13,6,22.9,78.6,2.75
patola,64,304.0,35,20,9,18.8,63.7,2.04
patola,42,234.0,21,18,14,36.4,69.2,2.19
cucumber,49,238.7,30,34,9,23.1,76.1,5.17
upo_smooth,73,370.6,35,24,7,24.5,68.2,6.17
patola,58,333.3,35,16,13,27.1,60.1,5.77
ampalaya_bilog,58,364.3,31,30,16,25.3,74.1,8.88
patola,41,290.1,33,31,12,34.8,61.7,2.94
upo_smooth,45,310.6,41,15,8,26.2,79.7,6.16
upo_smooth,75,480.7,57,24,12,24.8,66.4,12.07
upo_smooth,69,408.5,60,31,17,24.7,65.3,16.94
ampalaya_bilog,68,458.0,57,32,15,26.7,95.0,5.08
ampalaya_bilog,70,451.0,50,25,12,31.1,70.9,5.38
ampalaya_bilog,46,242.8,21,28,14,32.6,77.7,5.59
cucumber,48,271.9,31,24,10,24.8,62.1,5.96
patola,71,386.0,32,21,14,26.4,75.3,5.76
upo_smooth,75,427.5,45,25,11,25.7,55.1,9.32
cucumber,60,371.4,46,22,14,27.8,70.1,7.59
patola,76,311.3,30,27,6,31.0,71.6,1.75
upo_smooth,82,373.5,50,14,6,28.3,63.6,6.12
ampalaya_bilog,59,356.1,33,16,12,25.4,80.1,5.52
upo_smooth,88,366.1,43,26,10,25.2,70.3,9.38
patola,98,484.1,65,24,13,25.2,72.9,4.47
patola,55,396.3,35,19,13,25.2,65.8,4.99
upo_smooth,79,416.1,53,26,13,28.2,57.8,10.64
patola,43,338.7,38,18,16,27.2,79.2,4.57
cucumber,64,452.2,66,33,10,27.3,60.1,5.12
patola,89,491.9,50,22,8,28.8,59.4,2.65
ampalaya_bilog,56,397.2,52,22,8,29.2,78.1,3.69
upo_smooth,74,497.7,70,18,13,32.3,61.3,10.27
upo_smooth,72,444.3,46,13,7,35.1,34.9,2.18
upo_smooth,69,398.3,51,25,8,27.6,75.7,8.48
patola,68,359.0,44,29,13,36.9,65.2,3.14
patola,57,212.2,21,18,14,28.3,30.8,3.86
ampalaya_bilog,69,457.6,55,17,12,36.5,69.6,3.35
cucumber,65,493.6,72,16,8,25.5,77.1,4.82
cucumber,60,333.3,27,22,13,21.3,42.3,6.12
patola,75,499.4,49,19,6,25.4,66.5,2.66
patola,60,371.9,36,17,10,31.2,92.3,1.73
upo_smooth,67,492.9,48,31,10,19.7,65.4,8.58
ampalaya_bilog,38,177.6,19,9,6,27.9,77.1,2.28
cucumber,57,392.8,46,19,17,27.1,73.5,9.11
upo_smooth,46,290.9,27,18,12,37.9,87.0,4.14
patola,70,311.1,32,14,12,19.6,88.2,2.34
patola,83,385.8,56,19,7,20.6,64.6,2.16
upo_smooth,72,468.8,59,16,6,29.7,63.0,5.02
upo_smooth,62,467.1,49,16,8,26.0,43.2,7.0
cucumber,51,246.0,21,22,11,26.1,77.7,6.92
patola,70,488.4,56,27,7,29.7,77.6,3.37
upo_smooth,59,360.0,44,19,14,32.7,93.0,5.51
ampalaya_bilog,38,236.1,34,12,6,31.5,60.8,1.82
patola,68,477.1,48,26,10,19.4,72.4,2.25
ampalaya_bilog,46,297.8,28,16,13,27.2,91.9,3.33
patola,67,421.7,35,16,17,26.8,56.6,3.86
patola,56,205.9,20,30,17,32.3,67.4,4.79
patola,55,214.9,25,33,17,25.6,77.0,8.4
patola,40,330.4,34,15,10,34.3,41.7,1.7
ampalaya_bilog,58,338.2,36,32,12,25.2,74.2,5.54
cucumber,61,471.0,65,33,16,20.5,79.6,9.28
cucumber,85,306.7,45,27,10,36.7,66.3,2.15
upo_smooth,59,339.7,36,15,11,22.5,81.6,6.37
patola,80,489.2,52,22,9,28.0,77.7,4.04
patola,57,313.7,42,29,13,27.4,67.0,5.99
patola,70,320.7,35,24,8,30.8,71.8,3.73
ampalaya_bilog,58,342.6,36,16,15,22.8,63.7,5.7
upo_smooth,86,310.4,25,18,6,28.6,60.8,5.99
upo_smooth,68,355.4,36,27,9,27.3,75.3,7.8
cucumber,89,349.9,41,22,8,22.1,61.4,3.36
cucumber,42,214.6,19,27,13,21.1,38.8,3.75
cucumber,30,133.5,19,17,5,23.9,77.5,1.75
upo_smooth,60,348.8,47,17,10,34.6,71.0,5.39
patola,50,235.7,26,23,9,28.9,91.2,1.9
cucumber,88,389.1,32,19,7,26.5,92.7,1.89
patola,65,435.8,50,33,10,27.0,79.9,4.2
ampalaya_bilog,74,350.0,44,23,7,33.0,50.6,2.48
cucumber,58,227.8,28,33,8,26.1,79.1,4.81
upo_smooth,76,393.4,50,16,8,27.4,67.0,8.61
ampalaya_bilog,70,350.6,51,12,7,27.1,69.8,4.06
cucumber,39,199.4,20,15,5,21.4,76.6,2.61
upo_smooth,50,347.8,42,30,8,25.6,70.0,6.32
upo_smooth,65,486.8,49,18,10,26.4,61.1,9.51
cucumber,56,257.6,22,19,11,25.7,73.2,6.57
patola,92,343.9,36,21,14,25.3,78.0,5.57
cucumber,65,377.5,35,27,13,22.4,65.8,6.9
ampalaya_bilog,54,317.3,39,28,8,37.1,74.3,2.12
cucumber,61,375.2,35,17,10,25.0,35.7,3.44
patola,67,423.4,35,23,13,27.5,65.8,5.94
ampalaya_bilog,39,106.1,11,15,8,22.1,79.9,2.15
patola,56,380.2,40,18,15,32.2,42.6,3.74
upo_smooth,90,461.0,46,15,10,27.5,69.9,8.77
cucumber,78,304.1,41,25,11,20.9,69.8,6.34
patola,58,201.4,21,19,14,30.1,67.9,5.43
cucumber,47,353.3,31,21,8,25.6,72.3,4.73
ampalaya_bilog,93,347.1,39,26,7,28.8,78.2,2.66
ampalaya_bilog,41,347.2,48,17,16,32.1,70.6,4.64
cucumber,72,372.6,44,15,11,21.3,75.8,5.16
upo_smooth,49,282.2,34,27,8,25.3,77.0,7.61
cucumber,34,237.6,19,10,6,24.4,65.1,2.3
ampalaya_bilog,50,292.5,34,20,8,23.1,78.6,3.52
patola,40,370.5,44,28,14,25.5,48.8,4.04
patola,78,493.8,71,18,7,18.3,60.1,1.34
cucumber,65,497.5,66,17,15,27.7,64.8,8.26
patola,63,358.0,45,29,12,31.8,44.4,3.14
upo_smooth,95,325.3,27,16,11,32.0,78.8,6.02
cucumber,38,180.0,26,15,8,28.3,31.4,1.68
ampalaya_bilog,41,215.8,24,21,10,26.9,64.0,4.0
ampalaya_bilog,56,387.0,41,29,12,33.3,72.9,4.31
upo_smooth,63,312.7,44,34,9,24.1,50.2,7.74
upo_smooth,73,316.3,30,27,10,28.2,68.3,9.76
ampalaya_bilog,62,499.9,63,34,14,25.8,62.9,8.01
ampalaya_bilog,59,340.4,39,32,10,29.7,71.5,5.67
cucumber,36,173.4,16,8,4,33.2,68.5,0.85
ampalaya_bilog,42,227.4,23,18,16,28.7,37.9,4.19
patola,99,385.9,37,19,9,22.9,79.2,2.69
ampalaya_bilog,69,423.9,50,21,11,19.7,74.6,2.91
ampalaya_bilog,53,354.9,44,25,8,34.0,79.6,3.23
upo_smooth,63,479.8,64,32,10,19.9,66.2,8.16
ampalaya_bilog,38,117.9,12,16,7,27.4,52.1,2.55
patola,41,308.8,30,19,13,25.8,67.7,4.28
cucumber,35,123.7,13,12,8,24.3,88.0,3.29
cucumber,43,256.8,33,27,15,36.2,77.9,3.72
upo_smooth,64,365.7,51,29,10,27.6,75.3,9.98
patola,69,488.8,71,22,11,19.9,64.6,2.19
ampalaya_bilog,92,429.3,40,23,11,22.3,75.6,3.37
cucumber,47,265.5,31,15,12,28.3,75.8,4.96
cucumber,37,245.7,23,16,8,23.2,64.4,3.96
patola,67,399.5,55,25,10,23.9,55.2,2.7
upo_smooth,96,496.2,62,25,11,31.8,50.9,6.16
cucumber,63,427.6,42,31,14,21.2,62.3,7.42
cucumber,84,471.5,46,14,8,22.9,91.3,2.31
patola,67,309.0,37,29,11,26.3,61.8,4.3
cucumber,92,348.6,41,15,12,26.4,60.5,5.23
cucumber,51,376.9,53,26,17,23.8,39.2,6.85
patola,61,454.4,60,17,8,35.1,43.2,2.21
patola,75,377.4,47,18,6,25.8,63.4,2.39
cucumber,36,231.3,33,10,4,27.0,94.9,1.27
patola,64,476.1,70,22,16,24.8,73.7,4.42
ampalaya_bilog,59,358.5,44,30,9,26.8,69.7,5.29
upo_smooth,76,429.5,61,19,12,24.8,71.9,12.65
upo_smooth,69,468.5,46,23,17,26.7,72.4,18.49
upo_smooth,74,369.3,51,23,14,28.7,75.9,13.93
upo_smooth,72,377.9,40,15,7,26.1,77.4,7.34
upo_smooth,47,392.9,32,26,15,18.7,89.7,5.01
cucumber,41,293.8,31,25,11,27.9,44.5,4.24
ampalaya_bilog,68,449.6,61,23,10,27.9,79.0,4.53
ampalaya_bilog,48,375.0,43,23,9,36.5,64.8,2.29
patola,45,307.7,26,26,9,23.6,61.6,2.39
cucumber,65,402.9,51,27,15,24.2,79.0,9.78
patola,99,313.1,46,17,13,30.1,35.8,2.57
ampalaya_bilog,44,320.2,28,33,9,26.9,75.8,4.51
cucumber,56,310.0,38,19,17,32.4,31.7,4.42
patola,101,392.0,52,24,10,29.7,77.0,3.27
cucumber,47,320.4,26,18,10,27.6,33.1,3.01
upo_smooth,78,306.8,31,19,12,25.0,77.8,11.09
patola,72,430.6,43,20,10,34.5,65.1,3.55
upo_smooth,53,282.4,37,26,17,26.0,33.2,10.39
upo_smooth,76,395.9,45,16,13,32.3,33.3,4.92
upo_smooth,62,311.3,37,30,12,24.4,63.1,12.1
ampalaya_bilog,50,331.1,36,29,16,27.3,73.7,7.72
ampalaya_bilog,78,414.7,57,15,13,28.7,72.7,5.92
patola,66,324.0,29,30,8,22.3,70.5,2.29
cucumber,50,292.2,39,25,12,26.8,79.6,6.91
ampalaya_bilog,54,269.0,28,15,13,25.1,38.4,3.72
patola,58,295.5,42,26,12,26.2,74.8,4.55
patola,59,284.8,42,24,14,26.8,79.3,6.15
upo_smooth,67,490.8,54,17,9,26.8,74.8,9.95
patola,46,283.1,31,26,9,29.7,73.7,2.88
cucumber,37,233.2,32,15,7,27.1,60.4,3.82
ampalaya_bilog,52,273.8,30,22,15,29.4,82.4,5.46
upo_smooth,69,425.7,55,22,10,26.4,77.9,11.31
patola,89,348.5,34,15,7,34.4,66.1,2.24
upo_smooth,73,494.3,69,13,9,24.9,71.1,7.96
ampalaya_bilog,69,422.6,49,28,14,29.7,46.2,6.36
ampalaya_bilog,49,250.8,30,25,8,28.2,79.4,4.31
patola,64,460.5,68,32,9,27.5,71.8,3.64
ampalaya_bilog,71,464.3,52,17,10,24.7,74.2,4.26
patola,62,377.1,34,17,14,31.6,58.2,4.01
patola,67,334.5,43,16,9,25.2,93.8,2.58
upo_smooth,50,262.0,34,26,16,27.5,39.8,7.99
patola,56,209.4,24,30,14,34.6,76.6,4.26
ampalaya_bilog,50,263.2,28,21,10,21.1,30.0,2.45
cucumber,62,433.8,56,32,10,30.1,79.8,4.72
patola,62,341.2,32,22,13,29.7,84.8,4.02
patola,47,348.0,38,28,12,24.8,74.2,2.88
patola,92,407.2,36,25,7,27.6,68.1,2.86
ampalaya_bilog,60,398.2,57,17,15,28.3,63.2,6.68
cucumber,30,104.4,14,16,7,22.0,63.4,3.01
ampalaya_bilog,53,383.6,33,19,15,28.1,69.0,7.97
cucumber,94,464.7,42,26,8,34.6,74.8,1.81
upo_smooth,61,457.9,46,30,17,35.9,63.9,8.95
patola,60,467.2,52,21,13,27.4,76.1,6.37
upo_smooth,101,348.5,40,14,8,32.7,65.9,5.71
patola,76,459.9,52,26,7,32.3,70.7,2.41
ampalaya_bilog,46,321.7,38,34,14,26.5,77.8,6.32
ampalaya_bilog,57,319.8,47,16,9,35.3,74.3,2.61
cucumber,61,435.4,37,17,9,36.2,93.9,1.62
cucumber,76,457.7,48,18,9,22.7,61.9,4.7
upo_smooth,85,445.1,43,13,10,28.7,75.1,8.64
ampalaya_bilog,41,211.2,25,32,12,26.2,79.3,5.77
patola,51,271.9,39,27,16,18.6,70.5,2.87
upo_smooth,81,344.1,33,18,14,21.8,67.7,10.41
cucumber,56,314.0,42,26,8,24.6,86.3,4.37
ampalaya_bilog,45,369.0,50,18,14,26.1,46.2,4.79
patola,55,354.8,38,33,16,35.5,68.9,4.64
upo_smooth,70,389.8,45,23,12,32.3,52.7,8.29
upo_smooth,102,401.0,32,27,11,23.5,53.7,6.04
ampalaya_bilog,58,285.8,40,23,17,24.6,85.1,4.77
patola,57,237.4,27,32,11,36.2,75.1,2.22
ampalaya_bilog,59,265.4,21,31,16,27.9,62.4,9.55
patola,102,359.2,45,20,14,27.8,70.7,5.01
ampalaya_bilog,68,330.5,49,33,13,28.4,35.8,4.44
ampalaya_bilog,54,394.2,43,32,13,28.5,73.0,7.57
patola,75,335.1,34,23,11,30.6,47.4,3.91
ampalaya_bilog,53,354.4,50,21,17,25.3,90.3,4.5
ampalaya_bilog,58,315.6,33,25,16,23.3,71.0,7.1
ampalaya_bilog,36,168.4,14,15,5,19.4,42.5,0.86
cucumber,52,246.0,34,33,15,20.7,71.0,9.06
upo_smooth,71,342.5,29,21,14,26.9,72.3,14.94
cucumber,61,327.8,27,18,16,35.6,77.5,3.96
upo_smooth,58,350.8,47,27,17,36.9,75.9,8.74
patola,42,235.0,29,16,17,37.7,79.4,1.77
ampalaya_bilog,48,296.5,38,16,9,28.7,71.5,4.12
ampalaya_bilog,82,388.4,44,18,9,28.8,75.4,4.48
ampalaya_bilog,62,453.9,42,21,12,22.8,72.2,4.4
ampalaya_bilog,77,388.5,48,26,6,23.8,60.4,2.08
upo_smooth,46,363.0,37,33,9,26.4,78.7,5.97
cucumber,48,370.1,52,26,8,20.4,77.1,4.6
upo_smooth,75,336.5,39,12,7,23.9,56.4,4.01
patola,63,307.0,43,21,11,30.1,62.4,5.05
cucumber,63,354.9,42,29,8,25.3,60.6,4.39
ampalaya_bilog,39,185.5,23,14,9,26.3,41.5,2.99
upo_smooth,64,456.6,63,33,12,37.2,70.1,5.78
ampalaya_bilog,70,327.3,42,20,8,26.3,35.3,2.16
cucumber,53,295.2,39,19,11,36.2,61.7,3.6
cucumber,49,399.6,34,15,10,24.6,87.8,4.88
cucumber,46,287.1,37,19,10,25.6,62.3,6.29
ampalaya_bilog,43,372.5,54,19,12,28.2,65.4,4.91
ampalaya_bilog,62,304.8,31,31,13,26.4,67.7,7.46
cucumber,48,349.3,33,23,16,30.9,72.1,5.97
ampalaya_bilog,63,310.6,30,30,8,31.2,66.9,2.68
patola,55,360.8,33,20,17,26.8,66.1,6.49
patola,46,369.6,37,19,10,30.4,83.1,2.92
upo_smooth,79,440.2,54,21,9,25.6,49.1,6.74
cucumber,47,330.7,34,31,17,32.9,70.7,6.4
cucumber,74,378.5,33,12,10,31.0,54.9,3.29
cucumber,30,125.5,17,12,5,28.0,68.0,2.15
cucumber,62,480.6,46,33,14,20.4,85.8,7.33
ampalaya_bilog,45,331.9,36,27,8,36.8,92.0,1.02
cucumber,47,317.0,26,24,8,35.4,74.9,2.41
cucumber,84,404.1,60,26,8,18.0,63.3,3.14
cucumber,53,207.9,19,22,16,31.0,72.1,7.23
ampalaya_bilog,61,315.7,32,19,17,28.7,43.8,6.41
upo_smooth,107,460.1,49,14,13,27.7,79.9,9.5
cucumber,65,474.0,59,16,12,32.7,44.8,4.68
cucumber,48,267.3,22,21,9,32.4,77.7,3.54
ampalaya_bilog,37,193.4,24,15,4,30.0,75.5,1.49
patola,82,360.1,48,19,8,28.3,72.6,3.76
cucumber,66,492.0,59,32,17,21.3,72.3,8.49
upo_smooth,48,266.6,22,21,8,26.1,64.3,6.94
patola,66,343.2,28,16,12,31.3,47.1,2.62
ampalaya_bilog,53,375.4,53,21,11,30.5,76.8,4.03
patola,65,469.8,41,26,15,29.8,65.2,7.32
upo_smooth,70,338.0,35,21,6,25.3,85.4,5.15
patola,54,203.1,22,26,8,26.5,91.1,2.16
patola,57,344.3,39,33,16,28.7,75.5,6.54
patola,55,399.4,41,22,9,22.9,44.5,2.34
cucumber,31,189.4,23,12,9,23.3,55.1,2.76
upo_smooth,86,381.0,31,21,8,26.4,69.7,7.55
cucumber,46,341.2,32,29,14,36.3,52.9,3.64
patola,95,320.4,32,18,8,24.1,63.8,2.47
patola,61,327.3,37,18,13,25.3,63.6,4.82
ampalaya_bilog,59,267.8,32,23,14,27.5,66.5,8.31
upo_smooth,77,483.9,40,18,14,28.3,71.3,13.24
patola,103,431.6,35,20,13,27.5,78.3,3.97
patola,75,414.3,38,15,12,34.8,50.0,3.4
patola,60,381.1,38,25,11,34.1,66.2,3.78
upo_smooth,64,398.3,37,34,16,26.7,75.5,18.32
cucumber,54,311.5,25,28,10,25.9,52.5,4.2
patola,86,410.9,41,14,9,28.6,62.8,3.6
patola,40,387.3,31,26,13,37.0,68.8,2.16
patola,73,484.9,61,23,13,28.5,62.8,5.15
patola,75,402.2,58,22,12,30.8,53.2,4.22
ampalaya_bilog,65,426.8,41,26,13,22.7,50.1,4.45
patola,61,377.5,47,29,14,34.1,84.2,3.93
cucumber,38,158.5,16,12,5,24.4,66.4,2.17
ampalaya_bilog,61,394.9,54,31,13,22.1,65.4,4.41
cucumber,42,378.0,52,21,16,21.2,74.2,7.2
patola,73,339.1,47,19,13,25.8,70.2,5.14
patola,40,327.2,47,31,8,27.0,73.4,2.87
patola,62,302.8,32,27,8,27.0,70.9,3.61
ampalaya_bilog,58,212.6,29,30,9,34.4,50.2,3.04
upo_smooth,77,392.1,53,17,13,19.6,72.8,7.99
ampalaya_bilog,48,386.4,41,16,11,28.3,33.6,2.98
patola,50,249.4,37,20,8,25.5,72.7,3.03
cucumber,45,230.5,32,15,11,24.2,71.3,6.96
upo_smooth,89,445.0,43,26,11,21.4,90.5,5.12
cucumber,56,398.3,49,31,14,22.3,59.6,6.51
upo_smooth,92,365.5,37,12,8,24.2,85.1,5.61
ampalaya_bilog,51,238.7,29,20,16,23.9,68.2,5.48
upo_smooth,51,281.7,39,17,13,22.6,78.2,8.02
ampalaya_bilog,66,371.7,53,26,9,27.9,80.8,3.62
ampalaya_bilog,85,360.2,43,19,11,26.8,61.0,4.68
patola,66,463.9,52,33,12,28.6,63.0,5.58
cucumber,31,121.5,15,10,7,35.9,71.4,1.49
cucumber,51,268.1,31,19,13,26.1,66.9,7.97
patola,72,348.9,37,16,6,18.9,74.4,1.37
cucumber,48,214.4,29,25,9,24.1,78.4,5.21
upo_smooth,83,363.9,45,14,9,36.2,74.0,4.93
upo_smooth,63,354.7,34,21,16,25.2,71.6,14.15
ampalaya_bilog,55,225.3,33,19,15,25.7,50.1,6.43
cucumber,58,247.5,20,27,11,25.1,38.6,4.37
patola,42,398.4,41,17,9,20.9,64.1,2.14
ampalaya_bilog,52,374.0,30,32,13,34.0,52.8,4.54
cucumber,55,337.6,46,18,13,22.0,69.3,7.89
patola,57,390.6,56,16,10,28.7,50.0,3.97
upo_smooth,56,294.9,36,28,11,27.4,71.6,10.46
cucumber,47,389.1,31,33,11,20.8,60.5,7.01
cucumber,32,169.6,17,10,5,34.7,74.4,1.03
patola,104,460.4,41,12,6,29.9,63.7,1.94
patola,75,489.6,39,21,13,34.0,78.8,4.51
patola,63,341.5,41,29,14,25.3,40.9,5.28
upo_smooth,77,318.7,31,15,13,19.6,78.3,8.96
upo_smooth,57,259.2,27,29,9,25.9,72.6,9.21
patola,65,378.4,43,23,13,32.2,73.7,4.03
upo_smooth,62,408.2,57,30,15,27.3,67.2,17.01
upo_smooth,80,460.6,55,27,8,28.9,77.4,7.36
ampalaya_bilog,93,350.6,47,14,12,24.6,71.2,4.03
patola,59,380.9,34,15,11,28.3,62.5,3.93
ampalaya_bilog,52,338.7,41,15,15,26.3,69.0,6.35
patola,100,497.4,54,23,6,28.5,64.3,2.1
upo_smooth,78,301.1,26,19,7,34.1,65.0,3.89
ampalaya_bilog,89,357.9,48,24,14,19.6,70.6,3.22
ampalaya_bilog,88,349.0,45,21,7,26.5,77.0,3.26
upo_smooth,78,361.9,36,16,13,31.4,46.7,8.04
ampalaya_bilog,56,378.2,42,29,17,25.5,48.3,6.63
upo_smooth,107,498.7,65,18,7,25.0,53.2,4.32
ampalaya_bilog,49,258.3,24,25,9,18.0,64.4,2.63
patola,66,370.9,46,29,12,22.2,86.3,3.06
cucumber,49,253.1,23,20,13,30.2,67.8,4.84
upo_smooth,64,384.3,36,29,10,28.6,48.9,9.15
patola,83,447.4,36,12,14,28.1,76.2,3.55
cucumber,45,372.0,55,17,13,21.3,61.3,8.0
upo_smooth,96,477.1,40,18,10,28.0,67.7,7.7
patola,67,453.7,63,30,9,26.3,74.8,3.83
upo_smooth,89,478.5,58,20,8,27.1,78.2,7.51
cucumber,67,465.3,43,15,16,21.4,70.3,5.72
patola,56,302.4,27,25,10,27.0,33.0,2.35
ampalaya_bilog,85,422.7,39,16,12,29.9,30.6,2.74
upo_smooth,71,479.6,60,19,6,36.0,60.6,3.26
patola,46,334.8,32,16,14,31.5,70.3,3.48
ampalaya_bilog,46,238.9,25,33,10,32.8,78.8,3.85
upo_smooth,75,378.3,55,24,8,30.9,69.4,5.92
cucumber,59,394.3,32,18,15,27.8,78.4,8.66
patola,81,483.0,40,16,10,30.4,60.6,4.75
upo_smooth,61,369.6,47,20,12,27.8,75.5,11.59
upo_smooth,48,373.4,34,27,17,21.9,65.0,10.01
upo_smooth,98,469.9,61,26,12,19.1,74.9,8.01
upo_smooth,82,326.9,42,24,12,26.2,42.6,9.6
upo_smooth,70,419.4,34,13,13,36.9,77.3,6.87
ampalaya_bilog,38,181.8,25,14,5,32.3,73.3,1.65
cucumber,69,315.5,29,30,11,25.8,67.6,6.94
patola,42,312.2,39,32,15,29.9,44.8,3.59
ampalaya_bilog,37,152.4,17,14,6,29.7,74.3,2.34
patola,49,386.4,44,31,14,31.6,71.9,4.43
upo_smooth,90,374.9,42,18,10,27.3,76.7,9.16
cucumber,53,258.0,20,29,10,22.3,61.3,5.51
ampalaya_bilog,86,497.4,50,20,10,27.6,89.9,3.61
cucumber,65,467.6,45,25,14,18.6,79.8,6.96
cucumber,74,404.9,35,25,10,24.4,35.7,2.9
patola,63,485.0,40,18,8,36.9,71.6,1.57
patola,42,358.4,49,33,17,29.6,60.3,6.02
patola,56,359.8,47,22,9,23.3,68.9,3.15
cucumber,58,298.4,44,20,15,20.8,56.0,7.68
patola,74,417.9,41,17,6,24.5,53.2,1.6
patola,56,291.2,29,19,13,27.4,56.3,3.82
ampalaya_bilog,52,271.3,26,15,13,37.2,70.3,2.82
upo_smooth,70,482.3,38,24,6,27.2,33.8,3.61
cucumber,55,208.5,19,25,16,30.6,77.4,7.01
cucumber,65,395.3,32,15,10,25.3,62.3,5.41
cucumber,64,474.9,47,21,11,23.5,68.2,7.17
upo_smooth,66,326.4,33,25,16,21.5,68.2,10.62
ampalaya_bilog,51,362.2,48,17,12,24.7,33.3,2.8
patola,71,410.6,59,26,10,22.6,48.1,2.92
patola,55,232.5,26,15,11,22.7,70.1,3.44
cucumber,69,485.8,57,22,14,23.8,71.8,7.12
patola,74,400.4,40,16,6,25.3,65.1,2.59
upo_smooth,71,328.7,30,14,14,28.0,69.4,15.17
cucumber,33,210.8,29,16,6,29.0,65.6,2.02
cucumber,49,366.9,29,23,10,22.6,62.3,6.45
upo_smooth,78,401.4,58,17,9,27.0,58.6,8.11
upo_smooth,68,460.8,51,25,16,27.5,68.4,17.5
ampalaya_bilog,60,412.7,56,17,13,20.9,47.8,3.98
upo_smooth,53,270.8,34,33,14,27.4,77.4,12.61
patola,44,304.2,35,32,16,26.0,65.8,6.32
upo_smooth,50,337.1,48,30,15,25.6,88.9,10.32
upo_smooth,46,377.9,50,15,12,28.5,70.6,7.9
upo_smooth,57,252.5,23,25,8,27.3,57.7,5.8
ampalaya_bilog,72,319.0,43,12,12,25.1,63.5,5.79
cucumber,33,211.5,19,17,6,33.1,62.6,1.19
upo_smooth,67,408.3,55,34,16,28.9,69.3,18.4
ampalaya_bilog,55,272.5,35,26,9,26.7,76.6,5.3
patola,91,499.4,43,23,13,30.4,63.3,5.64
upo_smooth,99,493.4,39,24,10,29.5,73.3,7.1
upo_smooth,68,448.6,54,33,9,26.8,73.3,8.42
upo_smooth,78,338.4,32,12,8,28.2,75.1,7.97
upo_smooth,65,419.0,37,30,10,21.8,51.6,6.44
cucumber,55,285.0,32,27,9,21.5,64.0,5.88
cucumber,31,129.1,14,11,4,29.5,86.7,0.91
ampalaya_bilog,61,396.7,55,26,11,26.0,55.1,4.76
ampalaya_bilog,66,484.5,58,22,15,28.5,76.8,7.32
cucumber,52,399.0,33,24,16,27.4,70.9,8.19
ampalaya_bilog,83,455.5,41,14,6,32.1,63.9,2.31
patola,82,348.9,50,19,14,26.2,67.3,5.86
ampalaya_bilog,96,322.7,38,23,6,29.0,45.9,2.12
patola,73,419.9,43,12,9,18.2,77.9,1.7
patola,56,346.1,32,22,17,29.5,38.5,4.51
ampalaya_bilog,97,460.3,47,25,6,29.0,59.4,2.11
ampalaya_bilog,51,386.7,50,30,10,28.1,36.8,3.62
ampalaya_bilog,78,303.2,29,15,12,34.7,67.8,3.78
cucumber,62,418.1,40,28,17,27.9,79.6,10.25
ampalaya_bilog,46,289.2,39,32,8,36.3,76.6,1.71
ampalaya_bilog,57,368.9,48,25,13,30.1,65.9,4.58
ampalaya_bilog,66,383.7,39,24,12,20.8,64.8,4.25
patola,66,316.0,42,28,16,30.1,65.2,5.93
ampalaya_bilog,78,401.6,54,25,14,31.9,71.3,4.74
patola,72,381.1,56,15,11,26.3,49.7,4.3
ampalaya_bilog,53,389.8,32,29,11,23.3,87.0,3.07
ampalaya_bilog,40,302.5,27,26,9,36.7,75.3,1.61
patola,84,380.7,45,23,14,38.0,71.6,2.41
patola,67,395.6,41,17,17,37.8,70.9,3.1
upo_smooth,86,415.0,58,20,8,32.3,45.8,4.13
patola,64,409.3,35,30,10,26.5,74.2,4.74
patola,59,259.5,24,17,17,25.0,67.6,6.14
patola,59,263.1,30,18,12,18.5,75.6,2.32
upo_smooth,57,286.5,36,24,11,26.1,73.4,11.7
cucumber,63,443.6,56,26,17,23.9,94.6,6.07
upo_smooth,80,391.3,40,27,6,27.0,83.1,4.34
patola,89,421.5,52,13,10,27.8,40.3,2.69
cucumber,47,255.8,28,31,16,24.4,71.4,9.68
upo_smooth,75,450.3,46,12,6,27.4,92.3,3.18
patola,55,355.9,34,25,11,25.6,72.3,4.22
cucumber,60,412.3,55,31,8,26.0,69.6,3.96
cucumber,59,218.5,28,31,8,22.6,80.7,4.01
upo_smooth,76,333.4,30,15,12,29.0,70.9,11.07
upo_smooth,99,405.6,55,15,7,32.1,80.8,3.29
patola,47,329.7,46,27,14,28.6,66.7,5.5
upo_smooth,104,441.7,62,16,9,37.3,60.6,3.63
patola,45,264.3,35,34,8,23.1,75.6,2.24
cucumber,61,322.6,40,16,9,26.8,79.5,5.42
upo_smooth,46,256.5,31,17,12,25.1,67.8,9.78
cucumber,65,384.4,45,15,10,31.5,91.7,2.7
upo_smooth,66,373.4,42,31,12,28.5,78.5,12.44
cucumber,35,127.4,12,11,7,27.6,64.0,3.19
upo_smooth,69,420.5,46,15,10,25.8,73.8,9.56
ampalaya_bilog,64,436.3,54,29,17,28.1,60.2,7.87
cucumber,55,385.6,47,22,14,30.4,34.4,3.26
ampalaya_bilog,62,420.7,44,27,9,28.1,71.7,4.87
ampalaya_bilog,54,247.1,30,33,11,31.7,74.3,4.82
upo_smooth,62,407.3,40,22,11,25.2,88.5,8.68
patola,89,396.4,44,24,7,29.0,74.2,2.5
patola,75,392.5,48,26,8,26.9,73.9,3.46
ampalaya_bilog,59,333.9,30,23,13,23.1,67.6,5.25
upo_smooth,57,229.7,18,27,13,35.7,67.4,5.88
upo_smooth,71,311.8,36,12,6,24.1,88.2,4.48
cucumber,56,346.3,41,28,9,24.4,37.5,3.01
cucumber,86,317.2,46,13,12,26.1,67.9,5.54
upo_smooth,56,295.1,28,20,8,25.6,68.3,8.23
patola,57,251.0,28,17,12,19.4,90.9,1.37
cucumber,54,338.8,41,31,16,21.6,75.7,10.17
patola,52,334.2,35,22,13,29.8,55.2,4.73
cucumber,44,207.0,26,34,11,34.2,76.6,3.23
patola,82,353.4,33,12,9,19.4,73.9,1.93
ampalaya_bilog,57,307.8,30,22,12,27.3,83.8,5.03
upo_smooth,60,446.1,66,24,14,24.7,38.4,7.64
ampalaya_bilog,56,223.5,20,22,15,30.8,79.9,5.47
patola,70,347.8,40,22,10,25.1,63.0,4.88
upo_smooth,65,308.9,32,24,10,26.5,64.8,10.41
cucumber,57,329.0,43,31,14,31.9,71.3,5.52
ampalaya_bilog,62,481.2,43,16,8,28.3,81.1,3.18
ampalaya_bilog,64,425.6,36,32,17,26.4,78.6,8.03
ampalaya_bilog,49,206.9,23,18,9,27.2,34.8,2.8
ampalaya_bilog,51,285.0,40,25,9,28.5,76.4,4.92
patola,97,353.5,41,27,13,29.3,65.0,4.6
upo_smooth,95,465.4,42,17,12,25.4,42.1,7.91
upo_smooth,73,393.5,35,19,7,18.6,63.4,3.02
patola,68,387.1,38,25,8,26.5,77.1,3.26
cucumber,47,332.9,28,17,10,35.9,57.1,2.4
patola,66,408.3,46,24,8,27.6,83.6,2.72
cucumber,48,336.3,27,32,15,22.3,61.0,9.13
upo_smooth,68,481.2,61,19,11,33.8,78.7,9.08
upo_smooth,62,426.1,62,30,13,26.3,84.5,12.4
upo_smooth,50,333.2,40,29,10,35.2,31.7,2.64
upo_smooth,68,416.2,41,29,13,28.5,77.4,14.7
upo_smooth,80,408.8,58,24,6,28.1,73.8,5.53
cucumber,74,481.9,42,22,7,21.0,56.1,3.17
patola,67,457.0,57,24,13,19.1,63.3,2.55
upo_smooth,65,488.3,52,29,12,34.7,70.6,5.56
ampalaya_bilog,55,215.4,23,28,10,28.9,94.3,3.03
cucumber,57,293.2,39,18,16,33.0,61.9,6.85
patola,78,457.1,68,14,9,25.3,78.0,4.21
cucumber,56,272.2,40,15,11,25.6,51.6,5.53
upo_smooth,80,497.1,64,19,6,37.7,63.6,2.61
ampalaya_bilog,70,386.3,53,25,10,18.1,78.2,2.82
cucumber,47,332.2,27,29,12,37.4,79.4,3.28
ampalaya_bilog,69,350.2,44,28,13,34.8,72.4,4.75
cucumber,51,276.7,40,19,9,32.3,40.3,3.6
upo_smooth,71,385.8,56,14,6,35.9,63.2,3.19
patola,104,334.7,29,12,10,37.2,62.4,1.54
ampalaya_bilog,66,409.4,51,29,10,34.4,78.2,3.36
upo_smooth,48,336.5,30,17,15,25.6,60.2,10.83
patola,52,306.4,38,28,8,30.2,71.7,3.41
ampalaya_bilog,69,315.8,27,23,9,27.4,78.6,4.74
cucumber,65,312.7,28,18,14,26.5,71.3,7.8
ampalaya_bilog,53,396.1,41,24,9,28.9,75.2,4.2
upo_smooth,52,208.4,17,19,8,27.3,68.7,7.9
cucumber,55,263.5,26,33,15,22.0,64.9,7.68
cucumber,52,288.5,35,25,11,22.0,74.1,6.99
cucumber,56,325.9,27,34,8,29.4,72.8,3.66
cucumber,67,329.2,46,30,15,27.0,69.4,9.62
cucumber,45,377.3,43,31,15,22.9,65.2,8.86
patola,94,474.4,39,23,10,36.2,62.8,1.82
cucumber,62,427.8,35,25,9,21.7,55.4,3.77
patola,74,369.3,55,17,11,30.8,71.4,4.78
patola,52,299.5,41,24,12,33.3,70.7,3.56
patola,94,447.3,57,27,12,31.9,49.3,2.58
patola,42,295.7,28,22,10,19.0,67.1,1.87
ampalaya_bilog,63,361.5,49,25,11,32.3,68.3,3.82
upo_smooth,108,309.6,41,20,10,24.4,77.3,6.97
upo_smooth,75,376.6,45,19,12,26.0,72.0,13.86
patola,85,477.1,59,15,13,22.4,75.8,3.97
cucumber,48,208.6,16,24,12,27.9,75.8,6.35
cucumber,54,251.5,29,30,12,26.9,68.9,7.03
cucumber,40,360.4,52,31,8,27.1,75.9,4.55
upo_smooth,76,379.8,51,27,11,28.7,94.2,6.67
upo_smooth,55,207.1,30,27,12,20.5,79.7,7.7
upo_smooth,79,462.8,44,12,9,25.5,49.2,6.62
upo_smooth,70,448.6,53,16,12,33.4,94.4,4.91
upo_smooth,55,209.7,26,30,17,26.0,82.4,13.55
upo_smooth,92,446.7,49,14,8,25.8,79.2,8.35
upo_smooth,84,315.9,35,24,6,29.9,48.6,3.41
cucumber,93,301.9,26,26,6,22.0,70.6,3.1
upo_smooth,78,344.2,28,27,14,24.1,84.0,10.41
patola,75,365.7,46,25,7,29.0,80.8,2.63
patola,75,479.3,53,22,10,25.9,35.9,2.73
patola,74,431.7,35,19,8,25.1,60.3,3.6
upo_smooth,71,473.0,40,22,8,26.9,67.6,7.65
patola,57,350.5,49,34,11,26.4,39.1,2.71
ampalaya_bilog,65,411.7,58,22,14,24.4,70.0,4.99
ampalaya_bilog,66,312.5,43,15,10,24.3,67.2,3.64
ampalaya_bilog,54,220.4,24,32,15,30.3,62.3,5.07
upo_smooth,65,342.0,39,16,15,20.2,80.2,8.54
cucumber,54,263.3,34,15,8,28.4,70.3,3.73
cucumber,50,351.3,49,20,16,20.2,74.6,8.21
ampalaya_bilog,61,384.9,35,23,13,27.2,74.2,7.06
upo_smooth,65,401.4,46,27,9,27.1,45.6,7.39
ampalaya_bilog,60,474.3,71,27,12,26.3,67.3,7.04
ampalaya_bilog,43,289.5,25,34,13,27.5,35.0,3.31
upo_smooth,63,456.7,49,34,11,21.2,75.8,9.0
patola,57,333.3,45,20,16,27.9,69.7,6.64
upo_smooth,65,446.6,39,20,10,27.8,73.1,8.64
upo_smooth,78,426.6,41,15,10,23.0,72.3,8.62
ampalaya_bilog,69,363.2,37,27,9,19.9,74.6,2.22
cucumber,31,106.6,13,15,4,19.5,69.8,1.03
upo_smooth,67,370.0,35,34,9,25.0,64.9,9.51
cucumber,63,411.4,42,29,8,24.8,72.2,4.24
patola,60,415.3,50,32,11,29.5,69.5,4.41
cucumber,51,255.7,31,25,8,27.8,65.7,4.21
upo_smooth,70,386.3,48,27,7,25.0,92.7,4.29
upo_smooth,60,390.6,52,23,9,22.8,39.3,3.95
patola,57,229.8,19,21,14,23.5,64.2,3.95
upo_smooth,46,383.6,55,24,9,29.7,60.1,4.78
ampalaya_bilog,68,433.8,49,23,11,29.5,69.4,5.83
ampalaya_bilog,68,315.3,28,16,12,25.6,86.7,4.84
cucumber,48,284.8,38,23,8,21.0,57.2,3.35
upo_smooth,69,367.9,44,29,15,24.3,75.4,14.69
upo_smooth,79,306.2,44,14,13,32.2,73.3,10.49
cucumber,52,235.2,34,20,11,26.8,62.9,6.71
cucumber,85,329.1,37,26,10,25.2,33.2,2.66
cucumber,63,312.4,28,17,13,27.2,78.6,6.8
ampalaya_bilog,61,307.6,40,25,8,27.3,79.4,4.74
upo_smooth,92,338.0,43,12,10,26.2,59.8,6.47
patola,74,376.4,44,20,7,26.8,74.9,2.69
upo_smooth,80,405.1,48,18,10,27.0,57.9,9.58
cucumber,63,493.6,54,23,10,29.9,67.9,4.61
ampalaya_bilog,53,262.8,29,19,14,29.8,38.9,4.12
patola,48,325.6,27,34,9,28.7,63.5,3.08
ampalaya_bilog,56,295.1,35,28,9,28.8,78.9,4.83
upo_smooth,97,490.4,64,23,8,21.6,50.3,3.86
upo_smooth,60,497.0,60,25,11,22.9,62.4,9.02
ampalaya_bilog,52,378.9,30,33,9,37.1,70.3,2.33
cucumber,38,223.6,24,16,4,20.6,61.8,2.13
upo_smooth,57,220.6,22,32,13,25.0,71.8,11.9
patola,70,357.9,33,24,14,26.9,83.0,5.78
ampalaya_bilog,59,345.0,50,20,8,32.1,42.6,2.4
cucumber,61,468.6,38,19,13,19.7,70.4,5.24
patola,98,372.1,38,12,6,28.3,76.6,2.13
cucumber,34,247.1,29,16,7,18.6,74.4,2.04
cucumber,54,386.3,41,33,14,36.8,72.8,4.15
patola,40,206.3,27,33,11,26.4,63.4,3.66
ampalaya_bilog,61,396.8,56,33,8,34.5,43.1,2.82
patola,40,398.2,41,20,10,22.2,73.4,2.65
cucumber,85,359.0,30,16,10,34.6,78.8,2.24
cucumber,61,321.4,33,27,9,32.8,94.0,2.33
ampalaya_bilog,70,391.0,39,15,12,27.7,47.3,5.06
ampalaya_bilog,48,284.8,35,15,16,23.6,63.2,4.71
patola,58,399.8,53,17,14,28.3,60.7,6.54
ampalaya_bilog,65,414.8,44,15,13,28.9,60.8,6.61
patola,55,250.6,24,27,17,30.5,94.5,4.82
patola,44,202.4,26,27,15,20.9,79.9,3.51
upo_smooth,63,307.7,33,28,12,24.7,76.2,12.81
ampalaya_bilog,53,325.8,40,32,15,31.1,71.9,5.85
patola,55,304.3,26,17,11,26.4,30.8,3.0
patola,65,417.1,37,18,13,29.1,74.8,6.02
patola,44,368.7,31,31,13,20.6,77.7,3.31
upo_smooth,45,395.8,48,29,12,28.0,74.0,7.82
patola,59,289.9,39,21,17,25.4,87.7,6.31
cucumber,56,275.6,27,20,11,23.9,75.8,7.07
patola,43,285.3,28,23,8,27.7,71.4,2.79
upo_smooth,71,401.5,50,24,12,26.3,60.4,11.95
patola,74,369.7,38,17,14,37.5,37.2,1.7
upo_smooth,63,397.7,49,17,9,28.9,72.0,8.42
cucumber,34,151.7,20,17,7,37.4,67.1,1.66
cucumber,92,484.8,60,12,11,29.6,49.1,2.63
patola,71,464.4,38,12,12,27.6,63.5,4.37
patola,62,348.3,48,24,11,29.3,60.1,5.39
cucumber,57,345.9,37,22,8,26.6,79.3,4.48
upo_smooth,63,387.6,52,26,14,25.7,35.7,9.57
cucumber,51,349.0,50,25,17,22.8,66.0,9.49
upo_smooth,47,316.1,28,24,17,28.3,71.4,14.16
ampalaya_bilog,56,201.2,20,22,11,25.8,64.8,5.52
ampalaya_bilog,72,490.9,70,12,9,30.2,76.7,3.29
ampalaya_bilog,59,237.7,24,33,15,27.5,74.1,8.54
cucumber,33,102.8,9,12,4,21.6,66.0,1.56
upo_smooth,47,332.3,30,29,15,28.6,65.3,10.36
ampalaya_bilog,74,475.8,63,26,7,31.8,81.8,2.09
ampalaya_bilog,89,308.0,32,25,12,25.3,69.4,5.99
cucumber,84,350.5,44,22,10,36.2,65.8,2.36
upo_smooth,106,428.7,61,16,11,32.4,67.6,5.51
patola,67,324.9,30,25,15,29.5,42.9,4.86
upo_smooth,63,419.3,46,24,14,25.5,73.4,12.95
upo_smooth,94,457.1,65,15,11,28.9,64.6,9.08
ampalaya_bilog,65,359.2,46,16,16,32.6,74.4,6.27
ampalaya_bilog,88,484.5,64,21,7,30.5,61.8,2.36
cucumber,64,353.8,42,28,13,33.8,79.5,3.47
patola,75,344.6,43,25,7,36.4,78.0,1.73
cucumber,94,461.4,41,12,6,25.6,77.1,2.98
cucumber,36,120.6,14,15,4,26.0,64.7,1.96
patola,66,361.3,34,29,15,30.7,78.3,7.02
cucumber,50,344.3,47,23,13,23.6,75.2,7.52
patola,45,372.1,32,26,14,22.4,77.9,3.82
ampalaya_bilog,66,400.7,54,23,12,32.1,65.2,5.24
cucumber,92,454.7,41,18,9,25.2,75.9,3.55
upo_smooth,59,316.8,33,28,11,26.4,69.7,12.47
patola,61,351.5,33,19,12,20.5,70.3,4.03
upo_smooth,98,441.9,42,18,6,25.6,78.0,5.59
patola,74,304.6,29,18,12,35.0,68.4,4.0
patola,57,352.8,35,19,12,26.3,60.5,5.06
upo_smooth,97,348.4,51,26,10,36.0,64.9,4.71
ampalaya_bilog,39,192.0,25,13,7,24.0,74.4,2.21
upo_smooth,102,414.9,42,20,8,24.3,75.0,5.72
cucumber,62,340.1,36,24,15,30.4,59.3,5.13
ampalaya_bilog,62,305.3,40,27,13,31.5,67.0,4.52
upo_smooth,73,327.4,42,14,12,27.2,66.3,10.94
ampalaya_bilog,49,250.4,34,16,16,26.5,68.6,8.93
cucumber,49,395.3,37,33,13,29.6,40.1,4.18
upo_smooth,78,399.4,40,24,7,34.4,79.5,4.07
upo_smooth,71,367.6,38,12,7,28.9,63.3,8.11
patola,75,335.2,31,13,10,24.1,76.7,2.92
upo_smooth,80,353.9,30,18,8,28.0,79.1,7.26
patola,75,434.6,60,23,8,25.7,70.4,3.06
upo_smooth,106,357.1,36,19,6,24.3,82.2,4.17
ampalaya_bilog,76,398.8,49,13,12,28.5,71.9,4.86
patola,83,312.5,33,22,9,26.1,64.5,3.28
patola,69,446.4,59,29,10,29.0,60.0,4.03
ampalaya_bilog,56,241.1,28,31,13,19.2,71.2,3.55
upo_smooth,66,336.9,44,19,14,24.5,65.7,14.09
patola,54,395.6,58,15,13,26.7,68.9,5.64
patola,74,355.0,44,20,9,28.3,76.2,3.43
patola,73,387.3,41,15,6,24.5,91.6,1.21
ampalaya_bilog,35,215.1,30,12,9,23.9,68.7,2.27
cucumber,42,395.1,57,27,10,32.0,74.0,4.2
ampalaya_bilog,60,460.2,56,18,12,33.4,66.1,5.36
ampalaya_bilog,55,268.6,25,18,15,22.1,62.4,5.79
patola,41,316.8,26,33,10,31.2,78.6,2.18
patola,53,362.0,31,28,17,29.4,64.1,6.47
upo_smooth,77,489.5,67,27,7,24.1,71.9,6.41
ampalaya_bilog,68,498.9,41,18,16,29.4,32.4,4.72
patola,72,392.8,52,21,6,24.1,61.8,2.09
ampalaya_bilog,50,374.8,53,15,16,25.2,86.2,4.97
patola,73,302.4,27,24,10,28.7,53.0,3.55
patola,73,461.4,60,21,8,29.3,37.5,1.92
patola,59,370.5,39,33,16,26.8,31.9,4.57
cucumber,53,243.4,33,15,8,26.1,67.7,4.12
patola,53,357.8,42,31,10,26.4,75.0,4.52
ampalaya_bilog,63,320.8,41,26,10,25.4,42.5,4.08
patola,70,469.2,56,26,9,29.7,66.1,4.04
patola,71,332.7,28,24,14,26.0,67.9,5.85
ampalaya_bilog,35,118.3,13,13,6,26.8,88.6,1.63
upo_smooth,83,430.4,48,26,13,27.5,71.8,12.22
patola,63,423.6,53,17,15,26.7,88.6,5.62
cucumber,77,472.1,48,15,6,25.2,69.8,2.95
cucumber,55,249.2,33,31,17,31.4,72.2,7.05
ampalaya_bilog,62,490.5,69,20,9,25.0,71.1,4.72
cucumber,57,270.1,39,34,10,32.9,73.7,4.03
cucumber,47,263.8,25,22,15,23.8,67.6,9.06
upo_smooth,67,376.7,33,19,9,20.7,66.9,6.28
cucumber,63,385.2,54,27,17,25.8,60.5,10.82
ampalaya_bilog,50,257.4,25,22,9,30.3,67.8,3.95
cucumber,48,391.7,52,23,9,25.4,93.7,2.82
patola,77,399.2,35,13,13,26.0,69.8,5.45
upo_smooth,54,293.5,43,32,11,27.0,30.6,5.92
cucumber,56,302.7,26,26,12,26.8,74.0,7.56
patola,51,332.0,27,24,15,30.2,92.3,3.44
cucumber,45,260.5,37,32,14,21.7,59.5,5.95
cucumber,46,273.9,23,30,11,24.9,87.7,5.8
cucumber,37,102.2,12,14,4,25.2,88.0,1.74
upo_smooth,84,397.7,47,23,14,22.5,62.0,10.76
upo_smooth,54,245.2,35,18,15,32.5,72.3,8.93
cucumber,51,330.0,31,20,12,20.0,67.7,6.95
ampalaya_bilog,51,307.6,36,27,11,21.8,71.5,4.54
patola,55,226.3,29,23,9,20.1,72.1,3.31
patola,101,335.8,39,27,14,27.3,69.6,5.3
patola,64,417.8,57,23,15,28.5,37.6,3.8
patola,52,214.4,19,16,9,29.4,68.7,4.17
ampalaya_bilog,50,299.4,37,15,16,26.7,68.8,5.84
patola,64,409.5,37,30,17,27.6,65.7,8.04
patola,46,235.3,21,27,17,28.5,76.2,6.94
ampalaya_bilog,56,326.4,31,33,9,18.3,66.7,2.31
ampalaya_bilog,58,376.0,31,19,16,26.1,77.2,7.93
patola,67,427.0,60,33,14,35.6,62.5,4.38
upo_smooth,72,426.8,46,26,10,19.2,41.5,6.34
ampalaya_bilog,47,343.8,41,28,17,27.7,74.2,7.72
patola,59,321.1,31,27,16,32.7,70.5,5.52
cucumber,55,320.6,38,32,15,19.2,66.4,6.83
ampalaya_bilog,52,342.0,38,25,17,22.3,42.8,4.77
ampalaya_bilog,97,456.0,37,19,6,29.9,70.0,2.54
ampalaya_bilog,66,360.5,50,32,15,28.5,74.4,7.43
patola,87,415.5,35,15,12,29.4,33.7,2.47
upo_smooth,56,223.1,22,15,10,24.2,69.4,8.27
cucumber,72,327.9,38,15,14,21.1,38.9,4.45
cucumber,36,124.9,11,12,7,22.5,73.8,2.84
patola,68,467.8,48,17,14,27.5,47.7,4.08
cucumber,66,308.8,27,23,11,20.9,89.2,5.65
upo_smooth,79,441.7,59,23,6,25.7,66.9,6.61
ampalaya_bilog,59,357.2,40,33,12,28.9,66.0,5.66
patola,61,479.9,68,17,10,29.7,63.4,4.47
cucumber,46,373.2,48,23,17,36.6,69.1,4.72
patola,62,431.1,62,26,15,35.2,67.3,4.86
cucumber,69,310.2,44,25,13,35.6,57.7,2.66
upo_smooth,100,392.5,42,19,12,26.7,67.1,10.57
cucumber,52,203.0,18,29,12,20.2,43.1,5.04
ampalaya_bilog,99,428.3,58,12,14,27.4,44.6,3.22
cucumber,81,475.8,64,23,12,27.6,67.0,6.1
patola,40,260.9,34,32,8,28.9,63.1,2.57
patola,72,457.6,48,17,14,26.5,82.1,4.16
cucumber,75,457.8,59,25,6,24.4,74.2,3.16
upo_smooth,60,457.2,45,29,14,28.5,79.8,12.1
upo_smooth,76,318.8,37,19,7,24.8,60.7,7.93
patola,59,292.2,34,24,16,30.3,73.9,6.09
cucumber,38,164.4,23,9,4,36.8,44.4,0.73
upo_smooth,101,442.2,58,14,9,18.5,63.1,3.85
ampalaya_bilog,65,314.2,38,20,13,36.5,71.7,3.29
patola,52,345.8,38,15,10,27.7,79.7,4.56
ampalaya_bilog,38,162.1,18,12,9,29.8,71.0,3.47
cucumber,48,319.3,32,18,9,26.5,65.3,4.77
ampalaya_bilog,63,458.9,45,17,11,19.8,65.2,3.29
patola,55,202.3,25,20,17,27.2,66.4,7.69
patola,42,215.2,25,16,13,24.6,78.6,3.05
upo_smooth,71,407.5,37,12,9,24.8,64.1,9.23
ampalaya_bilog,62,468.4,37,27,11,28.3,66.3,4.93
patola,54,336.9,35,16,9,28.0,77.2,3.5
upo_smooth,107,390.6,52,25,12,30.5,46.5,6.46
upo_smooth,65,445.9,52,23,14,25.1,85.1,11.31
patola,99,445.9,59,17,10,33.7,34.2,1.38
patola,86,399.8,36,17,11,29.0,71.9,4.14
cucumber,46,376.2,38,19,15,21.9,79.3,7.63
upo_smooth,61,426.7,37,28,17,22.7,53.0,11.97
cucumber,61,460.2,49,19,11,24.5,75.4,6.43
cucumber,92,446.6,39,21,14,25.0,67.8,7.23
upo_smooth,101,487.7,68,25,6,30.1,61.1,4.0
upo_smooth,51,255.6,37,34,17,30.3,36.1,7.22
upo_smooth,72,373.6,39,22,14,32.1,66.6,11.47
patola,63,389.7,44,31,14,30.4,34.9,3.32
cucumber,53,287.0,36,34,14,23.2,75.1,7.79
patola,58,259.6,37,29,11,25.8,59.4,3.63
upo_smooth,77,446.8,51,17,11,19.2,36.3,5.11
patola,94,468.6,38,14,13,26.3,52.8,3.91
cucumber,61,365.6,50,19,11,29.5,64.9,5.15
cucumber,74,420.5,46,22,6,28.8,71.4,2.17
patola,98,318.0,27,15,9,25.0,69.7,3.67
patola,96,408.9,43,18,13,25.5,69.9,4.13
patola,80,351.4,49,22,13,28.8,54.9,4.9
upo_smooth,92,445.2,58,24,10,34.7,68.0,5.12
cucumber,89,435.4,55,16,6,24.0,47.6,2.1
patola,64,337.5,37,31,16,25.9,65.2,7.22
upo_smooth,85,311.6,40,23,9,28.6,73.1,7.54
ampalaya_bilog,75,497.7,56,12,8,25.8,79.8,3.73
upo_smooth,76,470.6,48,21,9,27.7,73.9,7.8
cucumber,43,203.2,17,32,16,26.2,62.2,9.14
patola,60,414.9,56,26,10,26.4,55.9,3.39
cucumber,58,260.7,26,30,12,26.0,64.1,7.86
patola,77,325.8,47,17,12,28.2,62.3,4.72
ampalaya_bilog,66,303.1,31,16,10,25.5,80.0,4.44
patola,66,404.8,43,18,14,25.3,66.6,6.44
ampalaya_bilog,81,434.6,49,27,8,27.2,79.1,3.47
ampalaya_bilog,48,338.9,46,31,14,28.2,92.9,4.71
upo_smooth,75,316.7,26,16,8,29.4,73.1,5.47
ampalaya_bilog,85,312.6,38,15,11,33.7,70.2,3.73
upo_smooth,56,313.3,44,21,10,30.0,63.0,6.41
ampalaya_bilog,48,281.3,28,27,12,29.6,33.7,3.69
patola,48,289.4,39,15,8,29.1,77.5,3.03
ampalaya_bilog,71,308.2,39,27,7,29.9,69.8,3.4
ampalaya_bilog,54,224.1,21,22,15,31.8,73.7,4.74
cucumber,77,480.2,56,17,12,24.5,63.5,5.19
patola,57,256.0,38,23,8,25.9,61.9,3.14
ampalaya_bilog,65,309.6,28,18,9,27.2,44.7,3.66
ampalaya_bilog,37,124.3,10,14,5,27.9,68.1,1.77
cucumber,51,339.1,31,22,12,27.3,36.0,4.5
cucumber,64,379.7,32,31,12,29.5,89.5,4.76
ampalaya_bilog,38,195.4,21,16,9,21.1,47.3,2.27
cucumber,47,368.0,30,27,13,25.2,75.3,6.65
cucumber,60,446.0,59,19,13,35.4,66.3,3.99
cucumber,58,294.7,28,32,9,21.2,70.8,5.41
ampalaya_bilog,59,281.5,38,28,11,35.9,54.6,2.14
ampalaya_bilog,47,263.8,35,19,17,20.3,64.1,5.4
ampalaya_bilog,40,309.3,28,34,15,35.9,78.4,2.74
patola,52,340.2,39,17,11,38.0,75.9,2.6
patola,54,317.3,44,32,16,31.0,36.0,2.93
patola,56,291.0,24,32,9,27.6,75.7,3.88
upo_smooth,98,406.5,33,26,13,28.7,73.8,12.37
cucumber,60,464.2,58,17,10,18.9,44.8,3.58
upo_smooth,52,228.2,28,18,12,24.1,70.7,10.49
ampalaya_bilog,91,450.3,42,23,8,29.2,37.7,1.96
patola,70,380.5,48,27,13,29.9,63.5,5.59
ampalaya_bilog,61,302.0,27,30,12,29.8,50.2,4.72
cucumber,61,313.4,37,23,10,20.6,31.6,3.12
patola,74,315.3,35,17,13,30.2,49.3,4.03
cucumber,30,215.2,30,12,4,21.3,66.2,1.49
ampalaya_bilog,69,346.0,27,29,9,26.2,69.5,4.05
upo_smooth,72,388.1,41,12,10,28.2,76.9,10.95
patola,96,332.6,39,20,9,19.2,43.3,1.36
ampalaya_bilog,59,216.0,28,17,8,26.2,61.7,4.08
ampalaya_bilog,54,278.8,34,15,15,28.3,76.6,6.71
patola,43,215.4,24,21,14,27.4,35.8,2.99
cucumber,55,299.0,41,28,12,37.3,67.8,3.86
cucumber,30,144.1,21,14,5,25.1,63.7,2.02
upo_smooth,109,432.6,56,16,6,31.5,33.8,2.34
cucumber,45,248.3,26,32,15,26.7,72.7,9.88
cucumber,61,461.4,60,21,11,25.5,63.1,6.61
patola,58,263.4,25,22,13,30.9,44.2,4.86
ampalaya_bilog,50,259.9,22,20,16,25.4,79.6,8.24
upo_smooth,58,315.7,26,30,8,23.6,59.3,5.44
upo_smooth,100,354.1,43,26,13,28.1,65.0,12.68
ampalaya_bilog,59,385.0,40,17,15,26.3,85.8,5.97
patola,75,422.0,55,14,12,21.9,55.6,3.24
cucumber,64,456.2,52,21,10,23.9,69.1,6.28
patola,53,328.0,31,32,15,28.2,76.6,6.74
ampalaya_bilog,65,399.9,48,17,11,38.0,87.3,2.3
cucumber,36,121.4,10,17,4,27.4,52.3,1.74
upo_smooth,46,391.9,34,24,8,25.3,55.9,5.35
patola,73,469.9,67,13,11,20.7,61.8,3.01
ampalaya_bilog,51,292.0,24,34,8,37.7,62.8,1.85
patola,49,214.3,21,16,16,30.4,43.5,4.24
upo_smooth,73,402.3,32,13,9,36.3,67.4,3.98
patola,60,346.1,39,24,11,20.2,68.6,3.55
cucumber,48,227.6,31,21,11,29.9,75.3,4.95
cucumber,71,471.8,55,19,12,33.9,71.7,3.49
patola,60,427.9,48,16,14,35.3,67.3,4.26
upo_smooth,64,398.1,55,31,8,27.3,73.2,7.25
ampalaya_bilog,48,216.7,28,21,15,27.4,54.9,5.79
upo_smooth,78,359.1,46,12,7,27.3,72.0,8.09
upo_smooth,78,477.5,46,25,7,26.8,32.0,4.05
ampalaya_bilog,69,310.3,38,19,9,25.5,73.8,4.55
patola,43,367.6,33,21,12,35.9,73.7,2.67
patola,59,392.6,48,33,14,21.2,42.8,3.24
cucumber,64,488.5,58,18,14,23.2,77.9,7.73
patola,100,490.4,56,21,11,34.5,74.7,3.11
ampalaya_bilog,65,493.3,59,32,14,29.3,77.4,6.85
upo_smooth,78,428.5,51,16,11,25.0,49.9,9.78
ampalaya_bilog,50,206.7,21,29,16,29.0,85.7,6.1
ampalaya_bilog,57,336.9,39,28,10,27.0,72.5,5.21
ampalaya_bilog,68,433.1,37,27,9,24.0,72.0,3.17
cucumber,62,367.3,36,20,13,35.6,65.3,3.47
ampalaya_bilog,53,245.5,25,24,12,25.7,63.1,6.65
cucumber,30,118.1,14,13,8,25.5,75.6,3.2
ampalaya_bilog,53,370.5,43,30,11,28.6,71.8,5.2
patola,94,373.3,32,22,10,29.5,89.0,3.09
cucumber,47,236.3,23,31,9,26.9,49.6,4.5
ampalaya_bilog,52,212.0,17,34,9,29.2,62.6,4.69
patola,70,300.9,42,16,6,28.3,39.4,1.4
cucumber,52,275.4,26,21,14,21.1,68.4,9.0
ampalaya_bilog,73,481.9,44,24,7,26.2,42.9,3.2
patola,60,441.5,35,27,17,36.4,76.9,3.28
upo_smooth,94,327.2,44,21,14,32.3,75.4,8.26
ampalaya_bilog,99,329.8,41,24,10,36.8,53.7,1.63
ampalaya_bilog,56,387.3,34,21,9,35.5,73.2,2.57
patola,41,277.7,41,16,13,31.8,32.1,1.56
cucumber,81,467.0,44,18,11,24.7,68.4,5.67
ampalaya_bilog,55,362.6,29,28,10,27.7,70.4,5.03
patola,93,323.0,30,18,10,26.7,57.1,2.61
cucumber,33,100.4,13,10,9,24.7,68.1,4.05
ampalaya_bilog,48,373.8,43,30,9,26.9,78.6,5.01
ampalaya_bilog,67,445.1,63,24,12,29.8,61.0,7.19
patola,51,337.8,50,33,13,28.6,72.0,5.06
upo_smooth,72,351.2,34,21,11,26.9,72.8,10.46
ampalaya_bilog,64,303.1,40,22,12,25.6,63.5,7.12
patola,58,244.8,29,32,16,18.9,88.4,2.49
upo_smooth,69,367.4,48,23,15,29.6,42.7,8.47
ampalaya_bilog,74,472.2,64,13,13,26.3,58.1,5.63
patola,57,222.5,29,34,17,28.7,77.3,6.3
cucumber,68,497.3,54,15,12,35.8,89.1,2.79
ampalaya_bilog,56,214.6,22,29,8,24.7,63.8,3.54
cucumber,44,222.5,18,17,10,35.2,77.5,2.53
patola,42,276.9,24,33,12,25.0,46.7,2.15
cucumber,69,352.4,36,30,15,27.8,40.6,6.17
cucumber,40,393.5,35,25,13,24.4,51.4,5.23
cucumber,45,263.0,34,26,8,35.8,64.9,2.41
ampalaya_bilog,64,450.6,56,26,13,22.7,63.1,5.23
upo_smooth,98,424.3,36,18,8,26.5,78.3,7.14
cucumber,61,375.4,52,20,16,27.5,56.8,7.45
upo_smooth,69,315.1,35,34,15,33.6,75.9,12.3
cucumber,79,349.5,32,17,9,22.0,67.0,5.04
ampalaya_bilog,59,386.1,37,30,16,26.9,64.5,9.32
cucumber,50,229.9,34,32,17,23.9,72.0,9.06
ampalaya_bilog,93,430.6,60,16,7,29.5,73.6,2.96
cucumber,65,335.7,46,28,14,23.1,64.2,8.38
patola,49,388.9,46,25,13,37.9,54.6,1.9
patola,55,251.6,24,22,9,30.3,44.6,2.99
cucumber,57,372.2,46,25,16,21.8,54.3,7.95
cucumber,62,414.4,46,23,14,29.3,66.1,6.39
patola,45,278.2,36,21,9,30.3,76.7,3.08
upo_smooth,101,474.2,52,15,8,26.7,80.3,6.07
ampalaya_bilog,37,176.9,17,9,5,28.9,61.2,2.2
patola,67,466.5,66,23,8,33.7,71.9,2.68
patola,67,413.8,44,20,17,25.9,78.4,7.16
ampalaya_bilog,42,354.6,36,19,12,37.2,85.6,2.24
cucumber,70,302.4,28,19,6,21.0,43.3,2.63
cucumber,71,364.6,43,21,7,25.9,41.6,3.34
upo_smooth,75,306.9,33,26,8,24.3,85.2,6.41
upo_smooth,67,437.7,45,27,8,27.5,73.4,8.92
cucumber,50,235.4,21,25,11,22.4,65.7,6.96
cucumber,60,300.3,32,16,12,35.0,71.3,2.87
cucumber,49,239.9,23,21,14,22.2,73.8,7.65
upo_smooth,71,410.7,41,14,12,25.1,71.7,12.12
patola,51,222.4,31,19,14,28.9,72.7,4.63
cucumber,54,343.2,34,28,14,22.5,78.4,7.87
ampalaya_bilog,64,465.9,63,29,15,31.4,63.4,5.63
upo_smooth,72,398.9,33,14,7,24.1,66.4,6.85
upo_smooth,91,317.9,30,24,8,25.7,74.1,7.15
patola,99,445.7,40,14,11,27.8,65.5,3.5
upo_smooth,96,455.5,49,17,6,24.8,77.8,6.05
cucumber,36,150.1,16,10,4,24.3,83.8,1.42
patola,60,381.0,51,17,9,29.4,77.0,3.71
cucumber,30,191.8,28,11,4,18.9,70.1,1.25
patola,65,355.7,52,18,11,25.0,61.7,5.48
upo_smooth,80,470.0,44,24,13,25.7,80.8,10.18
patola,78,365.4,42,20,8,26.6,60.6,3.86
cucumber,54,209.9,21,22,12,23.6,62.6,6.29
ampalaya_bilog,79,460.3,53,19,12,30.6,79.7,4.17
ampalaya_bilog,55,202.0,22,32,8,26.6,71.6,4.07
patola,79,390.9,49,17,11,28.4,67.9,4.45
cucumber,56,235.3,22,19,12,24.5,76.3,7.9
upo_smooth,70,334.8,30,22,9,28.6,71.8,10.18
cucumber,59,349.1,28,32,9,30.8,77.7,4.42
cucumber,70,347.4,50,17,11,35.5,77.8,2.96
upo_smooth,66,413.7,55,32,16,25.9,68.0,14.97
upo_smooth,63,450.0,47,26,10,36.1,42.0,4.62
patola,100,438.5,62,22,9,37.3,67.1,1.51
ampalaya_bilog,46,338.0,46,21,16,25.9,62.4,6.7
upo_smooth,80,367.7,41,21,12,26.3,79.0,11.66
upo_smooth,89,439.8,43,23,12,27.4,66.7,11.18
patola,85,368.6,46,15,10,25.3,70.2,4.56
patola,68,433.1,42,22,14,26.8,70.7,6.06
ampalaya_bilog,84,340.2,39,13,10,25.0,81.7,3.08
upo_smooth,93,439.8,65,13,9,27.2,92.8,4.67
upo_smooth,51,342.4,45,24,16,25.2,73.0,13.4
patola,55,262.2,35,25,10,33.3,53.7,2.81
ampalaya_bilog,67,427.9,38,23,10,18.8,84.1,2.02
upo_smooth,88,444.2,60,27,8,25.5,72.5,8.27
patola,100,452.4,41,15,9,26.9,65.9,2.68
patola,40,377.0,43,23,17,27.8,69.6,4.74
cucumber,38,147.8,20,15,6,25.9,79.8,2.97
ampalaya_bilog,72,358.9,47,23,8,33.0,64.2,3.1
patola,45,217.0,29,20,11,37.9,62.6,2.01
ampalaya_bilog,89,300.8,24,18,7,32.2,77.8,2.28
patola,75,314.3,35,14,10,29.2,79.1,3.75
upo_smooth,73,331.7,33,16,7,24.6,69.1,7.96
ampalaya_bilog,82,479.8,60,25,6,26.9,64.5,2.73
patola,73,489.5,50,19,7,23.8,66.3,2.61
upo_smooth,46,277.5,28,19,16,27.2,32.3,7.9
cucumber,89,362.4,42,26,9,22.7,53.3,3.35
ampalaya_bilog,95,430.7,63,12,8,36.6,79.8,1.46
cucumber,80,433.7,35,26,14,24.0,63.9,7.36
cucumber,51,209.1,18,22,17,34.4,73.2,4.82
patola,64,404.5,41,15,12,35.8,74.5,3.57
ampalaya_bilog,60,499.1,69,25,8,30.0,61.9,4.69
patola,43,224.6,19,16,10,20.3,85.5,2.4
upo_smooth,67,428.5,47,26,9,33.7,67.7,5.96
patola,46,240.0,32,25,10,36.9,62.2,2.01
upo_smooth,61,338.0,45,24,11,27.1,73.5,10.22
patola,70,440.8,55,18,8,36.9,76.0,1.76
ampalaya_bilog,90,330.2,44,26,8,26.8,73.5,3.85
cucumber,65,481.7,53,16,12,34.4,34.6,2.13
cucumber,54,255.7,22,24,8,33.0,75.0,3.61
upo_smooth,74,438.2,55,12,10,25.6,35.6,6.26
ampalaya_bilog,60,441.5,49,31,9,25.7,77.5,4.78
cucumber,55,367.6,42,33,12,22.8,94.6,4.08
patola,40,233.4,31,32,15,19.8,73.7,2.52
patola,71,480.5,54,18,11,28.2,43.2,3.9
upo_smooth,68,482.4,66,24,11,25.9,79.4,11.4
patola,42,382.7,43,23,17,19.2,35.4,1.55
patola,71,307.3,44,13,11,18.9,75.5,2.14
upo_smooth,70,467.0,49,19,6,27.9,75.4,6.44
cucumber,48,348.9,29,22,9,24.7,59.4,4.34
upo_smooth,63,346.7,30,17,15,36.5,84.0,5.2
cucumber,69,460.9,60,30,14,22.8,38.5,5.24
patola,65,490.6,45,34,9,26.9,65.0,4.46
cucumber,45,345.5,28,27,13,24.6,69.6,7.14
patola,99,374.7,32,19,13,26.7,62.1,4.68
patola,60,403.4,45,21,9,29.4,45.3,3.51
upo_smooth,66,499.8,48,33,10,28.4,85.7,9.13
ampalaya_bilog,66,402.5,39,24,12,36.8,60.8,3.13
cucumber,61,318.3,33,27,17,21.1,62.9,8.45
patola,61,365.7,44,33,10,28.5,71.3,4.62
cucumber,48,256.1,27,27,13,29.3,35.1,3.81
cucumber,83,419.3,62,24,14,20.6,79.2,6.68
ampalaya_bilog,62,302.7,30,28,15,27.5,68.2,7.19
upo_smooth,45,262.1,36,18,11,18.6,83.1,3.9
patola,68,394.0,51,24,16,30.6,70.7,7.31
cucumber,74,473.0,61,22,13,21.6,62.9,7.86
upo_smooth,66,471.7,68,22,15,27.3,66.5,14.13
upo_smooth,50,374.1,34,28,11,24.0,70.3,6.24
patola,61,406.0,35,26,8,36.4,60.3,1.61
upo_smooth,51,291.2,40,31,16,26.9,55.4,10.89
upo_smooth,81,372.4,54,25,8,26.2,73.6,9.18
upo_smooth,62,406.9,43,30,13,27.7,40.7,12.38
cucumber,41,354.2,46,23,11,22.1,79.5,5.42
cucumber,56,250.8,28,15,13,26.4,60.2,7.93
patola,102,305.0,29,22,14,30.3,66.2,4.78
patola,82,446.2,36,17,7,26.7,64.9,3.27
patola,43,283.4,34,26,8,25.4,72.9,2.44
upo_smooth,60,315.7,41,21,17,25.2,76.7,14.87
patola,53,369.6,34,28,16,27.4,70.4,5.78
patola,91,354.1,32,16,8,29.5,72.2,3.01
patola,62,401.0,56,22,8,25.8,67.2,3.66
patola,71,324.4,26,25,6,26.4,75.8,2.41
upo_smooth,69,454.7,67,20,16,37.6,93.2,5.33
ampalaya_bilog,52,223.5,28,23,10,25.4,46.4,4.07
cucumber,31,146.1,20,11,7,31.0,46.2,1.82
patola,50,302.8,28,24,8,18.3,72.2,1.81
upo_smooth,49,210.0,29,32,13,25.8,37.2,6.73
upo_smooth,76,484.9,57,26,7,26.3,68.9,6.82
cucumber,62,386.6,41,23,9,27.0,45.7,4.05
ampalaya_bilog,61,378.0,45,33,13,26.9,71.9,7.09
patola,60,408.7,57,32,14,28.9,56.8,4.99
ampalaya_bilog,59,365.4,31,29,11,29.7,72.9,5.35
upo_smooth,79,302.0,31,16,13,25.3,71.8,11.22
ampalaya_bilog,62,396.4,37,27,10,27.6,60.2,4.78
cucumber,39,111.9,11,11,7,23.9,62.1,3.42
ampalaya_bilog,52,360.6,39,19,17,34.9,49.2,5.87
cucumber,36,179.7,15,14,6,31.9,67.0,2.23
ampalaya_bilog,68,447.2,44,27,11,23.3,78.6,3.69
ampalaya_bilog,44,243.8,29,16,12,26.4,77.7,5.56
cucumber,37,148.4,17,11,6,35.7,72.2,1.59
patola,41,323.1,47,21,15,22.4,92.9,1.87
upo_smooth,74,428.4,39,20,10,26.3,83.2,8.7
patola,74,467.8,69,13,9,19.7,77.2,1.59
patola,72,473.9,39,23,10,28.1,61.0,4.57
ampalaya_bilog,56,319.7,36,16,17,24.5,66.8,3.99
patola,55,309.0,26,31,9,27.3,35.4,2.34
upo_smooth,65,494.0,48,23,9,27.0,67.5,7.99
cucumber,92,421.9,38,26,11,23.7,59.3,4.59
patola,61,312.9,45,27,11,25.7,71.9,4.15
cucumber,94,311.4,25,12,10,27.5,73.2,3.6
ampalaya_bilog,53,219.3,21,15,12,28.0,66.0,6.38
patola,69,315.8,34,16,13,28.8,61.7,4.85
upo_smooth,48,258.5,26,22,9,24.6,65.4,7.2
patola,57,371.9,36,25,9,29.5,60.5,4.01
cucumber,52,259.7,22,15,10,32.3,34.5,2.47
cucumber,45,293.8,26,29,13,24.5,68.6,7.81
ampalaya_bilog,47,256.1,22,23,14,25.3,78.0,6.62
upo_smooth,80,364.1,36,18,14,29.1,89.9,9.32
patola,68,382.3,39,33,10,27.3,64.3,4.09
upo_smooth,78,403.1,32,27,11,24.1,72.2,11.54
patola,75,339.4,28,12,6,26.5,72.5,2.64
ampalaya_bilog,54,200.5,17,24,14,20.1,78.5,5.33
cucumber,62,305.5,37,18,10,31.1,88.4,3.18
upo_smooth,63,332.7,28,24,12,27.4,70.2,13.66
ampalaya_bilog,62,409.0,36,20,10,27.1,44.1,4.14
ampalaya_bilog,94,356.9,39,21,13,25.6,37.0,3.31
cucumber,30,221.6,20,12,8,20.4,30.8,2.08
cucumber,47,268.8,32,20,8,33.0,69.1,3.02
cucumber,53,329.0,41,32,9,23.1,65.7,5.51
ampalaya_bilog,60,438.4,38,16,17,26.3,79.2,6.73
ampalaya_bilog,62,395.8,32,29,8,33.9,70.4,3.39
ampalaya_bilog,59,381.0,47,20,9,25.6,81.0,3.83
ampalaya_bilog,60,408.8,51,15,13,24.9,44.8,3.77
upo_smooth,64,491.3,52,23,17,32.4,79.5,12.98
cucumber,94,323.2,46,19,14,37.9,56.9,2.63
cucumber,35,196.7,21,15,4,30.1,34.2,0.85
patola,64,423.8,56,30,8,30.6,67.6,3.79
cucumber,51,306.4,34,26,11,20.5,54.6,5.87
ampalaya_bilog,88,363.0,30,27,11,31.5,70.3,3.88
upo_smooth,64,392.3,37,23,17,24.9,71.0,18.5
cucumber,54,362.6,35,19,8,20.1,78.1,4.15
ampalaya_bilog,62,330.0,43,25,14,25.4,34.7,3.87
cucumber,79,381.4,35,25,13,19.0,72.7,5.39
upo_smooth,55,253.8,35,15,10,19.9,68.7,7.71
cucumber,52,270.6,34,32,15,28.2,69.1,6.12
patola,70,334.8,34,16,13,28.2,68.5,4.95
patola,81,473.7,39,13,6,28.2,70.3,2.4
ampalaya_bilog,39,209.6,17,8,6,28.3,68.7,2.11
patola,46,368.6,34,21,10,21.1,77.6,2.9
cucumber,56,200.4,25,28,8,34.5,63.2,2.45
upo_smooth,80,488.2,64,20,14,26.8,68.2,14.86
upo_smooth,107,302.4,43,26,6,21.1,73.3,3.36
patola,67,422.3,53,15,12,29.2,79.5,5.21
ampalaya_bilog,56,223.6,28,27,16,34.1,63.5,6.73
cucumber,48,285.8,26,22,12,25.3,52.6,5.5
ampalaya_bilog,39,125.9,13,8,5,35.7,69.3,1.01
patola,94,444.6,52,15,8,25.9,73.7,3.24
upo_smooth,63,368.9,38,25,11,27.7,78.6,10.64
upo_smooth,45,202.6,17,22,13,28.0,75.2,9.85
patola,69,443.4,50,22,8,30.1,69.2,3.24
patola,72,314.4,28,22,12,29.0,63.0,5.14
upo_smooth,57,389.6,56,31,17,22.7,51.1,9.97
ampalaya_bilog,60,373.6,31,17,13,29.2,67.6,6.13
upo_smooth,70,455.5,50,25,11,36.7,70.9,4.84
upo_smooth,47,208.1,18,33,13,18.3,79.7,5.29
ampalaya_bilog,75,478.9,47,18,14,31.7,35.8,3.37
upo_smooth,68,330.5,45,25,16,27.1,66.8,16.31
patola,78,330.6,37,13,11,32.8,79.9,3.49
ampalaya_bilog,48,301.7,30,29,10,19.4,62.5,2.46
cucumber,31,141.7,15,15,4,35.7,67.6,0.84
patola,69,457.6,63,32,17,27.8,67.6,7.73
patola,87,331.1,40,21,9,27.1,79.5,3.82
upo_smooth,64,356.7,44,32,17,28.0,70.5,16.45
upo_smooth,62,430.4,49,30,17,27.0,79.6,18.96
upo_smooth,63,373.9,33,22,11,35.1,74.2,6.1
cucumber,54,246.2,20,33,10,37.1,67.4,3.13
patola,73,355.6,46,16,7,21.6,71.0,2.36
patola,71,486.2,67,12,8,31.0,73.2,3.2
ampalaya_bilog,63,406.6,37,28,15,29.3,48.0,7.4
upo_smooth,65,356.2,52,26,10,28.6,66.1,11.23
ampalaya_bilog,52,263.5,27,28,14,29.5,63.1,7.16
patola,75,471.6,40,15,8,29.5,64.2,3.75
upo_smooth,64,305.3,39,15,17,27.3,61.2,11.97
patola,64,300.9,38,27,15,35.3,80.4,3.72
ampalaya_bilog,53,379.6,51,25,12,26.9,73.6,6.96
ampalaya_bilog,61,395.1,52,28,16,26.5,60.6,8.91
patola,58,286.4,36,17,12,27.0,62.5,4.89
cucumber,40,264.8,22,21,17,34.0,86.2,3.26
cucumber,40,287.2,28,32,10,25.2,63.4,5.75
patola,63,433.3,39,30,10,27.1,68.7,3.8
cucumber,36,192.1,16,9,7,24.8,77.7,2.67
ampalaya_bilog,63,368.6,54,28,12,26.8,62.1,7.02
upo_smooth,63,472.0,43,19,9,22.6,72.5,5.98
upo_smooth,74,484.5,55,23,14,20.0,71.9,9.93
ampalaya_bilog,39,232.6,25,16,4,27.1,65.3,1.56
upo_smooth,65,372.8,32,31,11,25.6,74.9,11.99
ampalaya_bilog,95,374.9,30,15,13,33.4,75.9,4.35
patola,53,226.8,25,24,10,23.4,41.5,2.49
patola,56,370.2,32,20,9,29.3,62.6,4.05
patola,58,213.7,28,23,12,25.9,83.9,4.39
cucumber,39,131.3,17,16,7,32.6,72.2,2.91
ampalaya_bilog,47,290.1,28,23,16,29.8,79.7,8.21
patola,71,308.5,44,25,13,27.8,60.4,4.84
cucumber,33,204.3,22,15,4,26.7,68.6,1.93
ampalaya_bilog,66,424.8,39,24,15,25.9,72.2,8.86
